/* Original icons, generated by output/generate-menu-icons.py. */
#include "views/watch_icons.h"
static const uint8_t icon_clock_pixels[] = {
0x00,0x00,0x00,0x00,0x00,0x00,0x00,0x00,0x00,0x00,0x00,0x00,0x00,0x00,0x00,0x00,0x00,0x00,0x00,0x00,0x00,0x00,0x00,0x00,0x00,0x00,0x00,0x00,0x00,0x00,0x00,0x00,
0x00,0x00,0x00,0x00,0x00,0x00,0x00,0x00,0x00,0x00,0x00,0x00,0x00,0x00,0x00,0x00,0x00,0x00,0x00,0x00,0x00,0x00,0x00,0x00,0x00,0x00,0x00,0x00,0x00,0x00,0x00,0x00,
0x00,0x00,0x00,0x00,0x00,0x00,0x00,0x00,0x00,0x00,0x00,0x00,0x00,0x00,0x00,0x00,0x00,0x00,0x00,0x00,0x00,0x00,0x00,0x00,0x00,0x00,0x00,0x00,0x00,0x00,0x00,0x00,
0x00,0x00,0x00,0x00,0x00,0x00,0x00,0x00,0x00,0x00,0x00,0x00,0x00,0x00,0x00,0x00,0x00,0x00,0x00,0x00,0x00,0x00,0x00,0x00,0x00,0x00,0x00,0x00,0x00,0x00,0x00,0x00,
0x00,0x00,0x00,0x00,0x00,0x00,0x00,0x00,0x00,0x00,0x00,0x00,0x00,0x00,0x00,0x00,0x00,0x00,0x00,0x00,0x00,0x00,0x00,0x00,0x00,0x00,0x00,0x00,0x00,0x00,0x00,0x00,
0x00,0x00,0x00,0x00,0x00,0x00,0x00,0x00,0x00,0x00,0x00,0x00,0x00,0x00,0x00,0x00,0x00,0x00,0x00,0x00,0x00,0x00,0x00,0x00,0x00,0x00,0x00,0x00,0x00,0x00,0x00,0x00,
0x00,0x00,0x00,0x00,0x00,0x00,0x00,0x00,0x00,0x00,0x00,0x00,0x00,0x00,0x00,0x00,0x00,0x00,0x00,0x00,0x00,0x00,0x00,0x00,0x00,0x00,0x00,0x00,0x00,0x00,0x00,0x00,
0x00,0x00,0x00,0x00,0x00,0x00,0x00,0x00,0x00,0x00,0x00,0x00,0x00,0x00,0x00,0x00,0x00,0x00,0x00,0x00,0x00,0x00,0x00,0x00,0x00,0x00,0x00,0x00,0x00,0x00,0x00,0x00,
0x00,0x00,0x00,0x00,0x00,0x00,0x00,0x00,0x00,0x00,0x00,0x00,0x00,0x00,0x00,0x00,0x00,0x00,0x00,0x00,0x00,0x00,0x00,0x00,0x00,0x00,0x00,0x00,0x00,0x00,0x00,0x00,
0x00,0x00,0x00,0x00,0x00,0x00,0x00,0x00,0x00,0x00,0x00,0x00,0x00,0x00,0x00,0x00,0x00,0x00,0x00,0x00,0x00,0x00,0x00,0x00,0x00,0x00,0x00,0x00,0x00,0x00,0x00,0x00,
0x00,0x00,0x00,0x00,0x00,0x00,0x00,0x00,0x00,0x00,0x00,0x00,0x00,0x00,0x00,0x00,0x00,0x00,0x00,0x00,0x00,0x00,0x00,0x00,0x00,0x00,0x00,0x00,0x00,0x00,0x00,0x00,
0x00,0x00,0x00,0x00,0x00,0x00,0x00,0x00,0x00,0x00,0x00,0x00,0x00,0x00,0x00,0x00,0x00,0x00,0x00,0x00,0x00,0x00,0x00,0x00,0x00,0x00,0x00,0x00,0x00,0x00,0x00,0x00,
0x00,0x00,0x00,0x00,0x00,0x00,0x00,0x00,0x00,0x00,0x00,0x00,0x00,0x00,0x00,0x00,0x00,0x00,0x00,0x00,0x00,0x00,0x00,0x00,0x00,0x00,0x00,0x00,0x00,0x00,0x00,0x00,
0x00,0x00,0x00,0x00,0x00,0x00,0x00,0x00,0x00,0x00,0x00,0x00,0x00,0x00,0x00,0x00,0x00,0x00,0x00,0x00,0x00,0x00,0x00,0x00,0x00,0x00,0x00,0x00,0x00,0x00,0x00,0x00,
0x00,0x00,0x00,0x00,0x00,0x00,0x00,0x00,0x00,0x00,0x00,0x00,0x00,0x00,0x00,0x00,0x00,0x00,0x00,0x00,0x00,0x00,0x00,0x00,0x00,0x00,0x00,0x00,0x00,0x00,0x00,0x00,
0x00,0x00,0x00,0x00,0x00,0x00,0x00,0x00,0x00,0x00,0x00,0x00,0x00,0x00,0x00,0x00,0x00,0x00,0x00,0x00,0x00,0x00,0x00,0x00,0x00,0x00,0x00,0x00,0x00,0x00,0x00,0x00,
0x00,0x00,0x00,0x00,0x00,0x00,0x00,0x00,0x00,0x00,0x00,0x00,0x00,0x00,0x00,0x00,0x00,0x00,0x00,0x00,0x00,0x00,0x00,0x00,0x00,0x00,0x00,0x00,0x00,0x00,0x00,0x00,
0x00,0x00,0x00,0x00,0x00,0x00,0x00,0x00,0x00,0x00,0x00,0x00,0x00,0x00,0x00,0x00,0x00,0x00,0x00,0x00,0x00,0x00,0x00,0x00,0x00,0x00,0x00,0x00,0x00,0x00,0x00,0x00,
0x00,0x00,0x00,0x00,0x00,0x00,0x00,0x00,0x00,0x00,0x00,0x00,0x00,0x00,0x00,0x00,0x00,0x00,0x00,0x00,0x00,0x00,0x00,0x00,0x00,0x00,0x00,0x00,0x00,0x00,0x00,0x00,
0x00,0x00,0x00,0x00,0x00,0x00,0x00,0x00,0x00,0x00,0x00,0x00,0x00,0x00,0x00,0x00,0x00,0x00,0x00,0x00,0x00,0x00,0x00,0x00,0x00,0x00,0x00,0x00,0x00,0x00,0x00,0x00,
0x00,0x00,0x00,0x00,0x00,0x00,0x00,0x00,0x00,0x00,0x00,0x00,0x00,0x00,0x00,0x00,0x00,0x00,0x00,0x00,0x00,0x00,0x00,0x00,0x00,0x00,0x00,0x00,0x00,0x00,0x00,0x00,
0x00,0x00,0x00,0x00,0x00,0x00,0x00,0x00,0x00,0x00,0x00,0x00,0x00,0x00,0x00,0x00,0x00,0x00,0x00,0x00,0x00,0x00,0x00,0x00,0x00,0x00,0x00,0x00,0x00,0x00,0x00,0x00,
0x00,0x00,0x00,0x00,0x00,0x00,0x00,0x00,0x00,0x00,0x00,0x00,0x00,0x00,0x00,0x00,0x00,0x00,0x00,0x00,0x00,0x00,0x00,0x00,0x00,0x00,0x00,0x00,0x00,0x00,0x00,0x00,
0x00,0x00,0x00,0x00,0x00,0x00,0x00,0x00,0x00,0x00,0x00,0x00,0x00,0x00,0x00,0x00,0x00,0x00,0x00,0x00,0x00,0x00,0x00,0x00,0x00,0x00,0x00,0x00,0x00,0x00,0x00,0x00,
0x00,0x00,0x00,0x00,0x00,0x00,0x00,0x00,0x00,0x00,0x00,0x00,0x00,0x00,0x00,0x00,0x00,0x00,0x00,0x00,0x00,0x00,0x00,0x00,0x00,0x00,0x00,0x00,0x00,0x00,0x00,0x00,
0x00,0x00,0x00,0x00,0x00,0x00,0x00,0x00,0x00,0x00,0x00,0x00,0x00,0x00,0x00,0x00,0x00,0x00,0x00,0x00,0x00,0x00,0x00,0x00,0x00,0x00,0x00,0x00,0x00,0x00,0x00,0x00,
0x00,0x00,0x00,0x00,0x00,0x00,0x00,0x00,0x00,0x00,0x00,0x00,0x00,0x00,0x00,0x00,0x00,0x00,0x00,0x00,0x00,0x00,0x00,0x00,0x00,0x00,0x00,0x00,0x00,0x00,0x00,0x00,
0x00,0x00,0x00,0x00,0x00,0x00,0x00,0x00,0x00,0x00,0x00,0x00,0x00,0x00,0x00,0x00,0x00,0x00,0x00,0x00,0x00,0x00,0x00,0x00,0x00,0x00,0x00,0x00,0x00,0x00,0x00,0x00,
0x00,0x00,0x00,0x00,0x00,0x00,0x00,0x00,0x00,0x00,0x00,0x00,0x00,0x00,0x00,0x00,0x00,0x00,0x00,0x00,0x00,0x00,0x00,0x00,0x00,0x00,0x00,0x00,0x00,0x00,0x00,0x00,
0x00,0x00,0x00,0x00,0x00,0x00,0x00,0x00,0x00,0x00,0x00,0x00,0x00,0x00,0x00,0x00,0x00,0x00,0x00,0x00,0x00,0x00,0x00,0x00,0x00,0x00,0x00,0x00,0x00,0x00,0x00,0x00,
0x00,0x00,0x00,0x00,0x00,0x00,0x00,0x00,0x00,0x00,0x00,0x00,0x00,0x00,0x00,0x00,0x00,0x00,0x00,0x00,0x00,0x00,0x00,0x00,0x00,0x00,0x00,0x00,0x00,0x00,0x00,0x00,
0x00,0x00,0x00,0x00,0x00,0x00,0x00,0x00,0x00,0x00,0x00,0x00,0x00,0x00,0x00,0x00,0x00,0x00,0x00,0x00,0x00,0x00,0x00,0x00,0x00,0x00,0x00,0x00,0x00,0x00,0x00,0x00,
0x00,0x00,0x00,0x00,0x00,0x00,0x00,0x00,0x00,0x00,0x00,0x00,0x00,0x00,0x00,0x00,0x00,0x00,0x00,0x00,0x00,0x00,0x00,0x00,0x00,0x00,0x00,0x00,0x00,0x00,0x00,0x00,
0x00,0x00,0x00,0x00,0x00,0x00,0x00,0x00,0x00,0x00,0x00,0x00,0x00,0x00,0x00,0x00,0x00,0x00,0x00,0x00,0x00,0x00,0x00,0x00,0x00,0x00,0x00,0x00,0x00,0x00,0x00,0x00,
0x00,0x00,0x00,0x00,0x00,0x00,0x00,0x00,0x00,0x00,0x00,0x00,0x00,0x00,0x00,0x00,0x00,0x00,0x00,0x00,0x00,0x00,0x00,0x00,0x00,0x00,0x00,0x00,0x00,0x00,0x00,0x00,
0x00,0x00,0x00,0x00,0x00,0x00,0x00,0x00,0x00,0x00,0x00,0x00,0x00,0x00,0x00,0x00,0x00,0x00,0x00,0x00,0x00,0x00,0x00,0x00,0x00,0x00,0x00,0x00,0x00,0x00,0x00,0x00,
0x00,0x00,0x00,0x00,0x00,0x00,0x00,0x00,0x00,0x00,0x00,0x00,0x00,0x00,0x00,0x00,0x00,0x00,0x00,0x00,0x00,0x00,0x00,0x00,0x00,0x00,0x00,0x00,0x00,0x00,0x00,0x00,
0x00,0x00,0x00,0x00,0x00,0x00,0x00,0x00,0x00,0x00,0x00,0x00,0x00,0x00,0x00,0x00,0x00,0x00,0x00,0x00,0x00,0x00,0x00,0x00,0x00,0x00,0x00,0x00,0x00,0x00,0x00,0x00,
0x00,0x00,0x00,0x00,0x00,0x00,0x00,0x00,0x00,0x00,0x00,0x00,0x00,0x00,0x00,0x00,0x00,0x00,0x00,0x00,0x00,0x00,0x00,0x00,0x00,0x00,0x00,0x00,0x00,0x00,0x00,0x00,
0x00,0x00,0x00,0x00,0x00,0x00,0x00,0x00,0x00,0x00,0x00,0x00,0x00,0x00,0x00,0x00,0x00,0x00,0x00,0x00,0x00,0x00,0x00,0x00,0x00,0x00,0x00,0x00,0x00,0x00,0x00,0x00,
0x00,0x00,0x00,0x00,0x00,0x00,0x00,0x00,0x00,0x00,0x00,0x00,0x00,0x00,0x00,0x00,0x00,0x00,0x00,0x00,0x00,0x00,0x00,0x00,0x00,0x00,0x00,0x00,0x00,0x00,0x00,0x00,
0x00,0x00,0x00,0x00,0x00,0x00,0x00,0x00,0x00,0x00,0x00,0x00,0x00,0x00,0x00,0x00,0x00,0x00,0x00,0x00,0x00,0x00,0x00,0x00,0x00,0x00,0x00,0x00,0x00,0x00,0x00,0x00,
0x00,0x00,0x00,0x00,0x00,0x00,0x00,0x00,0x00,0x00,0x00,0x00,0x00,0x00,0x00,0x00,0x00,0x00,0x00,0x00,0x00,0x00,0x00,0x00,0x00,0x00,0x00,0x00,0x00,0x00,0x00,0x00,
0x00,0x00,0x00,0x00,0x00,0x00,0x00,0x00,0x00,0x00,0x00,0x00,0x00,0x00,0x00,0x00,0x00,0x00,0x00,0x00,0x00,0x00,0x00,0x00,0x00,0x00,0x00,0x00,0x00,0x00,0x00,0x00,
0x00,0x00,0x00,0x00,0x00,0x00,0x00,0x00,0x00,0x00,0x00,0x00,0x00,0x00,0x00,0x00,0x00,0x00,0x00,0x00,0x00,0x00,0x00,0x00,0x00,0x00,0x00,0x00,0x00,0x00,0x00,0x00,
0x00,0x00,0x00,0x00,0x00,0x00,0x00,0x00,0x00,0x00,0x00,0x00,0x00,0x00,0x00,0x00,0x00,0x00,0x00,0x00,0x00,0x00,0x00,0x00,0x00,0x00,0x00,0x00,0x00,0x00,0x00,0x00,
0x00,0x00,0x00,0x00,0x00,0x00,0x00,0x00,0x00,0x00,0x00,0x00,0x00,0x00,0x00,0x00,0x00,0x00,0x00,0x00,0x00,0x00,0x00,0x00,0x00,0x00,0x00,0x00,0x00,0x00,0x00,0x00,
0x00,0x00,0x00,0x00,0x00,0x00,0x00,0x00,0x00,0x00,0x00,0x00,0x00,0x00,0x00,0x00,0x00,0x00,0x00,0x00,0x00,0x00,0x00,0x00,0x00,0x00,0x00,0x00,0x00,0x00,0x00,0x00,
0x00,0x00,0x00,0x00,0x00,0x00,0x00,0x00,0x00,0x00,0x00,0x00,0x00,0x00,0x00,0x00,0x00,0x00,0x00,0x00,0x00,0x00,0x00,0x00,0x00,0x00,0x00,0x00,0x00,0x00,0x00,0x00,
0x00,0x00,0x00,0x00,0x00,0x00,0x00,0x00,0x00,0x00,0x00,0x00,0x00,0x00,0x00,0x00,0x00,0x00,0x00,0x00,0x00,0x00,0x00,0x00,0x00,0x00,0x00,0x00,0x00,0x00,0x00,0x00,
0x00,0x00,0x00,0x00,0x00,0x00,0x00,0x00,0x00,0x00,0x00,0x00,0x00,0x00,0x00,0x00,0x00,0x00,0x00,0x00,0x00,0x00,0x00,0x00,0x00,0x00,0x00,0x00,0x00,0x00,0x00,0x00,
0x00,0x00,0x00,0x00,0x00,0x00,0x00,0x00,0x00,0x00,0x00,0x00,0x00,0x00,0x00,0x00,0x00,0x00,0x00,0x00,0x00,0x00,0x00,0x00,0x00,0x00,0x00,0x00,0x00,0x00,0x00,0x00,
0x00,0x00,0x00,0x00,0x00,0x00,0x00,0x00,0x00,0x00,0x00,0x00,0x00,0x00,0x00,0x00,0x00,0x00,0x00,0x00,0x00,0x00,0x00,0x00,0x00,0x00,0x00,0x00,0x00,0x00,0x00,0x00,
0x00,0x00,0x00,0x00,0x00,0x00,0x00,0x00,0x00,0x00,0x00,0x00,0x00,0x00,0x00,0x00,0x00,0x00,0x00,0x00,0x00,0x00,0x00,0x00,0x00,0x00,0x00,0x00,0x00,0x00,0x00,0x00,
0x00,0x00,0x00,0x00,0x00,0x00,0x00,0x00,0x00,0x00,0x00,0x00,0x00,0x00,0x00,0x00,0x00,0x00,0x00,0x00,0x00,0x00,0x00,0x00,0x00,0x00,0x00,0x00,0x00,0x00,0x00,0x00,
0x00,0x00,0x00,0x00,0x00,0x00,0x00,0x00,0x00,0x00,0x00,0x00,0x00,0x00,0x00,0x00,0x00,0x00,0x00,0x00,0x00,0x00,0x00,0x00,0x00,0x00,0x00,0x00,0x00,0x00,0x00,0x00,
0x00,0x00,0x00,0x00,0x00,0x00,0x00,0x00,0x00,0x00,0x00,0x00,0x00,0x00,0x00,0x00,0x00,0x00,0x00,0x00,0x00,0x00,0x00,0x00,0x00,0x00,0x00,0x00,0x00,0x00,0x00,0x00,
0x00,0x00,0x00,0x00,0x00,0x00,0x00,0x00,0x00,0x00,0x00,0x00,0x00,0x00,0x00,0x00,0x00,0x00,0x00,0x00,0x00,0x00,0x00,0x00,0x00,0x00,0x00,0x00,0x00,0x00,0x00,0x00,
0x00,0x00,0x00,0x00,0x00,0x00,0x00,0x00,0x00,0x00,0x00,0x00,0x00,0x00,0x00,0x00,0x00,0x00,0x00,0x00,0x00,0x00,0x00,0x00,0x00,0x00,0x00,0x00,0x00,0x00,0x00,0x00,
0x00,0x00,0x00,0x00,0x00,0x00,0x00,0x00,0x00,0x00,0x00,0x00,0x00,0x00,0x00,0x00,0x00,0x00,0x00,0x00,0x00,0x00,0x00,0x00,0xff,0xff,0xff,0x01,0xff,0xff,0xff,0x01,
0xff,0xff,0xff,0x01,0xff,0xff,0xff,0x01,0xff,0xff,0xff,0x01,0x00,0x00,0x00,0x00,0x00,0x00,0x00,0x00,0x00,0x00,0x00,0x00,0x00,0x00,0x00,0x00,0x00,0x00,0x00,0x00,
0x00,0x00,0x00,0x00,0x00,0x00,0x00,0x00,0x00,0x00,0x00,0x00,0x00,0x00,0x00,0x00,0x00,0x00,0x00,0x00,0x00,0x00,0x00,0x00,0x00,0x00,0x00,0x00,0x00,0x00,0x00,0x00,
0x00,0x00,0x00,0x00,0x00,0x00,0x00,0x00,0x00,0x00,0x00,0x00,0x00,0x00,0x00,0x00,0x00,0x00,0x00,0x00,0x00,0x00,0x00,0x00,0x00,0x00,0x00,0x00,0x00,0x00,0x00,0x00,
0x00,0x00,0x00,0x00,0x00,0x00,0x00,0x00,0x00,0x00,0x00,0x00,0x00,0x00,0x00,0x00,0x00,0x00,0x00,0x00,0x00,0x00,0x00,0x00,0x00,0x00,0x00,0x00,0x00,0x00,0x00,0x00,
0x00,0x00,0x00,0x00,0x00,0x00,0x00,0x00,0x00,0x00,0x00,0x00,0x00,0x00,0x00,0x00,0x00,0x00,0x00,0x00,0x00,0x00,0x00,0x00,0x00,0x00,0x00,0x00,0x00,0x00,0x00,0x00,
0x00,0x00,0x00,0x00,0x00,0x00,0x00,0x00,0x00,0x00,0x00,0x00,0x00,0x00,0x00,0x00,0x00,0x00,0x00,0x00,0x00,0x00,0x00,0x00,0x00,0x00,0x00,0x00,0x00,0x00,0x00,0x00,
0x00,0x00,0x00,0x00,0x00,0x00,0x00,0x00,0x00,0x00,0x00,0x00,0x00,0x00,0x00,0x00,0x00,0x00,0x00,0x00,0x00,0x00,0x00,0x00,0x00,0x00,0x00,0x00,0x00,0x00,0x00,0x00,
0x00,0x00,0x00,0x00,0xff,0xff,0xff,0x01,0xff,0xff,0xff,0x03,0xff,0xff,0xff,0x04,0xaa,0xaa,0xff,0x03,0xff,0xff,0xff,0x01,0x00,0x00,0x00,0x00,0x00,0x00,0x00,0x00,
0x00,0x00,0x00,0x00,0x00,0x00,0x00,0x00,0x00,0x00,0x00,0x00,0xff,0xff,0xff,0x02,0xff,0xff,0xff,0x04,0xff,0xff,0xff,0x03,0x7f,0x7f,0xff,0x02,0x00,0x00,0x00,0x00,
0x00,0x00,0x00,0x00,0x00,0x00,0x00,0x00,0x00,0x00,0x00,0x00,0x00,0x00,0x00,0x00,0x00,0x00,0x00,0x00,0x00,0x00,0x00,0x00,0x00,0x00,0x00,0x00,0x00,0x00,0x00,0x00,
0x00,0x00,0x00,0x00,0x00,0x00,0x00,0x00,0x00,0x00,0x00,0x00,0x00,0x00,0x00,0x00,0x00,0x00,0x00,0x00,0x00,0x00,0x00,0x00,0x00,0x00,0x00,0x00,0x00,0x00,0x00,0x00,
0x00,0x00,0x00,0x00,0x00,0x00,0x00,0x00,0x00,0x00,0x00,0x00,0x00,0x00,0x00,0x00,0x00,0x00,0x00,0x00,0x00,0x00,0x00,0x00,0x00,0x00,0x00,0x00,0x00,0x00,0x00,0x00,
0x00,0x00,0x00,0x00,0x00,0x00,0x00,0x00,0x00,0x00,0x00,0x00,0x00,0x00,0x00,0x00,0x00,0x00,0x00,0x00,0x00,0x00,0x00,0x00,0x00,0x00,0x00,0x00,0x00,0x00,0x00,0x00,
0x00,0x00,0x00,0x00,0x00,0x00,0x00,0x00,0x00,0x00,0x00,0x00,0x00,0x00,0x00,0x00,0x00,0x00,0x00,0x00,0x00,0x00,0x00,0x00,0x00,0x00,0x00,0x00,0x00,0x00,0x00,0x00,
0x00,0x00,0x00,0x00,0x00,0x00,0x00,0x00,0x00,0x00,0x00,0x00,0x00,0x00,0x00,0x00,0x00,0x00,0x00,0x00,0x00,0x00,0x00,0x00,0x00,0x00,0x00,0x00,0xff,0xff,0xff,0x03,
0xff,0xff,0xff,0x03,0x00,0x00,0x00,0x00,0x00,0x00,0x00,0x00,0x00,0x00,0x00,0x00,0x00,0x00,0x00,0x00,0x00,0x00,0x00,0x00,0xff,0xff,0xff,0x10,0xef,0xff,0xff,0x10,
0xef,0xff,0xff,0x10,0xff,0xff,0xff,0x11,0xaa,0xaa,0xff,0x03,0x00,0x00,0x00,0x00,0x00,0x00,0x00,0x00,0x00,0x00,0x00,0x00,0x00,0x00,0x00,0x00,0xff,0xff,0xff,0x02,
0xff,0xff,0xff,0x03,0xff,0xff,0xff,0x01,0x00,0x00,0x00,0x00,0x00,0x00,0x00,0x00,0x00,0x00,0x00,0x00,0x00,0x00,0x00,0x00,0x00,0x00,0x00,0x00,0x00,0x00,0x00,0x00,
0x00,0x00,0x00,0x00,0x00,0x00,0x00,0x00,0x00,0x00,0x00,0x00,0x00,0x00,0x00,0x00,0x00,0x00,0x00,0x00,0x00,0x00,0x00,0x00,0x00,0x00,0x00,0x00,0x00,0x00,0x00,0x00,
0x00,0x00,0x00,0x00,0x00,0x00,0x00,0x00,0x00,0x00,0x00,0x00,0x00,0x00,0x00,0x00,0x00,0x00,0x00,0x00,0x00,0x00,0x00,0x00,0x00,0x00,0x00,0x00,0x00,0x00,0x00,0x00,
0x00,0x00,0x00,0x00,0x00,0x00,0x00,0x00,0x00,0x00,0x00,0x00,0x00,0x00,0x00,0x00,0x00,0x00,0x00,0x00,0x00,0x00,0x00,0x00,0x00,0x00,0x00,0x00,0x00,0x00,0x00,0x00,
0x00,0x00,0x00,0x00,0x00,0x00,0x00,0x00,0x00,0x00,0x00,0x00,0x00,0x00,0x00,0x00,0x00,0x00,0x00,0x00,0x00,0x00,0x00,0x00,0x00,0x00,0x00,0x00,0x00,0x00,0x00,0x00,
0x00,0x00,0x00,0x00,0x00,0x00,0x00,0x00,0x00,0x00,0x00,0x00,0x00,0x00,0x00,0x00,0x00,0x00,0x00,0x00,0xff,0xff,0xff,0x03,0xff,0xff,0xff,0x01,0x00,0x00,0x00,0x00,
0x00,0x00,0x00,0x00,0xff,0xff,0xff,0x0d,0xf3,0xfb,0xff,0x42,0xf1,0xf9,0xff,0x80,0xf1,0xf9,0xff,0xb9,0xef,0xf7,0xff,0xca,0xf1,0xf8,0xff,0xee,0xee,0xf7,0xff,0xee,
0xee,0xf6,0xff,0xee,0xf3,0xf9,0xff,0xee,0xee,0xf6,0xff,0xd6,0xf2,0xf9,0xff,0xbd,0xf2,0xf9,0xff,0x90,0xf8,0xff,0xff,0x51,0xf5,0xf5,0xff,0x1c,0x00,0x00,0x00,0x00,
0x00,0x00,0x00,0x00,0x00,0x00,0x00,0x00,0xff,0xff,0xff,0x03,0xff,0xff,0xff,0x01,0x00,0x00,0x00,0x00,0x00,0x00,0x00,0x00,0x00,0x00,0x00,0x00,0x00,0x00,0x00,0x00,
0x00,0x00,0x00,0x00,0x00,0x00,0x00,0x00,0x00,0x00,0x00,0x00,0x00,0x00,0x00,0x00,0x00,0x00,0x00,0x00,0x00,0x00,0x00,0x00,0x00,0x00,0x00,0x00,0x00,0x00,0x00,0x00,
0x00,0x00,0x00,0x00,0x00,0x00,0x00,0x00,0x00,0x00,0x00,0x00,0x00,0x00,0x00,0x00,0x00,0x00,0x00,0x00,0x00,0x00,0x00,0x00,0x00,0x00,0x00,0x00,0x00,0x00,0x00,0x00,
0x00,0x00,0x00,0x00,0x00,0x00,0x00,0x00,0x00,0x00,0x00,0x00,0x00,0x00,0x00,0x00,0x00,0x00,0x00,0x00,0x00,0x00,0x00,0x00,0x00,0x00,0x00,0x00,0x00,0x00,0x00,0x00,
0x00,0x00,0x00,0x00,0x00,0x00,0x00,0x00,0x00,0x00,0x00,0x00,0x00,0x00,0x00,0x00,0x00,0x00,0x00,0x00,0x00,0x00,0x00,0x00,0x00,0x00,0x00,0x00,0x00,0x00,0x00,0x00,
0x00,0x00,0x00,0x00,0x00,0x00,0x00,0x00,0x00,0x00,0x00,0x00,0xff,0xff,0xff,0x01,0xff,0xff,0xff,0x02,0x00,0x00,0x00,0x00,0x00,0x00,0x00,0x00,0xf7,0xfb,0xff,0x45,
0xf8,0xfd,0xff,0x9e,0xf2,0xf9,0xff,0xe3,0xfa,0xff,0xff,0xff,0xff,0xff,0xff,0xff,0xfc,0xff,0xff,0xff,0xf9,0xff,0xff,0xff,0xf2,0xfa,0xff,0xff,0xf2,0xfa,0xff,0xff,
0xf3,0xfb,0xff,0xff,0xf2,0xfa,0xff,0xff,0xf7,0xff,0xff,0xff,0xfc,0xff,0xff,0xff,0xff,0xff,0xff,0xff,0xfd,0xff,0xff,0xff,0xf2,0xf9,0xff,0xf1,0xf4,0xfa,0xff,0xb1,
0xf4,0xf9,0xff,0x5e,0xd4,0xff,0xff,0x06,0x00,0x00,0x00,0x00,0x00,0x00,0x00,0x00,0xff,0xff,0xff,0x02,0x00,0x00,0x00,0x00,0x00,0x00,0x00,0x00,0x00,0x00,0x00,0x00,
0x00,0x00,0x00,0x00,0x00,0x00,0x00,0x00,0x00,0x00,0x00,0x00,0x00,0x00,0x00,0x00,0x00,0x00,0x00,0x00,0x00,0x00,0x00,0x00,0x00,0x00,0x00,0x00,0x00,0x00,0x00,0x00,
0x00,0x00,0x00,0x00,0x00,0x00,0x00,0x00,0x00,0x00,0x00,0x00,0x00,0x00,0x00,0x00,0x00,0x00,0x00,0x00,0x00,0x00,0x00,0x00,0x00,0x00,0x00,0x00,0x00,0x00,0x00,0x00,
0x00,0x00,0x00,0x00,0x00,0x00,0x00,0x00,0x00,0x00,0x00,0x00,0x00,0x00,0x00,0x00,0x00,0x00,0x00,0x00,0x00,0x00,0x00,0x00,0x00,0x00,0x00,0x00,0x00,0x00,0x00,0x00,
0x00,0x00,0x00,0x00,0x00,0x00,0x00,0x00,0x00,0x00,0x00,0x00,0x00,0x00,0x00,0x00,0x00,0x00,0x00,0x00,0x00,0x00,0x00,0x00,0x00,0x00,0x00,0x00,0x00,0x00,0x00,0x00,
0x00,0x00,0x00,0x00,0x00,0x00,0x00,0x00,0xff,0xff,0xff,0x03,0x00,0x00,0x00,0x00,0x00,0x00,0x00,0x00,0xf7,0xfb,0xff,0x45,0xf5,0xfa,0xff,0xba,0xf9,0xff,0xff,0xff,
0xff,0xff,0xff,0xff,0xf4,0xfc,0xff,0xff,0xec,0xf4,0xfc,0xfd,0xec,0xf3,0xfb,0xfb,0xec,0xf3,0xfb,0xfc,0xee,0xf5,0xfd,0xfc,0xf0,0xf9,0xff,0xfe,0xf1,0xf9,0xff,0xfe,
0xf0,0xf9,0xff,0xfe,0xf1,0xf9,0xff,0xfe,0xee,0xf6,0xfd,0xfd,0xec,0xf4,0xfc,0xfc,0xec,0xf3,0xfb,0xfb,0xec,0xf4,0xfc,0xfc,0xf1,0xf9,0xff,0xff,0xfd,0xff,0xff,0xff,
0xff,0xff,0xff,0xff,0xf5,0xfa,0xff,0xd3,0xf4,0xf9,0xff,0x62,0x99,0xcc,0xff,0x05,0x00,0x00,0x00,0x00,0xff,0xff,0xff,0x03,0x00,0x00,0x00,0x00,0x00,0x00,0x00,0x00,
0x00,0x00,0x00,0x00,0x00,0x00,0x00,0x00,0x00,0x00,0x00,0x00,0x00,0x00,0x00,0x00,0x00,0x00,0x00,0x00,0x00,0x00,0x00,0x00,0x00,0x00,0x00,0x00,0x00,0x00,0x00,0x00,
0x00,0x00,0x00,0x00,0x00,0x00,0x00,0x00,0x00,0x00,0x00,0x00,0x00,0x00,0x00,0x00,0x00,0x00,0x00,0x00,0x00,0x00,0x00,0x00,0x00,0x00,0x00,0x00,0x00,0x00,0x00,0x00,
0x00,0x00,0x00,0x00,0x00,0x00,0x00,0x00,0x00,0x00,0x00,0x00,0x00,0x00,0x00,0x00,0x00,0x00,0x00,0x00,0x00,0x00,0x00,0x00,0x00,0x00,0x00,0x00,0x00,0x00,0x00,0x00,
0x00,0x00,0x00,0x00,0x00,0x00,0x00,0x00,0x00,0x00,0x00,0x00,0x00,0x00,0x00,0x00,0x00,0x00,0x00,0x00,0x00,0x00,0x00,0x00,0x00,0x00,0x00,0x00,0x00,0x00,0x00,0x00,
0x00,0x00,0x00,0x00,0xff,0xff,0xff,0x03,0x00,0x00,0x00,0x00,0xe1,0xeb,0xff,0x1a,0xf4,0xfa,0xff,0xa7,0xfb,0xff,0xff,0xff,0xfb,0xff,0xff,0xff,0xee,0xf6,0xff,0xfd,
0xec,0xf4,0xfc,0xfb,0xed,0xf4,0xfd,0xfe,0xf4,0xfd,0xff,0xff,0xf9,0xff,0xff,0xff,0xf8,0xff,0xff,0xff,0xf4,0xfd,0xff,0xff,0xe7,0xed,0xf4,0xff,0xe6,0xec,0xf3,0xff,
0xe6,0xec,0xf3,0xff,0xe5,0xeb,0xf2,0xff,0xf1,0xfa,0xff,0xff,0xf8,0xff,0xff,0xff,0xfa,0xff,0xff,0xff,0xf6,0xff,0xff,0xff,0xee,0xf6,0xff,0xfe,0xec,0xf3,0xfb,0xfc,
0xed,0xf5,0xfd,0xfc,0xf7,0xff,0xff,0xff,0xff,0xff,0xff,0xff,0xf7,0xfc,0xff,0xc8,0xf1,0xf5,0xff,0x37,0x00,0x00,0x00,0x00,0xff,0xff,0xff,0x02,0xff,0xff,0xff,0x01,
0x00,0x00,0x00,0x00,0x00,0x00,0x00,0x00,0x00,0x00,0x00,0x00,0x00,0x00,0x00,0x00,0x00,0x00,0x00,0x00,0x00,0x00,0x00,0x00,0x00,0x00,0x00,0x00,0x00,0x00,0x00,0x00,
0x00,0x00,0x00,0x00,0x00,0x00,0x00,0x00,0x00,0x00,0x00,0x00,0x00,0x00,0x00,0x00,0x00,0x00,0x00,0x00,0x00,0x00,0x00,0x00,0x00,0x00,0x00,0x00,0x00,0x00,0x00,0x00,
0x00,0x00,0x00,0x00,0x00,0x00,0x00,0x00,0x00,0x00,0x00,0x00,0x00,0x00,0x00,0x00,0x00,0x00,0x00,0x00,0x00,0x00,0x00,0x00,0x00,0x00,0x00,0x00,0x00,0x00,0x00,0x00,
0x00,0x00,0x00,0x00,0x00,0x00,0x00,0x00,0x00,0x00,0x00,0x00,0x00,0x00,0x00,0x00,0x00,0x00,0x00,0x00,0x00,0x00,0x00,0x00,0x00,0x00,0x00,0x00,0x00,0x00,0x00,0x00,
0xbf,0xff,0xff,0x04,0x00,0x00,0x00,0x00,0xed,0xf4,0xff,0x47,0xf5,0xfa,0xff,0xe6,0xff,0xff,0xff,0xff,0xed,0xf6,0xff,0xfd,0xec,0xf4,0xfc,0xfc,0xed,0xf5,0xfd,0xff,
0xf7,0xff,0xff,0xff,0xf4,0xfd,0xff,0xff,0xd9,0xdb,0xde,0xff,0xba,0xb5,0xb4,0xff,0x94,0x88,0x83,0xff,0x7e,0x6d,0x67,0xff,0x65,0x4f,0x45,0xff,0x62,0x4b,0x41,0xff,
0x62,0x4c,0x42,0xff,0x61,0x4a,0x40,0xff,0x78,0x67,0x60,0xff,0x8c,0x7e,0x78,0xff,0xb1,0xab,0xa9,0xff,0xd1,0xd3,0xd5,0xff,0xef,0xf7,0xfd,0xff,0xf9,0xff,0xff,0xff,
0xef,0xf8,0xff,0xff,0xec,0xf3,0xfb,0xfd,0xee,0xf6,0xff,0xfb,0xfa,0xff,0xff,0xff,0xf6,0xfb,0xff,0xfb,0xf1,0xfa,0xff,0x70,0x00,0x00,0x00,0x00,0xff,0xff,0xff,0x02,
0xff,0xff,0xff,0x01,0x00,0x00,0x00,0x00,0x00,0x00,0x00,0x00,0x00,0x00,0x00,0x00,0x00,0x00,0x00,0x00,0x00,0x00,0x00,0x00,0x00,0x00,0x00,0x00,0x00,0x00,0x00,0x00,
0x00,0x00,0x00,0x00,0x00,0x00,0x00,0x00,0x00,0x00,0x00,0x00,0x00,0x00,0x00,0x00,0x00,0x00,0x00,0x00,0x00,0x00,0x00,0x00,0x00,0x00,0x00,0x00,0x00,0x00,0x00,0x00,
0x00,0x00,0x00,0x00,0x00,0x00,0x00,0x00,0x00,0x00,0x00,0x00,0x00,0x00,0x00,0x00,0x00,0x00,0x00,0x00,0x00,0x00,0x00,0x00,0x00,0x00,0x00,0x00,0x00,0x00,0x00,0x00,
0x00,0x00,0x00,0x00,0x00,0x00,0x00,0x00,0x00,0x00,0x00,0x00,0x00,0x00,0x00,0x00,0x00,0x00,0x00,0x00,0x00,0x00,0x00,0x00,0x00,0x00,0x00,0x00,0xff,0xff,0xff,0x04,
0x00,0x00,0x00,0x00,0xed,0xf7,0xff,0x65,0xfb,0xff,0xff,0xff,0xf4,0xfc,0xff,0xff,0xed,0xf6,0xff,0xfb,0xed,0xf4,0xfc,0xff,0xf7,0xff,0xff,0xff,0xf6,0xff,0xff,0xff,
0xca,0xca,0xc9,0xff,0x83,0x74,0x6d,0xff,0x57,0x3f,0x33,0xff,0x48,0x2c,0x1f,0xff,0x47,0x2b,0x1d,0xff,0x4e,0x34,0x27,0xff,0x61,0x4a,0x3f,0xff,0x62,0x4c,0x42,0xff,
0x62,0x4b,0x41,0xff,0x63,0x4d,0x42,0xff,0x53,0x39,0x2c,0xff,0x48,0x2c,0x1f,0xff,0x47,0x2a,0x1d,0xff,0x52,0x38,0x2c,0xff,0x75,0x62,0x5a,0xff,0xb9,0xb4,0xb3,0xff,
0xef,0xf6,0xfb,0xff,0xf9,0xff,0xff,0xff,0xee,0xf6,0xfe,0xff,0xed,0xf5,0xff,0xfc,0xef,0xf6,0xff,0xfe,0xff,0xff,0xff,0xff,0xf1,0xf8,0xff,0x9a,0x00,0x00,0x00,0x00,
0xff,0xff,0xff,0x03,0xff,0xff,0xff,0x01,0x00,0x00,0x00,0x00,0x00,0x00,0x00,0x00,0x00,0x00,0x00,0x00,0x00,0x00,0x00,0x00,0x00,0x00,0x00,0x00,0x00,0x00,0x00,0x00,
0x00,0x00,0x00,0x00,0x00,0x00,0x00,0x00,0x00,0x00,0x00,0x00,0x00,0x00,0x00,0x00,0x00,0x00,0x00,0x00,0x00,0x00,0x00,0x00,0x00,0x00,0x00,0x00,0x00,0x00,0x00,0x00,
0x00,0x00,0x00,0x00,0x00,0x00,0x00,0x00,0x00,0x00,0x00,0x00,0x00,0x00,0x00,0x00,0x00,0x00,0x00,0x00,0x00,0x00,0x00,0x00,0x00,0x00,0x00,0x00,0x00,0x00,0x00,0x00,
0x00,0x00,0x00,0x00,0x00,0x00,0x00,0x00,0x00,0x00,0x00,0x00,0x00,0x00,0x00,0x00,0x00,0x00,0x00,0x00,0x00,0x00,0x00,0x00,0xff,0xff,0xff,0x03,0x00,0x00,0x00,0x00,
0xed,0xf7,0xff,0x65,0xfc,0xff,0xff,0xff,0xf1,0xf8,0xff,0xfc,0xec,0xf4,0xfd,0xfd,0xef,0xf6,0xfe,0xff,0xf9,0xff,0xff,0xff,0xcc,0xcb,0xcb,0xff,0x83,0x73,0x6c,0xff,
0x4f,0x35,0x29,0xff,0x48,0x2c,0x1f,0xff,0x67,0x51,0x47,0xff,0x8d,0x7f,0x78,0xff,0xb1,0xac,0xaa,0xff,0xce,0xcf,0xd0,0xff,0xe4,0xe9,0xf0,0xff,0xe6,0xed,0xf3,0xff,
0xe6,0xec,0xf2,0xff,0xe7,0xed,0xf2,0xff,0xd4,0xd5,0xd7,0xff,0xba,0xb5,0xb4,0xff,0x95,0x89,0x83,0xff,0x71,0x5d,0x55,0xff,0x4d,0x32,0x26,0xff,0x49,0x2e,0x21,0xff,
0x73,0x60,0x58,0xff,0xb9,0xb4,0xb3,0xff,0xf5,0xfd,0xff,0xff,0xf2,0xfa,0xff,0xff,0xec,0xf4,0xfc,0xfe,0xef,0xf7,0xff,0xfa,0xff,0xff,0xff,0xff,0xf1,0xf8,0xff,0x9a,
0x00,0x00,0x00,0x00,0xff,0xff,0xff,0x02,0xff,0xff,0xff,0x01,0x00,0x00,0x00,0x00,0x00,0x00,0x00,0x00,0x00,0x00,0x00,0x00,0x00,0x00,0x00,0x00,0x00,0x00,0x00,0x00,
0x00,0x00,0x00,0x00,0x00,0x00,0x00,0x00,0x00,0x00,0x00,0x00,0x00,0x00,0x00,0x00,0x00,0x00,0x00,0x00,0x00,0x00,0x00,0x00,0x00,0x00,0x00,0x00,0x00,0x00,0x00,0x00,
0x00,0x00,0x00,0x00,0x00,0x00,0x00,0x00,0x00,0x00,0x00,0x00,0x00,0x00,0x00,0x00,0x00,0x00,0x00,0x00,0x00,0x00,0x00,0x00,0x00,0x00,0x00,0x00,0x00,0x00,0x00,0x00,
0x00,0x00,0x00,0x00,0x00,0x00,0x00,0x00,0x00,0x00,0x00,0x00,0x00,0x00,0x00,0x00,0x00,0x00,0x00,0x00,0xff,0xff,0xff,0x03,0x00,0x00,0x00,0x00,0xed,0xf7,0xff,0x65,
0xfc,0xff,0xff,0xff,0xf1,0xf8,0xff,0xfc,0xec,0xf4,0xfd,0xfe,0xf2,0xfa,0xff,0xff,0xf5,0xfe,0xff,0xff,0xa7,0x9f,0x9c,0xff,0x55,0x3b,0x30,0xff,0x49,0x2d,0x20,0xff,
0x73,0x61,0x59,0xff,0xb7,0xb2,0xb0,0xff,0xe5,0xe9,0xed,0xff,0xf8,0xff,0xff,0xff,0xf9,0xff,0xff,0xff,0xf6,0xff,0xff,0xff,0xf2,0xfb,0xff,0xff,0xf0,0xf8,0xff,0xff,
0xef,0xf7,0xff,0xff,0xf1,0xfa,0xff,0xff,0xf5,0xff,0xff,0xff,0xf9,0xff,0xff,0xff,0xf9,0xff,0xff,0xff,0xed,0xf4,0xf9,0xff,0xc5,0xc3,0xc2,0xff,0x85,0x75,0x6e,0xff,
0x4e,0x34,0x28,0xff,0x4b,0x30,0x24,0xff,0x8d,0x80,0x7b,0xff,0xe9,0xee,0xf1,0xff,0xf6,0xfe,0xff,0xff,0xec,0xf4,0xfc,0xff,0xee,0xf6,0xff,0xfb,0xff,0xff,0xff,0xff,
0xf0,0xf8,0xff,0x9a,0x00,0x00,0x00,0x00,0xff,0xff,0xff,0x03,0x00,0x00,0x00,0x00,0x00,0x00,0x00,0x00,0x00,0x00,0x00,0x00,0x00,0x00,0x00,0x00,0x00,0x00,0x00,0x00,
0x00,0x00,0x00,0x00,0x00,0x00,0x00,0x00,0x00,0x00,0x00,0x00,0x00,0x00,0x00,0x00,0x00,0x00,0x00,0x00,0x00,0x00,0x00,0x00,0x00,0x00,0x00,0x00,0x00,0x00,0x00,0x00,
0x00,0x00,0x00,0x00,0x00,0x00,0x00,0x00,0x00,0x00,0x00,0x00,0x00,0x00,0x00,0x00,0x00,0x00,0x00,0x00,0x00,0x00,0x00,0x00,0x00,0x00,0x00,0x00,0x00,0x00,0x00,0x00,
0x00,0x00,0x00,0x00,0x00,0x00,0x00,0x00,0x00,0x00,0x00,0x00,0x00,0x00,0x00,0x00,0xff,0xff,0xff,0x03,0x00,0x00,0x00,0x00,0xe8,0xf3,0xff,0x45,0xfc,0xff,0xff,0xff,
0xf1,0xf8,0xff,0xfc,0xec,0xf4,0xfd,0xfe,0xf4,0xfc,0xff,0xff,0xe9,0xef,0xf2,0xff,0x84,0x75,0x6f,0xff,0x4b,0x2f,0x22,0xff,0x5a,0x42,0x37,0xff,0xa7,0x9f,0x9d,0xff,
0xf0,0xf8,0xfb,0xff,0xfa,0xff,0xff,0xff,0xf1,0xfa,0xff,0xff,0xed,0xf4,0xfd,0xff,0xed,0xf4,0xfc,0xff,0xed,0xf5,0xfd,0xff,0xed,0xf5,0xfd,0xff,0xf6,0xff,0xff,0xff,
0xf9,0xff,0xff,0xff,0xee,0xf6,0xfe,0xff,0xed,0xf5,0xfd,0xff,0xed,0xf4,0xfc,0xff,0xed,0xf4,0xfc,0xff,0xf0,0xf8,0xff,0xff,0xf8,0xff,0xff,0xff,0xf7,0xff,0xff,0xff,
0xbf,0xbc,0xbb,0xff,0x68,0x53,0x4a,0xff,0x48,0x2c,0x1e,0xff,0x6e,0x5a,0x52,0xff,0xd4,0xd5,0xd7,0xff,0xf8,0xff,0xff,0xff,0xec,0xf4,0xfd,0xff,0xee,0xf6,0xff,0xfa,
0xff,0xff,0xff,0xff,0xed,0xf5,0xff,0x80,0x00,0x00,0x00,0x00,0xff,0xff,0xff,0x04,0x00,0x00,0x00,0x00,0x00,0x00,0x00,0x00,0x00,0x00,0x00,0x00,0x00,0x00,0x00,0x00,
0x00,0x00,0x00,0x00,0x00,0x00,0x00,0x00,0x00,0x00,0x00,0x00,0x00,0x00,0x00,0x00,0x00,0x00,0x00,0x00,0x00,0x00,0x00,0x00,0x00,0x00,0x00,0x00,0x00,0x00,0x00,0x00,
0x00,0x00,0x00,0x00,0x00,0x00,0x00,0x00,0x00,0x00,0x00,0x00,0x00,0x00,0x00,0x00,0x00,0x00,0x00,0x00,0x00,0x00,0x00,0x00,0x00,0x00,0x00,0x00,0x00,0x00,0x00,0x00,
0x00,0x00,0x00,0x00,0x00,0x00,0x00,0x00,0x00,0x00,0x00,0x00,0xff,0xff,0xff,0x02,0xff,0xff,0xff,0x01,0xe7,0xf3,0xff,0x16,0xf2,0xf9,0xff,0xe8,0xf4,0xfa,0xff,0xfe,
0xec,0xf4,0xfd,0xfd,0xf2,0xf9,0xfe,0xff,0xe9,0xee,0xf0,0xff,0x79,0x68,0x61,0xff,0x48,0x2c,0x1e,0xff,0x6f,0x5c,0x54,0xff,0xd0,0xd0,0xd2,0xff,0xfb,0xff,0xff,0xff,
0xef,0xf7,0xff,0xff,0xec,0xf4,0xfc,0xff,0xee,0xf6,0xfe,0xff,0xef,0xf7,0xff,0xff,0xef,0xf7,0xff,0xff,0xee,0xf6,0xfe,0xff,0xf7,0xff,0xff,0xff,0xbe,0xbb,0xbd,0xff,
0xab,0xa4,0xa3,0xff,0xf2,0xfa,0xff,0xff,0xf0,0xf8,0xff,0xff,0xef,0xf7,0xff,0xff,0xef,0xf7,0xff,0xff,0xef,0xf7,0xfe,0xff,0xed,0xf4,0xfd,0xff,0xed,0xf5,0xfd,0xff,
0xf9,0xff,0xff,0xff,0xe4,0xe9,0xec,0xff,0x85,0x76,0x71,0xff,0x4b,0x30,0x22,0xff,0x61,0x4b,0x42,0xff,0xd3,0xd5,0xd6,0xff,0xf6,0xfe,0xff,0xff,0xec,0xf4,0xfd,0xfe,
0xf0,0xf7,0xff,0xfb,0xf9,0xfd,0xff,0xfe,0xeb,0xf7,0xff,0x43,0x00,0x00,0x00,0x00,0xff,0xff,0xff,0x03,0x00,0x00,0x00,0x00,0x00,0x00,0x00,0x00,0x00,0x00,0x00,0x00,
0x00,0x00,0x00,0x00,0x00,0x00,0x00,0x00,0x00,0x00,0x00,0x00,0x00,0x00,0x00,0x00,0x00,0x00,0x00,0x00,0x00,0x00,0x00,0x00,0x00,0x00,0x00,0x00,0x00,0x00,0x00,0x00,
0x00,0x00,0x00,0x00,0x00,0x00,0x00,0x00,0x00,0x00,0x00,0x00,0x00,0x00,0x00,0x00,0x00,0x00,0x00,0x00,0x00,0x00,0x00,0x00,0x00,0x00,0x00,0x00,0x00,0x00,0x00,0x00,
0x00,0x00,0x00,0x00,0x00,0x00,0x00,0x00,0x00,0x00,0x00,0x00,0xff,0xff,0xff,0x03,0x00,0x00,0x00,0x00,0xed,0xf6,0xff,0xaa,0xff,0xff,0xff,0xff,0xec,0xf5,0xfd,0xfc,
0xef,0xf6,0xfd,0xff,0xf5,0xfd,0xfe,0xff,0x84,0x75,0x70,0xff,0x48,0x2c,0x1f,0xff,0x7a,0x69,0x63,0xff,0xe9,0xef,0xf1,0xff,0xf7,0xff,0xff,0xff,0xec,0xf4,0xfc,0xff,
0xef,0xf7,0xff,0xff,0xef,0xf7,0xff,0xff,0xef,0xf7,0xff,0xff,0xef,0xf7,0xff,0xff,0xed,0xf5,0xfd,0xff,0xf7,0xfd,0xff,0xff,0xbe,0xbb,0xbc,0xff,0x52,0x38,0x2c,0xff,
0x4a,0x2e,0x21,0xff,0x9e,0x95,0x92,0xff,0xf7,0xff,0xff,0xff,0xed,0xf5,0xfd,0xff,0xef,0xf7,0xff,0xff,0xef,0xf7,0xff,0xff,0xef,0xf7,0xff,0xff,0xef,0xf7,0xff,0xff,
0xec,0xf4,0xfc,0xff,0xf2,0xfb,0xff,0xff,0xf7,0xff,0xff,0xff,0x97,0x8c,0x89,0xff,0x4c,0x30,0x23,0xff,0x67,0x52,0x49,0xff,0xe4,0xe9,0xed,0xff,0xf3,0xfb,0xff,0xff,
0xec,0xf4,0xfd,0xfd,0xf7,0xfc,0xff,0xff,0xf2,0xf9,0xff,0xdc,0xee,0xff,0xff,0x0f,0xff,0xff,0xff,0x02,0xff,0xff,0xff,0x01,0x00,0x00,0x00,0x00,0x00,0x00,0x00,0x00,
0x00,0x00,0x00,0x00,0x00,0x00,0x00,0x00,0x00,0x00,0x00,0x00,0x00,0x00,0x00,0x00,0x00,0x00,0x00,0x00,0x00,0x00,0x00,0x00,0x00,0x00,0x00,0x00,0x00,0x00,0x00,0x00,
0x00,0x00,0x00,0x00,0x00,0x00,0x00,0x00,0x00,0x00,0x00,0x00,0x00,0x00,0x00,0x00,0x00,0x00,0x00,0x00,0x00,0x00,0x00,0x00,0x00,0x00,0x00,0x00,0x00,0x00,0x00,0x00,
0x00,0x00,0x00,0x00,0x00,0x00,0x00,0x00,0xff,0xff,0xff,0x03,0x00,0x00,0x00,0x00,0xef,0xf7,0xff,0x40,0xfc,0xff,0xff,0xff,0xee,0xf7,0xff,0xfc,0xec,0xf4,0xfc,0xff,
0xf9,0xff,0xff,0xff,0xa7,0x9f,0x9e,0xff,0x4a,0x2f,0x22,0xff,0x6f,0x5c,0x53,0xff,0xea,0xf0,0xf2,0xff,0xf4,0xfc,0xff,0xff,0xec,0xf4,0xfc,0xff,0xef,0xf7,0xff,0xff,
0xef,0xf7,0xff,0xff,0xef,0xf7,0xff,0xff,0xef,0xf7,0xff,0xff,0xef,0xf7,0xff,0xff,0xec,0xf4,0xfc,0xff,0xfa,0xff,0xff,0xff,0xaa,0xa3,0xa2,0xff,0x53,0x39,0x2d,0xff,
0x58,0x3f,0x34,0xff,0x7c,0x6b,0x64,0xff,0xf6,0xff,0xff,0xff,0xee,0xf5,0xfd,0xff,0xef,0xf7,0xff,0xff,0xef,0xf7,0xff,0xff,0xef,0xf7,0xff,0xff,0xef,0xf7,0xff,0xff,
0xef,0xf7,0xff,0xff,0xed,0xf5,0xfd,0xff,0xef,0xf6,0xfd,0xff,0xf8,0xff,0xff,0xff,0x8d,0x80,0x7c,0xff,0x48,0x2c,0x1f,0xff,0x85,0x76,0x71,0xff,0xf4,0xfc,0xfd,0xff,
0xef,0xf6,0xfd,0xff,0xed,0xf5,0xff,0xfb,0xff,0xff,0xff,0xff,0xed,0xf7,0xff,0x80,0x00,0x00,0x00,0x00,0xff,0xff,0xff,0x03,0x00,0x00,0x00,0x00,0x00,0x00,0x00,0x00,
0x00,0x00,0x00,0x00,0x00,0x00,0x00,0x00,0x00,0x00,0x00,0x00,0x00,0x00,0x00,0x00,0x00,0x00,0x00,0x00,0x00,0x00,0x00,0x00,0x00,0x00,0x00,0x00,0x00,0x00,0x00,0x00,
0x00,0x00,0x00,0x00,0x00,0x00,0x00,0x00,0x00,0x00,0x00,0x00,0x00,0x00,0x00,0x00,0x00,0x00,0x00,0x00,0x00,0x00,0x00,0x00,0x00,0x00,0x00,0x00,0x00,0x00,0x00,0x00,
0x00,0x00,0x00,0x00,0x00,0x00,0x00,0x00,0xff,0xff,0xff,0x02,0x00,0x00,0x00,0x00,0xed,0xf6,0xff,0xbf,0xfb,0xff,0xff,0xfe,0xec,0xf4,0xfc,0xfc,0xf7,0xfe,0xff,0xff,
0xcc,0xcc,0xcf,0xff,0x55,0x3b,0x2f,0xff,0x5a,0x42,0x36,0xff,0xd0,0xd1,0xd5,0xff,0xf7,0xff,0xff,0xff,0xec,0xf4,0xfc,0xff,0xef,0xf7,0xff,0xff,0xef,0xf7,0xff,0xff,
0xef,0xf7,0xff,0xff,0xef,0xf7,0xff,0xff,0xef,0xf7,0xff,0xff,0xef,0xf7,0xff,0xff,0xed,0xf5,0xfd,0xff,0xf7,0xff,0xff,0xff,0xcc,0xcc,0xcf,0xff,0x57,0x3e,0x32,0xff,
0x54,0x3b,0x2f,0xff,0x82,0x72,0x6d,0xff,0xf6,0xff,0xff,0xff,0xee,0xf5,0xfd,0xff,0xef,0xf7,0xff,0xff,0xef,0xf7,0xff,0xff,0xef,0xf7,0xff,0xff,0xef,0xf7,0xff,0xff,
0xef,0xf7,0xff,0xff,0xef,0xf7,0xff,0xff,0xed,0xf5,0xfe,0xff,0xf2,0xf9,0xfd,0xff,0xe9,0xef,0xf2,0xff,0x70,0x5c,0x53,0xff,0x4a,0x2f,0x21,0xff,0xa9,0xa2,0xa2,0xff,
0xfa,0xff,0xff,0xff,0xeb,0xf3,0xfb,0xfe,0xf4,0xfa,0xff,0xfd,0xf3,0xf9,0xff,0xeb,0xe5,0xf2,0xff,0x14,0xff,0xff,0xff,0x01,0xff,0xff,0xff,0x01,0x00,0x00,0x00,0x00,
0x00,0x00,0x00,0x00,0x00,0x00,0x00,0x00,0x00,0x00,0x00,0x00,0x00,0x00,0x00,0x00,0x00,0x00,0x00,0x00,0x00,0x00,0x00,0x00,0x00,0x00,0x00,0x00,0x00,0x00,0x00,0x00,
0x00,0x00,0x00,0x00,0x00,0x00,0x00,0x00,0x00,0x00,0x00,0x00,0x00,0x00,0x00,0x00,0x00,0x00,0x00,0x00,0x00,0x00,0x00,0x00,0x00,0x00,0x00,0x00,0x00,0x00,0x00,0x00,
0x00,0x00,0x00,0x00,0xff,0xff,0xff,0x03,0x00,0x00,0x00,0x00,0xef,0xf7,0xff,0x41,0xf9,0xfd,0xff,0xff,0xee,0xf6,0xff,0xfd,0xed,0xf5,0xfd,0xff,0xf6,0xfd,0xff,0xff,
0x83,0x73,0x6e,0xff,0x49,0x2d,0x1f,0xff,0xa7,0xa0,0x9f,0xff,0xfb,0xff,0xff,0xff,0xec,0xf3,0xfc,0xff,0xef,0xf7,0xff,0xff,0xef,0xf7,0xff,0xff,0xef,0xf7,0xff,0xff,
0xef,0xf7,0xff,0xff,0xef,0xf7,0xff,0xff,0xef,0xf7,0xff,0xff,0xef,0xf7,0xff,0xff,0xed,0xf5,0xfd,0xff,0xf7,0xff,0xff,0xff,0xc9,0xc9,0xcc,0xff,0x56,0x3d,0x31,0xff,
0x54,0x3b,0x2f,0xff,0x81,0x71,0x6b,0xff,0xf6,0xff,0xff,0xff,0xee,0xf5,0xfd,0xff,0xef,0xf7,0xff,0xff,0xef,0xf7,0xff,0xff,0xef,0xf7,0xff,0xff,0xef,0xf7,0xff,0xff,
0xef,0xf7,0xff,0xff,0xef,0xf7,0xff,0xff,0xef,0xf7,0xff,0xff,0xec,0xf4,0xfd,0xff,0xf8,0xff,0xff,0xff,0xca,0xca,0xcc,0xff,0x53,0x3a,0x2e,0xff,0x65,0x4f,0x45,0xff,
0xe6,0xeb,0xf0,0xff,0xf2,0xfa,0xfe,0xff,0xec,0xf4,0xfd,0xfc,0xff,0xff,0xff,0xff,0xee,0xf6,0xff,0x7f,0x00,0x00,0x00,0x00,0xff,0xff,0xff,0x04,0x00,0x00,0x00,0x00,
0x00,0x00,0x00,0x00,0x00,0x00,0x00,0x00,0x00,0x00,0x00,0x00,0x00,0x00,0x00,0x00,0x00,0x00,0x00,0x00,0x00,0x00,0x00,0x00,0x00,0x00,0x00,0x00,0x00,0x00,0x00,0x00,
0x00,0x00,0x00,0x00,0x00,0x00,0x00,0x00,0x00,0x00,0x00,0x00,0x00,0x00,0x00,0x00,0x00,0x00,0x00,0x00,0x00,0x00,0x00,0x00,0x00,0x00,0x00,0x00,0x00,0x00,0x00,0x00,
0x00,0x00,0x00,0x00,0xff,0xff,0xff,0x03,0x00,0x00,0x00,0x00,0xef,0xf7,0xff,0xa2,0xff,0xff,0xff,0xff,0xec,0xf4,0xfc,0xfb,0xf7,0xff,0xff,0xff,0xca,0xca,0xce,0xff,
0x4f,0x35,0x28,0xff,0x73,0x61,0x59,0xff,0xf0,0xf7,0xfb,0xff,0xef,0xf7,0xfd,0xff,0xee,0xf6,0xfe,0xff,0xef,0xf7,0xff,0xff,0xef,0xf7,0xff,0xff,0xef,0xf7,0xff,0xff,
0xef,0xf7,0xff,0xff,0xef,0xf7,0xff,0xff,0xef,0xf7,0xff,0xff,0xef,0xf7,0xff,0xff,0xed,0xf5,0xfd,0xff,0xf7,0xff,0xff,0xff,0xc9,0xc9,0xcc,0xff,0x56,0x3d,0x31,0xff,
0x54,0x3b,0x2f,0xff,0x81,0x71,0x6b,0xff,0xf6,0xff,0xff,0xff,0xee,0xf5,0xfd,0xff,0xef,0xf7,0xff,0xff,0xef,0xf7,0xff,0xff,0xef,0xf7,0xff,0xff,0xef,0xf7,0xff,0xff,
0xef,0xf7,0xff,0xff,0xef,0xf7,0xff,0xff,0xef,0xf7,0xff,0xff,0xef,0xf7,0xff,0xff,0xec,0xf4,0xfc,0xff,0xfa,0xff,0xff,0xff,0x95,0x8a,0x86,0xff,0x46,0x2a,0x1c,0xff,
0xa7,0xa0,0x9f,0xff,0xfa,0xff,0xff,0xff,0xec,0xf3,0xfb,0xfd,0xf7,0xfd,0xff,0xfe,0xee,0xf6,0xff,0xdb,0xd4,0xd4,0xff,0x06,0xff,0xff,0xff,0x01,0x00,0x00,0x00,0x00,
0x00,0x00,0x00,0x00,0x00,0x00,0x00,0x00,0x00,0x00,0x00,0x00,0x00,0x00,0x00,0x00,0x00,0x00,0x00,0x00,0x00,0x00,0x00,0x00,0x00,0x00,0x00,0x00,0x00,0x00,0x00,0x00,
0x00,0x00,0x00,0x00,0x00,0x00,0x00,0x00,0x00,0x00,0x00,0x00,0x00,0x00,0x00,0x00,0x00,0x00,0x00,0x00,0x00,0x00,0x00,0x00,0x00,0x00,0x00,0x00,0x00,0x00,0x00,0x00,
0xff,0xff,0xff,0x01,0x00,0x00,0x00,0x00,0xdd,0xee,0xff,0x0f,0xf0,0xf8,0xff,0xe6,0xf4,0xfb,0xff,0xff,0xed,0xf4,0xfc,0xfe,0xf4,0xfc,0xfe,0xff,0x84,0x74,0x6e,0xff,
0x48,0x2c,0x1e,0xff,0xb7,0xb3,0xb4,0xff,0xf9,0xff,0xff,0xff,0xec,0xf4,0xfc,0xff,0xef,0xf7,0xff,0xff,0xef,0xf7,0xff,0xff,0xef,0xf7,0xff,0xff,0xef,0xf7,0xff,0xff,
0xef,0xf7,0xff,0xff,0xef,0xf7,0xff,0xff,0xef,0xf7,0xff,0xff,0xef,0xf7,0xff,0xff,0xed,0xf5,0xfd,0xff,0xf7,0xff,0xff,0xff,0xc9,0xc9,0xcc,0xff,0x56,0x3d,0x31,0xff,
0x54,0x3b,0x2f,0xff,0x81,0x71,0x6b,0xff,0xf6,0xff,0xff,0xff,0xee,0xf5,0xfd,0xff,0xef,0xf7,0xff,0xff,0xef,0xf7,0xff,0xff,0xef,0xf7,0xff,0xff,0xef,0xf7,0xff,0xff,
0xef,0xf7,0xff,0xff,0xef,0xf7,0xff,0xff,0xef,0xf7,0xff,0xff,0xef,0xf7,0xff,0xff,0xed,0xf5,0xfd,0xff,0xf5,0xfc,0xfe,0xff,0xd8,0xdb,0xe0,0xff,0x56,0x3e,0x32,0xff,
0x65,0x4f,0x45,0xff,0xe5,0xea,0xef,0xff,0xf1,0xfa,0xfe,0xff,0xee,0xf6,0xfd,0xfd,0xf7,0xfc,0xff,0xfd,0xed,0xf6,0xff,0x39,0x00,0x00,0x00,0x00,0xff,0xff,0xff,0x03,
0x00,0x00,0x00,0x00,0x00,0x00,0x00,0x00,0x00,0x00,0x00,0x00,0x00,0x00,0x00,0x00,0x00,0x00,0x00,0x00,0x00,0x00,0x00,0x00,0x00,0x00,0x00,0x00,0x00,0x00,0x00,0x00,
0x00,0x00,0x00,0x00,0x00,0x00,0x00,0x00,0x00,0x00,0x00,0x00,0x00,0x00,0x00,0x00,0x00,0x00,0x00,0x00,0x00,0x00,0x00,0x00,0x00,0x00,0x00,0x00,0x00,0x00,0x00,0x00,
0xff,0xff,0xff,0x03,0x00,0x00,0x00,0x00,0xef,0xf7,0xff,0x42,0xfa,0xff,0xff,0xff,0xec,0xf5,0xfc,0xfd,0xf4,0xfd,0xff,0xff,0xd9,0xdd,0xe2,0xff,0x57,0x3f,0x33,0xff,
0x66,0x51,0x48,0xff,0xe5,0xeb,0xf0,0xff,0xf2,0xfa,0xfe,0xff,0xee,0xf6,0xfe,0xff,0xef,0xf7,0xff,0xff,0xef,0xf7,0xff,0xff,0xef,0xf7,0xff,0xff,0xef,0xf7,0xff,0xff,
0xef,0xf7,0xff,0xff,0xef,0xf7,0xff,0xff,0xef,0xf7,0xff,0xff,0xef,0xf7,0xff,0xff,0xed,0xf5,0xfd,0xff,0xf7,0xff,0xff,0xff,0xc9,0xc9,0xcc,0xff,0x56,0x3d,0x32,0xff,
0x54,0x3b,0x30,0xff,0x81,0x71,0x6b,0xff,0xf6,0xff,0xff,0xff,0xee,0xf5,0xfd,0xff,0xef,0xf7,0xff,0xff,0xef,0xf7,0xff,0xff,0xef,0xf7,0xff,0xff,0xef,0xf7,0xff,0xff,
0xef,0xf7,0xff,0xff,0xef,0xf7,0xff,0xff,0xef,0xf7,0xff,0xff,0xef,0xf7,0xff,0xff,0xef,0xf7,0xff,0xff,0xee,0xf6,0xfd,0xff,0xf5,0xfc,0xfe,0xff,0x85,0x76,0x71,0xff,
0x49,0x2d,0x1f,0xff,0xb9,0xb5,0xb7,0xff,0xf9,0xff,0xff,0xff,0xeb,0xf3,0xfa,0xfb,0xff,0xff,0xff,0xff,0xef,0xf7,0xff,0x81,0x00,0x00,0x00,0x00,0xff,0xff,0xff,0x04,
0x00,0x00,0x00,0x00,0x00,0x00,0x00,0x00,0x00,0x00,0x00,0x00,0x00,0x00,0x00,0x00,0x00,0x00,0x00,0x00,0x00,0x00,0x00,0x00,0x00,0x00,0x00,0x00,0x00,0x00,0x00,0x00,
0x00,0x00,0x00,0x00,0x00,0x00,0x00,0x00,0x00,0x00,0x00,0x00,0x00,0x00,0x00,0x00,0x00,0x00,0x00,0x00,0x00,0x00,0x00,0x00,0x00,0x00,0x00,0x00,0x00,0x00,0x00,0x00,
0xff,0xff,0xff,0x04,0x00,0x00,0x00,0x00,0xef,0xf7,0xff,0x81,0xfe,0xff,0xff,0xff,0xec,0xf4,0xfb,0xfb,0xf9,0xff,0xff,0xff,0xba,0xb6,0xb7,0xff,0x48,0x2c,0x1e,0xff,
0x8d,0x7f,0x7b,0xff,0xf9,0xff,0xff,0xff,0xed,0xf4,0xfd,0xff,0xef,0xf7,0xff,0xff,0xef,0xf7,0xff,0xff,0xef,0xf7,0xff,0xff,0xef,0xf7,0xff,0xff,0xef,0xf7,0xff,0xff,
0xef,0xf7,0xff,0xff,0xef,0xf7,0xff,0xff,0xef,0xf7,0xff,0xff,0xef,0xf7,0xff,0xff,0xed,0xf5,0xfd,0xff,0xf7,0xff,0xff,0xff,0xc8,0xc8,0xcd,0xff,0x55,0x3c,0x2f,0xff,
0x53,0x3a,0x2c,0xff,0x81,0x71,0x6c,0xff,0xf6,0xfe,0xff,0xff,0xee,0xf5,0xfd,0xff,0xef,0xf7,0xff,0xff,0xef,0xf7,0xff,0xff,0xef,0xf7,0xff,0xff,0xef,0xf7,0xff,0xff,
0xef,0xf7,0xff,0xff,0xef,0xf7,0xff,0xff,0xef,0xf7,0xff,0xff,0xef,0xf7,0xff,0xff,0xef,0xf7,0xff,0xff,0xec,0xf4,0xfc,0xff,0xfa,0xff,0xff,0xff,0xb2,0xad,0xad,0xff,
0x46,0x2a,0x1c,0xff,0x95,0x8a,0x86,0xff,0xf9,0xff,0xff,0xff,0xec,0xf3,0xfb,0xfc,0xfb,0xfe,0xff,0xff,0xee,0xf6,0xff,0xbe,0xff,0xff,0xff,0x02,0xff,0xff,0xff,0x02,
0x00,0x00,0x00,0x00,0x00,0x00,0x00,0x00,0x00,0x00,0x00,0x00,0x00,0x00,0x00,0x00,0x00,0x00,0x00,0x00,0x00,0x00,0x00,0x00,0x00,0x00,0x00,0x00,0x00,0x00,0x00,0x00,
0x00,0x00,0x00,0x00,0x00,0x00,0x00,0x00,0x00,0x00,0x00,0x00,0x00,0x00,0x00,0x00,0x00,0x00,0x00,0x00,0x00,0x00,0x00,0x00,0x00,0x00,0x00,0x00,0x00,0x00,0x00,0x00,
0xff,0xff,0xff,0x02,0x00,0x00,0x00,0x00,0xef,0xf6,0xff,0xb8,0xfd,0xff,0xff,0xff,0xec,0xf3,0xfb,0xfc,0xf8,0xff,0xff,0xff,0x94,0x88,0x84,0xff,0x47,0x2b,0x1d,0xff,
0xb1,0xac,0xac,0xff,0xf9,0xff,0xfe,0xff,0xec,0xf4,0xfc,0xff,0xef,0xf7,0xff,0xff,0xef,0xf7,0xff,0xff,0xef,0xf7,0xff,0xff,0xef,0xf7,0xff,0xff,0xef,0xf7,0xff,0xff,
0xef,0xf7,0xff,0xff,0xef,0xf7,0xff,0xff,0xef,0xf7,0xff,0xff,0xef,0xf7,0xff,0xff,0xed,0xf5,0xfd,0xff,0xf8,0xff,0xff,0xff,0xcc,0xce,0xc9,0xff,0x58,0x3f,0x38,0xff,
0x57,0x3e,0x3b,0xff,0x81,0x71,0x64,0xff,0xf8,0xff,0xff,0xff,0xed,0xf4,0xfd,0xff,0xef,0xf7,0xff,0xff,0xef,0xf7,0xff,0xff,0xef,0xf7,0xff,0xff,0xef,0xf7,0xff,0xff,
0xef,0xf7,0xff,0xff,0xef,0xf7,0xff,0xff,0xef,0xf7,0xff,0xff,0xef,0xf7,0xff,0xff,0xef,0xf7,0xff,0xff,0xed,0xf5,0xfd,0xff,0xf5,0xfe,0xff,0xff,0xd2,0xd4,0xd8,0xff,
0x53,0x3a,0x2d,0xff,0x71,0x5e,0x56,0xff,0xee,0xf6,0xf9,0xff,0xee,0xf6,0xff,0xfe,0xf3,0xfb,0xff,0xff,0xee,0xf6,0xff,0xeb,0xeb,0xeb,0xff,0x0d,0x00,0x00,0x00,0x00,
0xff,0xff,0xff,0x01,0x00,0x00,0x00,0x00,0x00,0x00,0x00,0x00,0x00,0x00,0x00,0x00,0x00,0x00,0x00,0x00,0x00,0x00,0x00,0x00,0x00,0x00,0x00,0x00,0x00,0x00,0x00,0x00,
0x00,0x00,0x00,0x00,0x00,0x00,0x00,0x00,0x00,0x00,0x00,0x00,0x00,0x00,0x00,0x00,0x00,0x00,0x00,0x00,0x00,0x00,0x00,0x00,0x00,0x00,0x00,0x00,0x00,0x00,0x00,0x00,
0xff,0xff,0xff,0x01,0xff,0xff,0xff,0x04,0xef,0xf7,0xff,0xcb,0xfa,0xfe,0xff,0xff,0xed,0xf4,0xfc,0xfd,0xf5,0xfe,0xfe,0xff,0x7e,0x6e,0x67,0xff,0x4e,0x33,0x27,0xff,
0xce,0xcf,0xd2,0xff,0xf6,0xff,0xff,0xff,0xed,0xf5,0xfd,0xff,0xef,0xf7,0xff,0xff,0xef,0xf7,0xff,0xff,0xef,0xf7,0xff,0xff,0xef,0xf7,0xff,0xff,0xef,0xf7,0xff,0xff,
0xef,0xf7,0xff,0xff,0xef,0xf7,0xff,0xff,0xef,0xf7,0xff,0xff,0xef,0xf7,0xff,0xff,0xee,0xf7,0xfe,0xff,0xf3,0xfb,0xff,0xff,0xba,0xb1,0xec,0xff,0x8e,0x76,0xe0,0xff,
0x92,0x7a,0xe9,0xff,0x94,0x81,0xca,0xff,0xea,0xf0,0xfd,0xff,0xf1,0xf9,0xfe,0xff,0xef,0xf6,0xff,0xff,0xef,0xf7,0xff,0xff,0xef,0xf7,0xff,0xff,0xef,0xf7,0xff,0xff,
0xef,0xf7,0xff,0xff,0xef,0xf7,0xff,0xff,0xef,0xf7,0xff,0xff,0xef,0xf7,0xff,0xff,0xef,0xf7,0xff,0xff,0xee,0xf6,0xfe,0xff,0xf2,0xf9,0xff,0xff,0xe8,0xee,0xf5,0xff,
0x65,0x50,0x45,0xff,0x5f,0x48,0x3d,0xff,0xe3,0xe8,0xf0,0xff,0xf1,0xfa,0xff,0xfe,0xf0,0xf8,0xff,0xfe,0xf2,0xf9,0xff,0xf3,0xe5,0xee,0xff,0x1e,0x00,0x00,0x00,0x00,
0xff,0xff,0xff,0x02,0x00,0x00,0x00,0x00,0x00,0x00,0x00,0x00,0x00,0x00,0x00,0x00,0x00,0x00,0x00,0x00,0x00,0x00,0x00,0x00,0x00,0x00,0x00,0x00,0x00,0x00,0x00,0x00,
0x00,0x00,0x00,0x00,0x00,0x00,0x00,0x00,0x00,0x00,0x00,0x00,0x00,0x00,0x00,0x00,0x00,0x00,0x00,0x00,0x00,0x00,0x00,0x00,0x00,0x00,0x00,0x00,0xff,0xff,0xff,0x01,
0x00,0x00,0x00,0x00,0xe2,0xf0,0xff,0x12,0xf0,0xf7,0xff,0xf0,0xf2,0xfa,0xff,0xff,0xf0,0xf9,0xff,0xfe,0xe7,0xed,0xf4,0xff,0x65,0x4f,0x45,0xff,0x60,0x4a,0x3f,0xff,
0xe4,0xe9,0xf0,0xff,0xf2,0xfa,0xff,0xff,0xee,0xf6,0xfe,0xff,0xef,0xf7,0xff,0xff,0xef,0xf7,0xff,0xff,0xef,0xf7,0xff,0xff,0xef,0xf7,0xff,0xff,0xef,0xf7,0xff,0xff,
0xef,0xf7,0xff,0xff,0xef,0xf7,0xff,0xff,0xef,0xf7,0xff,0xff,0xee,0xf5,0xff,0xff,0xf5,0xfe,0xff,0xff,0xc5,0xbe,0xfb,0xff,0x90,0x76,0xf9,0xff,0x9b,0x84,0xfc,0xff,
0x9a,0x84,0xfb,0xff,0x95,0x7c,0xff,0xff,0xb0,0xa1,0xf9,0xff,0xf3,0xfc,0xff,0xff,0xec,0xf4,0xfc,0xff,0xed,0xf5,0xfd,0xff,0xef,0xf7,0xff,0xff,0xef,0xf7,0xff,0xff,
0xef,0xf7,0xff,0xff,0xef,0xf7,0xff,0xff,0xef,0xf7,0xff,0xff,0xef,0xf7,0xff,0xff,0xef,0xf7,0xff,0xff,0xef,0xf7,0xff,0xff,0xee,0xf5,0xfd,0xff,0xf5,0xfd,0xfe,0xff,
0x80,0x70,0x6a,0xff,0x4e,0x33,0x27,0xff,0xcd,0xcd,0xd1,0xff,0xf7,0xff,0xff,0xff,0xec,0xf4,0xfb,0xfd,0xfb,0xff,0xff,0xff,0xef,0xf7,0xff,0x43,0x00,0x00,0x00,0x00,
0xff,0xff,0xff,0x03,0x00,0x00,0x00,0x00,0x00,0x00,0x00,0x00,0x00,0x00,0x00,0x00,0x00,0x00,0x00,0x00,0x00,0x00,0x00,0x00,0x00,0x00,0x00,0x00,0x00,0x00,0x00,0x00,
0x00,0x00,0x00,0x00,0x00,0x00,0x00,0x00,0x00,0x00,0x00,0x00,0x00,0x00,0x00,0x00,0x00,0x00,0x00,0x00,0x00,0x00,0x00,0x00,0x00,0x00,0x00,0x00,0xff,0xff,0xff,0x01,
0x00,0x00,0x00,0x00,0xe1,0xf0,0xff,0x11,0xf0,0xf7,0xff,0xee,0xf2,0xfa,0xff,0xff,0xf0,0xf9,0xff,0xfe,0xe6,0xec,0xf3,0xff,0x61,0x4b,0x40,0xff,0x62,0x4c,0x41,0xff,
0xe6,0xed,0xf4,0xff,0xf2,0xfa,0xff,0xff,0xee,0xf6,0xfe,0xff,0xef,0xf7,0xff,0xff,0xef,0xf7,0xff,0xff,0xef,0xf7,0xff,0xff,0xef,0xf7,0xff,0xff,0xef,0xf7,0xff,0xff,
0xef,0xf7,0xff,0xff,0xef,0xf7,0xff,0xff,0xef,0xf6,0xff,0xff,0xf0,0xf8,0xff,0xff,0xeb,0xf2,0xfe,0xff,0xa0,0x8c,0xf8,0xff,0x96,0x7f,0xf6,0xff,0x98,0x82,0xf6,0xff,
0x98,0x81,0xf6,0xff,0x99,0x82,0xf5,0xff,0x94,0x7c,0xf6,0xff,0xd9,0xda,0xf9,0xff,0xfc,0xff,0xff,0xff,0xf5,0xff,0xff,0xff,0xee,0xf6,0xfe,0xff,0xed,0xf4,0xfc,0xff,
0xee,0xf6,0xfe,0xff,0xef,0xf7,0xff,0xff,0xef,0xf7,0xff,0xff,0xef,0xf7,0xff,0xff,0xef,0xf7,0xff,0xff,0xef,0xf7,0xff,0xff,0xee,0xf5,0xfd,0xff,0xf6,0xff,0xff,0xff,
0x83,0x74,0x6e,0xff,0x4c,0x31,0x24,0xff,0xcb,0xca,0xcd,0xff,0xf7,0xff,0xff,0xff,0xec,0xf4,0xfb,0xfd,0xfa,0xff,0xff,0xff,0xef,0xf7,0xff,0x41,0x00,0x00,0x00,0x00,
0xff,0xff,0xff,0x03,0x00,0x00,0x00,0x00,0x00,0x00,0x00,0x00,0x00,0x00,0x00,0x00,0x00,0x00,0x00,0x00,0x00,0x00,0x00,0x00,0x00,0x00,0x00,0x00,0x00,0x00,0x00,0x00,
0x00,0x00,0x00,0x00,0x00,0x00,0x00,0x00,0x00,0x00,0x00,0x00,0x00,0x00,0x00,0x00,0x00,0x00,0x00,0x00,0x00,0x00,0x00,0x00,0x00,0x00,0x00,0x00,0xff,0xff,0xff,0x01,
0x00,0x00,0x00,0x00,0xe1,0xf0,0xff,0x11,0xef,0xf7,0xff,0xed,0xf2,0xfa,0xff,0xff,0xf0,0xf9,0xff,0xfe,0xe6,0xec,0xf3,0xff,0x62,0x4d,0x42,0xff,0x62,0x4c,0x41,0xff,
0xe6,0xec,0xf2,0xff,0xf2,0xfa,0xff,0xff,0xee,0xf6,0xfe,0xff,0xef,0xf7,0xff,0xff,0xef,0xf7,0xff,0xff,0xef,0xf7,0xff,0xff,0xef,0xf7,0xff,0xff,0xef,0xf7,0xff,0xff,
0xef,0xf7,0xff,0xff,0xef,0xf7,0xff,0xff,0xef,0xf6,0xff,0xff,0xf0,0xf9,0xff,0xff,0xe9,0xef,0xfe,0xff,0x9d,0x88,0xf8,0xff,0x98,0x81,0xf7,0xff,0x98,0x82,0xf7,0xff,
0x98,0x81,0xf7,0xff,0x98,0x82,0xf6,0xff,0x9b,0x85,0xff,0xff,0x75,0x60,0x78,0xff,0x93,0x87,0x7d,0xff,0xd0,0xd0,0xd2,0xff,0xf3,0xfc,0xff,0xff,0xf9,0xff,0xff,0xff,
0xf2,0xfa,0xff,0xff,0xed,0xf4,0xfc,0xff,0xed,0xf4,0xfc,0xff,0xef,0xf7,0xff,0xff,0xef,0xf7,0xff,0xff,0xef,0xf7,0xff,0xff,0xee,0xf5,0xfd,0xff,0xf6,0xff,0xff,0xff,
0x82,0x72,0x6c,0xff,0x4c,0x31,0x24,0xff,0xcb,0xcb,0xcf,0xff,0xf7,0xff,0xff,0xff,0xec,0xf4,0xfb,0xfd,0xfa,0xff,0xff,0xff,0xef,0xf7,0xff,0x40,0x00,0x00,0x00,0x00,
0xff,0xff,0xff,0x03,0x00,0x00,0x00,0x00,0x00,0x00,0x00,0x00,0x00,0x00,0x00,0x00,0x00,0x00,0x00,0x00,0x00,0x00,0x00,0x00,0x00,0x00,0x00,0x00,0x00,0x00,0x00,0x00,
0x00,0x00,0x00,0x00,0x00,0x00,0x00,0x00,0x00,0x00,0x00,0x00,0x00,0x00,0x00,0x00,0x00,0x00,0x00,0x00,0x00,0x00,0x00,0x00,0x00,0x00,0x00,0x00,0xff,0xff,0xff,0x01,
0x00,0x00,0x00,0x00,0xe2,0xf0,0xff,0x12,0xef,0xf7,0xff,0xf2,0xf1,0xfa,0xff,0xff,0xf0,0xf9,0xff,0xfe,0xe5,0xeb,0xf2,0xff,0x61,0x4b,0x40,0xff,0x63,0x4d,0x42,0xff,
0xe7,0xed,0xf4,0xff,0xf2,0xfa,0xff,0xff,0xee,0xf6,0xfe,0xff,0xef,0xf7,0xff,0xff,0xef,0xf7,0xff,0xff,0xef,0xf7,0xff,0xff,0xef,0xf7,0xff,0xff,0xef,0xf7,0xff,0xff,
0xef,0xf7,0xff,0xff,0xef,0xf7,0xff,0xff,0xef,0xf7,0xff,0xff,0xee,0xf6,0xff,0xff,0xf4,0xfd,0xff,0xff,0xb8,0xac,0xfa,0xff,0x8e,0x74,0xf6,0xff,0x99,0x83,0xf7,0xff,
0x98,0x82,0xf5,0xff,0x97,0x7f,0xfd,0xff,0x89,0x70,0xd4,0xff,0x5a,0x42,0x38,0xff,0x53,0x39,0x2d,0xff,0x58,0x3f,0x34,0xff,0x7b,0x69,0x61,0xff,0xb4,0xaf,0xae,0xff,
0xe5,0xe9,0xed,0xff,0xf9,0xff,0xff,0xff,0xf9,0xff,0xff,0xff,0xef,0xf7,0xff,0xff,0xef,0xf7,0xff,0xff,0xef,0xf7,0xff,0xff,0xee,0xf5,0xfd,0xff,0xf6,0xff,0xff,0xff,
0x83,0x74,0x6f,0xff,0x4b,0x30,0x23,0xff,0xca,0xca,0xcc,0xff,0xf7,0xff,0xff,0xff,0xec,0xf4,0xfb,0xfd,0xfc,0xff,0xff,0xff,0xec,0xf7,0xff,0x45,0x00,0x00,0x00,0x00,
0xff,0xff,0xff,0x03,0x00,0x00,0x00,0x00,0x00,0x00,0x00,0x00,0x00,0x00,0x00,0x00,0x00,0x00,0x00,0x00,0x00,0x00,0x00,0x00,0x00,0x00,0x00,0x00,0x00,0x00,0x00,0x00,
0x00,0x00,0x00,0x00,0x00,0x00,0x00,0x00,0x00,0x00,0x00,0x00,0x00,0x00,0x00,0x00,0x00,0x00,0x00,0x00,0x00,0x00,0x00,0x00,0x00,0x00,0x00,0x00,0xff,0xff,0xff,0x01,
0xff,0xff,0xff,0x01,0xe2,0xe2,0xff,0x09,0xef,0xf7,0xff,0xd5,0xf7,0xfd,0xff,0xff,0xee,0xf5,0xfd,0xfd,0xf2,0xfa,0xfc,0xff,0x78,0x67,0x60,0xff,0x52,0x39,0x2c,0xff,
0xd4,0xd6,0xda,0xff,0xf5,0xfe,0xff,0xff,0xed,0xf5,0xfd,0xff,0xef,0xf7,0xff,0xff,0xef,0xf7,0xff,0xff,0xef,0xf7,0xff,0xff,0xef,0xf7,0xff,0xff,0xef,0xf7,0xff,0xff,
0xef,0xf7,0xff,0xff,0xef,0xf7,0xff,0xff,0xef,0xf7,0xff,0xff,0xef,0xf6,0xff,0xff,0xf1,0xf9,0xff,0xff,0xea,0xf0,0xfe,0xff,0xb0,0xa2,0xf9,0xff,0x95,0x7c,0xf7,0xff,
0x93,0x7a,0xf6,0xff,0xa8,0x96,0xfa,0xff,0x89,0x78,0x89,0xff,0x54,0x3c,0x2b,0xff,0x54,0x3a,0x30,0xff,0x59,0x41,0x36,0xff,0x57,0x3e,0x32,0xff,0x52,0x38,0x2c,0xff,
0x66,0x50,0x46,0xff,0x93,0x87,0x80,0xff,0xb2,0xab,0xa9,0xff,0xf1,0xf9,0xff,0xff,0xf0,0xf8,0xff,0xff,0xee,0xf6,0xfe,0xff,0xf1,0xf8,0xfe,0xff,0xec,0xf3,0xf8,0xff,
0x6c,0x58,0x4e,0xff,0x5b,0x43,0x38,0xff,0xde,0xe3,0xe9,0xff,0xf2,0xfb,0xff,0xfe,0xef,0xf7,0xfd,0xfe,0xf5,0xfb,0xff,0xf6,0xec,0xf2,0xff,0x29,0x00,0x00,0x00,0x00,
0xff,0xff,0xff,0x02,0x00,0x00,0x00,0x00,0x00,0x00,0x00,0x00,0x00,0x00,0x00,0x00,0x00,0x00,0x00,0x00,0x00,0x00,0x00,0x00,0x00,0x00,0x00,0x00,0x00,0x00,0x00,0x00,
0x00,0x00,0x00,0x00,0x00,0x00,0x00,0x00,0x00,0x00,0x00,0x00,0x00,0x00,0x00,0x00,0x00,0x00,0x00,0x00,0x00,0x00,0x00,0x00,0x00,0x00,0x00,0x00,0x00,0x00,0x00,0x00,
0xff,0xff,0xff,0x02,0x00,0x00,0x00,0x00,0xee,0xf6,0xff,0xbd,0xfd,0xff,0xff,0xff,0xed,0xf3,0xfc,0xfc,0xf8,0xff,0xff,0xff,0x8c,0x7f,0x7a,0xff,0x48,0x2c,0x1e,0xff,
0xba,0xb6,0xb7,0xff,0xf9,0xff,0xff,0xff,0xec,0xf4,0xfc,0xff,0xef,0xf7,0xff,0xff,0xef,0xf7,0xff,0xff,0xef,0xf7,0xff,0xff,0xef,0xf7,0xff,0xff,0xef,0xf7,0xff,0xff,
0xef,0xf7,0xff,0xff,0xef,0xf7,0xff,0xff,0xef,0xf7,0xff,0xff,0xef,0xf7,0xff,0xff,0xee,0xf6,0xff,0xff,0xf1,0xf9,0xff,0xff,0xf2,0xfb,0xff,0xff,0xdc,0xde,0xfd,0xff,
0xd8,0xd8,0xfd,0xff,0xed,0xf5,0xfe,0xff,0xf2,0xfb,0xfc,0xff,0xd0,0xcf,0xd2,0xff,0x96,0x8b,0x84,0xff,0x65,0x4f,0x45,0xff,0x52,0x38,0x2c,0xff,0x57,0x3e,0x32,0xff,
0x59,0x41,0x36,0xff,0x55,0x3b,0x30,0xff,0x4c,0x31,0x24,0xff,0x9c,0x92,0x8f,0xff,0xf7,0xff,0xff,0xff,0xec,0xf3,0xfb,0xff,0xf4,0xfd,0xff,0xff,0xd9,0xdd,0xe2,0xff,
0x57,0x3f,0x33,0xff,0x6b,0x56,0x4d,0xff,0xeb,0xf2,0xf8,0xff,0xef,0xf8,0xff,0xfe,0xf2,0xfb,0xff,0xff,0xf0,0xf7,0xff,0xee,0xda,0xec,0xff,0x0e,0x00,0x00,0x00,0x00,
0xff,0xff,0xff,0x01,0x00,0x00,0x00,0x00,0x00,0x00,0x00,0x00,0x00,0x00,0x00,0x00,0x00,0x00,0x00,0x00,0x00,0x00,0x00,0x00,0x00,0x00,0x00,0x00,0x00,0x00,0x00,0x00,
0x00,0x00,0x00,0x00,0x00,0x00,0x00,0x00,0x00,0x00,0x00,0x00,0x00,0x00,0x00,0x00,0x00,0x00,0x00,0x00,0x00,0x00,0x00,0x00,0x00,0x00,0x00,0x00,0x00,0x00,0x00,0x00,
0xff,0xff,0xff,0x03,0x00,0x00,0x00,0x00,0xef,0xf6,0xff,0x93,0xfe,0xfe,0xff,0xff,0xec,0xf4,0xfb,0xfb,0xf9,0xff,0xff,0xff,0xb1,0xab,0xab,0xff,0x47,0x2a,0x1c,0xff,
0x95,0x8a,0x86,0xff,0xf9,0xff,0xff,0xff,0xed,0xf4,0xfc,0xff,0xef,0xf7,0xff,0xff,0xef,0xf7,0xff,0xff,0xef,0xf7,0xff,0xff,0xef,0xf7,0xff,0xff,0xef,0xf7,0xff,0xff,
0xef,0xf7,0xff,0xff,0xef,0xf7,0xff,0xff,0xef,0xf7,0xff,0xff,0xef,0xf7,0xff,0xff,0xef,0xf7,0xff,0xff,0xee,0xf6,0xff,0xff,0xee,0xf6,0xff,0xff,0xf3,0xfc,0xff,0xff,
0xf4,0xfe,0xff,0xff,0xef,0xf8,0xff,0xff,0xee,0xf6,0xff,0xff,0xf6,0xff,0xff,0xff,0xf9,0xff,0xff,0xff,0xe5,0xe9,0xed,0xff,0xb4,0xaf,0xae,0xff,0x7b,0x69,0x61,0xff,
0x57,0x3f,0x33,0xff,0x56,0x3d,0x30,0xff,0x4c,0x31,0x23,0xff,0x85,0x76,0x71,0xff,0xf7,0xff,0xff,0xff,0xeb,0xf2,0xfa,0xff,0xf9,0xff,0xff,0xff,0xba,0xb7,0xb8,0xff,
0x48,0x2c,0x1e,0xff,0x8c,0x7f,0x7a,0xff,0xf7,0xff,0xff,0xff,0xec,0xf3,0xfb,0xfd,0xf9,0xfe,0xff,0xff,0xee,0xf6,0xff,0xcd,0xff,0xff,0xff,0x05,0xff,0xff,0xff,0x01,
0x00,0x00,0x00,0x00,0x00,0x00,0x00,0x00,0x00,0x00,0x00,0x00,0x00,0x00,0x00,0x00,0x00,0x00,0x00,0x00,0x00,0x00,0x00,0x00,0x00,0x00,0x00,0x00,0x00,0x00,0x00,0x00,
0x00,0x00,0x00,0x00,0x00,0x00,0x00,0x00,0x00,0x00,0x00,0x00,0x00,0x00,0x00,0x00,0x00,0x00,0x00,0x00,0x00,0x00,0x00,0x00,0x00,0x00,0x00,0x00,0x00,0x00,0x00,0x00,
0xff,0xff,0xff,0x03,0x00,0x00,0x00,0x00,0xef,0xf8,0xff,0x50,0xfd,0xff,0xff,0xff,0xec,0xf4,0xfc,0xfc,0xf6,0xfe,0xff,0xff,0xd1,0xd3,0xd8,0xff,0x52,0x38,0x2c,0xff,
0x71,0x5e,0x56,0xff,0xed,0xf4,0xf8,0xff,0xf0,0xf8,0xfe,0xff,0xef,0xf7,0xff,0xff,0xef,0xf7,0xff,0xff,0xef,0xf7,0xff,0xff,0xef,0xf7,0xff,0xff,0xef,0xf7,0xff,0xff,
0xef,0xf7,0xff,0xff,0xef,0xf7,0xff,0xff,0xef,0xf7,0xff,0xff,0xef,0xf7,0xff,0xff,0xef,0xf7,0xff,0xff,0xef,0xf7,0xff,0xff,0xef,0xf7,0xff,0xff,0xee,0xf6,0xff,0xff,
0xee,0xf6,0xff,0xff,0xef,0xf7,0xff,0xff,0xef,0xf7,0xff,0xff,0xed,0xf5,0xfd,0xff,0xed,0xf4,0xfc,0xff,0xf2,0xfa,0xff,0xff,0xf9,0xff,0xff,0xff,0xf3,0xfc,0xff,0xff,
0xd0,0xd0,0xd2,0xff,0x92,0x86,0x82,0xff,0x88,0x79,0x74,0xff,0xe6,0xeb,0xf0,0xff,0xf2,0xf9,0xff,0xff,0xed,0xf4,0xfb,0xff,0xf8,0xfe,0xff,0xff,0x92,0x86,0x83,0xff,
0x47,0x2a,0x1c,0xff,0xb0,0xaa,0xaa,0xff,0xfa,0xff,0xff,0xff,0xeb,0xf3,0xfa,0xfb,0xff,0xff,0xff,0xff,0xef,0xf6,0xff,0x91,0x00,0x00,0x00,0x00,0xff,0xff,0xff,0x04,
0x00,0x00,0x00,0x00,0x00,0x00,0x00,0x00,0x00,0x00,0x00,0x00,0x00,0x00,0x00,0x00,0x00,0x00,0x00,0x00,0x00,0x00,0x00,0x00,0x00,0x00,0x00,0x00,0x00,0x00,0x00,0x00,
0x00,0x00,0x00,0x00,0x00,0x00,0x00,0x00,0x00,0x00,0x00,0x00,0x00,0x00,0x00,0x00,0x00,0x00,0x00,0x00,0x00,0x00,0x00,0x00,0x00,0x00,0x00,0x00,0x00,0x00,0x00,0x00,
0xff,0xff,0xff,0x01,0x00,0x00,0x00,0x00,0xe1,0xeb,0xff,0x1a,0xf2,0xf9,0xff,0xf1,0xf1,0xf9,0xfe,0xff,0xee,0xf6,0xfd,0xfe,0xef,0xf6,0xfa,0xff,0x75,0x62,0x5b,0xff,
0x4d,0x32,0x25,0xff,0xc5,0xc4,0xc7,0xff,0xf8,0xff,0xfe,0xff,0xed,0xf4,0xfd,0xff,0xef,0xf7,0xff,0xff,0xef,0xf7,0xff,0xff,0xef,0xf7,0xff,0xff,0xef,0xf7,0xff,0xff,
0xef,0xf7,0xff,0xff,0xef,0xf7,0xff,0xff,0xef,0xf7,0xff,0xff,0xef,0xf7,0xff,0xff,0xef,0xf7,0xff,0xff,0xef,0xf7,0xff,0xff,0xef,0xf7,0xff,0xff,0xef,0xf7,0xff,0xff,
0xef,0xf7,0xff,0xff,0xef,0xf7,0xff,0xff,0xef,0xf7,0xff,0xff,0xef,0xf7,0xff,0xff,0xef,0xf7,0xff,0xff,0xee,0xf6,0xfe,0xff,0xed,0xf4,0xfc,0xff,0xee,0xf6,0xfe,0xff,
0xf6,0xff,0xff,0xff,0xf8,0xff,0xff,0xff,0xf7,0xff,0xff,0xff,0xf2,0xfa,0xff,0xff,0xed,0xf5,0xfe,0xff,0xf3,0xfa,0xfe,0xff,0xe2,0xe8,0xee,0xff,0x60,0x49,0x3f,0xff,
0x5a,0x42,0x37,0xff,0xda,0xdd,0xe2,0xff,0xf4,0xfc,0xff,0xff,0xec,0xf4,0xfc,0xfd,0xfb,0xff,0xff,0xff,0xee,0xf8,0xff,0x4c,0x00,0x00,0x00,0x00,0xff,0xff,0xff,0x03,
0x00,0x00,0x00,0x00,0x00,0x00,0x00,0x00,0x00,0x00,0x00,0x00,0x00,0x00,0x00,0x00,0x00,0x00,0x00,0x00,0x00,0x00,0x00,0x00,0x00,0x00,0x00,0x00,0x00,0x00,0x00,0x00,
0x00,0x00,0x00,0x00,0x00,0x00,0x00,0x00,0x00,0x00,0x00,0x00,0x00,0x00,0x00,0x00,0x00,0x00,0x00,0x00,0x00,0x00,0x00,0x00,0x00,0x00,0x00,0x00,0x00,0x00,0x00,0x00,
0x00,0x00,0x00,0x00,0xff,0xff,0xff,0x02,0x00,0x00,0x00,0x00,0xee,0xf5,0xff,0xb6,0xfc,0xff,0xff,0xfe,0xec,0xf3,0xfb,0xfc,0xf9,0xff,0xff,0xff,0xb9,0xb5,0xb7,0xff,
0x49,0x2e,0x20,0xff,0x84,0x75,0x70,0xff,0xf7,0xff,0xff,0xff,0xed,0xf5,0xfc,0xff,0xef,0xf7,0xff,0xff,0xef,0xf7,0xff,0xff,0xef,0xf7,0xff,0xff,0xef,0xf7,0xff,0xff,
0xef,0xf7,0xff,0xff,0xef,0xf7,0xff,0xff,0xef,0xf7,0xff,0xff,0xef,0xf7,0xff,0xff,0xef,0xf7,0xff,0xff,0xef,0xf7,0xff,0xff,0xef,0xf7,0xff,0xff,0xef,0xf7,0xff,0xff,
0xef,0xf7,0xff,0xff,0xef,0xf7,0xff,0xff,0xef,0xf7,0xff,0xff,0xef,0xf7,0xff,0xff,0xef,0xf7,0xff,0xff,0xef,0xf7,0xff,0xff,0xef,0xf7,0xff,0xff,0xef,0xf7,0xff,0xff,
0xed,0xf5,0xfd,0xff,0xed,0xf5,0xfc,0xff,0xed,0xf5,0xfd,0xff,0xee,0xf6,0xfe,0xff,0xec,0xf4,0xfc,0xff,0xfb,0xff,0xff,0xff,0xa9,0xa1,0xa0,0xff,0x47,0x2a,0x1c,0xff,
0x95,0x89,0x86,0xff,0xf9,0xff,0xff,0xff,0xec,0xf3,0xfb,0xfe,0xf4,0xfb,0xff,0xfe,0xef,0xf7,0xff,0xe8,0xeb,0xeb,0xff,0x0d,0x00,0x00,0x00,0x00,0xff,0xff,0xff,0x01,
0x00,0x00,0x00,0x00,0x00,0x00,0x00,0x00,0x00,0x00,0x00,0x00,0x00,0x00,0x00,0x00,0x00,0x00,0x00,0x00,0x00,0x00,0x00,0x00,0x00,0x00,0x00,0x00,0x00,0x00,0x00,0x00,
0x00,0x00,0x00,0x00,0x00,0x00,0x00,0x00,0x00,0x00,0x00,0x00,0x00,0x00,0x00,0x00,0x00,0x00,0x00,0x00,0x00,0x00,0x00,0x00,0x00,0x00,0x00,0x00,0x00,0x00,0x00,0x00,
0x00,0x00,0x00,0x00,0xff,0xff,0xff,0x04,0x00,0x00,0x00,0x00,0xf0,0xf6,0xff,0x5b,0xfe,0xff,0xff,0xff,0xed,0xf5,0xfd,0xfc,0xef,0xf7,0xfe,0xff,0xef,0xf6,0xfa,0xff,
0x73,0x60,0x58,0xff,0x4e,0x34,0x27,0xff,0xbf,0xbc,0xbf,0xff,0xf9,0xff,0xff,0xff,0xec,0xf4,0xfc,0xff,0xef,0xf7,0xff,0xff,0xef,0xf7,0xff,0xff,0xef,0xf7,0xff,0xff,
0xef,0xf7,0xff,0xff,0xef,0xf7,0xff,0xff,0xef,0xf7,0xff,0xff,0xef,0xf7,0xff,0xff,0xef,0xf7,0xff,0xff,0xef,0xf7,0xff,0xff,0xef,0xf7,0xff,0xff,0xef,0xf7,0xff,0xff,
0xef,0xf7,0xff,0xff,0xef,0xf7,0xff,0xff,0xef,0xf7,0xff,0xff,0xef,0xf7,0xff,0xff,0xef,0xf7,0xff,0xff,0xef,0xf7,0xff,0xff,0xef,0xf7,0xff,0xff,0xef,0xf7,0xff,0xff,
0xef,0xf7,0xff,0xff,0xef,0xf7,0xff,0xff,0xef,0xf7,0xff,0xff,0xed,0xf5,0xfd,0xff,0xf4,0xfc,0xff,0xff,0xdd,0xe1,0xe4,0xff,0x60,0x49,0x3f,0xff,0x59,0x41,0x36,0xff,
0xd9,0xdd,0xe1,0xff,0xf5,0xfc,0xff,0xff,0xec,0xf4,0xfd,0xfb,0xff,0xff,0xff,0xff,0xee,0xf6,0xff,0x9c,0x00,0x00,0x00,0x00,0xff,0xff,0xff,0x03,0x00,0x00,0x00,0x00,
0x00,0x00,0x00,0x00,0x00,0x00,0x00,0x00,0x00,0x00,0x00,0x00,0x00,0x00,0x00,0x00,0x00,0x00,0x00,0x00,0x00,0x00,0x00,0x00,0x00,0x00,0x00,0x00,0x00,0x00,0x00,0x00,
0x00,0x00,0x00,0x00,0x00,0x00,0x00,0x00,0x00,0x00,0x00,0x00,0x00,0x00,0x00,0x00,0x00,0x00,0x00,0x00,0x00,0x00,0x00,0x00,0x00,0x00,0x00,0x00,0x00,0x00,0x00,0x00,
0x00,0x00,0x00,0x00,0xff,0xff,0xff,0x01,0xff,0xff,0xff,0x01,0xdf,0xdf,0xff,0x08,0xef,0xf7,0xff,0xd8,0xf7,0xfc,0xff,0xfe,0xeb,0xf3,0xfb,0xfd,0xf9,0xff,0xff,0xff,
0xb9,0xb5,0xb7,0xff,0x4b,0x30,0x23,0xff,0x68,0x53,0x4a,0xff,0xe4,0xe9,0xed,0xff,0xf2,0xfa,0xfe,0xff,0xed,0xf5,0xfd,0xff,0xef,0xf7,0xff,0xff,0xef,0xf7,0xff,0xff,
0xef,0xf7,0xff,0xff,0xef,0xf7,0xff,0xff,0xef,0xf7,0xff,0xff,0xef,0xf7,0xff,0xff,0xef,0xf7,0xff,0xff,0xef,0xf7,0xff,0xff,0xef,0xf7,0xff,0xff,0xef,0xf7,0xff,0xff,
0xef,0xf7,0xff,0xff,0xef,0xf7,0xff,0xff,0xef,0xf7,0xff,0xff,0xef,0xf7,0xff,0xff,0xef,0xf7,0xff,0xff,0xef,0xf7,0xff,0xff,0xef,0xf7,0xff,0xff,0xef,0xf7,0xff,0xff,
0xef,0xf7,0xff,0xff,0xef,0xf7,0xff,0xff,0xef,0xf7,0xff,0xff,0xee,0xf5,0xfb,0xff,0xf5,0xfd,0xfe,0xff,0x84,0x75,0x70,0xff,0x46,0x2a,0x1c,0xff,0x94,0x89,0x86,0xff,
0xf9,0xff,0xff,0xff,0xec,0xf4,0xfc,0xfe,0xf0,0xf8,0xff,0xfd,0xf5,0xfa,0xff,0xf8,0xeb,0xf2,0xff,0x28,0x00,0x00,0x00,0x00,0xff,0xff,0xff,0x02,0x00,0x00,0x00,0x00,
0x00,0x00,0x00,0x00,0x00,0x00,0x00,0x00,0x00,0x00,0x00,0x00,0x00,0x00,0x00,0x00,0x00,0x00,0x00,0x00,0x00,0x00,0x00,0x00,0x00,0x00,0x00,0x00,0x00,0x00,0x00,0x00,
0x00,0x00,0x00,0x00,0x00,0x00,0x00,0x00,0x00,0x00,0x00,0x00,0x00,0x00,0x00,0x00,0x00,0x00,0x00,0x00,0x00,0x00,0x00,0x00,0x00,0x00,0x00,0x00,0x00,0x00,0x00,0x00,
0x00,0x00,0x00,0x00,0x00,0x00,0x00,0x00,0xff,0xff,0xff,0x03,0x00,0x00,0x00,0x00,0xee,0xf6,0xff,0x5f,0xff,0xff,0xff,0xff,0xee,0xf6,0xff,0xfb,0xee,0xf6,0xfc,0xff,
0xf5,0xfb,0xfd,0xff,0x8d,0x80,0x7c,0xff,0x48,0x2c,0x1f,0xff,0x85,0x76,0x70,0xff,0xf7,0xff,0xff,0xff,0xef,0xf6,0xfc,0xff,0xed,0xf5,0xfe,0xff,0xef,0xf7,0xff,0xff,
0xef,0xf7,0xff,0xff,0xef,0xf7,0xff,0xff,0xef,0xf7,0xff,0xff,0xef,0xf7,0xff,0xff,0xef,0xf7,0xff,0xff,0xef,0xf7,0xff,0xff,0xef,0xf7,0xff,0xff,0xef,0xf7,0xff,0xff,
0xef,0xf7,0xff,0xff,0xef,0xf7,0xff,0xff,0xef,0xf7,0xff,0xff,0xef,0xf7,0xff,0xff,0xef,0xf7,0xff,0xff,0xef,0xf7,0xff,0xff,0xef,0xf7,0xff,0xff,0xef,0xf7,0xff,0xff,
0xef,0xf7,0xff,0xff,0xef,0xf7,0xff,0xff,0xeb,0xf3,0xfa,0xff,0xfd,0xff,0xff,0xff,0xa7,0x9f,0x9e,0xff,0x4b,0x30,0x22,0xff,0x6f,0x5b,0x53,0xff,0xe8,0xed,0xef,0xff,
0xf1,0xf8,0xfd,0xff,0xed,0xf5,0xfd,0xfb,0xff,0xff,0xff,0xff,0xed,0xf7,0xff,0xa1,0x00,0x00,0x00,0x00,0xff,0xff,0xff,0x03,0x00,0x00,0x00,0x00,0x00,0x00,0x00,0x00,
0x00,0x00,0x00,0x00,0x00,0x00,0x00,0x00,0x00,0x00,0x00,0x00,0x00,0x00,0x00,0x00,0x00,0x00,0x00,0x00,0x00,0x00,0x00,0x00,0x00,0x00,0x00,0x00,0x00,0x00,0x00,0x00,
0x00,0x00,0x00,0x00,0x00,0x00,0x00,0x00,0x00,0x00,0x00,0x00,0x00,0x00,0x00,0x00,0x00,0x00,0x00,0x00,0x00,0x00,0x00,0x00,0x00,0x00,0x00,0x00,0x00,0x00,0x00,0x00,
0x00,0x00,0x00,0x00,0x00,0x00,0x00,0x00,0xff,0xff,0xff,0x01,0xff,0xff,0xff,0x02,0xda,0xda,0xff,0x07,0xf0,0xf7,0xff,0xce,0xf9,0xfe,0xff,0xff,0xed,0xf5,0xfd,0xfc,
0xf2,0xf9,0xfe,0xff,0xe9,0xef,0xf2,0xff,0x6e,0x5a,0x52,0xff,0x4b,0x30,0x23,0xff,0x97,0x8c,0x89,0xff,0xf8,0xff,0xff,0xff,0xf1,0xf9,0xff,0xff,0xec,0xf4,0xfc,0xff,
0xef,0xf7,0xff,0xff,0xef,0xf7,0xff,0xff,0xef,0xf7,0xff,0xff,0xef,0xf7,0xff,0xff,0xef,0xf7,0xff,0xff,0xef,0xf7,0xff,0xff,0xef,0xf7,0xff,0xff,0xef,0xf7,0xff,0xff,
0xef,0xf7,0xff,0xff,0xef,0xf7,0xff,0xff,0xef,0xf7,0xff,0xff,0xef,0xf7,0xff,0xff,0xef,0xf7,0xff,0xff,0xef,0xf7,0xff,0xff,0xef,0xf7,0xff,0xff,0xef,0xf7,0xff,0xff,
0xed,0xf5,0xfd,0xff,0xed,0xf5,0xfd,0xff,0xfd,0xff,0xff,0xff,0xb6,0xb2,0xb2,0xff,0x55,0x3b,0x2f,0xff,0x57,0x3f,0x33,0xff,0xd0,0xd2,0xd5,0xff,0xf7,0xff,0xff,0xff,
0xec,0xf3,0xfc,0xfe,0xf3,0xfa,0xff,0xfc,0xf5,0xfb,0xff,0xf2,0xe9,0xf0,0xff,0x24,0xff,0xff,0xff,0x01,0xff,0xff,0xff,0x02,0x00,0x00,0x00,0x00,0x00,0x00,0x00,0x00,
0x00,0x00,0x00,0x00,0x00,0x00,0x00,0x00,0x00,0x00,0x00,0x00,0x00,0x00,0x00,0x00,0x00,0x00,0x00,0x00,0x00,0x00,0x00,0x00,0x00,0x00,0x00,0x00,0x00,0x00,0x00,0x00,
0x00,0x00,0x00,0x00,0x00,0x00,0x00,0x00,0x00,0x00,0x00,0x00,0x00,0x00,0x00,0x00,0x00,0x00,0x00,0x00,0x00,0x00,0x00,0x00,0x00,0x00,0x00,0x00,0x00,0x00,0x00,0x00,
0x00,0x00,0x00,0x00,0x00,0x00,0x00,0x00,0x00,0x00,0x00,0x00,0xff,0xff,0xff,0x02,0x00,0x00,0x00,0x00,0xef,0xf4,0xff,0x31,0xf6,0xfa,0xff,0xfc,0xf1,0xf9,0xff,0xfb,
0xec,0xf4,0xfc,0xfe,0xf6,0xfe,0xff,0xff,0xd4,0xd6,0xd7,0xff,0x61,0x4b,0x41,0xff,0x4c,0x31,0x23,0xff,0x8d,0x80,0x7c,0xff,0xe9,0xee,0xf1,0xff,0xf8,0xff,0xff,0xff,
0xec,0xf4,0xfc,0xff,0xee,0xf5,0xfd,0xff,0xef,0xf7,0xff,0xff,0xef,0xf7,0xff,0xff,0xef,0xf7,0xff,0xff,0xef,0xf7,0xff,0xff,0xef,0xf7,0xff,0xff,0xef,0xf7,0xff,0xff,
0xef,0xf7,0xff,0xff,0xef,0xf7,0xff,0xff,0xef,0xf7,0xff,0xff,0xef,0xf7,0xff,0xff,0xef,0xf7,0xff,0xff,0xef,0xf7,0xff,0xff,0xee,0xf6,0xfe,0xff,0xec,0xf3,0xfc,0xff,
0xf4,0xfd,0xff,0xff,0xf5,0xfe,0xff,0xff,0xa7,0x9f,0x9d,0xff,0x54,0x3b,0x2f,0xff,0x52,0x38,0x2c,0xff,0xb7,0xb3,0xb3,0xff,0xf9,0xff,0xff,0xff,0xed,0xf4,0xfc,0xff,
0xee,0xf6,0xff,0xfa,0xff,0xff,0xff,0xff,0xeb,0xf5,0xff,0x6b,0x00,0x00,0x00,0x00,0xff,0xff,0xff,0x03,0x00,0x00,0x00,0x00,0x00,0x00,0x00,0x00,0x00,0x00,0x00,0x00,
0x00,0x00,0x00,0x00,0x00,0x00,0x00,0x00,0x00,0x00,0x00,0x00,0x00,0x00,0x00,0x00,0x00,0x00,0x00,0x00,0x00,0x00,0x00,0x00,0x00,0x00,0x00,0x00,0x00,0x00,0x00,0x00,
0x00,0x00,0x00,0x00,0x00,0x00,0x00,0x00,0x00,0x00,0x00,0x00,0x00,0x00,0x00,0x00,0x00,0x00,0x00,0x00,0x00,0x00,0x00,0x00,0x00,0x00,0x00,0x00,0x00,0x00,0x00,0x00,
0x00,0x00,0x00,0x00,0x00,0x00,0x00,0x00,0x00,0x00,0x00,0x00,0x00,0x00,0x00,0x00,0xff,0xff,0xff,0x03,0x00,0x00,0x00,0x00,0xec,0xf5,0xff,0x70,0xff,0xff,0xff,0xff,
0xef,0xf7,0xff,0xfa,0xec,0xf4,0xfc,0xff,0xf9,0xff,0xff,0xff,0xd3,0xd5,0xd7,0xff,0x67,0x52,0x49,0xff,0x48,0x2c,0x1e,0xff,0x70,0x5c,0x54,0xff,0xc9,0xc8,0xc8,0xff,
0xfa,0xff,0xff,0xff,0xf4,0xfd,0xff,0xff,0xee,0xf6,0xfe,0xff,0xec,0xf4,0xfc,0xff,0xee,0xf5,0xfd,0xff,0xee,0xf6,0xfe,0xff,0xef,0xf7,0xff,0xff,0xef,0xf7,0xff,0xff,
0xef,0xf7,0xff,0xff,0xef,0xf7,0xff,0xff,0xef,0xf6,0xfe,0xff,0xee,0xf6,0xfd,0xff,0xed,0xf4,0xfc,0xff,0xed,0xf5,0xfd,0xff,0xf2,0xfb,0xff,0xff,0xfb,0xff,0xff,0xff,
0xdd,0xe0,0xe2,0xff,0x84,0x75,0x70,0xff,0x4b,0x30,0x23,0xff,0x57,0x3f,0x34,0xff,0xb7,0xb2,0xb2,0xff,0xfa,0xff,0xff,0xff,0xed,0xf5,0xfc,0xff,0xed,0xf6,0xff,0xfa,
0xff,0xff,0xff,0xff,0xee,0xf7,0xff,0xac,0x00,0x00,0x00,0x00,0xff,0xff,0xff,0x04,0x00,0x00,0x00,0x00,0x00,0x00,0x00,0x00,0x00,0x00,0x00,0x00,0x00,0x00,0x00,0x00,
0x00,0x00,0x00,0x00,0x00,0x00,0x00,0x00,0x00,0x00,0x00,0x00,0x00,0x00,0x00,0x00,0x00,0x00,0x00,0x00,0x00,0x00,0x00,0x00,0x00,0x00,0x00,0x00,0x00,0x00,0x00,0x00,
0x00,0x00,0x00,0x00,0x00,0x00,0x00,0x00,0x00,0x00,0x00,0x00,0x00,0x00,0x00,0x00,0x00,0x00,0x00,0x00,0x00,0x00,0x00,0x00,0x00,0x00,0x00,0x00,0x00,0x00,0x00,0x00,
0x00,0x00,0x00,0x00,0x00,0x00,0x00,0x00,0x00,0x00,0x00,0x00,0x00,0x00,0x00,0x00,0x00,0x00,0x00,0x00,0xff,0xff,0xff,0x03,0x00,0x00,0x00,0x00,0xf0,0xf8,0xff,0x9a,
0xff,0xff,0xff,0xff,0xee,0xf6,0xff,0xfb,0xec,0xf4,0xfc,0xff,0xf6,0xff,0xff,0xff,0xe4,0xea,0xec,0xff,0x85,0x76,0x70,0xff,0x4a,0x2e,0x22,0xff,0x54,0x3a,0x2f,0xff,
0x95,0x8a,0x85,0xff,0xd8,0xd9,0xdb,0xff,0xf5,0xfd,0xff,0xff,0xfa,0xff,0xff,0xff,0xf5,0xff,0xff,0xff,0xf1,0xf9,0xff,0xff,0xee,0xf6,0xfe,0xff,0xee,0xf5,0xfd,0xff,
0xee,0xf5,0xfd,0xff,0xee,0xf5,0xfd,0xff,0xf0,0xf9,0xff,0xff,0xf4,0xfd,0xff,0xff,0xf9,0xff,0xff,0xff,0xf8,0xff,0xff,0xff,0xe2,0xe7,0xe9,0xff,0xa9,0xa1,0x9d,0xff,
0x60,0x49,0x3f,0xff,0x47,0x2a,0x1d,0xff,0x6f,0x5c,0x53,0xff,0xd1,0xd1,0xd2,0xff,0xf8,0xff,0xff,0xff,0xed,0xf5,0xfc,0xff,0xed,0xf5,0xff,0xfb,0xfe,0xff,0xff,0xff,
0xf3,0xf9,0xff,0xca,0xf0,0xf0,0xff,0x11,0xff,0xff,0xff,0x02,0xff,0xff,0xff,0x01,0x00,0x00,0x00,0x00,0x00,0x00,0x00,0x00,0x00,0x00,0x00,0x00,0x00,0x00,0x00,0x00,
0x00,0x00,0x00,0x00,0x00,0x00,0x00,0x00,0x00,0x00,0x00,0x00,0x00,0x00,0x00,0x00,0x00,0x00,0x00,0x00,0x00,0x00,0x00,0x00,0x00,0x00,0x00,0x00,0x00,0x00,0x00,0x00,
0x00,0x00,0x00,0x00,0x00,0x00,0x00,0x00,0x00,0x00,0x00,0x00,0x00,0x00,0x00,0x00,0x00,0x00,0x00,0x00,0x00,0x00,0x00,0x00,0x00,0x00,0x00,0x00,0x00,0x00,0x00,0x00,
0x00,0x00,0x00,0x00,0x00,0x00,0x00,0x00,0x00,0x00,0x00,0x00,0x00,0x00,0x00,0x00,0x00,0x00,0x00,0x00,0xff,0xff,0xff,0x01,0xff,0xff,0xff,0x02,0x00,0x00,0x00,0x00,
0xf1,0xf8,0xff,0x9a,0xff,0xff,0xff,0xff,0xee,0xf6,0xff,0xfa,0xec,0xf4,0xfc,0xfe,0xf3,0xfb,0xff,0xff,0xf4,0xfd,0xff,0xff,0xaa,0xa2,0x9f,0xff,0x65,0x4f,0x45,0xff,
0x46,0x2a,0x1d,0xff,0x56,0x3e,0x32,0xff,0x85,0x76,0x6f,0xff,0xb2,0xac,0xa8,0xff,0xd2,0xd4,0xd6,0xff,0xe8,0xee,0xf4,0xff,0xf5,0xfe,0xff,0xff,0xf6,0xff,0xff,0xff,
0xf6,0xff,0xff,0xff,0xf6,0xff,0xff,0xff,0xeb,0xf2,0xf8,0xff,0xd9,0xdb,0xde,0xff,0xba,0xb5,0xb4,0xff,0x92,0x86,0x81,0xff,0x60,0x49,0x3f,0xff,0x47,0x2a,0x1e,0xff,
0x59,0x41,0x36,0xff,0x94,0x88,0x83,0xff,0xe7,0xed,0xf1,0xff,0xf7,0xff,0xff,0xff,0xed,0xf4,0xfc,0xff,0xed,0xf6,0xff,0xfa,0xfe,0xff,0xff,0xff,0xf4,0xf9,0xff,0xca,
0xe1,0xf0,0xff,0x11,0x00,0x00,0x00,0x00,0xff,0xff,0xff,0x02,0x00,0x00,0x00,0x00,0x00,0x00,0x00,0x00,0x00,0x00,0x00,0x00,0x00,0x00,0x00,0x00,0x00,0x00,0x00,0x00,
0x00,0x00,0x00,0x00,0x00,0x00,0x00,0x00,0x00,0x00,0x00,0x00,0x00,0x00,0x00,0x00,0x00,0x00,0x00,0x00,0x00,0x00,0x00,0x00,0x00,0x00,0x00,0x00,0x00,0x00,0x00,0x00,
0x00,0x00,0x00,0x00,0x00,0x00,0x00,0x00,0x00,0x00,0x00,0x00,0x00,0x00,0x00,0x00,0x00,0x00,0x00,0x00,0x00,0x00,0x00,0x00,0x00,0x00,0x00,0x00,0x00,0x00,0x00,0x00,
0x00,0x00,0x00,0x00,0x00,0x00,0x00,0x00,0x00,0x00,0x00,0x00,0x00,0x00,0x00,0x00,0x00,0x00,0x00,0x00,0x00,0x00,0x00,0x00,0xff,0xff,0xff,0x01,0xff,0xff,0xff,0x03,
0x00,0x00,0x00,0x00,0xf1,0xf8,0xff,0x9a,0xff,0xff,0xff,0xff,0xef,0xf7,0xff,0xfc,0xec,0xf4,0xfd,0xfd,0xef,0xf6,0xfe,0xff,0xfa,0xff,0xff,0xff,0xe6,0xeb,0xee,0xff,
0xa7,0x9f,0x9b,0xff,0x65,0x4f,0x45,0xff,0x49,0x2d,0x20,0xff,0x46,0x2a,0x1d,0xff,0x53,0x3a,0x2e,0xff,0x65,0x4f,0x45,0xff,0x80,0x70,0x6a,0xff,0x83,0x73,0x6d,0xff,
0x82,0x72,0x6c,0xff,0x83,0x74,0x6d,0xff,0x6c,0x57,0x4d,0xff,0x57,0x3f,0x33,0xff,0x48,0x2c,0x1f,0xff,0x47,0x2a,0x1d,0xff,0x5a,0x42,0x37,0xff,0x95,0x88,0x84,0xff,
0xd9,0xdb,0xdd,0xff,0xf9,0xff,0xff,0xff,0xf1,0xf9,0xff,0xff,0xec,0xf4,0xfc,0xfe,0xee,0xf6,0xff,0xfa,0xff,0xff,0xff,0xff,0xf4,0xf9,0xff,0xca,0xe1,0xf0,0xff,0x11,
0x00,0x00,0x00,0x00,0xff,0xff,0xff,0x02,0x00,0x00,0x00,0x00,0x00,0x00,0x00,0x00,0x00,0x00,0x00,0x00,0x00,0x00,0x00,0x00,0x00,0x00,0x00,0x00,0x00,0x00,0x00,0x00,
0x00,0x00,0x00,0x00,0x00,0x00,0x00,0x00,0x00,0x00,0x00,0x00,0x00,0x00,0x00,0x00,0x00,0x00,0x00,0x00,0x00,0x00,0x00,0x00,0x00,0x00,0x00,0x00,0x00,0x00,0x00,0x00,
0x00,0x00,0x00,0x00,0x00,0x00,0x00,0x00,0x00,0x00,0x00,0x00,0x00,0x00,0x00,0x00,0x00,0x00,0x00,0x00,0x00,0x00,0x00,0x00,0x00,0x00,0x00,0x00,0x00,0x00,0x00,0x00,
0x00,0x00,0x00,0x00,0x00,0x00,0x00,0x00,0x00,0x00,0x00,0x00,0x00,0x00,0x00,0x00,0x00,0x00,0x00,0x00,0x00,0x00,0x00,0x00,0x00,0x00,0x00,0x00,0xff,0xff,0xff,0x01,
0xff,0xff,0xff,0x02,0x00,0x00,0x00,0x00,0xf2,0xf8,0xff,0x7f,0xf8,0xfe,0xff,0xff,0xf7,0xff,0xff,0xff,0xed,0xf5,0xff,0xfb,0xeb,0xf3,0xfb,0xfe,0xf2,0xfa,0xff,0xff,
0xfa,0xff,0xff,0xff,0xe4,0xe9,0xed,0xff,0xb9,0xb4,0xb3,0xff,0x95,0x89,0x83,0xff,0x72,0x5e,0x56,0xff,0x5f,0x48,0x3d,0xff,0x4e,0x34,0x27,0xff,0x4c,0x31,0x24,0xff,
0x4d,0x31,0x25,0xff,0x4c,0x30,0x24,0xff,0x5b,0x43,0x38,0xff,0x6b,0x56,0x4c,0xff,0x8c,0x7f,0x78,0xff,0xb0,0xa9,0xa7,0xff,0xda,0xdd,0xe0,0xff,0xf9,0xff,0xff,0xff,
0xf4,0xfd,0xff,0xff,0xec,0xf4,0xfc,0xfe,0xed,0xf5,0xff,0xfb,0xf1,0xf9,0xff,0xff,0xff,0xff,0xff,0xff,0xf5,0xfa,0xff,0xa9,0xd4,0xe2,0xff,0x12,0x00,0x00,0x00,0x00,
0xff,0xff,0xff,0x02,0x00,0x00,0x00,0x00,0x00,0x00,0x00,0x00,0x00,0x00,0x00,0x00,0x00,0x00,0x00,0x00,0x00,0x00,0x00,0x00,0x00,0x00,0x00,0x00,0x00,0x00,0x00,0x00,
0x00,0x00,0x00,0x00,0x00,0x00,0x00,0x00,0x00,0x00,0x00,0x00,0x00,0x00,0x00,0x00,0x00,0x00,0x00,0x00,0x00,0x00,0x00,0x00,0x00,0x00,0x00,0x00,0x00,0x00,0x00,0x00,
0x00,0x00,0x00,0x00,0x00,0x00,0x00,0x00,0x00,0x00,0x00,0x00,0x00,0x00,0x00,0x00,0x00,0x00,0x00,0x00,0x00,0x00,0x00,0x00,0x00,0x00,0x00,0x00,0x00,0x00,0x00,0x00,
0x00,0x00,0x00,0x00,0x00,0x00,0x00,0x00,0x00,0x00,0x00,0x00,0x00,0x00,0x00,0x00,0x00,0x00,0x00,0x00,0x00,0x00,0x00,0x00,0x00,0x00,0x00,0x00,0x00,0x00,0x00,0x00,
0xff,0xff,0xff,0x01,0xff,0xff,0xff,0x02,0x00,0x00,0x00,0x00,0xed,0xf7,0xff,0x47,0xf5,0xfb,0xff,0xd9,0xff,0xff,0xff,0xff,0xf3,0xfb,0xff,0xff,0xed,0xf5,0xfd,0xfb,
0xec,0xf3,0xfb,0xfd,0xf1,0xfa,0xff,0xff,0xf9,0xff,0xff,0xff,0xf9,0xff,0xff,0xff,0xee,0xf6,0xfd,0xff,0xe3,0xe9,0xef,0xff,0xcd,0xce,0xd1,0xff,0xca,0xca,0xce,0xff,
0xcb,0xcb,0xcf,0xff,0xca,0xca,0xcd,0xff,0xde,0xe3,0xe8,0xff,0xeb,0xf2,0xf8,0xff,0xf7,0xff,0xff,0xff,0xfa,0xff,0xff,0xff,0xf4,0xfd,0xff,0xff,0xec,0xf3,0xfb,0xfe,
0xed,0xf5,0xfd,0xfb,0xef,0xf7,0xff,0xff,0xff,0xff,0xff,0xff,0xf6,0xfb,0xff,0xf0,0xf3,0xfa,0xff,0x6d,0x00,0x00,0x00,0x00,0x00,0x00,0x00,0x00,0xff,0xff,0xff,0x02,
0x00,0x00,0x00,0x00,0x00,0x00,0x00,0x00,0x00,0x00,0x00,0x00,0x00,0x00,0x00,0x00,0x00,0x00,0x00,0x00,0x00,0x00,0x00,0x00,0x00,0x00,0x00,0x00,0x00,0x00,0x00,0x00,
0x00,0x00,0x00,0x00,0x00,0x00,0x00,0x00,0x00,0x00,0x00,0x00,0x00,0x00,0x00,0x00,0x00,0x00,0x00,0x00,0x00,0x00,0x00,0x00,0x00,0x00,0x00,0x00,0x00,0x00,0x00,0x00,
0x00,0x00,0x00,0x00,0x00,0x00,0x00,0x00,0x00,0x00,0x00,0x00,0x00,0x00,0x00,0x00,0x00,0x00,0x00,0x00,0x00,0x00,0x00,0x00,0x00,0x00,0x00,0x00,0x00,0x00,0x00,0x00,
0x00,0x00,0x00,0x00,0x00,0x00,0x00,0x00,0x00,0x00,0x00,0x00,0x00,0x00,0x00,0x00,0x00,0x00,0x00,0x00,0x00,0x00,0x00,0x00,0x00,0x00,0x00,0x00,0x00,0x00,0x00,0x00,
0x00,0x00,0x00,0x00,0x00,0x00,0x00,0x00,0xff,0xff,0xff,0x04,0x00,0x00,0x00,0x00,0xee,0xee,0xff,0x0f,0xf7,0xfb,0xff,0x80,0xf5,0xfb,0xff,0xe8,0xff,0xff,0xff,0xff,
0xf7,0xff,0xff,0xff,0xed,0xf5,0xfd,0xfe,0xec,0xf3,0xfb,0xfb,0xec,0xf4,0xfb,0xfc,0xee,0xf7,0xff,0xfe,0xf1,0xfa,0xff,0xfe,0xf6,0xff,0xff,0xff,0xf7,0xff,0xff,0xff,
0xf7,0xff,0xff,0xff,0xf7,0xff,0xff,0xff,0xf3,0xfb,0xff,0xfe,0xef,0xf8,0xff,0xfe,0xed,0xf4,0xfc,0xfc,0xec,0xf3,0xfb,0xfb,0xec,0xf4,0xfc,0xfd,0xf4,0xfc,0xff,0xff,
0xff,0xff,0xff,0xff,0xf3,0xf9,0xff,0xf9,0xf5,0xfa,0xff,0x9e,0xeb,0xf1,0xff,0x27,0x00,0x00,0x00,0x00,0xff,0xff,0xff,0x02,0xff,0xff,0xff,0x01,0x00,0x00,0x00,0x00,
0x00,0x00,0x00,0x00,0x00,0x00,0x00,0x00,0x00,0x00,0x00,0x00,0x00,0x00,0x00,0x00,0x00,0x00,0x00,0x00,0x00,0x00,0x00,0x00,0x00,0x00,0x00,0x00,0x00,0x00,0x00,0x00,
0x00,0x00,0x00,0x00,0x00,0x00,0x00,0x00,0x00,0x00,0x00,0x00,0x00,0x00,0x00,0x00,0x00,0x00,0x00,0x00,0x00,0x00,0x00,0x00,0x00,0x00,0x00,0x00,0x00,0x00,0x00,0x00,
0x00,0x00,0x00,0x00,0x00,0x00,0x00,0x00,0x00,0x00,0x00,0x00,0x00,0x00,0x00,0x00,0x00,0x00,0x00,0x00,0x00,0x00,0x00,0x00,0x00,0x00,0x00,0x00,0x00,0x00,0x00,0x00,
0x00,0x00,0x00,0x00,0x00,0x00,0x00,0x00,0x00,0x00,0x00,0x00,0x00,0x00,0x00,0x00,0x00,0x00,0x00,0x00,0x00,0x00,0x00,0x00,0x00,0x00,0x00,0x00,0x00,0x00,0x00,0x00,
0x00,0x00,0x00,0x00,0x00,0x00,0x00,0x00,0x00,0x00,0x00,0x00,0xff,0xff,0xff,0x03,0x00,0x00,0x00,0x00,0x00,0x00,0x00,0x00,0xe8,0xf3,0xff,0x17,0xf5,0xfb,0xff,0x80,
0xf6,0xfc,0xff,0xd5,0xf5,0xfc,0xff,0xff,0xff,0xff,0xff,0xff,0xfb,0xff,0xff,0xff,0xf3,0xfb,0xff,0xff,0xf1,0xf8,0xff,0xff,0xec,0xf3,0xfb,0xfd,0xec,0xf4,0xfb,0xfd,
0xec,0xf4,0xfb,0xfd,0xec,0xf3,0xfb,0xfd,0xef,0xf7,0xff,0xff,0xf2,0xfa,0xff,0xff,0xf9,0xff,0xff,0xff,0xff,0xff,0xff,0xff,0xfb,0xff,0xff,0xff,0xf3,0xfa,0xff,0xe3,
0xf5,0xfa,0xff,0x9b,0xf3,0xf9,0xff,0x2c,0x00,0x00,0x00,0x00,0x00,0x00,0x00,0x00,0xff,0xff,0xff,0x03,0x00,0x00,0x00,0x00,0x00,0x00,0x00,0x00,0x00,0x00,0x00,0x00,
0x00,0x00,0x00,0x00,0x00,0x00,0x00,0x00,0x00,0x00,0x00,0x00,0x00,0x00,0x00,0x00,0x00,0x00,0x00,0x00,0x00,0x00,0x00,0x00,0x00,0x00,0x00,0x00,0x00,0x00,0x00,0x00,
0x00,0x00,0x00,0x00,0x00,0x00,0x00,0x00,0x00,0x00,0x00,0x00,0x00,0x00,0x00,0x00,0x00,0x00,0x00,0x00,0x00,0x00,0x00,0x00,0x00,0x00,0x00,0x00,0x00,0x00,0x00,0x00,
0x00,0x00,0x00,0x00,0x00,0x00,0x00,0x00,0x00,0x00,0x00,0x00,0x00,0x00,0x00,0x00,0x00,0x00,0x00,0x00,0x00,0x00,0x00,0x00,0x00,0x00,0x00,0x00,0x00,0x00,0x00,0x00,
0x00,0x00,0x00,0x00,0x00,0x00,0x00,0x00,0x00,0x00,0x00,0x00,0x00,0x00,0x00,0x00,0x00,0x00,0x00,0x00,0x00,0x00,0x00,0x00,0x00,0x00,0x00,0x00,0x00,0x00,0x00,0x00,
0x00,0x00,0x00,0x00,0x00,0x00,0x00,0x00,0x00,0x00,0x00,0x00,0x00,0x00,0x00,0x00,0xff,0xff,0xff,0x01,0xff,0xff,0xff,0x04,0x00,0x00,0x00,0x00,0x00,0x00,0x00,0x00,
0xff,0xff,0xff,0x03,0xf6,0xfa,0xff,0x39,0xf4,0xfa,0xff,0x7f,0xf1,0xf9,0xff,0xbc,0xef,0xf8,0xff,0xeb,0xf0,0xf7,0xff,0xf5,0xfb,0xff,0xff,0xff,0xfa,0xff,0xff,0xff,
0xf9,0xff,0xff,0xff,0xfc,0xff,0xff,0xff,0xee,0xf6,0xff,0xfc,0xf1,0xf8,0xff,0xee,0xf2,0xf8,0xff,0xca,0xf4,0xfb,0xff,0x8f,0xf5,0xfb,0xff,0x4e,0xec,0xec,0xff,0x0e,
0x00,0x00,0x00,0x00,0x00,0x00,0x00,0x00,0xff,0xff,0xff,0x03,0xff,0xff,0xff,0x02,0x00,0x00,0x00,0x00,0x00,0x00,0x00,0x00,0x00,0x00,0x00,0x00,0x00,0x00,0x00,0x00,
0x00,0x00,0x00,0x00,0x00,0x00,0x00,0x00,0x00,0x00,0x00,0x00,0x00,0x00,0x00,0x00,0x00,0x00,0x00,0x00,0x00,0x00,0x00,0x00,0x00,0x00,0x00,0x00,0x00,0x00,0x00,0x00,
0x00,0x00,0x00,0x00,0x00,0x00,0x00,0x00,0x00,0x00,0x00,0x00,0x00,0x00,0x00,0x00,0x00,0x00,0x00,0x00,0x00,0x00,0x00,0x00,0x00,0x00,0x00,0x00,0x00,0x00,0x00,0x00,
0x00,0x00,0x00,0x00,0x00,0x00,0x00,0x00,0x00,0x00,0x00,0x00,0x00,0x00,0x00,0x00,0x00,0x00,0x00,0x00,0x00,0x00,0x00,0x00,0x00,0x00,0x00,0x00,0x00,0x00,0x00,0x00,
0x00,0x00,0x00,0x00,0x00,0x00,0x00,0x00,0x00,0x00,0x00,0x00,0x00,0x00,0x00,0x00,0x00,0x00,0x00,0x00,0x00,0x00,0x00,0x00,0x00,0x00,0x00,0x00,0x00,0x00,0x00,0x00,
0x00,0x00,0x00,0x00,0x00,0x00,0x00,0x00,0x00,0x00,0x00,0x00,0x00,0x00,0x00,0x00,0x00,0x00,0x00,0x00,0x00,0x00,0x00,0x00,0xff,0xff,0xff,0x01,0xff,0xff,0xff,0x03,
0x00,0x00,0x00,0x00,0x00,0x00,0x00,0x00,0x00,0x00,0x00,0x00,0x00,0x00,0x00,0x00,0xee,0xee,0xff,0x0f,0xf6,0xf6,0xff,0x1d,0xf7,0xff,0xff,0x41,0xef,0xf7,0xff,0x41,
0xef,0xf7,0xff,0x41,0xfb,0xff,0xff,0x41,0xec,0xf8,0xff,0x29,0xff,0xff,0xff,0x10,0x00,0x00,0x00,0x00,0x00,0x00,0x00,0x00,0x00,0x00,0x00,0x00,0x00,0x00,0x00,0x00,
0xff,0xff,0xff,0x03,0xff,0xff,0xff,0x02,0x00,0x00,0x00,0x00,0x00,0x00,0x00,0x00,0x00,0x00,0x00,0x00,0x00,0x00,0x00,0x00,0x00,0x00,0x00,0x00,0x00,0x00,0x00,0x00,
0x00,0x00,0x00,0x00,0x00,0x00,0x00,0x00,0x00,0x00,0x00,0x00,0x00,0x00,0x00,0x00,0x00,0x00,0x00,0x00,0x00,0x00,0x00,0x00,0x00,0x00,0x00,0x00,0x00,0x00,0x00,0x00,
0x00,0x00,0x00,0x00,0x00,0x00,0x00,0x00,0x00,0x00,0x00,0x00,0x00,0x00,0x00,0x00,0x00,0x00,0x00,0x00,0x00,0x00,0x00,0x00,0x00,0x00,0x00,0x00,0x00,0x00,0x00,0x00,
0x00,0x00,0x00,0x00,0x00,0x00,0x00,0x00,0x00,0x00,0x00,0x00,0x00,0x00,0x00,0x00,0x00,0x00,0x00,0x00,0x00,0x00,0x00,0x00,0x00,0x00,0x00,0x00,0x00,0x00,0x00,0x00,
0x00,0x00,0x00,0x00,0x00,0x00,0x00,0x00,0x00,0x00,0x00,0x00,0x00,0x00,0x00,0x00,0x00,0x00,0x00,0x00,0x00,0x00,0x00,0x00,0x00,0x00,0x00,0x00,0x00,0x00,0x00,0x00,
0x00,0x00,0x00,0x00,0x00,0x00,0x00,0x00,0x00,0x00,0x00,0x00,0x00,0x00,0x00,0x00,0x00,0x00,0x00,0x00,0x00,0x00,0x00,0x00,0x00,0x00,0x00,0x00,0x00,0x00,0x00,0x00,
0xff,0xff,0xff,0x01,0xff,0xff,0xff,0x03,0xff,0xff,0xff,0x04,0xff,0xff,0xff,0x02,0x00,0x00,0x00,0x00,0x00,0x00,0x00,0x00,0x00,0x00,0x00,0x00,0x00,0x00,0x00,0x00,
0x00,0x00,0x00,0x00,0x00,0x00,0x00,0x00,0x00,0x00,0x00,0x00,0x00,0x00,0x00,0x00,0x00,0x00,0xff,0x01,0xff,0xff,0xff,0x04,0xff,0xff,0xff,0x03,0xff,0xff,0xff,0x01,
0x00,0x00,0x00,0x00,0x00,0x00,0x00,0x00,0x00,0x00,0x00,0x00,0x00,0x00,0x00,0x00,0x00,0x00,0x00,0x00,0x00,0x00,0x00,0x00,0x00,0x00,0x00,0x00,0x00,0x00,0x00,0x00,
0x00,0x00,0x00,0x00,0x00,0x00,0x00,0x00,0x00,0x00,0x00,0x00,0x00,0x00,0x00,0x00,0x00,0x00,0x00,0x00,0x00,0x00,0x00,0x00,0x00,0x00,0x00,0x00,0x00,0x00,0x00,0x00,
0x00,0x00,0x00,0x00,0x00,0x00,0x00,0x00,0x00,0x00,0x00,0x00,0x00,0x00,0x00,0x00,0x00,0x00,0x00,0x00,0x00,0x00,0x00,0x00,0x00,0x00,0x00,0x00,0x00,0x00,0x00,0x00,
0x00,0x00,0x00,0x00,0x00,0x00,0x00,0x00,0x00,0x00,0x00,0x00,0x00,0x00,0x00,0x00,0x00,0x00,0x00,0x00,0x00,0x00,0x00,0x00,0x00,0x00,0x00,0x00,0x00,0x00,0x00,0x00,
0x00,0x00,0x00,0x00,0x00,0x00,0x00,0x00,0x00,0x00,0x00,0x00,0x00,0x00,0x00,0x00,0x00,0x00,0x00,0x00,0x00,0x00,0x00,0x00,0x00,0x00,0x00,0x00,0x00,0x00,0x00,0x00,
0x00,0x00,0x00,0x00,0x00,0x00,0x00,0x00,0x00,0x00,0x00,0x00,0x00,0x00,0x00,0x00,0x00,0x00,0x00,0x00,0x00,0x00,0x00,0x00,0x00,0x00,0x00,0x00,0x00,0x00,0x00,0x00,
0x00,0x00,0x00,0x00,0x00,0x00,0x00,0x00,0x00,0x00,0x00,0x00,0x00,0x00,0x00,0x00,0xff,0xff,0xff,0x01,0xff,0xff,0xff,0x02,0xff,0xff,0xff,0x03,0xff,0xff,0xff,0x03,
0xff,0xff,0xff,0x03,0xff,0xff,0xff,0x03,0xff,0xff,0xff,0x02,0xff,0xff,0xff,0x01,0x00,0x00,0x00,0x00,0x00,0x00,0x00,0x00,0x00,0x00,0x00,0x00,0x00,0x00,0x00,0x00,
0x00,0x00,0x00,0x00,0x00,0x00,0x00,0x00,0x00,0x00,0x00,0x00,0x00,0x00,0x00,0x00,0x00,0x00,0x00,0x00,0x00,0x00,0x00,0x00,0x00,0x00,0x00,0x00,0x00,0x00,0x00,0x00,
0x00,0x00,0x00,0x00,0x00,0x00,0x00,0x00,0x00,0x00,0x00,0x00,0x00,0x00,0x00,0x00,0x00,0x00,0x00,0x00,0x00,0x00,0x00,0x00,0x00,0x00,0x00,0x00,0x00,0x00,0x00,0x00,
0x00,0x00,0x00,0x00,0x00,0x00,0x00,0x00,0x00,0x00,0x00,0x00,0x00,0x00,0x00,0x00,0x00,0x00,0x00,0x00,0x00,0x00,0x00,0x00,0x00,0x00,0x00,0x00,0x00,0x00,0x00,0x00,
0x00,0x00,0x00,0x00,0x00,0x00,0x00,0x00,0x00,0x00,0x00,0x00,0x00,0x00,0x00,0x00,0x00,0x00,0x00,0x00,0x00,0x00,0x00,0x00,0x00,0x00,0x00,0x00,0x00,0x00,0x00,0x00,
0x00,0x00,0x00,0x00,0x00,0x00,0x00,0x00,0x00,0x00,0x00,0x00,0x00,0x00,0x00,0x00,0x00,0x00,0x00,0x00,0x00,0x00,0x00,0x00,0x00,0x00,0x00,0x00,0x00,0x00,0x00,0x00,
0x00,0x00,0x00,0x00,0x00,0x00,0x00,0x00,0x00,0x00,0x00,0x00,0x00,0x00,0x00,0x00,0x00,0x00,0x00,0x00,0x00,0x00,0x00,0x00,0x00,0x00,0x00,0x00,0x00,0x00,0x00,0x00,
0x00,0x00,0x00,0x00,0x00,0x00,0x00,0x00,0x00,0x00,0x00,0x00,0x00,0x00,0x00,0x00,0x00,0x00,0x00,0x00,0x00,0x00,0x00,0x00,0x00,0x00,0x00,0x00,0x00,0x00,0x00,0x00,
0x00,0x00,0x00,0x00,0x00,0x00,0x00,0x00,0x00,0x00,0x00,0x00,0x00,0x00,0x00,0x00,0x00,0x00,0x00,0x00,0x00,0x00,0x00,0x00,0x00,0x00,0x00,0x00,0x00,0x00,0x00,0x00,
0x00,0x00,0x00,0x00,0x00,0x00,0x00,0x00,0x00,0x00,0x00,0x00,0x00,0x00,0x00,0x00,0x00,0x00,0x00,0x00,0x00,0x00,0x00,0x00,0x00,0x00,0x00,0x00,0x00,0x00,0x00,0x00,
0x00,0x00,0x00,0x00,0x00,0x00,0x00,0x00,0x00,0x00,0x00,0x00,0x00,0x00,0x00,0x00,0x00,0x00,0x00,0x00,0x00,0x00,0x00,0x00,0x00,0x00,0x00,0x00,0x00,0x00,0x00,0x00,
0x00,0x00,0x00,0x00,0x00,0x00,0x00,0x00,0x00,0x00,0x00,0x00,0x00,0x00,0x00,0x00,0x00,0x00,0x00,0x00,0x00,0x00,0x00,0x00,0x00,0x00,0x00,0x00,0x00,0x00,0x00,0x00,
0x00,0x00,0x00,0x00,0x00,0x00,0x00,0x00,0x00,0x00,0x00,0x00,0x00,0x00,0x00,0x00,0x00,0x00,0x00,0x00,0x00,0x00,0x00,0x00,0x00,0x00,0x00,0x00,0x00,0x00,0x00,0x00,
0x00,0x00,0x00,0x00,0x00,0x00,0x00,0x00,0x00,0x00,0x00,0x00,0x00,0x00,0x00,0x00,0x00,0x00,0x00,0x00,0x00,0x00,0x00,0x00,0x00,0x00,0x00,0x00,0x00,0x00,0x00,0x00,
0x00,0x00,0x00,0x00,0x00,0x00,0x00,0x00,0x00,0x00,0x00,0x00,0x00,0x00,0x00,0x00,0x00,0x00,0x00,0x00,0x00,0x00,0x00,0x00,0x00,0x00,0x00,0x00,0x00,0x00,0x00,0x00,
0x00,0x00,0x00,0x00,0x00,0x00,0x00,0x00,0x00,0x00,0x00,0x00,0x00,0x00,0x00,0x00,0x00,0x00,0x00,0x00,0x00,0x00,0x00,0x00,0x00,0x00,0x00,0x00,0x00,0x00,0x00,0x00,
0x00,0x00,0x00,0x00,0x00,0x00,0x00,0x00,0x00,0x00,0x00,0x00,0x00,0x00,0x00,0x00,0x00,0x00,0x00,0x00,0x00,0x00,0x00,0x00,0x00,0x00,0x00,0x00,0x00,0x00,0x00,0x00,
0x00,0x00,0x00,0x00,0x00,0x00,0x00,0x00,0x00,0x00,0x00,0x00,0x00,0x00,0x00,0x00,0x00,0x00,0x00,0x00,0x00,0x00,0x00,0x00,0x00,0x00,0x00,0x00,0x00,0x00,0x00,0x00,
0x00,0x00,0x00,0x00,0x00,0x00,0x00,0x00,0x00,0x00,0x00,0x00,0x00,0x00,0x00,0x00,0x00,0x00,0x00,0x00,0x00,0x00,0x00,0x00,0x00,0x00,0x00,0x00,0x00,0x00,0x00,0x00,
0x00,0x00,0x00,0x00,0x00,0x00,0x00,0x00,0x00,0x00,0x00,0x00,0x00,0x00,0x00,0x00,0x00,0x00,0x00,0x00,0x00,0x00,0x00,0x00,0x00,0x00,0x00,0x00,0x00,0x00,0x00,0x00,
0x00,0x00,0x00,0x00,0x00,0x00,0x00,0x00,0x00,0x00,0x00,0x00,0x00,0x00,0x00,0x00,0x00,0x00,0x00,0x00,0x00,0x00,0x00,0x00,0x00,0x00,0x00,0x00,0x00,0x00,0x00,0x00,
0x00,0x00,0x00,0x00,0x00,0x00,0x00,0x00,0x00,0x00,0x00,0x00,0x00,0x00,0x00,0x00,0x00,0x00,0x00,0x00,0x00,0x00,0x00,0x00,0x00,0x00,0x00,0x00,0x00,0x00,0x00,0x00,
0x00,0x00,0x00,0x00,0x00,0x00,0x00,0x00,0x00,0x00,0x00,0x00,0x00,0x00,0x00,0x00,0x00,0x00,0x00,0x00,0x00,0x00,0x00,0x00,0x00,0x00,0x00,0x00,0x00,0x00,0x00,0x00,
0x00,0x00,0x00,0x00,0x00,0x00,0x00,0x00,0x00,0x00,0x00,0x00,0x00,0x00,0x00,0x00,0x00,0x00,0x00,0x00,0x00,0x00,0x00,0x00,0x00,0x00,0x00,0x00,0x00,0x00,0x00,0x00,
0x00,0x00,0x00,0x00,0x00,0x00,0x00,0x00,0x00,0x00,0x00,0x00,0x00,0x00,0x00,0x00,0x00,0x00,0x00,0x00,0x00,0x00,0x00,0x00,0x00,0x00,0x00,0x00,0x00,0x00,0x00,0x00,
0x00,0x00,0x00,0x00,0x00,0x00,0x00,0x00,0x00,0x00,0x00,0x00,0x00,0x00,0x00,0x00,0x00,0x00,0x00,0x00,0x00,0x00,0x00,0x00,0x00,0x00,0x00,0x00,0x00,0x00,0x00,0x00,
0x00,0x00,0x00,0x00,0x00,0x00,0x00,0x00,0x00,0x00,0x00,0x00,0x00,0x00,0x00,0x00,0x00,0x00,0x00,0x00,0x00,0x00,0x00,0x00,0x00,0x00,0x00,0x00,0x00,0x00,0x00,0x00,
0x00,0x00,0x00,0x00,0x00,0x00,0x00,0x00,0x00,0x00,0x00,0x00,0x00,0x00,0x00,0x00,0x00,0x00,0x00,0x00,0x00,0x00,0x00,0x00,0x00,0x00,0x00,0x00,0x00,0x00,0x00,0x00,
0x00,0x00,0x00,0x00,0x00,0x00,0x00,0x00,0x00,0x00,0x00,0x00,0x00,0x00,0x00,0x00,0x00,0x00,0x00,0x00,0x00,0x00,0x00,0x00,0x00,0x00,0x00,0x00,0x00,0x00,0x00,0x00,
0x00,0x00,0x00,0x00,0x00,0x00,0x00,0x00,0x00,0x00,0x00,0x00,0x00,0x00,0x00,0x00,0x00,0x00,0x00,0x00,0x00,0x00,0x00,0x00,0x00,0x00,0x00,0x00,0x00,0x00,0x00,0x00,
0x00,0x00,0x00,0x00,0x00,0x00,0x00,0x00,0x00,0x00,0x00,0x00,0x00,0x00,0x00,0x00,0x00,0x00,0x00,0x00,0x00,0x00,0x00,0x00,0x00,0x00,0x00,0x00,0x00,0x00,0x00,0x00,
0x00,0x00,0x00,0x00,0x00,0x00,0x00,0x00,0x00,0x00,0x00,0x00,0x00,0x00,0x00,0x00,0x00,0x00,0x00,0x00,0x00,0x00,0x00,0x00,0x00,0x00,0x00,0x00,0x00,0x00,0x00,0x00,
0x00,0x00,0x00,0x00,0x00,0x00,0x00,0x00,0x00,0x00,0x00,0x00,0x00,0x00,0x00,0x00,0x00,0x00,0x00,0x00,0x00,0x00,0x00,0x00,0x00,0x00,0x00,0x00,0x00,0x00,0x00,0x00,
0x00,0x00,0x00,0x00,0x00,0x00,0x00,0x00,0x00,0x00,0x00,0x00,0x00,0x00,0x00,0x00,0x00,0x00,0x00,0x00,0x00,0x00,0x00,0x00,0x00,0x00,0x00,0x00,0x00,0x00,0x00,0x00,
0x00,0x00,0x00,0x00,0x00,0x00,0x00,0x00,0x00,0x00,0x00,0x00,0x00,0x00,0x00,0x00,0x00,0x00,0x00,0x00,0x00,0x00,0x00,0x00,0x00,0x00,0x00,0x00,0x00,0x00,0x00,0x00,
0x00,0x00,0x00,0x00,0x00,0x00,0x00,0x00,0x00,0x00,0x00,0x00,0x00,0x00,0x00,0x00,0x00,0x00,0x00,0x00,0x00,0x00,0x00,0x00,0x00,0x00,0x00,0x00,0x00,0x00,0x00,0x00,
0x00,0x00,0x00,0x00,0x00,0x00,0x00,0x00,0x00,0x00,0x00,0x00,0x00,0x00,0x00,0x00,0x00,0x00,0x00,0x00,0x00,0x00,0x00,0x00,0x00,0x00,0x00,0x00,0x00,0x00,0x00,0x00,
0x00,0x00,0x00,0x00,0x00,0x00,0x00,0x00,0x00,0x00,0x00,0x00,0x00,0x00,0x00,0x00,0x00,0x00,0x00,0x00,0x00,0x00,0x00,0x00,0x00,0x00,0x00,0x00,0x00,0x00,0x00,0x00,
0x00,0x00,0x00,0x00,0x00,0x00,0x00,0x00,0x00,0x00,0x00,0x00,0x00,0x00,0x00,0x00,0x00,0x00,0x00,0x00,0x00,0x00,0x00,0x00,0x00,0x00,0x00,0x00,0x00,0x00,0x00,0x00,
0x00,0x00,0x00,0x00,0x00,0x00,0x00,0x00,0x00,0x00,0x00,0x00,0x00,0x00,0x00,0x00,0x00,0x00,0x00,0x00,0x00,0x00,0x00,0x00,0x00,0x00,0x00,0x00,0x00,0x00,0x00,0x00,
0x00,0x00,0x00,0x00,0x00,0x00,0x00,0x00,0x00,0x00,0x00,0x00,0x00,0x00,0x00,0x00,0x00,0x00,0x00,0x00,0x00,0x00,0x00,0x00,0x00,0x00,0x00,0x00,0x00,0x00,0x00,0x00,
0x00,0x00,0x00,0x00,0x00,0x00,0x00,0x00,0x00,0x00,0x00,0x00,0x00,0x00,0x00,0x00,0x00,0x00,0x00,0x00,0x00,0x00,0x00,0x00,0x00,0x00,0x00,0x00,0x00,0x00,0x00,0x00,
0x00,0x00,0x00,0x00,0x00,0x00,0x00,0x00,0x00,0x00,0x00,0x00,0x00,0x00,0x00,0x00,0x00,0x00,0x00,0x00,0x00,0x00,0x00,0x00,0x00,0x00,0x00,0x00,0x00,0x00,0x00,0x00,
0x00,0x00,0x00,0x00,0x00,0x00,0x00,0x00,0x00,0x00,0x00,0x00,0x00,0x00,0x00,0x00,0x00,0x00,0x00,0x00,0x00,0x00,0x00,0x00,0x00,0x00,0x00,0x00,0x00,0x00,0x00,0x00,
0x00,0x00,0x00,0x00,0x00,0x00,0x00,0x00,0x00,0x00,0x00,0x00,0x00,0x00,0x00,0x00,0x00,0x00,0x00,0x00,0x00,0x00,0x00,0x00,0x00,0x00,0x00,0x00,0x00,0x00,0x00,0x00,
0x00,0x00,0x00,0x00,0x00,0x00,0x00,0x00,0x00,0x00,0x00,0x00,0x00,0x00,0x00,0x00,0x00,0x00,0x00,0x00,0x00,0x00,0x00,0x00,0x00,0x00,0x00,0x00,0x00,0x00,0x00,0x00,
0x00,0x00,0x00,0x00,0x00,0x00,0x00,0x00,0x00,0x00,0x00,0x00,0x00,0x00,0x00,0x00,0x00,0x00,0x00,0x00,0x00,0x00,0x00,0x00,0x00,0x00,0x00,0x00,0x00,0x00,0x00,0x00,
0x00,0x00,0x00,0x00,0x00,0x00,0x00,0x00,0x00,0x00,0x00,0x00,0x00,0x00,0x00,0x00,0x00,0x00,0x00,0x00,0x00,0x00,0x00,0x00,0x00,0x00,0x00,0x00,0x00,0x00,0x00,0x00,
0x00,0x00,0x00,0x00,0x00,0x00,0x00,0x00,0x00,0x00,0x00,0x00,0x00,0x00,0x00,0x00,0x00,0x00,0x00,0x00,0x00,0x00,0x00,0x00,0x00,0x00,0x00,0x00,0x00,0x00,0x00,0x00,
0x00,0x00,0x00,0x00,0x00,0x00,0x00,0x00,0x00,0x00,0x00,0x00,0x00,0x00,0x00,0x00,0x00,0x00,0x00,0x00,0x00,0x00,0x00,0x00,0x00,0x00,0x00,0x00,0x00,0x00,0x00,0x00,
0x00,0x00,0x00,0x00,0x00,0x00,0x00,0x00,0x00,0x00,0x00,0x00,0x00,0x00,0x00,0x00,0x00,0x00,0x00,0x00,0x00,0x00,0x00,0x00,0x00,0x00,0x00,0x00,0x00,0x00,0x00,0x00,
0x00,0x00,0x00,0x00,0x00,0x00,0x00,0x00,0x00,0x00,0x00,0x00,0x00,0x00,0x00,0x00,0x00,0x00,0x00,0x00,0x00,0x00,0x00,0x00,0x00,0x00,0x00,0x00,0x00,0x00,0x00,0x00,
0x00,0x00,0x00,0x00,0x00,0x00,0x00,0x00,0x00,0x00,0x00,0x00,0x00,0x00,0x00,0x00,0x00,0x00,0x00,0x00,0x00,0x00,0x00,0x00,0x00,0x00,0x00,0x00,0x00,0x00,0x00,0x00,
0x00,0x00,0x00,0x00,0x00,0x00,0x00,0x00,0x00,0x00,0x00,0x00,0x00,0x00,0x00,0x00,0x00,0x00,0x00,0x00,0x00,0x00,0x00,0x00,0x00,0x00,0x00,0x00,0x00,0x00,0x00,0x00,
0x00,0x00,0x00,0x00,0x00,0x00,0x00,0x00,0x00,0x00,0x00,0x00,0x00,0x00,0x00,0x00,0x00,0x00,0x00,0x00,0x00,0x00,0x00,0x00,0x00,0x00,0x00,0x00,0x00,0x00,0x00,0x00,
0x00,0x00,0x00,0x00,0x00,0x00,0x00,0x00,0x00,0x00,0x00,0x00,0x00,0x00,0x00,0x00,0x00,0x00,0x00,0x00,0x00,0x00,0x00,0x00,0x00,0x00,0x00,0x00,0x00,0x00,0x00,0x00,
0x00,0x00,0x00,0x00,0x00,0x00,0x00,0x00,0x00,0x00,0x00,0x00,0x00,0x00,0x00,0x00,0x00,0x00,0x00,0x00,0x00,0x00,0x00,0x00,0x00,0x00,0x00,0x00,0x00,0x00,0x00,0x00,
0x00,0x00,0x00,0x00,0x00,0x00,0x00,0x00,0x00,0x00,0x00,0x00,0x00,0x00,0x00,0x00,0x00,0x00,0x00,0x00,0x00,0x00,0x00,0x00,0x00,0x00,0x00,0x00,0x00,0x00,0x00,0x00,
0x00,0x00,0x00,0x00,0x00,0x00,0x00,0x00,0x00,0x00,0x00,0x00,0x00,0x00,0x00,0x00,0x00,0x00,0x00,0x00,0x00,0x00,0x00,0x00,0x00,0x00,0x00,0x00,0x00,0x00,0x00,0x00,
0x00,0x00,0x00,0x00,0x00,0x00,0x00,0x00,0x00,0x00,0x00,0x00,0x00,0x00,0x00,0x00,0x00,0x00,0x00,0x00,0x00,0x00,0x00,0x00,0x00,0x00,0x00,0x00,0x00,0x00,0x00,0x00,
};
const lv_image_dsc_t icon_clock = {
.header = {.magic = LV_IMAGE_HEADER_MAGIC, .cf = LV_COLOR_FORMAT_ARGB8888, .w = 64, .h = 64, .stride = 256},
.data_size = sizeof icon_clock_pixels, .data = icon_clock_pixels
};
static const uint8_t icon_alarm_pixels[] = {
0x00,0x00,0x00,0x00,0x00,0x00,0x00,0x00,0x00,0x00,0x00,0x00,0x00,0x00,0x00,0x00,0x00,0x00,0x00,0x00,0x00,0x00,0x00,0x00,0x00,0x00,0x00,0x00,0x00,0x00,0x00,0x00,
0x00,0x00,0x00,0x00,0x00,0x00,0x00,0x00,0x00,0x00,0x00,0x00,0x00,0x00,0x00,0x00,0x00,0x00,0x00,0x00,0x00,0x00,0x00,0x00,0x00,0x00,0x00,0x00,0x00,0x00,0x00,0x00,
0x00,0x00,0x00,0x00,0x00,0x00,0x00,0x00,0x00,0x00,0x00,0x00,0x00,0x00,0x00,0x00,0x00,0x00,0x00,0x00,0x00,0x00,0x00,0x00,0x00,0x00,0x00,0x00,0x00,0x00,0x00,0x00,
0x00,0x00,0x00,0x00,0x00,0x00,0x00,0x00,0x00,0x00,0x00,0x00,0x00,0x00,0x00,0x00,0x00,0x00,0x00,0x00,0x00,0x00,0x00,0x00,0x00,0x00,0x00,0x00,0x00,0x00,0x00,0x00,
0x00,0x00,0x00,0x00,0x00,0x00,0x00,0x00,0x00,0x00,0x00,0x00,0x00,0x00,0x00,0x00,0x00,0x00,0x00,0x00,0x00,0x00,0x00,0x00,0x00,0x00,0x00,0x00,0x00,0x00,0x00,0x00,
0x00,0x00,0x00,0x00,0x00,0x00,0x00,0x00,0x00,0x00,0x00,0x00,0x00,0x00,0x00,0x00,0x00,0x00,0x00,0x00,0x00,0x00,0x00,0x00,0x00,0x00,0x00,0x00,0x00,0x00,0x00,0x00,
0x00,0x00,0x00,0x00,0x00,0x00,0x00,0x00,0x00,0x00,0x00,0x00,0x00,0x00,0x00,0x00,0x00,0x00,0x00,0x00,0x00,0x00,0x00,0x00,0x00,0x00,0x00,0x00,0x00,0x00,0x00,0x00,
0x00,0x00,0x00,0x00,0x00,0x00,0x00,0x00,0x00,0x00,0x00,0x00,0x00,0x00,0x00,0x00,0x00,0x00,0x00,0x00,0x00,0x00,0x00,0x00,0x00,0x00,0x00,0x00,0x00,0x00,0x00,0x00,
0x00,0x00,0x00,0x00,0x00,0x00,0x00,0x00,0x00,0x00,0x00,0x00,0x00,0x00,0x00,0x00,0x00,0x00,0x00,0x00,0x00,0x00,0x00,0x00,0x00,0x00,0x00,0x00,0x00,0x00,0x00,0x00,
0x00,0x00,0x00,0x00,0x00,0x00,0x00,0x00,0x00,0x00,0x00,0x00,0x00,0x00,0x00,0x00,0x00,0x00,0x00,0x00,0x00,0x00,0x00,0x00,0x00,0x00,0x00,0x00,0x00,0x00,0x00,0x00,
0x00,0x00,0x00,0x00,0x00,0x00,0x00,0x00,0x00,0x00,0x00,0x00,0x00,0x00,0x00,0x00,0x00,0x00,0x00,0x00,0x00,0x00,0x00,0x00,0x00,0x00,0x00,0x00,0x00,0x00,0x00,0x00,
0x00,0x00,0x00,0x00,0x00,0x00,0x00,0x00,0x00,0x00,0x00,0x00,0x00,0x00,0x00,0x00,0x00,0x00,0x00,0x00,0x00,0x00,0x00,0x00,0x00,0x00,0x00,0x00,0x00,0x00,0x00,0x00,
0x00,0x00,0x00,0x00,0x00,0x00,0x00,0x00,0x00,0x00,0x00,0x00,0x00,0x00,0x00,0x00,0x00,0x00,0x00,0x00,0x00,0x00,0x00,0x00,0x00,0x00,0x00,0x00,0x00,0x00,0x00,0x00,
0x00,0x00,0x00,0x00,0x00,0x00,0x00,0x00,0x00,0x00,0x00,0x00,0x00,0x00,0x00,0x00,0x00,0x00,0x00,0x00,0x00,0x00,0x00,0x00,0x00,0x00,0x00,0x00,0x00,0x00,0x00,0x00,
0x00,0x00,0x00,0x00,0x00,0x00,0x00,0x00,0x00,0x00,0x00,0x00,0x00,0x00,0x00,0x00,0x00,0x00,0x00,0x00,0x00,0x00,0x00,0x00,0x00,0x00,0x00,0x00,0x00,0x00,0x00,0x00,
0x00,0x00,0x00,0x00,0x00,0x00,0x00,0x00,0x00,0x00,0x00,0x00,0x00,0x00,0x00,0x00,0x00,0x00,0x00,0x00,0x00,0x00,0x00,0x00,0x00,0x00,0x00,0x00,0x00,0x00,0x00,0x00,
0x00,0x00,0x00,0x00,0x00,0x00,0x00,0x00,0x00,0x00,0x00,0x00,0x00,0x00,0x00,0x00,0x00,0x00,0x00,0x00,0x00,0x00,0x00,0x00,0x00,0x00,0x00,0x00,0x00,0x00,0x00,0x00,
0x00,0x00,0x00,0x00,0x00,0x00,0x00,0x00,0x00,0x00,0x00,0x00,0x00,0x00,0x00,0x00,0x00,0x00,0x00,0x00,0x00,0x00,0x00,0x00,0x00,0x00,0x00,0x00,0x00,0x00,0x00,0x00,
0x00,0x00,0x00,0x00,0x00,0x00,0x00,0x00,0x00,0x00,0x00,0x00,0x00,0x00,0x00,0x00,0x00,0x00,0x00,0x00,0x00,0x00,0x00,0x00,0x00,0x00,0x00,0x00,0x00,0x00,0x00,0x00,
0x00,0x00,0x00,0x00,0x00,0x00,0x00,0x00,0x00,0x00,0x00,0x00,0x00,0x00,0x00,0x00,0x00,0x00,0x00,0x00,0x00,0x00,0x00,0x00,0x00,0x00,0x00,0x00,0x00,0x00,0x00,0x01,
0x00,0x00,0x00,0x01,0x00,0x00,0x00,0x00,0x00,0x00,0x00,0x00,0x00,0x00,0x00,0x00,0x00,0x00,0x00,0x00,0x00,0x00,0x00,0x00,0x00,0x00,0x00,0x00,0x00,0x00,0x00,0x00,
0x00,0x00,0x00,0x00,0x00,0x00,0x00,0x00,0x00,0x00,0x00,0x00,0x00,0x00,0x00,0x00,0x00,0x00,0x00,0x00,0x00,0x00,0x00,0x00,0x00,0x00,0x00,0x00,0x00,0x00,0x00,0x00,
0x00,0x00,0x00,0x00,0x00,0x00,0x00,0x00,0x00,0x00,0x00,0x00,0x00,0x00,0x00,0x00,0x00,0x00,0x00,0x00,0x00,0x00,0x00,0x00,0x00,0x00,0x00,0x00,0x00,0x00,0x00,0x00,
0x00,0x00,0x00,0x00,0x00,0x00,0x00,0x00,0x00,0x00,0x00,0x00,0x00,0x00,0x00,0x00,0x00,0x00,0x00,0x00,0x00,0x00,0x00,0x00,0x00,0x00,0x00,0x00,0x00,0x00,0x00,0x00,
0x00,0x00,0x00,0x00,0x00,0x00,0x00,0x00,0x00,0x00,0x00,0x00,0x00,0x00,0x00,0x00,0x00,0x00,0x00,0x00,0x00,0x00,0x00,0x00,0x00,0x00,0x00,0x00,0x00,0x00,0x00,0x00,
0x00,0x00,0x00,0x00,0x00,0x00,0x00,0x00,0x00,0x00,0x00,0x00,0x00,0x00,0x00,0x00,0x00,0x00,0x00,0x00,0x00,0x00,0x00,0x00,0x00,0x00,0x00,0x00,0x00,0x00,0x00,0x00,
0x00,0x00,0x00,0x00,0x00,0x00,0x00,0x00,0x00,0x00,0x00,0x00,0x00,0x00,0x00,0x00,0x00,0x00,0x00,0x00,0x00,0x00,0x00,0x00,0x00,0x00,0x00,0x00,0x00,0x00,0x00,0x00,
0x00,0x00,0x00,0x00,0x00,0x00,0x00,0x00,0x00,0x00,0x00,0x00,0x00,0x00,0x00,0x00,0x00,0x00,0x00,0x00,0x00,0x00,0x00,0x01,0x55,0x55,0x55,0x03,0x00,0x00,0x00,0x00,
0x00,0x00,0x00,0x00,0x55,0x55,0x55,0x03,0x7f,0x7f,0x7f,0x02,0x00,0x00,0x00,0x00,0x00,0x00,0x00,0x00,0x00,0x00,0x00,0x00,0x00,0x00,0x00,0x00,0x00,0x00,0x00,0x00,
0x00,0x00,0x00,0x00,0x00,0x00,0x00,0x00,0x00,0x00,0x00,0x00,0x00,0x00,0x00,0x00,0x00,0x00,0x00,0x00,0x00,0x00,0x00,0x00,0x00,0x00,0x00,0x00,0x00,0x00,0x00,0x00,
0x00,0x00,0x00,0x00,0x00,0x00,0x00,0x00,0x00,0x00,0x00,0x00,0x00,0x00,0x00,0x00,0x00,0x00,0x00,0x00,0x00,0x00,0x00,0x00,0x00,0x00,0x00,0x00,0x00,0x00,0x00,0x00,
0x00,0x00,0x00,0x00,0x00,0x00,0x00,0x00,0x00,0x00,0x00,0x00,0x00,0x00,0x00,0x00,0x00,0x00,0x00,0x00,0x00,0x00,0x00,0x00,0x00,0x00,0x00,0x00,0x00,0x00,0x00,0x00,
0x00,0x00,0x00,0x00,0x00,0x00,0x00,0x00,0x00,0x00,0x00,0x00,0x00,0x00,0x00,0x00,0x00,0x00,0x00,0x00,0x00,0x00,0x00,0x00,0x00,0x00,0x00,0x00,0x00,0x00,0x00,0x00,
0x00,0x00,0x00,0x00,0x00,0x00,0x00,0x00,0x00,0x00,0x00,0x00,0x00,0x00,0x00,0x00,0x00,0x00,0x00,0x00,0x00,0x00,0x00,0x00,0x00,0x00,0x00,0x00,0x00,0x00,0x00,0x00,
0x00,0x00,0x00,0x00,0x00,0x00,0x00,0x00,0x00,0x00,0x00,0x00,0x00,0x00,0x00,0x00,0x00,0x00,0x00,0x00,0x00,0x00,0x00,0x00,0x00,0x00,0x00,0x00,0x00,0x00,0x00,0x00,
0x00,0x00,0x00,0x00,0x00,0x00,0x00,0x00,0x00,0x00,0x00,0x00,0x00,0x00,0x00,0x00,0x00,0x00,0x00,0x01,0x00,0x00,0x00,0x00,0x00,0x00,0x00,0x00,0x66,0x4c,0x33,0x0a,
0x5f,0x3f,0x3f,0x10,0x00,0x00,0x00,0x00,0x00,0x00,0x00,0x00,0x00,0x00,0x00,0x01,0x00,0x00,0x00,0x00,0x00,0x00,0x00,0x00,0x00,0x00,0x00,0x00,0x00,0x00,0x00,0x00,
0x00,0x00,0x00,0x00,0x00,0x00,0x00,0x00,0x00,0x00,0x00,0x00,0x00,0x00,0x00,0x00,0x00,0x00,0x00,0x00,0x00,0x00,0x00,0x00,0x00,0x00,0x00,0x00,0x00,0x00,0x00,0x00,
0x00,0x00,0x00,0x00,0x00,0x00,0x00,0x00,0x00,0x00,0x00,0x00,0x00,0x00,0x00,0x00,0x00,0x00,0x00,0x00,0x00,0x00,0x00,0x00,0x00,0x00,0x00,0x00,0x00,0x00,0x00,0x00,
0x00,0x00,0x00,0x00,0x00,0x00,0x00,0x00,0x00,0x00,0x00,0x00,0x00,0x00,0x00,0x00,0x00,0x00,0x00,0x00,0x00,0x00,0x00,0x00,0x00,0x00,0x00,0x00,0x00,0x00,0x00,0x00,
0x00,0x00,0x00,0x00,0x00,0x00,0x00,0x00,0x00,0x00,0x00,0x00,0x00,0x00,0x00,0x00,0x00,0x00,0x00,0x00,0x00,0x00,0x00,0x00,0x00,0x00,0x00,0x00,0x00,0x00,0x00,0x00,
0x00,0x00,0x00,0x00,0x00,0x00,0x00,0x00,0x00,0x00,0x00,0x00,0x00,0x00,0x00,0x00,0x00,0x00,0x00,0x00,0x00,0x00,0x00,0x00,0x00,0x00,0x00,0x00,0x00,0x00,0x00,0x00,
0x00,0x00,0x00,0x00,0x00,0x00,0x00,0x00,0x00,0x00,0x00,0x00,0x00,0x00,0x00,0x00,0x00,0x00,0x00,0x00,0x00,0x00,0x00,0x00,0x00,0x00,0x00,0x00,0x00,0x00,0x00,0x00,
0x00,0x00,0x00,0x00,0x00,0x00,0x00,0x00,0x00,0x00,0x00,0x00,0x00,0x00,0x00,0x01,0x00,0x00,0x00,0x00,0x58,0x44,0x3a,0x1a,0x5d,0x45,0x39,0x9b,0x5d,0x44,0x39,0xe2,
0x5b,0x44,0x38,0xec,0x5f,0x45,0x39,0xb0,0x58,0x40,0x37,0x37,0x00,0x00,0x00,0x00,0x7f,0x7f,0x7f,0x02,0x00,0x00,0x00,0x00,0x00,0x00,0x00,0x00,0x00,0x00,0x00,0x00,
0x00,0x00,0x00,0x00,0x00,0x00,0x00,0x00,0x00,0x00,0x00,0x00,0x00,0x00,0x00,0x00,0x00,0x00,0x00,0x00,0x00,0x00,0x00,0x00,0x00,0x00,0x00,0x00,0x00,0x00,0x00,0x00,
0x00,0x00,0x00,0x00,0x00,0x00,0x00,0x00,0x00,0x00,0x00,0x00,0x00,0x00,0x00,0x00,0x00,0x00,0x00,0x00,0x00,0x00,0x00,0x00,0x00,0x00,0x00,0x00,0x00,0x00,0x00,0x00,
0x00,0x00,0x00,0x00,0x00,0x00,0x00,0x00,0x00,0x00,0x00,0x00,0x00,0x00,0x00,0x00,0x00,0x00,0x00,0x00,0x00,0x00,0x00,0x00,0x00,0x00,0x00,0x00,0x00,0x00,0x00,0x00,
0x00,0x00,0x00,0x00,0x00,0x00,0x00,0x00,0x00,0x00,0x00,0x00,0x00,0x00,0x00,0x00,0x00,0x00,0x00,0x00,0x00,0x00,0x00,0x00,0x00,0x00,0x00,0x00,0x00,0x00,0x00,0x00,
0x00,0x00,0x00,0x00,0x00,0x00,0x00,0x00,0x00,0x00,0x00,0x00,0x00,0x00,0x00,0x00,0x00,0x00,0x00,0x00,0x00,0x00,0x00,0x00,0x00,0x00,0x00,0x00,0x00,0x00,0x00,0x00,
0x00,0x00,0x00,0x00,0x00,0x00,0x00,0x00,0x00,0x00,0x00,0x00,0x00,0x00,0x00,0x00,0x00,0x00,0x00,0x00,0x00,0x00,0x00,0x00,0x00,0x00,0x00,0x00,0x00,0x00,0x00,0x00,
0x00,0x00,0x00,0x00,0x00,0x00,0x00,0x00,0x00,0x00,0x00,0x01,0x00,0x00,0x00,0x01,0x5b,0x3d,0x33,0x19,0x5c,0x44,0x38,0xe1,0x63,0x49,0x3d,0xff,0x5d,0x44,0x39,0xff,
0x5c,0x44,0x39,0xff,0x60,0x47,0x3b,0xff,0x5f,0x46,0x3a,0xfb,0x5a,0x43,0x38,0x44,0x00,0x00,0x00,0x00,0x55,0x55,0x55,0x03,0x00,0x00,0x00,0x00,0x00,0x00,0x00,0x00,
0x00,0x00,0x00,0x00,0x00,0x00,0x00,0x00,0x00,0x00,0x00,0x00,0x00,0x00,0x00,0x00,0x00,0x00,0x00,0x00,0x00,0x00,0x00,0x00,0x00,0x00,0x00,0x00,0x00,0x00,0x00,0x00,
0x00,0x00,0x00,0x00,0x00,0x00,0x00,0x00,0x00,0x00,0x00,0x00,0x00,0x00,0x00,0x00,0x00,0x00,0x00,0x00,0x00,0x00,0x00,0x00,0x00,0x00,0x00,0x00,0x00,0x00,0x00,0x00,
0x00,0x00,0x00,0x00,0x00,0x00,0x00,0x00,0x00,0x00,0x00,0x00,0x00,0x00,0x00,0x00,0x00,0x00,0x00,0x00,0x00,0x00,0x00,0x00,0x00,0x00,0x00,0x00,0x00,0x00,0x00,0x00,
0x00,0x00,0x00,0x00,0x00,0x00,0x00,0x00,0x00,0x00,0x00,0x00,0x00,0x00,0x00,0x00,0x00,0x00,0x00,0x00,0x00,0x00,0x00,0x00,0x00,0x00,0x00,0x00,0x00,0x00,0x00,0x00,
0x00,0x00,0x00,0x00,0x00,0x00,0x00,0x00,0x00,0x00,0x00,0x00,0x00,0x00,0x00,0x00,0x00,0x00,0x00,0x00,0x00,0x00,0x00,0x00,0x00,0x00,0x00,0x00,0x00,0x00,0x00,0x00,
0x00,0x00,0x00,0x00,0x00,0x00,0x00,0x00,0x00,0x00,0x00,0x00,0x00,0x00,0x00,0x00,0x00,0x00,0x00,0x00,0x00,0x00,0x00,0x00,0x00,0x00,0x00,0x00,0x00,0x00,0x00,0x00,
0x00,0x00,0x00,0x00,0x00,0x00,0x00,0x00,0xaa,0x55,0x55,0x03,0x00,0x00,0x00,0x00,0x5b,0x43,0x37,0x9c,0x63,0x49,0x3d,0xff,0x5a,0x42,0x37,0xf8,0x5b,0x43,0x38,0xfe,
0x5b,0x43,0x38,0xfe,0x5b,0x42,0x38,0xf9,0x5f,0x46,0x3b,0xff,0x5b,0x43,0x37,0xd7,0x55,0x2a,0x55,0x06,0xff,0xff,0xff,0x01,0x00,0x00,0x00,0x00,0x00,0x00,0x00,0x00,
0x00,0x00,0x00,0x00,0x00,0x00,0x00,0x00,0x00,0x00,0x00,0x00,0x00,0x00,0x00,0x00,0x00,0x00,0x00,0x00,0x00,0x00,0x00,0x00,0x00,0x00,0x00,0x00,0x00,0x00,0x00,0x00,
0x00,0x00,0x00,0x00,0x00,0x00,0x00,0x00,0x00,0x00,0x00,0x00,0x00,0x00,0x00,0x00,0x00,0x00,0x00,0x00,0x00,0x00,0x00,0x00,0x00,0x00,0x00,0x00,0x00,0x00,0x00,0x00,
0x00,0x00,0x00,0x00,0x00,0x00,0x00,0x00,0x00,0x00,0x00,0x00,0x00,0x00,0x00,0x00,0x00,0x00,0x00,0x00,0x00,0x00,0x00,0x00,0x00,0x00,0x00,0x00,0x00,0x00,0x00,0x00,
0x00,0x00,0x00,0x00,0x00,0x00,0x00,0x00,0x00,0x00,0x00,0x00,0x00,0x00,0x00,0x00,0x00,0x00,0x00,0x00,0x00,0x00,0x00,0x00,0x00,0x00,0x00,0x00,0x00,0x00,0x00,0x00,
0x00,0x00,0x00,0x00,0x00,0x00,0x00,0x00,0x00,0x00,0x00,0x00,0x00,0x00,0x00,0x00,0x00,0x00,0x00,0x00,0x00,0x00,0x00,0x00,0x00,0x00,0x00,0x00,0x00,0x00,0x00,0x00,
0x00,0x00,0x00,0x00,0x00,0x00,0x00,0x00,0x00,0x00,0x00,0x00,0x00,0x00,0x00,0x00,0x00,0x00,0x00,0x00,0x00,0x00,0x00,0x00,0x00,0x00,0x00,0x00,0x00,0x00,0x00,0x00,
0x00,0x00,0x00,0x00,0x00,0x00,0x00,0x01,0x00,0x00,0x00,0x00,0x4e,0x3a,0x3a,0x0d,0x5a,0x43,0x38,0xe7,0x5d,0x44,0x39,0xfe,0x5b,0x43,0x38,0xfe,0x5b,0x43,0x38,0xff,
0x5b,0x43,0x38,0xff,0x5b,0x43,0x38,0xff,0x5a,0x42,0x37,0xfd,0x5e,0x45,0x3a,0xfe,0x59,0x42,0x38,0x36,0x00,0x00,0x00,0x00,0x55,0x55,0x55,0x03,0x00,0x00,0x00,0x00,
0x00,0x00,0x00,0x00,0x00,0x00,0x00,0x00,0x00,0x00,0x00,0x00,0x00,0x00,0x00,0x00,0x00,0x00,0x00,0x00,0x00,0x00,0x00,0x00,0x00,0x00,0x00,0x00,0x00,0x00,0x00,0x00,
0x00,0x00,0x00,0x00,0x00,0x00,0x00,0x00,0x00,0x00,0x00,0x00,0x00,0x00,0x00,0x00,0x00,0x00,0x00,0x00,0x00,0x00,0x00,0x00,0x00,0x00,0x00,0x00,0x00,0x00,0x00,0x00,
0x00,0x00,0x00,0x00,0x00,0x00,0x00,0x00,0x00,0x00,0x00,0x00,0x00,0x00,0x00,0x00,0x00,0x00,0x00,0x00,0x00,0x00,0x00,0x00,0x00,0x00,0x00,0x00,0x00,0x00,0x00,0x00,
0x00,0x00,0x00,0x00,0x00,0x00,0x00,0x00,0x00,0x00,0x00,0x00,0x00,0x00,0x00,0x00,0x00,0x00,0x00,0x00,0x00,0x00,0x00,0x00,0x00,0x00,0x00,0x00,0x00,0x00,0x00,0x00,
0x00,0x00,0x00,0x00,0x00,0x00,0x00,0x00,0x00,0x00,0x00,0x00,0x00,0x00,0x00,0x00,0x00,0x00,0x00,0x00,0x00,0x00,0x00,0x00,0x00,0x00,0x00,0x00,0x00,0x00,0x00,0x00,
0x00,0x00,0x00,0x00,0x00,0x00,0x00,0x00,0x00,0x00,0x00,0x00,0x00,0x00,0x00,0x00,0x00,0x00,0x00,0x00,0x00,0x00,0x00,0x00,0x00,0x00,0x00,0x00,0x00,0x00,0x00,0x00,
0x00,0x00,0x00,0x00,0x00,0x00,0x00,0x01,0x00,0x00,0x00,0x00,0x55,0x38,0x38,0x12,0x5a,0x43,0x37,0xef,0x5d,0x44,0x39,0xff,0x5b,0x43,0x38,0xfe,0x5b,0x43,0x38,0xff,
0x5b,0x43,0x38,0xff,0x5b,0x43,0x38,0xff,0x5a,0x42,0x37,0xfd,0x5f,0x46,0x3b,0xff,0x5b,0x44,0x35,0x43,0x00,0x00,0x00,0x00,0x55,0x55,0x55,0x03,0x00,0x00,0x00,0x00,
0x00,0x00,0x00,0x00,0x00,0x00,0x00,0x00,0x00,0x00,0x00,0x00,0x00,0x00,0x00,0x00,0x00,0x00,0x00,0x00,0x00,0x00,0x00,0x00,0x00,0x00,0x00,0x00,0x00,0x00,0x00,0x00,
0x00,0x00,0x00,0x00,0x00,0x00,0x00,0x00,0x00,0x00,0x00,0x00,0x00,0x00,0x00,0x00,0x00,0x00,0x00,0x00,0x00,0x00,0x00,0x00,0x00,0x00,0x00,0x00,0x00,0x00,0x00,0x00,
0x00,0x00,0x00,0x00,0x00,0x00,0x00,0x00,0x00,0x00,0x00,0x00,0x00,0x00,0x00,0x00,0x00,0x00,0x00,0x00,0x00,0x00,0x00,0x00,0x00,0x00,0x00,0x00,0x00,0x00,0x00,0x00,
0x00,0x00,0x00,0x00,0x00,0x00,0x00,0x00,0x00,0x00,0x00,0x00,0x00,0x00,0x00,0x00,0x00,0x00,0x00,0x00,0x00,0x00,0x00,0x00,0x00,0x00,0x00,0x00,0x00,0x00,0x00,0x00,
0x00,0x00,0x00,0x00,0x00,0x00,0x00,0x00,0x00,0x00,0x00,0x00,0x00,0x00,0x00,0x00,0x00,0x00,0x00,0x00,0x00,0x00,0x00,0x00,0x00,0x00,0x00,0x00,0x00,0x00,0x00,0x00,
0x00,0x00,0x00,0x00,0x00,0x00,0x00,0x00,0x00,0x00,0x00,0x00,0x00,0x00,0x00,0x00,0x00,0x00,0x00,0x00,0x00,0x00,0x00,0x00,0x00,0x00,0x00,0x00,0x00,0x00,0x00,0x00,
0x00,0x00,0x00,0x00,0x00,0x00,0x00,0x01,0x00,0x00,0x00,0x00,0x5a,0x3c,0x3c,0x11,0x5b,0x43,0x37,0xed,0x5d,0x44,0x39,0xff,0x5b,0x44,0x39,0xfe,0x5c,0x44,0x39,0xff,
0x5c,0x44,0x39,0xff,0x5c,0x44,0x39,0xff,0x5a,0x42,0x37,0xfd,0x5f,0x46,0x3b,0xff,0x5b,0x43,0x37,0x40,0x00,0x00,0x00,0x00,0x55,0x55,0x55,0x03,0x00,0x00,0x00,0x00,
0x00,0x00,0x00,0x00,0x00,0x00,0x00,0x00,0x00,0x00,0x00,0x00,0x00,0x00,0x00,0x00,0x00,0x00,0x00,0x00,0x00,0x00,0x00,0x00,0x00,0x00,0x00,0x00,0x00,0x00,0x00,0x00,
0x00,0x00,0x00,0x00,0x00,0x00,0x00,0x00,0x00,0x00,0x00,0x00,0x00,0x00,0x00,0x00,0x00,0x00,0x00,0x00,0x00,0x00,0x00,0x00,0x00,0x00,0x00,0x00,0x00,0x00,0x00,0x00,
0x00,0x00,0x00,0x00,0x00,0x00,0x00,0x00,0x00,0x00,0x00,0x00,0x00,0x00,0x00,0x00,0x00,0x00,0x00,0x00,0x00,0x00,0x00,0x00,0x00,0x00,0x00,0x00,0x00,0x00,0x00,0x00,
0x00,0x00,0x00,0x00,0x00,0x00,0x00,0x00,0x00,0x00,0x00,0x00,0x00,0x00,0x00,0x00,0x00,0x00,0x00,0x00,0x00,0x00,0x00,0x00,0x00,0x00,0x00,0x00,0x00,0x00,0x00,0x00,
0x00,0x00,0x00,0x00,0x00,0x00,0x00,0x00,0x00,0x00,0x00,0x00,0x00,0x00,0x00,0x00,0x00,0x00,0x00,0x00,0x00,0x00,0x00,0x00,0x00,0x00,0x00,0x00,0x00,0x00,0x00,0x00,
0x00,0x00,0x00,0x00,0x00,0x00,0x00,0x00,0x00,0x00,0x00,0x00,0x00,0x00,0x00,0x00,0x00,0x00,0x00,0x00,0x00,0x00,0x00,0x00,0x00,0x00,0x00,0x00,0x00,0x00,0x00,0x00,
0x00,0x00,0x00,0x00,0x00,0x00,0x00,0x01,0xff,0xff,0xff,0x01,0x6b,0x5d,0x5d,0x13,0x5d,0x46,0x3a,0xee,0x5e,0x46,0x3b,0xff,0x5a,0x41,0x36,0xfe,0x59,0x40,0x35,0xff,
0x59,0x40,0x35,0xff,0x59,0x40,0x35,0xff,0x5b,0x43,0x39,0xfd,0x61,0x48,0x3e,0xff,0x5f,0x4c,0x40,0x43,0xff,0xff,0xff,0x01,0x55,0x55,0x55,0x03,0x00,0x00,0x00,0x00,
0x00,0x00,0x00,0x00,0x00,0x00,0x00,0x00,0x00,0x00,0x00,0x00,0x00,0x00,0x00,0x00,0x00,0x00,0x00,0x00,0x00,0x00,0x00,0x00,0x00,0x00,0x00,0x00,0x00,0x00,0x00,0x00,
0x00,0x00,0x00,0x00,0x00,0x00,0x00,0x00,0x00,0x00,0x00,0x00,0x00,0x00,0x00,0x00,0x00,0x00,0x00,0x00,0x00,0x00,0x00,0x00,0x00,0x00,0x00,0x00,0x00,0x00,0x00,0x00,
0x00,0x00,0x00,0x00,0x00,0x00,0x00,0x00,0x00,0x00,0x00,0x00,0x00,0x00,0x00,0x00,0x00,0x00,0x00,0x00,0x00,0x00,0x00,0x00,0x00,0x00,0x00,0x00,0x00,0x00,0x00,0x00,
0x00,0x00,0x00,0x00,0x00,0x00,0x00,0x00,0x00,0x00,0x00,0x00,0x00,0x00,0x00,0x00,0x00,0x00,0x00,0x00,0x00,0x00,0x00,0x00,0x00,0x00,0x00,0x00,0x00,0x00,0x00,0x00,
0x00,0x00,0x00,0x00,0x00,0x00,0x00,0x00,0x00,0x00,0x00,0x00,0x00,0x00,0x00,0x00,0x00,0x00,0x00,0x00,0x00,0x00,0x00,0x00,0x00,0x00,0x00,0x00,0x00,0x00,0x00,0x00,
0x00,0x00,0x00,0x00,0x00,0x00,0x00,0x00,0x00,0x00,0x00,0x00,0x00,0x00,0x00,0x00,0x00,0x00,0x00,0x00,0x00,0x00,0x00,0x00,0x00,0x00,0x00,0x00,0x00,0x00,0x00,0x00,
0xff,0xff,0xff,0x01,0xbf,0xbf,0xbf,0x04,0x00,0x00,0x00,0x00,0x00,0x00,0x00,0x07,0x51,0x36,0x29,0xed,0x57,0x3c,0x2f,0xff,0x60,0x49,0x3f,0xfe,0x64,0x4f,0x45,0xff,
0x63,0x4e,0x45,0xff,0x62,0x4d,0x43,0xff,0x55,0x3c,0x30,0xfd,0x57,0x3b,0x2f,0xff,0x37,0x12,0x00,0x37,0x00,0x00,0x00,0x00,0x91,0x91,0xb6,0x07,0xff,0xff,0xff,0x01,
0x00,0x00,0x00,0x00,0x00,0x00,0x00,0x00,0x00,0x00,0x00,0x00,0x00,0x00,0x00,0x00,0x00,0x00,0x00,0x00,0x00,0x00,0x00,0x00,0x00,0x00,0x00,0x00,0x00,0x00,0x00,0x00,
0x00,0x00,0x00,0x00,0x00,0x00,0x00,0x00,0x00,0x00,0x00,0x00,0x00,0x00,0x00,0x00,0x00,0x00,0x00,0x00,0x00,0x00,0x00,0x00,0x00,0x00,0x00,0x00,0x00,0x00,0x00,0x00,
0x00,0x00,0x00,0x00,0x00,0x00,0x00,0x00,0x00,0x00,0x00,0x00,0x00,0x00,0x00,0x00,0x00,0x00,0x00,0x00,0x00,0x00,0x00,0x00,0x00,0x00,0x00,0x00,0x00,0x00,0x00,0x00,
0x00,0x00,0x00,0x00,0x00,0x00,0x00,0x00,0x00,0x00,0x00,0x00,0x00,0x00,0x00,0x00,0x00,0x00,0x00,0x00,0x00,0x00,0x00,0x00,0x00,0x00,0x00,0x00,0x00,0x00,0x00,0x00,
0x00,0x00,0x00,0x00,0x00,0x00,0x00,0x00,0x00,0x00,0x00,0x00,0x00,0x00,0x00,0x00,0x00,0x00,0x00,0x00,0x00,0x00,0x00,0x00,0x00,0x00,0x00,0x00,0x00,0x00,0x00,0x00,
0x00,0x00,0x00,0x00,0x00,0x00,0x00,0x00,0x00,0x00,0x00,0x00,0x00,0x00,0x00,0x00,0x00,0x00,0x00,0x00,0x00,0x00,0x00,0x00,0x00,0x00,0x00,0x00,0xff,0xff,0xff,0x02,
0x00,0x00,0x00,0x00,0x00,0x00,0x00,0x00,0x7f,0xff,0xff,0x02,0xc8,0xdc,0xe0,0x42,0xa7,0xaa,0xaa,0xf2,0xbc,0xc6,0xca,0xfe,0xcc,0xdd,0xe8,0xfe,0xd4,0xe8,0xf2,0xff,
0xd3,0xe7,0xf2,0xff,0xd1,0xe4,0xef,0xff,0xbe,0xcb,0xcf,0xfd,0xaf,0xb4,0xb4,0xff,0xb4,0xbb,0xbe,0x6e,0xd7,0xeb,0xff,0x0d,0x00,0x00,0x00,0x00,0x00,0x00,0x00,0x00,
0xff,0xff,0xff,0x03,0x00,0x00,0x00,0x00,0x00,0x00,0x00,0x00,0x00,0x00,0x00,0x00,0x00,0x00,0x00,0x00,0x00,0x00,0x00,0x00,0x00,0x00,0x00,0x00,0x00,0x00,0x00,0x00,
0x00,0x00,0x00,0x00,0x00,0x00,0x00,0x00,0x00,0x00,0x00,0x00,0x00,0x00,0x00,0x00,0x00,0x00,0x00,0x00,0x00,0x00,0x00,0x00,0x00,0x00,0x00,0x00,0x00,0x00,0x00,0x00,
0x00,0x00,0x00,0x00,0x00,0x00,0x00,0x00,0x00,0x00,0x00,0x00,0x00,0x00,0x00,0x00,0x00,0x00,0x00,0x00,0x00,0x00,0x00,0x00,0x00,0x00,0x00,0x00,0x00,0x00,0x00,0x00,
0x00,0x00,0x00,0x00,0x00,0x00,0x00,0x00,0x00,0x00,0x00,0x00,0x00,0x00,0x00,0x00,0x00,0x00,0x00,0x00,0x00,0x00,0x00,0x00,0x00,0x00,0x00,0x00,0x00,0x00,0x00,0x00,
0x00,0x00,0x00,0x00,0x00,0x00,0x00,0x00,0x00,0x00,0x00,0x00,0x00,0x00,0x00,0x00,0x00,0x00,0x00,0x00,0x00,0x00,0x00,0x00,0x00,0x00,0x00,0x00,0x00,0x00,0x00,0x00,
0x00,0x00,0x00,0x00,0x00,0x00,0x00,0x00,0x00,0x00,0x00,0x00,0x00,0x00,0x00,0x00,0x00,0x00,0x00,0x00,0x00,0x00,0x00,0x00,0xff,0xff,0xff,0x03,0x00,0x00,0x00,0x00,
0x99,0x99,0xff,0x05,0xdf,0xf7,0xff,0x62,0xe1,0xf7,0xff,0xd1,0xe2,0xf9,0xff,0xff,0xe4,0xfe,0xff,0xff,0xe2,0xfb,0xff,0xff,0xde,0xf7,0xff,0xff,0xdd,0xf5,0xff,0xff,
0xdd,0xf5,0xff,0xff,0xde,0xf5,0xff,0xff,0xe1,0xfb,0xff,0xff,0xe3,0xfd,0xff,0xfe,0xe5,0xfd,0xff,0xff,0xe0,0xf8,0xff,0xe3,0xe1,0xf9,0xff,0x80,0xd0,0xe7,0xff,0x16,
0x00,0x00,0x00,0x00,0xff,0xff,0xff,0x02,0x00,0x00,0x00,0x00,0x00,0x00,0x00,0x00,0x00,0x00,0x00,0x00,0x00,0x00,0x00,0x00,0x00,0x00,0x00,0x00,0x00,0x00,0x00,0x00,
0x00,0x00,0x00,0x00,0x00,0x00,0x00,0x00,0x00,0x00,0x00,0x00,0x00,0x00,0x00,0x00,0x00,0x00,0x00,0x00,0x00,0x00,0x00,0x00,0x00,0x00,0x00,0x00,0x00,0x00,0x00,0x00,
0x00,0x00,0x00,0x00,0x00,0x00,0x00,0x00,0x00,0x00,0x00,0x00,0x00,0x00,0x00,0x00,0x00,0x00,0x00,0x00,0x00,0x00,0x00,0x00,0x00,0x00,0x00,0x00,0x00,0x00,0x00,0x00,
0x00,0x00,0x00,0x00,0x00,0x00,0x00,0x00,0x00,0x00,0x00,0x00,0x00,0x00,0x00,0x00,0x00,0x00,0x00,0x00,0x00,0x00,0x00,0x00,0x00,0x00,0x00,0x00,0x55,0x55,0x55,0x03,
0x3f,0x3f,0x3f,0x04,0x00,0x00,0x00,0x00,0x00,0x00,0x00,0x00,0x00,0x00,0x00,0x00,0x00,0x00,0x00,0x00,0x00,0x00,0x00,0x00,0x00,0x00,0x00,0x00,0x00,0x00,0x00,0x00,
0x00,0x00,0x00,0x00,0x00,0x00,0x00,0x00,0x00,0x00,0x00,0x00,0x00,0x00,0x00,0x00,0x00,0x00,0x00,0x00,0xbf,0xff,0xff,0x04,0x00,0x00,0x00,0x00,0xd9,0xf1,0xff,0x37,
0xe2,0xf8,0xff,0xc8,0xeb,0xff,0xff,0xff,0xe2,0xfa,0xff,0xff,0xd9,0xf0,0xff,0xfe,0xd9,0xef,0xfc,0xff,0xda,0xf0,0xfd,0xff,0xda,0xf1,0xfe,0xff,0xda,0xf1,0xfe,0xff,
0xda,0xf1,0xfe,0xff,0xda,0xf1,0xfe,0xff,0xda,0xf0,0xfd,0xff,0xd9,0xef,0xfc,0xff,0xd9,0xef,0xfd,0xfe,0xe0,0xf7,0xff,0xff,0xeb,0xff,0xff,0xff,0xe2,0xf8,0xff,0xe5,
0xdf,0xf6,0xff,0x58,0x00,0x00,0x00,0x00,0xff,0xff,0xff,0x02,0xff,0xff,0xff,0x01,0x00,0x00,0x00,0x00,0x00,0x00,0x00,0x00,0x00,0x00,0x00,0x00,0x00,0x00,0x00,0x00,
0x00,0x00,0x00,0x00,0x00,0x00,0x00,0x00,0x00,0x00,0x00,0x00,0x00,0x00,0x00,0x00,0x00,0x00,0x00,0x00,0x00,0x00,0x00,0x00,0x00,0x00,0x00,0x00,0x55,0x55,0x55,0x03,
0x3f,0x3f,0x3f,0x04,0x00,0x00,0x00,0x00,0x00,0x00,0x00,0x00,0x00,0x00,0x00,0x00,0x00,0x00,0x00,0x00,0x00,0x00,0x00,0x00,0x00,0x00,0x00,0x00,0x00,0x00,0x00,0x00,
0x00,0x00,0x00,0x00,0x00,0x00,0x00,0x00,0x00,0x00,0x00,0x00,0x00,0x00,0x00,0x00,0x00,0x00,0x00,0x00,0x00,0x00,0x00,0x00,0x00,0x00,0x00,0x01,0x00,0x00,0x00,0x00,
0x00,0x00,0x00,0x00,0x00,0x00,0x00,0x00,0x00,0x00,0x00,0x00,0x00,0x00,0x00,0x00,0x00,0x00,0x00,0x00,0x00,0x00,0x00,0x00,0x00,0x00,0x00,0x00,0x00,0x00,0x00,0x00,
0x00,0x00,0x00,0x00,0x00,0x00,0x00,0x00,0x00,0x00,0x00,0x00,0x00,0x00,0x00,0x00,0xff,0xff,0xff,0x04,0x00,0x00,0x00,0x00,0xd9,0xef,0xff,0x65,0xe4,0xfa,0xff,0xfb,
0xe4,0xfc,0xff,0xff,0xda,0xf1,0xff,0xfb,0xda,0xf1,0xff,0xfd,0xdb,0xf2,0xff,0xff,0xdb,0xf2,0xff,0xff,0xdb,0xf2,0xff,0xff,0xdb,0xf2,0xff,0xff,0xdb,0xf2,0xff,0xff,
0xdb,0xf2,0xff,0xff,0xdb,0xf2,0xff,0xff,0xdb,0xf2,0xff,0xff,0xdb,0xf2,0xff,0xff,0xdb,0xf2,0xff,0xff,0xda,0xf1,0xff,0xfe,0xda,0xf0,0xff,0xfb,0xdf,0xf7,0xff,0xff,
0xeb,0xff,0xff,0xff,0xdd,0xf3,0xff,0x98,0x00,0x00,0x00,0x00,0xaa,0xff,0xff,0x03,0xff,0xff,0xff,0x01,0x00,0x00,0x00,0x00,0x00,0x00,0x00,0x00,0x00,0x00,0x00,0x00,
0x00,0x00,0x00,0x00,0x00,0x00,0x00,0x00,0x00,0x00,0x00,0x00,0x00,0x00,0x00,0x00,0x00,0x00,0x00,0x00,0x00,0x00,0x00,0x00,0x00,0x00,0x00,0x01,0x00,0x00,0x00,0x00,
0x00,0x00,0x00,0x00,0x00,0x00,0x00,0x00,0x00,0x00,0x00,0x00,0x00,0x00,0x00,0x00,0x00,0x00,0x00,0x00,0x00,0x00,0x00,0x00,0x00,0x00,0x00,0x00,0x00,0x00,0x00,0x00,
0x00,0x00,0x00,0x00,0x00,0x00,0x00,0x00,0x00,0x00,0x00,0x00,0x00,0x00,0x00,0x00,0x00,0x00,0x00,0x00,0xff,0x00,0x00,0x01,0x00,0x00,0x00,0x00,0x58,0x41,0x38,0x56,
0x5c,0x44,0x39,0x74,0x00,0x00,0x00,0x00,0x00,0x00,0x00,0x00,0x00,0x00,0x00,0x01,0x00,0x00,0x00,0x00,0x00,0x00,0x00,0x00,0x00,0x00,0x00,0x00,0x00,0x00,0x00,0x00,
0x00,0x00,0x00,0x00,0x00,0x00,0x00,0x00,0x00,0x00,0x00,0x00,0xff,0xff,0xff,0x04,0x00,0x00,0x00,0x00,0xd9,0xef,0xff,0x65,0xe7,0xfe,0xff,0xff,0xdc,0xf3,0xff,0xfe,
0xda,0xf1,0xff,0xfc,0xdb,0xf2,0xff,0xff,0xdb,0xf2,0xff,0xff,0xdb,0xf2,0xff,0xff,0xdb,0xf2,0xff,0xff,0xdb,0xf2,0xff,0xff,0xdb,0xf2,0xff,0xff,0xdb,0xf2,0xff,0xff,
0xdb,0xf2,0xff,0xff,0xdb,0xf2,0xff,0xff,0xdb,0xf2,0xff,0xff,0xdb,0xf2,0xff,0xff,0xdb,0xf2,0xff,0xff,0xdb,0xf2,0xff,0xff,0xdb,0xf2,0xff,0xff,0xd9,0xf0,0xff,0xfe,
0xda,0xf1,0xff,0xfb,0xed,0xff,0xff,0xff,0xdc,0xf3,0xff,0x9a,0x00,0x00,0x00,0x00,0xbf,0xbf,0xff,0x04,0xff,0xff,0xff,0x01,0x00,0x00,0x00,0x00,0x00,0x00,0x00,0x00,
0x00,0x00,0x00,0x00,0x00,0x00,0x00,0x00,0x00,0x00,0x00,0x00,0x00,0x00,0x00,0x00,0x00,0x00,0x00,0x00,0xff,0x00,0x00,0x01,0x00,0x00,0x00,0x00,0x58,0x41,0x38,0x56,
0x5c,0x44,0x39,0x74,0x00,0x00,0x00,0x00,0xff,0x00,0x00,0x01,0x00,0x00,0x00,0x01,0x00,0x00,0x00,0x00,0x00,0x00,0x00,0x00,0x00,0x00,0x00,0x00,0x00,0x00,0x00,0x00,
0x00,0x00,0x00,0x00,0x00,0x00,0x00,0x00,0x00,0x00,0x00,0x00,0x00,0x00,0x00,0x00,0x55,0x55,0x55,0x03,0x00,0x00,0x00,0x01,0x5b,0x44,0x37,0x4e,0x61,0x47,0x3c,0xff,
0x65,0x4a,0x3e,0xff,0x5b,0x43,0x38,0x8b,0x00,0x00,0x00,0x00,0x55,0x55,0x55,0x03,0x00,0x00,0x00,0x00,0x00,0x00,0x00,0x00,0x00,0x00,0x00,0x00,0x00,0x00,0x00,0x00,
0x00,0x00,0x00,0x00,0x00,0x00,0x00,0x00,0xff,0xff,0xff,0x03,0x00,0x00,0x00,0x00,0xd9,0xee,0xff,0x5f,0xe8,0xff,0xff,0xff,0xdc,0xf3,0xff,0xfc,0xd9,0xf0,0xff,0xfe,
0xdb,0xf2,0xff,0xff,0xdb,0xf2,0xff,0xff,0xdb,0xf2,0xff,0xff,0xdb,0xf2,0xff,0xff,0xdb,0xf2,0xff,0xff,0xdb,0xf2,0xff,0xff,0xdb,0xf2,0xff,0xff,0xdb,0xf2,0xff,0xff,
0xdb,0xf2,0xff,0xff,0xdb,0xf2,0xff,0xff,0xdb,0xf2,0xff,0xff,0xdb,0xf2,0xff,0xff,0xdb,0xf2,0xff,0xff,0xdb,0xf2,0xff,0xff,0xdb,0xf2,0xff,0xff,0xdb,0xf2,0xff,0xff,
0xdb,0xf2,0xff,0xff,0xdb,0xf2,0xff,0xfa,0xee,0xff,0xff,0xff,0xda,0xef,0xff,0x98,0x00,0x00,0x00,0x00,0xff,0xff,0xff,0x03,0x00,0x00,0x00,0x00,0x00,0x00,0x00,0x00,
0x00,0x00,0x00,0x00,0x00,0x00,0x00,0x00,0x00,0x00,0x00,0x00,0x00,0x00,0x00,0x00,0x55,0x55,0x55,0x03,0x00,0x00,0x00,0x00,0x5a,0x43,0x37,0x57,0x60,0x47,0x3c,0xff,
0x65,0x4a,0x3e,0xff,0x5a,0x42,0x38,0x8d,0x00,0x00,0x00,0x00,0x55,0x55,0x55,0x03,0x00,0x00,0x00,0x00,0x00,0x00,0x00,0x00,0x00,0x00,0x00,0x00,0x00,0x00,0x00,0x00,
0x00,0x00,0x00,0x00,0x00,0x00,0x00,0x00,0x00,0x00,0x00,0x00,0x00,0x00,0x00,0x00,0xaa,0x55,0x55,0x03,0x00,0x00,0x00,0x00,0x5a,0x43,0x37,0xa9,0x60,0x46,0x3b,0xfe,
0x5e,0x46,0x39,0xfb,0x5b,0x43,0x38,0xc8,0x00,0x00,0x00,0x00,0x7f,0x7f,0x7f,0x02,0x00,0x00,0x00,0x00,0x00,0x00,0x00,0x00,0x00,0x00,0x00,0x00,0x00,0x00,0x00,0x00,
0x00,0x00,0x00,0x00,0xff,0xff,0xff,0x02,0x00,0x00,0x00,0x00,0xd9,0xee,0xff,0x2f,0xe1,0xf8,0xff,0xf5,0xdf,0xf6,0xff,0xfd,0xda,0xf1,0xff,0xfd,0xdb,0xf1,0xff,0xff,
0xda,0xf0,0xfe,0xff,0xdb,0xf2,0xff,0xff,0xdb,0xf2,0xff,0xff,0xdb,0xf2,0xff,0xff,0xdb,0xf2,0xff,0xff,0xdb,0xf2,0xff,0xff,0xdb,0xf2,0xff,0xff,0xdb,0xf2,0xff,0xff,
0xdb,0xf2,0xff,0xff,0xdb,0xf2,0xff,0xff,0xdb,0xf2,0xff,0xff,0xdb,0xf2,0xff,0xff,0xdb,0xf2,0xff,0xff,0xdb,0xf2,0xff,0xff,0xdb,0xf2,0xff,0xff,0xdb,0xf2,0xff,0xff,
0xdb,0xf2,0xff,0xff,0xdb,0xf2,0xff,0xff,0xdc,0xf2,0xff,0xfa,0xeb,0xff,0xff,0xff,0xd7,0xef,0xff,0x62,0x00,0x00,0x00,0x00,0xff,0xff,0xff,0x03,0x00,0x00,0x00,0x00,
0x00,0x00,0x00,0x00,0x00,0x00,0x00,0x00,0x00,0x00,0x00,0x00,0x00,0x00,0x00,0x00,0x7f,0x3f,0x3f,0x04,0x00,0x00,0x00,0x00,0x5a,0x42,0x38,0x76,0x61,0x48,0x3c,0xff,
0x5a,0x42,0x38,0xf8,0x5d,0x44,0x39,0xfc,0x5d,0x44,0x37,0x29,0x00,0x00,0x00,0x01,0x7f,0x00,0x00,0x02,0x00,0x00,0x00,0x00,0x00,0x00,0x00,0x00,0x00,0x00,0x00,0x00,
0x00,0x00,0x00,0x00,0x00,0x00,0x00,0x00,0x00,0x00,0x00,0x00,0x00,0x00,0x00,0x01,0x00,0x00,0x00,0x00,0x58,0x42,0x37,0x17,0x5b,0x44,0x38,0xf2,0x5b,0x43,0x38,0xfe,
0x60,0x47,0x3b,0xff,0x5a,0x42,0x37,0x60,0x00,0x00,0x00,0x00,0x55,0x55,0x55,0x03,0x00,0x00,0x00,0x00,0x00,0x00,0x00,0x00,0x00,0x00,0x00,0x00,0x00,0x00,0x00,0x00,
0x00,0x00,0x00,0x00,0xff,0xff,0xff,0x02,0xbf,0xff,0xff,0x04,0xdb,0xf1,0xff,0xc3,0xe8,0xff,0xff,0xff,0xd9,0xf0,0xff,0xfc,0xdb,0xf1,0xff,0xff,0xde,0xf7,0xff,0xff,
0xde,0xf9,0xff,0xff,0xdb,0xf2,0xff,0xff,0xdb,0xf2,0xff,0xff,0xdb,0xf2,0xff,0xff,0xdb,0xf2,0xff,0xff,0xdb,0xf2,0xff,0xff,0xdb,0xf2,0xff,0xff,0xdb,0xf2,0xff,0xff,
0xdb,0xf2,0xff,0xff,0xdb,0xf2,0xff,0xff,0xdb,0xf2,0xff,0xff,0xdb,0xf2,0xff,0xff,0xdb,0xf2,0xff,0xff,0xdb,0xf2,0xff,0xff,0xdb,0xf2,0xff,0xff,0xdb,0xf2,0xff,0xff,
0xdb,0xf2,0xff,0xff,0xdb,0xf2,0xff,0xff,0xda,0xf1,0xff,0xfd,0xe0,0xf7,0xff,0xfd,0xdf,0xf5,0xff,0xf0,0xd6,0xf4,0xff,0x19,0xff,0xff,0xff,0x01,0xff,0xff,0xff,0x01,
0x00,0x00,0x00,0x00,0x00,0x00,0x00,0x00,0x00,0x00,0x00,0x00,0x00,0x00,0x00,0x00,0x00,0x00,0x00,0x01,0xff,0x00,0x00,0x01,0x48,0x48,0x48,0x07,0x5a,0x43,0x38,0xd5,
0x5c,0x44,0x39,0xfd,0x61,0x47,0x3c,0xff,0x5a,0x42,0x38,0x8d,0x00,0x00,0x00,0x00,0x7f,0x3f,0x3f,0x04,0x00,0x00,0x00,0x00,0x00,0x00,0x00,0x00,0x00,0x00,0x00,0x00,
0x00,0x00,0x00,0x00,0x00,0x00,0x00,0x00,0x00,0x00,0x00,0x00,0xaa,0x55,0x55,0x03,0x00,0x00,0x00,0x00,0x5b,0x42,0x38,0x7e,0x61,0x47,0x3b,0xff,0x5c,0x44,0x38,0xfe,
0x5b,0x43,0x38,0xe8,0x4c,0x33,0x33,0x0a,0x00,0x00,0x00,0x00,0x00,0x00,0x00,0x01,0x00,0x00,0x00,0x00,0x00,0x00,0x00,0x00,0x00,0x00,0x00,0x00,0x00,0x00,0x00,0x00,
0xff,0xff,0xff,0x04,0x00,0x00,0x00,0x00,0xdc,0xf3,0xff,0x59,0xea,0xff,0xff,0xff,0xda,0xf1,0xff,0xfb,0xdb,0xf1,0xff,0xff,0xde,0xf7,0xff,0xff,0xcb,0xd2,0xf2,0xff,
0xc5,0xc6,0xed,0xff,0xdc,0xf4,0xff,0xff,0xdb,0xf3,0xff,0xff,0xdb,0xf2,0xff,0xff,0xdb,0xf2,0xff,0xff,0xdb,0xf2,0xff,0xff,0xdb,0xf2,0xff,0xff,0xdb,0xf2,0xff,0xff,
0xdb,0xf2,0xff,0xff,0xdb,0xf2,0xff,0xff,0xdb,0xf2,0xff,0xff,0xdb,0xf2,0xff,0xff,0xdb,0xf2,0xff,0xff,0xdb,0xf2,0xff,0xff,0xdb,0xf2,0xff,0xff,0xdb,0xf2,0xff,0xff,
0xdb,0xf2,0xff,0xff,0xdb,0xf2,0xff,0xff,0xdb,0xf2,0xff,0xff,0xd9,0xf0,0xff,0xfb,0xeb,0xff,0xff,0xff,0xda,0xf0,0xff,0x9b,0x00,0x00,0x00,0x00,0xff,0xff,0xff,0x03,
0x00,0x00,0x00,0x00,0x00,0x00,0x00,0x00,0x00,0x00,0x00,0x00,0x00,0x00,0x00,0x00,0x00,0x00,0x00,0x00,0x7f,0x3f,0x3f,0x04,0x00,0x00,0x00,0x00,0x5a,0x42,0x37,0x73,
0x62,0x48,0x3c,0xff,0x5b,0x43,0x38,0xfd,0x5b,0x43,0x38,0xe9,0x59,0x3f,0x33,0x14,0x00,0x00,0x00,0x01,0x00,0x00,0x00,0x01,0x00,0x00,0x00,0x00,0x00,0x00,0x00,0x00,
0x00,0x00,0x00,0x00,0x00,0x00,0x00,0x00,0x00,0x00,0x00,0x01,0xff,0xff,0xff,0x01,0x5f,0x3f,0x3f,0x08,0x5b,0x42,0x37,0xdd,0x5d,0x44,0x39,0xfe,0x61,0x47,0x3b,0xff,
0x5a,0x43,0x37,0x81,0x00,0x00,0x00,0x00,0xaa,0x55,0x55,0x03,0x00,0x00,0x00,0x00,0x00,0x00,0x00,0x00,0x00,0x00,0x00,0x00,0x00,0x00,0x00,0x00,0x00,0x00,0x00,0x00,
0xff,0xff,0xff,0x02,0xff,0xff,0xff,0x01,0xd9,0xf0,0xff,0xbf,0xe6,0xfd,0xff,0xfe,0xda,0xf0,0xfd,0xfc,0xde,0xf7,0xff,0xff,0xcb,0xd3,0xf2,0xff,0xa8,0x8c,0xd7,0xff,
0xa5,0x87,0xd5,0xff,0xc1,0xbe,0xea,0xff,0xde,0xf7,0xff,0xff,0xdb,0xf1,0xff,0xff,0xdb,0xf2,0xff,0xff,0xdb,0xf2,0xff,0xff,0xdb,0xf2,0xff,0xff,0xdb,0xf2,0xff,0xff,
0xdb,0xf2,0xff,0xff,0xdb,0xf2,0xff,0xff,0xdb,0xf2,0xff,0xff,0xdb,0xf2,0xff,0xff,0xdb,0xf2,0xff,0xff,0xdb,0xf2,0xff,0xff,0xdb,0xf2,0xff,0xff,0xdb,0xf2,0xff,0xff,
0xdb,0xf2,0xff,0xff,0xdb,0xf2,0xff,0xff,0xdb,0xf2,0xff,0xff,0xda,0xf1,0xff,0xfe,0xdf,0xf6,0xff,0xfe,0xdd,0xf5,0xff,0xeb,0xda,0xf2,0xff,0x15,0x00,0x00,0x00,0x00,
0xff,0xff,0xff,0x01,0x00,0x00,0x00,0x00,0x00,0x00,0x00,0x00,0x00,0x00,0x00,0x00,0x00,0x00,0x00,0x00,0x00,0x00,0x00,0x01,0x00,0x00,0x00,0x01,0x5c,0x45,0x39,0x16,
0x5c,0x44,0x38,0xeb,0x5b,0x43,0x38,0xfd,0x61,0x48,0x3c,0xff,0x5b,0x42,0x38,0x64,0x00,0x00,0x00,0x00,0x7f,0x3f,0x3f,0x04,0x00,0x00,0x00,0x00,0x00,0x00,0x00,0x00,
0x00,0x00,0x00,0x00,0x00,0x00,0x00,0x00,0x7f,0x3f,0x3f,0x04,0x00,0x00,0x00,0x00,0x5b,0x44,0x39,0x59,0x60,0x47,0x3b,0xff,0x5a,0x42,0x37,0xfd,0x5c,0x45,0x38,0xf7,
0x5a,0x43,0x34,0x22,0x00,0x00,0x00,0x00,0x00,0x00,0x00,0x02,0x00,0x00,0x00,0x00,0x00,0x00,0x00,0x00,0x00,0x00,0x00,0x00,0x00,0x00,0x00,0x00,0xff,0xff,0xff,0x02,
0x00,0x00,0x00,0x00,0xd8,0xf2,0xff,0x28,0xdf,0xf6,0xff,0xfb,0xdb,0xf3,0xff,0xfe,0xda,0xf0,0xfe,0xff,0xdf,0xf9,0xff,0xff,0xc4,0xc3,0xed,0xff,0xa8,0x8d,0xd7,0xff,
0xaa,0x90,0xd9,0xff,0xb5,0xa7,0xe1,0xff,0xdd,0xf6,0xff,0xff,0xdb,0xf1,0xff,0xff,0xdb,0xf2,0xff,0xff,0xdb,0xf2,0xff,0xff,0xdb,0xf2,0xff,0xff,0xdb,0xf2,0xff,0xff,
0xdb,0xf2,0xff,0xff,0xdb,0xf2,0xff,0xff,0xdb,0xf2,0xff,0xff,0xdb,0xf2,0xff,0xff,0xdb,0xf2,0xff,0xff,0xdb,0xf2,0xff,0xff,0xdb,0xf2,0xff,0xff,0xdb,0xf2,0xff,0xff,
0xdb,0xf2,0xff,0xff,0xdb,0xf2,0xff,0xff,0xdb,0xf2,0xff,0xff,0xdb,0xf2,0xff,0xff,0xd9,0xf0,0xff,0xfc,0xea,0xff,0xff,0xff,0xdc,0xf1,0xff,0x61,0x00,0x00,0x00,0x00,
0xff,0xff,0xff,0x04,0x00,0x00,0x00,0x00,0x00,0x00,0x00,0x00,0x00,0x00,0x00,0x00,0x00,0x00,0x00,0x00,0x00,0x00,0x00,0x00,0xaa,0x55,0x55,0x03,0x00,0x00,0x00,0x00,
0x5a,0x43,0x37,0x9b,0x60,0x47,0x3b,0xff,0x5d,0x45,0x39,0xfe,0x5a,0x43,0x38,0xd5,0x3f,0x3f,0x3f,0x04,0xff,0x00,0x00,0x01,0x00,0x00,0x00,0x00,0x00,0x00,0x00,0x00,
0x00,0x00,0x00,0x00,0x00,0x00,0x00,0x00,0x7f,0x7f,0x7f,0x02,0x00,0x00,0x00,0x00,0x5a,0x42,0x38,0xbf,0x5e,0x45,0x3a,0xfe,0x60,0x47,0x3b,0xff,0x5a,0x43,0x37,0xa6,
0x00,0x00,0x00,0x00,0xaa,0x55,0x55,0x03,0x00,0x00,0x00,0x00,0x00,0x00,0x00,0x00,0x00,0x00,0x00,0x00,0x00,0x00,0x00,0x00,0x00,0x00,0x00,0x00,0xff,0xff,0xff,0x04,
0x00,0x00,0x00,0x00,0xda,0xf1,0xff,0x71,0xea,0xff,0xff,0xff,0xda,0xf1,0xff,0xfb,0xda,0xf0,0xfe,0xff,0xdf,0xf9,0xff,0xff,0xc5,0xc6,0xed,0xff,0xa8,0x8d,0xd7,0xff,
0xa8,0x8d,0xd7,0xff,0xc0,0xbd,0xea,0xff,0xde,0xf8,0xff,0xff,0xda,0xf0,0xfe,0xff,0xdb,0xf2,0xff,0xff,0xdb,0xf2,0xff,0xff,0xdb,0xf2,0xff,0xff,0xdb,0xf2,0xff,0xff,
0xdb,0xf2,0xff,0xff,0xdb,0xf2,0xff,0xff,0xdb,0xf2,0xff,0xff,0xdb,0xf2,0xff,0xff,0xdb,0xf2,0xff,0xff,0xdb,0xf2,0xff,0xff,0xdb,0xf2,0xff,0xff,0xdb,0xf2,0xff,0xff,
0xdb,0xf2,0xff,0xff,0xdb,0xf2,0xff,0xff,0xdb,0xf2,0xff,0xff,0xdb,0xf2,0xff,0xff,0xda,0xf1,0xff,0xfc,0xe8,0xff,0xff,0xfe,0xda,0xf1,0xff,0xb0,0x00,0x00,0x00,0x00,
0xff,0xff,0xff,0x03,0x00,0x00,0x00,0x00,0x00,0x00,0x00,0x00,0x00,0x00,0x00,0x00,0x00,0x00,0x00,0x00,0x00,0x00,0x00,0x00,0x7f,0x00,0x00,0x02,0x00,0x00,0x00,0x01,
0x5b,0x42,0x36,0x2a,0x5d,0x45,0x38,0xfb,0x5a,0x43,0x37,0xfe,0x5e,0x46,0x3a,0xfe,0x5c,0x41,0x36,0x42,0x00,0x00,0x00,0x00,0x55,0x55,0x55,0x03,0x00,0x00,0x00,0x00,
0x00,0x00,0x00,0x00,0x55,0x55,0x55,0x03,0x00,0x00,0x00,0x00,0x5b,0x41,0x39,0x59,0x5f,0x46,0x3a,0xfc,0x5a,0x42,0x37,0xf9,0x5f,0x47,0x3b,0xff,0x5b,0x43,0x37,0x40,
0x00,0x00,0x00,0x00,0x55,0x55,0x55,0x03,0x00,0x00,0x00,0x00,0x00,0x00,0x00,0x00,0x00,0x00,0x00,0x00,0x00,0x00,0x00,0x00,0x00,0x00,0x00,0x00,0xff,0xff,0xff,0x03,
0x00,0x00,0x00,0x00,0xda,0xf1,0xff,0xae,0xe8,0xff,0xff,0xff,0xda,0xf1,0xff,0xfc,0xda,0xf0,0xfe,0xff,0xdf,0xf9,0xff,0xff,0xc2,0xc0,0xeb,0xff,0xa8,0x8c,0xd7,0xff,
0xa8,0x8c,0xd7,0xff,0xc3,0xc2,0xec,0xff,0xdf,0xf9,0xff,0xff,0xda,0xf0,0xfe,0xff,0xdb,0xf2,0xff,0xff,0xdb,0xf2,0xff,0xff,0xdb,0xf2,0xff,0xff,0xdb,0xf2,0xff,0xff,
0xdb,0xf2,0xff,0xff,0xdb,0xf2,0xff,0xff,0xdb,0xf2,0xff,0xff,0xdb,0xf2,0xff,0xff,0xdb,0xf2,0xff,0xff,0xdb,0xf2,0xff,0xff,0xdb,0xf2,0xff,0xff,0xdb,0xf2,0xff,0xff,
0xdb,0xf2,0xff,0xff,0xdb,0xf2,0xff,0xff,0xdb,0xf2,0xff,0xff,0xdb,0xf2,0xff,0xff,0xda,0xf1,0xff,0xfe,0xe1,0xf9,0xff,0xff,0xdb,0xf1,0xff,0xe3,0xcc,0xe5,0xff,0x0a,
0x00,0x00,0x00,0x00,0xff,0xff,0xff,0x01,0x00,0x00,0x00,0x00,0x00,0x00,0x00,0x00,0x00,0x00,0x00,0x00,0x00,0x00,0x00,0x00,0x00,0x00,0x00,0x00,0x7f,0x7f,0x7f,0x02,
0x00,0x00,0x00,0x01,0x5a,0x43,0x37,0xbd,0x5f,0x45,0x3a,0xfc,0x5f,0x45,0x3a,0xfc,0x5b,0x42,0x37,0xb7,0x00,0x00,0x00,0x00,0x55,0x55,0x55,0x03,0x00,0x00,0x00,0x00,
0x00,0x00,0x00,0x00,0x7f,0x3f,0x3f,0x04,0x00,0x00,0x00,0x00,0x5b,0x43,0x36,0x75,0x65,0x4a,0x3e,0xff,0x64,0x49,0x3d,0xff,0x5a,0x42,0x37,0xb9,0x00,0x00,0x00,0x00,
0x7f,0x7f,0x7f,0x02,0x00,0x00,0x00,0x00,0x00,0x00,0x00,0x00,0x00,0x00,0x00,0x00,0x00,0x00,0x00,0x00,0x00,0x00,0x00,0x00,0x00,0x00,0x00,0x00,0xff,0xff,0xff,0x01,
0xff,0xff,0xff,0x04,0xda,0xf1,0xff,0xcd,0xe5,0xfd,0xff,0xff,0xda,0xf1,0xff,0xfd,0xdb,0xf1,0xff,0xff,0xdd,0xf6,0xff,0xff,0xb8,0xad,0xe4,0xff,0xa9,0x8e,0xd7,0xff,
0xa9,0x8e,0xd8,0xff,0xcc,0xd3,0xf3,0xff,0xde,0xf7,0xff,0xff,0xda,0xf1,0xff,0xff,0xdb,0xf2,0xff,0xff,0xdb,0xf2,0xff,0xff,0xdb,0xf2,0xff,0xff,0xdb,0xf2,0xff,0xff,
0xdb,0xf2,0xff,0xff,0xdb,0xf2,0xff,0xff,0xdb,0xf2,0xff,0xff,0xdb,0xf2,0xff,0xff,0xdb,0xf2,0xff,0xff,0xdb,0xf2,0xff,0xff,0xdb,0xf2,0xff,0xff,0xdb,0xf2,0xff,0xff,
0xdb,0xf2,0xff,0xff,0xdb,0xf2,0xff,0xff,0xdb,0xf2,0xff,0xff,0xdb,0xf2,0xff,0xff,0xda,0xf1,0xff,0xfe,0xdd,0xf4,0xff,0xfe,0xde,0xf5,0xff,0xf4,0xdd,0xf6,0xff,0x1e,
0x00,0x00,0x00,0x00,0xff,0xff,0xff,0x02,0x00,0x00,0x00,0x00,0x00,0x00,0x00,0x00,0x00,0x00,0x00,0x00,0x00,0x00,0x00,0x00,0x00,0x00,0x00,0x00,0x7f,0x3f,0x3f,0x04,
0x00,0x00,0x00,0x00,0x5d,0x44,0x38,0x68,0x65,0x4a,0x3e,0xff,0x64,0x49,0x3e,0xff,0x5b,0x43,0x38,0xaf,0x00,0x00,0x00,0x00,0x7f,0x7f,0x7f,0x02,0x00,0x00,0x00,0x00,
0x00,0x00,0x00,0x00,0x00,0x00,0x00,0x00,0xff,0x00,0x00,0x01,0x55,0x55,0x55,0x03,0x5a,0x43,0x39,0x8f,0x5d,0x44,0x39,0xb2,0x63,0x46,0x38,0x12,0x00,0x00,0x00,0x01,
0x00,0x00,0x00,0x01,0x00,0x00,0x00,0x00,0x00,0x00,0x00,0x00,0x00,0x00,0x00,0x00,0x00,0x00,0x00,0x00,0x00,0x00,0x00,0x00,0xff,0xff,0xff,0x01,0x00,0x00,0x00,0x00,
0xd4,0xf0,0xff,0x12,0xdb,0xf2,0xff,0xef,0xdf,0xf6,0xff,0xff,0xda,0xf1,0xff,0xfe,0xdb,0xf1,0xff,0xff,0xdd,0xf5,0xff,0xff,0xb6,0xa9,0xe2,0xff,0xa9,0x8e,0xd7,0xff,
0xa9,0x8f,0xd8,0xff,0xcf,0xd9,0xf5,0xff,0xde,0xf7,0xff,0xff,0xda,0xf1,0xff,0xff,0xdb,0xf2,0xff,0xff,0xdb,0xf2,0xff,0xff,0xdb,0xf2,0xff,0xff,0xdb,0xf2,0xff,0xff,
0xdb,0xf2,0xff,0xff,0xdb,0xf2,0xff,0xff,0xdb,0xf2,0xff,0xff,0xdb,0xf2,0xff,0xff,0xdb,0xf2,0xff,0xff,0xdb,0xf2,0xff,0xff,0xdb,0xf2,0xff,0xff,0xdb,0xf2,0xff,0xff,
0xdb,0xf2,0xff,0xff,0xdb,0xf2,0xff,0xff,0xdb,0xf2,0xff,0xff,0xdb,0xf2,0xff,0xff,0xdb,0xf2,0xff,0xff,0xda,0xf1,0xff,0xfd,0xe6,0xfe,0xff,0xff,0xdc,0xf3,0xff,0x43,
0x00,0x00,0x00,0x00,0xff,0xff,0xff,0x03,0x00,0x00,0x00,0x00,0x00,0x00,0x00,0x00,0x00,0x00,0x00,0x00,0x00,0x00,0x00,0x00,0x00,0x00,0x00,0x00,0x00,0x00,0x00,0x00,
0x7f,0x7f,0x7f,0x02,0x55,0x2a,0x2a,0x06,0x5a,0x43,0x39,0x8f,0x5d,0x44,0x39,0xb2,0x59,0x3f,0x33,0x14,0x00,0x00,0x00,0x00,0x00,0x00,0x00,0x01,0x00,0x00,0x00,0x00,
0x00,0x00,0x00,0x00,0x00,0x00,0x00,0x00,0x00,0x00,0x00,0x00,0x00,0x00,0x00,0x00,0x00,0x00,0x00,0x00,0x00,0x00,0x00,0x00,0x00,0x00,0x00,0x00,0x00,0x00,0x00,0x00,
0x00,0x00,0x00,0x00,0x00,0x00,0x00,0x00,0x00,0x00,0x00,0x00,0x00,0x00,0x00,0x00,0x00,0x00,0x00,0x00,0x00,0x00,0x00,0x00,0xff,0xff,0xff,0x01,0x00,0x00,0x00,0x00,
0xd2,0xf0,0xff,0x11,0xdb,0xf2,0xff,0xed,0xdf,0xf6,0xff,0xff,0xda,0xf1,0xff,0xfe,0xdc,0xf4,0xff,0xff,0xd8,0xed,0xfd,0xff,0xaf,0x9a,0xdc,0xff,0xa9,0x8f,0xd8,0xff,
0xad,0x96,0xdb,0xff,0xd6,0xe7,0xfb,0xff,0xdd,0xf5,0xff,0xff,0xdb,0xf2,0xff,0xff,0xdb,0xf2,0xff,0xff,0xdb,0xf2,0xff,0xff,0xdb,0xf2,0xff,0xff,0xdb,0xf2,0xff,0xff,
0xdb,0xf2,0xff,0xff,0xdb,0xf2,0xff,0xff,0xdb,0xf2,0xff,0xff,0xdb,0xf2,0xff,0xff,0xdb,0xf2,0xff,0xff,0xdb,0xf2,0xff,0xff,0xdb,0xf2,0xff,0xff,0xdb,0xf2,0xff,0xff,
0xdb,0xf2,0xff,0xff,0xdb,0xf2,0xff,0xff,0xdb,0xf2,0xff,0xff,0xdb,0xf2,0xff,0xff,0xdb,0xf2,0xff,0xff,0xda,0xf1,0xff,0xfd,0xe4,0xfc,0xff,0xff,0xdb,0xf3,0xff,0x40,
0x00,0x00,0x00,0x00,0xff,0xff,0xff,0x03,0x00,0x00,0x00,0x00,0x00,0x00,0x00,0x00,0x00,0x00,0x00,0x00,0x00,0x00,0x00,0x00,0x00,0x00,0x00,0x00,0x00,0x00,0x00,0x00,
0x00,0x00,0x00,0x00,0x00,0x00,0x00,0x00,0x00,0x00,0x00,0x00,0x00,0x00,0x00,0x00,0x00,0x00,0x00,0x00,0x00,0x00,0x00,0x00,0x00,0x00,0x00,0x00,0x00,0x00,0x00,0x00,
0x00,0x00,0x00,0x00,0x00,0x00,0x00,0x00,0x00,0x00,0x00,0x00,0x00,0x00,0x00,0x00,0x55,0x55,0x55,0x03,0x55,0x55,0x55,0x03,0x00,0x00,0x00,0x01,0x00,0x00,0x00,0x00,
0x00,0x00,0x00,0x00,0x00,0x00,0x00,0x00,0x00,0x00,0x00,0x00,0x00,0x00,0x00,0x00,0x00,0x00,0x00,0x00,0x00,0x00,0x00,0x00,0xff,0xff,0xff,0x01,0x00,0x00,0x00,0x00,
0xd4,0xf0,0xff,0x12,0xdc,0xf2,0xff,0xf1,0xde,0xf5,0xff,0xff,0xda,0xf1,0xff,0xfe,0xdc,0xf4,0xff,0xff,0xd8,0xed,0xfd,0xff,0xae,0x98,0xdc,0xff,0xa9,0x8f,0xd8,0xff,
0xae,0x99,0xdc,0xff,0xd8,0xed,0xfd,0xff,0xdc,0xf4,0xff,0xff,0xdb,0xf2,0xff,0xff,0xdb,0xf2,0xff,0xff,0xdb,0xf2,0xff,0xff,0xdb,0xf2,0xff,0xff,0xdb,0xf2,0xff,0xff,
0xdb,0xf2,0xff,0xff,0xdb,0xf2,0xff,0xff,0xdb,0xf2,0xff,0xff,0xdb,0xf2,0xff,0xff,0xdb,0xf2,0xff,0xff,0xdb,0xf2,0xff,0xff,0xdb,0xf2,0xff,0xff,0xdb,0xf2,0xff,0xff,
0xdb,0xf2,0xff,0xff,0xdb,0xf2,0xff,0xff,0xdb,0xf2,0xff,0xff,0xdb,0xf2,0xff,0xff,0xdb,0xf2,0xff,0xff,0xda,0xf1,0xff,0xfd,0xe7,0xff,0xff,0xff,0xda,0xf0,0xff,0x45,
0x00,0x00,0x00,0x00,0xff,0xff,0xff,0x03,0x00,0x00,0x00,0x00,0x00,0x00,0x00,0x00,0x00,0x00,0x00,0x00,0x00,0x00,0x00,0x00,0x00,0x00,0x00,0x00,0x00,0x00,0x00,0x00,
0x00,0x00,0x00,0x00,0x00,0x00,0x00,0x00,0x55,0x55,0x55,0x03,0x55,0x55,0x55,0x03,0x00,0x00,0x00,0x01,0x00,0x00,0x00,0x00,0x00,0x00,0x00,0x00,0x00,0x00,0x00,0x00,
0x00,0x00,0x00,0x00,0x00,0x00,0x00,0x00,0x00,0x00,0x00,0x00,0x00,0x00,0x00,0x00,0x00,0x00,0x00,0x00,0x00,0x00,0x00,0x00,0x00,0x00,0x00,0x00,0x00,0x00,0x00,0x00,
0x00,0x00,0x00,0x00,0x00,0x00,0x00,0x00,0x00,0x00,0x00,0x00,0x00,0x00,0x00,0x00,0x00,0x00,0x00,0x00,0x00,0x00,0x00,0x00,0xff,0xff,0xff,0x01,0xff,0xff,0xff,0x01,
0xc6,0xe2,0xff,0x09,0xdb,0xf1,0xff,0xd7,0xe3,0xfb,0xff,0xff,0xda,0xf0,0xfd,0xfd,0xde,0xf8,0xff,0xff,0xc9,0xcd,0xf0,0xff,0xa9,0x8f,0xd8,0xff,0xaa,0x90,0xd9,0xff,
0xb4,0xa5,0xe0,0xff,0xdb,0xf3,0xfe,0xff,0xdb,0xf2,0xff,0xff,0xdb,0xf2,0xff,0xff,0xdb,0xf2,0xff,0xff,0xdb,0xf2,0xff,0xff,0xdb,0xf2,0xff,0xff,0xdb,0xf2,0xff,0xff,
0xdb,0xf2,0xff,0xff,0xdb,0xf2,0xff,0xff,0xdb,0xf2,0xff,0xff,0xdb,0xf2,0xff,0xff,0xdb,0xf2,0xff,0xff,0xdb,0xf2,0xff,0xff,0xdb,0xf2,0xff,0xff,0xdb,0xf2,0xff,0xff,
0xdb,0xf2,0xff,0xff,0xdb,0xf2,0xff,0xff,0xdb,0xf2,0xff,0xff,0xdb,0xf2,0xff,0xff,0xdb,0xf2,0xff,0xff,0xdc,0xf3,0xff,0xfe,0xe1,0xf7,0xff,0xf7,0xd9,0xf2,0xff,0x29,
0x00,0x00,0x00,0x00,0xff,0xff,0xff,0x02,0x00,0x00,0x00,0x00,0x00,0x00,0x00,0x00,0x00,0x00,0x00,0x00,0x00,0x00,0x00,0x00,0x00,0x00,0x00,0x00,0x00,0x00,0x00,0x00,
0x00,0x00,0x00,0x00,0x00,0x00,0x00,0x00,0x00,0x00,0x00,0x00,0x00,0x00,0x00,0x00,0x00,0x00,0x00,0x00,0x00,0x00,0x00,0x00,0x00,0x00,0x00,0x00,0x00,0x00,0x00,0x00,
0x00,0x00,0x00,0x00,0x00,0x00,0x00,0x00,0x00,0x00,0x00,0x00,0x00,0x00,0x00,0x00,0x00,0x00,0x00,0x00,0x00,0x00,0x00,0x00,0x00,0x00,0x00,0x00,0x00,0x00,0x00,0x00,
0x00,0x00,0x00,0x00,0x00,0x00,0x00,0x00,0x00,0x00,0x00,0x00,0x00,0x00,0x00,0x00,0x00,0x00,0x00,0x00,0x00,0x00,0x00,0x00,0x00,0x00,0x00,0x00,0xff,0xff,0xff,0x02,
0x00,0x00,0x00,0x00,0xda,0xf2,0xff,0xb6,0xe8,0xff,0xff,0xff,0xda,0xef,0xfd,0xfc,0xdf,0xf9,0xff,0xff,0xc5,0xc7,0xee,0xff,0xa6,0x88,0xd5,0xff,0xa6,0x88,0xd5,0xff,
0xbb,0xb2,0xe6,0xff,0xde,0xf7,0xff,0xff,0xdb,0xf1,0xff,0xff,0xdb,0xf2,0xff,0xff,0xdb,0xf2,0xff,0xff,0xdb,0xf2,0xff,0xff,0xdb,0xf2,0xff,0xff,0xdb,0xf2,0xff,0xff,
0xdb,0xf2,0xff,0xff,0xdb,0xf2,0xff,0xff,0xdb,0xf2,0xff,0xff,0xdb,0xf2,0xff,0xff,0xdb,0xf2,0xff,0xff,0xdb,0xf2,0xff,0xff,0xdb,0xf2,0xff,0xff,0xdb,0xf2,0xff,0xff,
0xdb,0xf2,0xff,0xff,0xdb,0xf2,0xff,0xff,0xdb,0xf2,0xff,0xff,0xdb,0xf2,0xff,0xff,0xda,0xf1,0xff,0xfe,0xe0,0xf7,0xff,0xff,0xd9,0xf0,0xff,0xea,0xd4,0xff,0xff,0x0c,
0x00,0x00,0x00,0x00,0xff,0xff,0xff,0x01,0x00,0x00,0x00,0x00,0x00,0x00,0x00,0x00,0x00,0x00,0x00,0x00,0x00,0x00,0x00,0x00,0x00,0x00,0x00,0x00,0x00,0x00,0x00,0x00,
0x00,0x00,0x00,0x00,0x00,0x00,0x00,0x00,0x00,0x00,0x00,0x00,0x00,0x00,0x00,0x00,0x00,0x00,0x00,0x00,0x00,0x00,0x00,0x00,0x00,0x00,0x00,0x00,0x00,0x00,0x00,0x00,
0x00,0x00,0x00,0x00,0x00,0x00,0x00,0x00,0x00,0x00,0x00,0x00,0x00,0x00,0x00,0x00,0x00,0x00,0x00,0x00,0x00,0x00,0x00,0x00,0x00,0x00,0x00,0x00,0x00,0x00,0x00,0x00,
0x00,0x00,0x00,0x00,0x00,0x00,0x00,0x00,0x00,0x00,0x00,0x00,0x00,0x00,0x00,0x00,0x00,0x00,0x00,0x00,0x00,0x00,0x00,0x00,0x00,0x00,0x00,0x00,0xff,0xff,0xff,0x04,
0x00,0x00,0x00,0x00,0xda,0xf1,0xff,0x85,0xeb,0xff,0xff,0xff,0xda,0xf1,0xff,0xfb,0xdb,0xf2,0xff,0xff,0xdc,0xf4,0xff,0xff,0xc0,0xbc,0xea,0xff,0xb9,0xad,0xe4,0xff,
0xd8,0xeb,0xfc,0xff,0xdc,0xf4,0xff,0xff,0xdb,0xf2,0xff,0xff,0xdb,0xf2,0xff,0xff,0xdb,0xf2,0xff,0xff,0xdb,0xf2,0xff,0xff,0xdb,0xf2,0xff,0xff,0xdb,0xf2,0xff,0xff,
0xdb,0xf2,0xff,0xff,0xdb,0xf2,0xff,0xff,0xdb,0xf2,0xff,0xff,0xdb,0xf2,0xff,0xff,0xdb,0xf2,0xff,0xff,0xdb,0xf2,0xff,0xff,0xdb,0xf2,0xff,0xff,0xdb,0xf2,0xff,0xff,
0xdb,0xf2,0xff,0xff,0xdb,0xf2,0xff,0xff,0xdb,0xf2,0xff,0xff,0xdb,0xf2,0xff,0xff,0xda,0xf1,0xff,0xfc,0xe6,0xfe,0xff,0xff,0xdb,0xf1,0xff,0xc1,0xff,0xff,0xff,0x02,
0xff,0xff,0xff,0x02,0x00,0x00,0x00,0x00,0x00,0x00,0x00,0x00,0x00,0x00,0x00,0x00,0x00,0x00,0x00,0x00,0x00,0x00,0x00,0x00,0x00,0x00,0x00,0x00,0x00,0x00,0x00,0x00,
0x00,0x00,0x00,0x00,0x00,0x00,0x00,0x00,0x00,0x00,0x00,0x00,0x00,0x00,0x00,0x00,0x00,0x00,0x00,0x00,0x00,0x00,0x00,0x00,0x00,0x00,0x00,0x00,0x00,0x00,0x00,0x00,
0x00,0x00,0x00,0x00,0x00,0x00,0x00,0x00,0x00,0x00,0x00,0x00,0x00,0x00,0x00,0x00,0x00,0x00,0x00,0x00,0x00,0x00,0x00,0x00,0x00,0x00,0x00,0x00,0x00,0x00,0x00,0x00,
0x00,0x00,0x00,0x00,0x00,0x00,0x00,0x00,0x00,0x00,0x00,0x00,0x00,0x00,0x00,0x00,0x00,0x00,0x00,0x00,0x00,0x00,0x00,0x00,0x00,0x00,0x00,0x00,0xff,0xff,0xff,0x04,
0x00,0x00,0x00,0x00,0xda,0xf0,0xff,0x7f,0xeb,0xff,0xff,0xff,0xda,0xf1,0xff,0xfb,0xdb,0xf2,0xff,0xff,0xdb,0xf3,0xff,0xff,0xdd,0xf7,0xff,0xff,0xde,0xf7,0xff,0xff,
0xdc,0xf4,0xff,0xff,0xdb,0xf2,0xff,0xff,0xdb,0xf2,0xff,0xff,0xdb,0xf2,0xff,0xff,0xdb,0xf2,0xff,0xff,0xdb,0xf2,0xff,0xff,0xdb,0xf2,0xff,0xff,0xdb,0xf2,0xff,0xff,
0xdb,0xf2,0xff,0xff,0xdb,0xf2,0xff,0xff,0xdb,0xf2,0xff,0xff,0xdb,0xf2,0xff,0xff,0xdb,0xf2,0xff,0xff,0xdb,0xf2,0xff,0xff,0xdb,0xf2,0xff,0xff,0xdb,0xf2,0xff,0xff,
0xdb,0xf2,0xff,0xff,0xdb,0xf2,0xff,0xff,0xdb,0xf2,0xff,0xff,0xdb,0xf2,0xff,0xff,0xda,0xf1,0xff,0xfc,0xe7,0xff,0xff,0xff,0xda,0xf1,0xff,0xbd,0x00,0x00,0x00,0x00,
0xff,0xff,0xff,0x02,0x00,0x00,0x00,0x00,0x00,0x00,0x00,0x00,0x00,0x00,0x00,0x00,0x00,0x00,0x00,0x00,0x00,0x00,0x00,0x00,0x00,0x00,0x00,0x00,0x00,0x00,0x00,0x00,
0x00,0x00,0x00,0x00,0x00,0x00,0x00,0x00,0x00,0x00,0x00,0x00,0x00,0x00,0x00,0x00,0x00,0x00,0x00,0x00,0x00,0x00,0x00,0x00,0x00,0x00,0x00,0x00,0x00,0x00,0x00,0x00,
0x00,0x00,0x00,0x00,0x00,0x00,0x00,0x00,0x00,0x00,0x00,0x00,0x00,0x00,0x00,0x00,0x00,0x00,0x00,0x00,0x00,0x00,0x00,0x00,0x00,0x00,0x00,0x00,0x00,0x00,0x00,0x00,
0x00,0x00,0x00,0x00,0x00,0x00,0x00,0x00,0x00,0x00,0x00,0x00,0x00,0x00,0x00,0x00,0x00,0x00,0x00,0x00,0x00,0x00,0x00,0x00,0x00,0x00,0x00,0x00,0xff,0xff,0xff,0x04,
0x00,0x00,0x00,0x00,0xdb,0xf1,0xff,0x81,0xeb,0xff,0xff,0xff,0xda,0xf1,0xff,0xfb,0xdb,0xf2,0xff,0xff,0xdb,0xf2,0xff,0xff,0xda,0xf1,0xff,0xff,0xda,0xf1,0xff,0xff,
0xdb,0xf2,0xff,0xff,0xdb,0xf2,0xff,0xff,0xdb,0xf2,0xff,0xff,0xdb,0xf2,0xff,0xff,0xdb,0xf2,0xff,0xff,0xdb,0xf2,0xff,0xff,0xdb,0xf2,0xff,0xff,0xdb,0xf2,0xff,0xff,
0xdb,0xf2,0xff,0xff,0xdb,0xf2,0xff,0xff,0xdb,0xf2,0xff,0xff,0xdb,0xf2,0xff,0xff,0xdb,0xf2,0xff,0xff,0xdb,0xf2,0xff,0xff,0xdb,0xf2,0xff,0xff,0xdb,0xf2,0xff,0xff,
0xdb,0xf2,0xff,0xff,0xdb,0xf2,0xff,0xff,0xdb,0xf2,0xff,0xff,0xdb,0xf2,0xff,0xff,0xda,0xf1,0xff,0xfc,0xe7,0xff,0xff,0xff,0xda,0xf1,0xff,0xbf,0x00,0x00,0x00,0x00,
0xff,0xff,0xff,0x02,0x00,0x00,0x00,0x00,0x00,0x00,0x00,0x00,0x00,0x00,0x00,0x00,0x00,0x00,0x00,0x00,0x00,0x00,0x00,0x00,0x00,0x00,0x00,0x00,0x00,0x00,0x00,0x00,
0x00,0x00,0x00,0x00,0x00,0x00,0x00,0x00,0x00,0x00,0x00,0x00,0x00,0x00,0x00,0x00,0x00,0x00,0x00,0x00,0x00,0x00,0x00,0x00,0x00,0x00,0x00,0x00,0x00,0x00,0x00,0x00,
0x00,0x00,0x00,0x00,0x00,0x00,0x00,0x00,0x00,0x00,0x00,0x00,0x00,0x00,0x00,0x00,0x00,0x00,0x00,0x00,0x00,0x00,0x00,0x00,0x00,0x00,0x00,0x00,0x00,0x00,0x00,0x00,
0x00,0x00,0x00,0x00,0x00,0x00,0x00,0x00,0x00,0x00,0x00,0x00,0x00,0x00,0x00,0x00,0x00,0x00,0x00,0x00,0x00,0x00,0x00,0x00,0x00,0x00,0x00,0x00,0xff,0xff,0xff,0x04,
0x00,0x00,0x00,0x00,0xdc,0xf0,0xff,0x7d,0xeb,0xff,0xff,0xff,0xda,0xf1,0xff,0xfb,0xdb,0xf2,0xff,0xff,0xdb,0xf2,0xff,0xff,0xdb,0xf2,0xff,0xff,0xdb,0xf2,0xff,0xff,
0xdb,0xf2,0xff,0xff,0xdb,0xf2,0xff,0xff,0xdb,0xf2,0xff,0xff,0xdb,0xf2,0xff,0xff,0xdb,0xf2,0xff,0xff,0xdb,0xf2,0xff,0xff,0xdb,0xf2,0xff,0xff,0xdb,0xf2,0xff,0xff,
0xdb,0xf2,0xff,0xff,0xdb,0xf2,0xff,0xff,0xdb,0xf2,0xff,0xff,0xdb,0xf2,0xff,0xff,0xdb,0xf2,0xff,0xff,0xdb,0xf2,0xff,0xff,0xdb,0xf2,0xff,0xff,0xdb,0xf2,0xff,0xff,
0xdb,0xf2,0xff,0xff,0xdb,0xf2,0xff,0xff,0xdb,0xf2,0xff,0xff,0xdb,0xf2,0xff,0xff,0xda,0xf1,0xff,0xfc,0xe7,0xff,0xff,0xff,0xda,0xf1,0xff,0xbc,0x00,0x00,0x00,0x00,
0xff,0xff,0xff,0x02,0x00,0x00,0x00,0x00,0x00,0x00,0x00,0x00,0x00,0x00,0x00,0x00,0x00,0x00,0x00,0x00,0x00,0x00,0x00,0x00,0x00,0x00,0x00,0x00,0x00,0x00,0x00,0x00,
0x00,0x00,0x00,0x00,0x00,0x00,0x00,0x00,0x00,0x00,0x00,0x00,0x00,0x00,0x00,0x00,0x00,0x00,0x00,0x00,0x00,0x00,0x00,0x00,0x00,0x00,0x00,0x00,0x00,0x00,0x00,0x00,
0x00,0x00,0x00,0x00,0x00,0x00,0x00,0x00,0x00,0x00,0x00,0x00,0x00,0x00,0x00,0x00,0x00,0x00,0x00,0x00,0x00,0x00,0x00,0x00,0x00,0x00,0x00,0x00,0x00,0x00,0x00,0x00,
0x00,0x00,0x00,0x00,0x00,0x00,0x00,0x00,0x00,0x00,0x00,0x00,0x00,0x00,0x00,0x00,0x00,0x00,0x00,0x00,0x00,0x00,0x00,0x00,0x00,0x00,0x00,0x00,0xff,0xff,0xff,0x03,
0x00,0x00,0x00,0x00,0xda,0xf1,0xff,0xae,0xe8,0xff,0xff,0xff,0xda,0xf1,0xff,0xfc,0xdb,0xf2,0xff,0xff,0xdb,0xf2,0xff,0xff,0xdb,0xf2,0xff,0xff,0xdb,0xf2,0xff,0xff,
0xdb,0xf2,0xff,0xff,0xdb,0xf2,0xff,0xff,0xdb,0xf2,0xff,0xff,0xdb,0xf2,0xff,0xff,0xdb,0xf2,0xff,0xff,0xdb,0xf2,0xff,0xff,0xdb,0xf2,0xff,0xff,0xdb,0xf2,0xff,0xff,
0xdb,0xf2,0xff,0xff,0xdb,0xf2,0xff,0xff,0xdb,0xf2,0xff,0xff,0xdb,0xf2,0xff,0xff,0xdb,0xf2,0xff,0xff,0xdb,0xf2,0xff,0xff,0xdb,0xf2,0xff,0xff,0xdb,0xf2,0xff,0xff,
0xdb,0xf2,0xff,0xff,0xdb,0xf2,0xff,0xff,0xdb,0xf2,0xff,0xff,0xdb,0xf2,0xff,0xff,0xda,0xf1,0xff,0xfd,0xe1,0xf8,0xff,0xff,0xda,0xf1,0xff,0xe2,0xc4,0xeb,0xff,0x0d,
0xff,0xff,0xff,0x01,0xff,0xff,0xff,0x01,0x00,0x00,0x00,0x00,0x00,0x00,0x00,0x00,0x00,0x00,0x00,0x00,0x00,0x00,0x00,0x00,0x00,0x00,0x00,0x00,0x00,0x00,0x00,0x00,
0x00,0x00,0x00,0x00,0x00,0x00,0x00,0x00,0x00,0x00,0x00,0x00,0x00,0x00,0x00,0x00,0x00,0x00,0x00,0x00,0x00,0x00,0x00,0x00,0x00,0x00,0x00,0x00,0x00,0x00,0x00,0x00,
0x00,0x00,0x00,0x00,0x00,0x00,0x00,0x00,0x00,0x00,0x00,0x00,0x00,0x00,0x00,0x00,0x00,0x00,0x00,0x00,0x00,0x00,0x00,0x00,0x00,0x00,0x00,0x00,0x00,0x00,0x00,0x00,
0x00,0x00,0x00,0x00,0x00,0x00,0x00,0x00,0x00,0x00,0x00,0x00,0x00,0x00,0x00,0x00,0x00,0x00,0x00,0x00,0x00,0x00,0x00,0x00,0x00,0x00,0x00,0x00,0xff,0xff,0xff,0x02,
0x00,0x00,0x00,0x00,0xdb,0xf1,0xff,0xc2,0xe7,0xff,0xff,0xff,0xda,0xf1,0xff,0xfc,0xdb,0xf2,0xff,0xff,0xdb,0xf2,0xff,0xff,0xdb,0xf2,0xff,0xff,0xdb,0xf2,0xff,0xff,
0xdb,0xf2,0xff,0xff,0xdb,0xf2,0xff,0xff,0xdb,0xf2,0xff,0xff,0xdb,0xf2,0xff,0xff,0xdb,0xf2,0xff,0xff,0xdb,0xf2,0xff,0xff,0xdb,0xf2,0xff,0xff,0xdb,0xf2,0xff,0xff,
0xdb,0xf2,0xff,0xff,0xdb,0xf2,0xff,0xff,0xdb,0xf2,0xff,0xff,0xdb,0xf2,0xff,0xff,0xdb,0xf2,0xff,0xff,0xdb,0xf2,0xff,0xff,0xdb,0xf2,0xff,0xff,0xdb,0xf2,0xff,0xff,
0xdb,0xf2,0xff,0xff,0xdb,0xf2,0xff,0xff,0xdb,0xf2,0xff,0xff,0xdb,0xf2,0xff,0xff,0xda,0xf1,0xff,0xfe,0xde,0xf5,0xff,0xff,0xdc,0xf2,0xff,0xf1,0xc9,0xf1,0xff,0x13,
0x00,0x00,0x00,0x00,0xff,0xff,0xff,0x01,0x00,0x00,0x00,0x00,0x00,0x00,0x00,0x00,0x00,0x00,0x00,0x00,0x00,0x00,0x00,0x00,0x00,0x00,0x00,0x00,0x00,0x00,0x00,0x00,
0x00,0x00,0x00,0x00,0x00,0x00,0x00,0x00,0x00,0x00,0x00,0x00,0x00,0x00,0x00,0x00,0x00,0x00,0x00,0x00,0x00,0x00,0x00,0x00,0x00,0x00,0x00,0x00,0x00,0x00,0x00,0x00,
0x00,0x00,0x00,0x00,0x00,0x00,0x00,0x00,0x00,0x00,0x00,0x00,0x00,0x00,0x00,0x00,0x00,0x00,0x00,0x00,0x00,0x00,0x00,0x00,0x00,0x00,0x00,0x00,0x00,0x00,0x00,0x00,
0x00,0x00,0x00,0x00,0x00,0x00,0x00,0x00,0x00,0x00,0x00,0x00,0x00,0x00,0x00,0x00,0x00,0x00,0x00,0x00,0x00,0x00,0x00,0x00,0x00,0x00,0x00,0x00,0xff,0xff,0xff,0x02,
0x00,0x00,0x00,0x00,0xd9,0xf1,0xff,0xba,0xe8,0xff,0xff,0xff,0xda,0xf1,0xff,0xfc,0xdb,0xf2,0xff,0xff,0xdb,0xf2,0xff,0xff,0xdb,0xf2,0xff,0xff,0xdb,0xf2,0xff,0xff,
0xdb,0xf2,0xff,0xff,0xdb,0xf2,0xff,0xff,0xdb,0xf2,0xff,0xff,0xdb,0xf2,0xff,0xff,0xdb,0xf2,0xff,0xff,0xdb,0xf2,0xff,0xff,0xdb,0xf2,0xff,0xff,0xdb,0xf2,0xff,0xff,
0xdb,0xf2,0xff,0xff,0xdb,0xf2,0xff,0xff,0xdb,0xf2,0xff,0xff,0xdb,0xf2,0xff,0xff,0xdb,0xf2,0xff,0xff,0xdb,0xf2,0xff,0xff,0xdb,0xf2,0xff,0xff,0xdb,0xf2,0xff,0xff,
0xdb,0xf2,0xff,0xff,0xdb,0xf2,0xff,0xff,0xdb,0xf2,0xff,0xff,0xdb,0xf2,0xff,0xff,0xda,0xf1,0xff,0xfe,0xe0,0xf7,0xff,0xff,0xdb,0xf0,0xff,0xec,0xd7,0xeb,0xff,0x0d,
0x00,0x00,0x00,0x00,0xff,0xff,0xff,0x01,0x00,0x00,0x00,0x00,0x00,0x00,0x00,0x00,0x00,0x00,0x00,0x00,0x00,0x00,0x00,0x00,0x00,0x00,0x00,0x00,0x00,0x00,0x00,0x00,
0x00,0x00,0x00,0x00,0x00,0x00,0x00,0x00,0x00,0x00,0x00,0x00,0x00,0x00,0x00,0x00,0x00,0x00,0x00,0x00,0x00,0x00,0x00,0x00,0x00,0x00,0x00,0x00,0x00,0x00,0x00,0x00,
0x00,0x00,0x00,0x00,0x00,0x00,0x00,0x00,0x00,0x00,0x00,0x00,0x00,0x00,0x00,0x00,0x00,0x00,0x00,0x00,0x00,0x00,0x00,0x00,0x00,0x00,0x00,0x00,0x00,0x00,0x00,0x00,
0x00,0x00,0x00,0x00,0x00,0x00,0x00,0x00,0x00,0x00,0x00,0x00,0x00,0x00,0x00,0x00,0x00,0x00,0x00,0x00,0x00,0x00,0x00,0x00,0xff,0xff,0xff,0x01,0xff,0xff,0xff,0x01,
0xd0,0xe7,0xff,0x0b,0xdb,0xf1,0xff,0xd6,0xe3,0xfa,0xff,0xff,0xda,0xf1,0xff,0xfd,0xdb,0xf2,0xff,0xff,0xdb,0xf2,0xff,0xff,0xdb,0xf2,0xff,0xff,0xdb,0xf2,0xff,0xff,
0xdb,0xf2,0xff,0xff,0xdb,0xf2,0xff,0xff,0xdb,0xf2,0xff,0xff,0xdb,0xf2,0xff,0xff,0xdb,0xf2,0xff,0xff,0xdb,0xf2,0xff,0xff,0xdb,0xf2,0xff,0xff,0xdb,0xf2,0xff,0xff,
0xdb,0xf2,0xff,0xff,0xdb,0xf2,0xff,0xff,0xdb,0xf2,0xff,0xff,0xdb,0xf2,0xff,0xff,0xdb,0xf2,0xff,0xff,0xdb,0xf2,0xff,0xff,0xdb,0xf2,0xff,0xff,0xdb,0xf2,0xff,0xff,
0xdb,0xf2,0xff,0xff,0xdb,0xf2,0xff,0xff,0xdb,0xf2,0xff,0xff,0xdb,0xf2,0xff,0xff,0xdb,0xf2,0xff,0xff,0xdc,0xf3,0xff,0xfe,0xe0,0xf7,0xff,0xf6,0xdb,0xf3,0xff,0x2b,
0x00,0x00,0x00,0x00,0xff,0xff,0xff,0x02,0x00,0x00,0x00,0x00,0x00,0x00,0x00,0x00,0x00,0x00,0x00,0x00,0x00,0x00,0x00,0x00,0x00,0x00,0x00,0x00,0x00,0x00,0x00,0x00,
0x00,0x00,0x00,0x00,0x00,0x00,0x00,0x00,0x00,0x00,0x00,0x00,0x00,0x00,0x00,0x00,0x00,0x00,0x00,0x00,0x00,0x00,0x00,0x00,0x00,0x00,0x00,0x00,0x00,0x00,0x00,0x00,
0x00,0x00,0x00,0x00,0x00,0x00,0x00,0x00,0x00,0x00,0x00,0x00,0x00,0x00,0x00,0x00,0x00,0x00,0x00,0x00,0x00,0x00,0x00,0x00,0x00,0x00,0x00,0x00,0x00,0x00,0x00,0x00,
0x00,0x00,0x00,0x00,0x00,0x00,0x00,0x00,0x00,0x00,0x00,0x00,0x00,0x00,0x00,0x00,0x00,0x00,0x00,0x00,0x00,0x00,0x00,0x00,0xff,0xff,0xff,0x01,0xff,0xff,0xff,0x02,
0xda,0xff,0xff,0x07,0xdb,0xf1,0xff,0xf1,0xdf,0xf6,0xff,0xff,0xda,0xf1,0xff,0xfe,0xdb,0xf2,0xff,0xff,0xdb,0xf2,0xff,0xff,0xdb,0xf2,0xff,0xff,0xdb,0xf2,0xff,0xff,
0xdb,0xf2,0xff,0xff,0xdb,0xf2,0xff,0xff,0xdb,0xf2,0xff,0xff,0xdb,0xf2,0xff,0xff,0xdb,0xf2,0xff,0xff,0xdb,0xf2,0xff,0xff,0xdb,0xf2,0xff,0xff,0xdb,0xf2,0xff,0xff,
0xdb,0xf2,0xff,0xff,0xdb,0xf2,0xff,0xff,0xdb,0xf2,0xff,0xff,0xdb,0xf2,0xff,0xff,0xdb,0xf2,0xff,0xff,0xdb,0xf2,0xff,0xff,0xdb,0xf2,0xff,0xff,0xdb,0xf2,0xff,0xff,
0xdb,0xf2,0xff,0xff,0xdb,0xf2,0xff,0xff,0xdb,0xf2,0xff,0xff,0xdb,0xf2,0xff,0xff,0xdb,0xf2,0xff,0xff,0xd9,0xf0,0xff,0xfd,0xe7,0xff,0xff,0xff,0xdb,0xf1,0xff,0x3a,
0xff,0xff,0xff,0x01,0xff,0xff,0xff,0x04,0x00,0x00,0x00,0x00,0x00,0x00,0x00,0x00,0x00,0x00,0x00,0x00,0x00,0x00,0x00,0x00,0x00,0x00,0x00,0x00,0x00,0x00,0x00,0x00,
0x00,0x00,0x00,0x00,0x00,0x00,0x00,0x00,0x00,0x00,0x00,0x00,0x00,0x00,0x00,0x00,0x00,0x00,0x00,0x00,0x00,0x00,0x00,0x00,0x00,0x00,0x00,0x00,0x00,0x00,0x00,0x00,
0x00,0x00,0x00,0x00,0x00,0x00,0x00,0x00,0x00,0x00,0x00,0x00,0x00,0x00,0x00,0x00,0x00,0x00,0x00,0x00,0x00,0x00,0x00,0x00,0x00,0x00,0x00,0x00,0x00,0x00,0x00,0x00,
0x00,0x00,0x00,0x00,0x00,0x00,0x00,0x00,0x00,0x00,0x00,0x00,0x00,0x00,0x00,0x00,0xff,0xff,0xff,0x01,0xff,0xff,0xff,0x01,0xcc,0xcc,0xff,0x05,0x00,0x00,0x00,0x00,
0xd9,0xf0,0xff,0x66,0xe4,0xfa,0xff,0xfa,0xdb,0xf2,0xff,0xfd,0xdb,0xf2,0xff,0xff,0xdb,0xf2,0xff,0xff,0xdb,0xf2,0xff,0xff,0xdb,0xf2,0xff,0xff,0xdb,0xf2,0xff,0xff,
0xdb,0xf2,0xff,0xff,0xdb,0xf2,0xff,0xff,0xdb,0xf2,0xff,0xff,0xdb,0xf2,0xff,0xff,0xdb,0xf2,0xff,0xff,0xdb,0xf2,0xff,0xff,0xdb,0xf2,0xff,0xff,0xdb,0xf2,0xff,0xff,
0xdb,0xf2,0xff,0xff,0xdb,0xf2,0xff,0xff,0xdb,0xf2,0xff,0xff,0xdb,0xf2,0xff,0xff,0xdb,0xf2,0xff,0xff,0xdb,0xf2,0xff,0xff,0xdb,0xf2,0xff,0xff,0xdb,0xf2,0xff,0xff,
0xdb,0xf2,0xff,0xff,0xdb,0xf2,0xff,0xff,0xdb,0xf2,0xff,0xff,0xdb,0xf2,0xff,0xff,0xdb,0xf2,0xff,0xff,0xda,0xf1,0xff,0xfd,0xe5,0xfb,0xff,0xfe,0xde,0xf5,0xff,0x9b,
0x00,0x00,0x00,0x00,0xff,0xff,0xff,0x03,0xff,0xff,0xff,0x02,0xff,0xff,0xff,0x01,0xff,0xff,0xff,0x01,0x00,0x00,0x00,0x00,0x00,0x00,0x00,0x00,0x00,0x00,0x00,0x00,
0x00,0x00,0x00,0x00,0x00,0x00,0x00,0x00,0x00,0x00,0x00,0x00,0x00,0x00,0x00,0x00,0x00,0x00,0x00,0x00,0x00,0x00,0x00,0x00,0x00,0x00,0x00,0x00,0x00,0x00,0x00,0x00,
0x00,0x00,0x00,0x00,0x00,0x00,0x00,0x00,0x00,0x00,0x00,0x00,0x00,0x00,0x00,0x00,0x00,0x00,0x00,0x00,0x00,0x00,0x00,0x00,0x00,0x00,0x00,0x00,0x00,0x00,0x00,0x00,
0x00,0x00,0x00,0x00,0x00,0x00,0x00,0x00,0xaa,0xff,0xff,0x03,0xff,0xff,0xff,0x01,0x00,0x00,0x00,0x00,0x00,0x00,0x00,0x00,0x00,0x00,0x00,0x00,0xdb,0xf2,0xff,0x65,
0xe7,0xfd,0xff,0xff,0xdc,0xf3,0xff,0xfe,0xda,0xf1,0xff,0xfe,0xdb,0xf2,0xff,0xff,0xdb,0xf2,0xff,0xff,0xdb,0xf2,0xff,0xff,0xdb,0xf2,0xff,0xff,0xdb,0xf2,0xff,0xff,
0xdb,0xf2,0xff,0xff,0xdb,0xf2,0xff,0xff,0xdb,0xf2,0xff,0xff,0xdb,0xf2,0xff,0xff,0xdb,0xf2,0xff,0xff,0xdb,0xf2,0xff,0xff,0xdb,0xf2,0xff,0xff,0xdb,0xf2,0xff,0xff,
0xdb,0xf2,0xff,0xff,0xdb,0xf2,0xff,0xff,0xdb,0xf2,0xff,0xff,0xdb,0xf2,0xff,0xff,0xdb,0xf2,0xff,0xff,0xdb,0xf2,0xff,0xff,0xdb,0xf2,0xff,0xff,0xdb,0xf2,0xff,0xff,
0xdb,0xf2,0xff,0xff,0xdb,0xf2,0xff,0xff,0xdb,0xf2,0xff,0xff,0xdb,0xf2,0xff,0xff,0xdb,0xf2,0xff,0xff,0xdb,0xf2,0xff,0xff,0xda,0xf1,0xff,0xfd,0xec,0xff,0xff,0xff,
0xdc,0xf3,0xff,0x9a,0x00,0x00,0x00,0x00,0x00,0x00,0x00,0x00,0x00,0x00,0x00,0x00,0x00,0x00,0x00,0x00,0xff,0xff,0xff,0x03,0x00,0x00,0x00,0x00,0x00,0x00,0x00,0x00,
0x00,0x00,0x00,0x00,0x00,0x00,0x00,0x00,0x00,0x00,0x00,0x00,0x00,0x00,0x00,0x00,0x00,0x00,0x00,0x00,0x00,0x00,0x00,0x00,0x00,0x00,0x00,0x00,0x00,0x00,0x00,0x00,
0x00,0x00,0x00,0x00,0x00,0x00,0x00,0x00,0x00,0x00,0x00,0x00,0x00,0x00,0x00,0x00,0x00,0x00,0x00,0x00,0x00,0x00,0x00,0x00,0x00,0x00,0x00,0x00,0x00,0x00,0x00,0x00,
0x00,0x00,0x00,0x00,0x7f,0x7f,0xff,0x02,0x00,0x00,0x00,0x00,0x00,0x00,0x00,0x00,0xf1,0xff,0xff,0x13,0xdf,0xff,0xff,0x10,0xd9,0xf2,0xff,0x67,0xe6,0xfd,0xff,0xff,
0xdd,0xf4,0xff,0xfc,0xda,0xf1,0xff,0xfe,0xdb,0xf2,0xff,0xff,0xdb,0xf2,0xff,0xff,0xdb,0xf2,0xff,0xff,0xdb,0xf2,0xff,0xff,0xdb,0xf2,0xff,0xff,0xdb,0xf2,0xff,0xff,
0xdb,0xf2,0xff,0xff,0xdb,0xf2,0xff,0xff,0xdb,0xf2,0xff,0xff,0xdb,0xf2,0xff,0xff,0xdb,0xf2,0xff,0xff,0xdb,0xf2,0xff,0xff,0xdb,0xf2,0xff,0xff,0xdb,0xf2,0xff,0xff,
0xdb,0xf2,0xff,0xff,0xdb,0xf2,0xff,0xff,0xdb,0xf2,0xff,0xff,0xdb,0xf2,0xff,0xff,0xdb,0xf2,0xff,0xff,0xdb,0xf2,0xff,0xff,0xdb,0xf2,0xff,0xff,0xdb,0xf2,0xff,0xff,
0xdb,0xf2,0xff,0xff,0xdb,0xf2,0xff,0xff,0xdb,0xf2,0xff,0xff,0xdb,0xf2,0xff,0xff,0xdb,0xf2,0xff,0xff,0xdb,0xf2,0xff,0xff,0xdb,0xf2,0xff,0xff,0xda,0xf1,0xff,0xfb,
0xed,0xff,0xff,0xff,0xda,0xf1,0xff,0x9a,0xd6,0xf1,0xff,0x13,0xf1,0xff,0xff,0x13,0xaa,0xff,0xff,0x03,0x00,0x00,0x00,0x00,0x00,0x00,0x00,0x00,0x00,0x00,0x00,0x00,
0x00,0x00,0x00,0x00,0x00,0x00,0x00,0x00,0x00,0x00,0x00,0x00,0x00,0x00,0x00,0x00,0x00,0x00,0x00,0x00,0x00,0x00,0x00,0x00,0x00,0x00,0x00,0x00,0x00,0x00,0x00,0x00,
0x00,0x00,0x00,0x00,0x00,0x00,0x00,0x00,0x00,0x00,0x00,0x00,0x00,0x00,0x00,0x00,0x00,0x00,0x00,0x00,0x00,0x00,0x00,0x00,0x00,0x00,0x00,0x00,0x00,0x00,0x00,0x00,
0xff,0xff,0xff,0x02,0x00,0x00,0x00,0x00,0xd7,0xf0,0xff,0x47,0xe2,0xf9,0xff,0xc6,0xdd,0xf4,0xff,0xee,0xda,0xf2,0xff,0xee,0xe0,0xf8,0xff,0xff,0xdc,0xf3,0xff,0xfe,
0xda,0xf1,0xff,0xfe,0xdb,0xf2,0xff,0xff,0xdb,0xf2,0xff,0xff,0xdb,0xf2,0xff,0xff,0xdb,0xf2,0xff,0xff,0xdb,0xf2,0xff,0xff,0xdb,0xf2,0xff,0xff,0xdb,0xf2,0xff,0xff,
0xdb,0xf2,0xff,0xff,0xdb,0xf2,0xff,0xff,0xdb,0xf2,0xff,0xff,0xdb,0xf2,0xff,0xff,0xdb,0xf2,0xff,0xff,0xdb,0xf2,0xff,0xff,0xdb,0xf2,0xff,0xff,0xdb,0xf2,0xff,0xff,
0xdb,0xf2,0xff,0xff,0xdb,0xf2,0xff,0xff,0xdb,0xf2,0xff,0xff,0xdb,0xf2,0xff,0xff,0xdb,0xf2,0xff,0xff,0xdb,0xf2,0xff,0xff,0xdb,0xf2,0xff,0xff,0xdb,0xf2,0xff,0xff,
0xdb,0xf2,0xff,0xff,0xdb,0xf2,0xff,0xff,0xdb,0xf2,0xff,0xff,0xdb,0xf2,0xff,0xff,0xdb,0xf2,0xff,0xff,0xdb,0xf2,0xff,0xff,0xdb,0xf2,0xff,0xff,0xdb,0xf2,0xff,0xff,
0xda,0xf1,0xff,0xfd,0xe3,0xfb,0xff,0xff,0xda,0xf1,0xff,0xf0,0xdd,0xf4,0xff,0xed,0xe3,0xfa,0xff,0xd6,0xde,0xf3,0xff,0x6d,0xff,0xff,0xff,0x01,0xff,0xff,0xff,0x02,
0x00,0x00,0x00,0x00,0x00,0x00,0x00,0x00,0x00,0x00,0x00,0x00,0x00,0x00,0x00,0x00,0x00,0x00,0x00,0x00,0x00,0x00,0x00,0x00,0x00,0x00,0x00,0x00,0x00,0x00,0x00,0x00,
0x00,0x00,0x00,0x00,0x00,0x00,0x00,0x00,0x00,0x00,0x00,0x00,0x00,0x00,0x00,0x00,0x00,0x00,0x00,0x00,0x00,0x00,0x00,0x00,0x00,0x00,0x00,0x00,0xff,0xff,0xff,0x03,
0x00,0x00,0x00,0x00,0xda,0xf3,0xff,0x45,0xe7,0xfe,0xff,0xff,0xe5,0xfe,0xff,0xff,0xde,0xf5,0xff,0xff,0xdf,0xf6,0xff,0xff,0xda,0xf1,0xff,0xfe,0xda,0xf1,0xff,0xff,
0xdb,0xf2,0xff,0xff,0xdb,0xf2,0xff,0xff,0xdb,0xf2,0xff,0xff,0xdb,0xf2,0xff,0xff,0xdb,0xf2,0xff,0xff,0xdb,0xf2,0xff,0xff,0xdb,0xf2,0xff,0xff,0xdb,0xf2,0xff,0xff,
0xdb,0xf2,0xff,0xff,0xdb,0xf2,0xff,0xff,0xdb,0xf2,0xff,0xff,0xdb,0xf2,0xff,0xff,0xdb,0xf2,0xff,0xff,0xdb,0xf2,0xff,0xff,0xdb,0xf2,0xff,0xff,0xdb,0xf2,0xff,0xff,
0xdb,0xf2,0xff,0xff,0xdb,0xf2,0xff,0xff,0xdb,0xf2,0xff,0xff,0xdb,0xf2,0xff,0xff,0xdb,0xf2,0xff,0xff,0xdb,0xf2,0xff,0xff,0xdb,0xf2,0xff,0xff,0xdb,0xf2,0xff,0xff,
0xdb,0xf2,0xff,0xff,0xdb,0xf2,0xff,0xff,0xdb,0xf2,0xff,0xff,0xdb,0xf2,0xff,0xff,0xdb,0xf2,0xff,0xff,0xdb,0xf2,0xff,0xff,0xdb,0xf2,0xff,0xff,0xdb,0xf2,0xff,0xff,
0xdb,0xf2,0xff,0xff,0xda,0xf1,0xff,0xfd,0xdf,0xf6,0xff,0xff,0xde,0xf5,0xff,0xff,0xe0,0xf8,0xff,0xff,0xf2,0xff,0xff,0xff,0xda,0xf0,0xff,0x7f,0x00,0x00,0x00,0x00,
0xff,0xff,0xff,0x03,0x00,0x00,0x00,0x00,0x00,0x00,0x00,0x00,0x00,0x00,0x00,0x00,0x00,0x00,0x00,0x00,0x00,0x00,0x00,0x00,0x00,0x00,0x00,0x00,0x00,0x00,0x00,0x00,
0x00,0x00,0x00,0x00,0x00,0x00,0x00,0x00,0x00,0x00,0x00,0x00,0x00,0x00,0x00,0x00,0x00,0x00,0x00,0x00,0x00,0x00,0x00,0x00,0x00,0x00,0x00,0x00,0xff,0xff,0xff,0x02,
0xbf,0xff,0xff,0x04,0xdb,0xf2,0xff,0xcb,0xe6,0xfd,0xff,0xff,0xd9,0xf0,0xff,0xfa,0xda,0xf1,0xff,0xfe,0xda,0xf1,0xff,0xfe,0xdb,0xf2,0xff,0xff,0xdb,0xf2,0xff,0xff,
0xdb,0xf2,0xff,0xff,0xdb,0xf2,0xff,0xff,0xdb,0xf2,0xff,0xff,0xdb,0xf2,0xff,0xff,0xdb,0xf2,0xff,0xff,0xdb,0xf2,0xff,0xff,0xdb,0xf2,0xff,0xff,0xdb,0xf2,0xff,0xff,
0xdb,0xf2,0xff,0xff,0xdb,0xf2,0xff,0xff,0xdb,0xf2,0xff,0xff,0xdb,0xf2,0xff,0xff,0xdb,0xf2,0xff,0xff,0xdb,0xf2,0xff,0xff,0xdb,0xf2,0xff,0xff,0xdb,0xf2,0xff,0xff,
0xdb,0xf2,0xff,0xff,0xdb,0xf2,0xff,0xff,0xdb,0xf2,0xff,0xff,0xdb,0xf2,0xff,0xff,0xdb,0xf2,0xff,0xff,0xdb,0xf2,0xff,0xff,0xdb,0xf2,0xff,0xff,0xdb,0xf2,0xff,0xff,
0xdb,0xf2,0xff,0xff,0xdb,0xf2,0xff,0xff,0xdb,0xf2,0xff,0xff,0xdb,0xf2,0xff,0xff,0xdb,0xf2,0xff,0xff,0xdb,0xf2,0xff,0xff,0xdb,0xf2,0xff,0xff,0xdb,0xf2,0xff,0xff,
0xdb,0xf2,0xff,0xff,0xdb,0xf2,0xff,0xff,0xda,0xf1,0xff,0xfe,0xda,0xf1,0xff,0xfe,0xda,0xf1,0xff,0xfc,0xde,0xf5,0xff,0xfc,0xdd,0xf4,0xff,0xf6,0xd9,0xf5,0xff,0x1b,
0x00,0x00,0x00,0x00,0xff,0xff,0xff,0x01,0x00,0x00,0x00,0x00,0x00,0x00,0x00,0x00,0x00,0x00,0x00,0x00,0x00,0x00,0x00,0x00,0x00,0x00,0x00,0x00,0x00,0x00,0x00,0x00,
0x00,0x00,0x00,0x00,0x00,0x00,0x00,0x00,0x00,0x00,0x00,0x00,0x00,0x00,0x00,0x00,0x00,0x00,0x00,0x00,0x00,0x00,0x00,0x00,0xff,0xff,0xff,0x01,0x00,0x00,0x00,0x00,
0xd6,0xf1,0xff,0x13,0xdb,0xf2,0xff,0xf2,0xdd,0xf4,0xff,0xfe,0xda,0xf1,0xff,0xfe,0xdb,0xf2,0xff,0xff,0xdb,0xf2,0xff,0xff,0xdb,0xf2,0xff,0xff,0xdb,0xf2,0xff,0xff,
0xdb,0xf2,0xff,0xff,0xdb,0xf2,0xff,0xff,0xdb,0xf2,0xff,0xff,0xdb,0xf2,0xff,0xff,0xdb,0xf2,0xff,0xff,0xdb,0xf2,0xff,0xff,0xdb,0xf2,0xff,0xff,0xdb,0xf2,0xff,0xff,
0xdb,0xf2,0xff,0xff,0xdb,0xf2,0xff,0xff,0xdb,0xf2,0xff,0xff,0xdb,0xf2,0xff,0xff,0xdb,0xf2,0xff,0xff,0xdb,0xf2,0xff,0xff,0xdb,0xf2,0xff,0xff,0xdb,0xf2,0xff,0xff,
0xdb,0xf2,0xff,0xff,0xdb,0xf2,0xff,0xff,0xdb,0xf2,0xff,0xff,0xdb,0xf2,0xff,0xff,0xdb,0xf2,0xff,0xff,0xdb,0xf2,0xff,0xff,0xdb,0xf2,0xff,0xff,0xdb,0xf2,0xff,0xff,
0xdb,0xf2,0xff,0xff,0xdb,0xf2,0xff,0xff,0xdb,0xf2,0xff,0xff,0xdb,0xf2,0xff,0xff,0xdb,0xf2,0xff,0xff,0xdb,0xf2,0xff,0xff,0xdb,0xf2,0xff,0xff,0xdb,0xf2,0xff,0xff,
0xdb,0xf2,0xff,0xff,0xdb,0xf2,0xff,0xff,0xdb,0xf2,0xff,0xff,0xdb,0xf2,0xff,0xff,0xdb,0xf2,0xff,0xff,0xd9,0xf0,0xff,0xfd,0xe6,0xff,0xff,0xfe,0xdb,0xf4,0xff,0x47,
0x00,0x00,0x00,0x00,0xff,0xff,0xff,0x03,0x00,0x00,0x00,0x00,0x00,0x00,0x00,0x00,0x00,0x00,0x00,0x00,0x00,0x00,0x00,0x00,0x00,0x00,0x00,0x00,0x00,0x00,0x00,0x00,
0x00,0x00,0x00,0x00,0x00,0x00,0x00,0x00,0x00,0x00,0x00,0x00,0x00,0x00,0x00,0x00,0x00,0x00,0x00,0x00,0x00,0x00,0x00,0x00,0x00,0x00,0x00,0x00,0xff,0xff,0xff,0x01,
0xdf,0xff,0xff,0x08,0xdb,0xf2,0xff,0xdd,0xe3,0xfa,0xff,0xfc,0xda,0xf1,0xff,0xfc,0xdb,0xf2,0xff,0xff,0xdb,0xf2,0xff,0xff,0xdb,0xf2,0xff,0xff,0xdb,0xf2,0xff,0xff,
0xdb,0xf2,0xff,0xff,0xdb,0xf2,0xff,0xff,0xdb,0xf2,0xff,0xff,0xdb,0xf2,0xff,0xff,0xdb,0xf2,0xff,0xff,0xdb,0xf2,0xff,0xff,0xdb,0xf2,0xff,0xff,0xdb,0xf2,0xff,0xff,
0xdb,0xf2,0xff,0xff,0xdb,0xf2,0xff,0xff,0xdb,0xf2,0xff,0xff,0xdb,0xf2,0xff,0xff,0xdb,0xf2,0xff,0xff,0xdb,0xf2,0xff,0xff,0xdb,0xf2,0xff,0xff,0xdb,0xf2,0xff,0xff,
0xdb,0xf2,0xff,0xff,0xdb,0xf2,0xff,0xff,0xdb,0xf2,0xff,0xff,0xdb,0xf2,0xff,0xff,0xdb,0xf2,0xff,0xff,0xdb,0xf2,0xff,0xff,0xdb,0xf2,0xff,0xff,0xdb,0xf2,0xff,0xff,
0xdb,0xf2,0xff,0xff,0xdb,0xf2,0xff,0xff,0xdb,0xf2,0xff,0xff,0xdb,0xf2,0xff,0xff,0xdb,0xf2,0xff,0xff,0xdb,0xf2,0xff,0xff,0xdb,0xf2,0xff,0xff,0xdb,0xf2,0xff,0xff,
0xdb,0xf2,0xff,0xff,0xdb,0xf2,0xff,0xff,0xdb,0xf2,0xff,0xff,0xdb,0xf2,0xff,0xff,0xda,0xf1,0xff,0xfe,0xdc,0xf3,0xff,0xfb,0xe0,0xf7,0xff,0xfd,0xd9,0xf2,0xff,0x29,
0x00,0x00,0x00,0x00,0xff,0xff,0xff,0x02,0x00,0x00,0x00,0x00,0x00,0x00,0x00,0x00,0x00,0x00,0x00,0x00,0x00,0x00,0x00,0x00,0x00,0x00,0x00,0x00,0x00,0x00,0x00,0x00,
0x00,0x00,0x00,0x00,0x00,0x00,0x00,0x00,0x00,0x00,0x00,0x00,0x00,0x00,0x00,0x00,0x00,0x00,0x00,0x00,0x00,0x00,0x00,0x00,0x00,0x00,0x00,0x00,0xff,0xff,0xff,0x03,
0x00,0x00,0x00,0x00,0xda,0xf2,0xff,0x6a,0xf2,0xff,0xff,0xff,0xdc,0xf3,0xff,0xff,0xda,0xf1,0xff,0xfc,0xda,0xf1,0xff,0xfd,0xda,0xf1,0xff,0xfd,0xda,0xf1,0xff,0xfd,
0xda,0xf1,0xff,0xfd,0xda,0xf1,0xff,0xfd,0xda,0xf1,0xff,0xfd,0xda,0xf1,0xff,0xfd,0xda,0xf1,0xff,0xfd,0xda,0xf1,0xff,0xfd,0xda,0xf1,0xff,0xfd,0xda,0xf1,0xff,0xfd,
0xda,0xf1,0xff,0xfd,0xdb,0xf2,0xff,0xff,0xdb,0xf2,0xff,0xff,0xdb,0xf2,0xff,0xff,0xdb,0xf2,0xff,0xff,0xdb,0xf2,0xff,0xff,0xdb,0xf2,0xff,0xff,0xdb,0xf2,0xff,0xff,
0xdb,0xf2,0xff,0xff,0xdb,0xf2,0xff,0xff,0xdb,0xf2,0xff,0xff,0xdb,0xf2,0xff,0xff,0xdb,0xf2,0xff,0xff,0xdb,0xf2,0xff,0xff,0xdb,0xf2,0xff,0xff,0xda,0xf1,0xff,0xfe,
0xda,0xf1,0xff,0xfd,0xda,0xf1,0xff,0xfd,0xda,0xf1,0xff,0xfd,0xda,0xf1,0xff,0xfd,0xda,0xf1,0xff,0xfd,0xda,0xf1,0xff,0xfd,0xda,0xf1,0xff,0xfd,0xda,0xf1,0xff,0xfd,
0xda,0xf1,0xff,0xfd,0xda,0xf1,0xff,0xfd,0xda,0xf1,0xff,0xfd,0xda,0xf1,0xff,0xfd,0xd9,0xf0,0xff,0xfd,0xf3,0xff,0xff,0xff,0xda,0xf1,0xff,0xa9,0x00,0x00,0xff,0x01,
0xff,0xff,0xff,0x03,0x00,0x00,0x00,0x00,0x00,0x00,0x00,0x00,0x00,0x00,0x00,0x00,0x00,0x00,0x00,0x00,0x00,0x00,0x00,0x00,0x00,0x00,0x00,0x00,0x00,0x00,0x00,0x00,
0x00,0x00,0x00,0x00,0x00,0x00,0x00,0x00,0x00,0x00,0x00,0x00,0x00,0x00,0x00,0x00,0x00,0x00,0x00,0x00,0x00,0x00,0x00,0x00,0x00,0x00,0x00,0x00,0x00,0x00,0x00,0x00,
0xff,0xff,0xff,0x02,0x00,0xff,0xff,0x01,0xdb,0xf1,0xff,0x80,0xe1,0xf9,0xff,0xf2,0xe5,0xfd,0xff,0xff,0xe4,0xfc,0xff,0xff,0xe5,0xfd,0xff,0xff,0xe5,0xfd,0xff,0xff,
0xe5,0xfd,0xff,0xff,0xe5,0xfd,0xff,0xff,0xe5,0xfd,0xff,0xff,0xe5,0xfd,0xff,0xff,0xe5,0xfd,0xff,0xff,0xe5,0xfd,0xff,0xff,0xe5,0xfd,0xff,0xff,0xe5,0xfd,0xff,0xff,
0xe4,0xfc,0xff,0xff,0xda,0xf1,0xff,0xfe,0xdb,0xf2,0xff,0xff,0xdb,0xf2,0xff,0xff,0xdb,0xf2,0xff,0xff,0xdb,0xf2,0xff,0xff,0xdb,0xf2,0xff,0xff,0xdb,0xf2,0xff,0xff,
0xdb,0xf2,0xff,0xff,0xdb,0xf2,0xff,0xff,0xdb,0xf2,0xff,0xff,0xdb,0xf2,0xff,0xff,0xdb,0xf2,0xff,0xff,0xdb,0xf2,0xff,0xff,0xda,0xf1,0xff,0xfe,0xe1,0xf9,0xff,0xff,
0xe5,0xfd,0xff,0xff,0xe5,0xfd,0xff,0xff,0xe5,0xfd,0xff,0xff,0xe5,0xfd,0xff,0xff,0xe5,0xfd,0xff,0xff,0xe5,0xfd,0xff,0xff,0xe5,0xfd,0xff,0xff,0xe5,0xfd,0xff,0xff,
0xe5,0xfd,0xff,0xff,0xe5,0xfd,0xff,0xff,0xe4,0xfc,0xff,0xff,0xe5,0xfd,0xff,0xff,0xe1,0xf7,0xff,0xfc,0xe0,0xf7,0xff,0xa7,0xe2,0xff,0xff,0x12,0xff,0xff,0xff,0x01,
0xff,0xff,0xff,0x01,0x00,0x00,0x00,0x00,0x00,0x00,0x00,0x00,0x00,0x00,0x00,0x00,0x00,0x00,0x00,0x00,0x00,0x00,0x00,0x00,0x00,0x00,0x00,0x00,0x00,0x00,0x00,0x00,
0x00,0x00,0x00,0x00,0x00,0x00,0x00,0x00,0x00,0x00,0x00,0x00,0x00,0x00,0x00,0x00,0x00,0x00,0x00,0x00,0x00,0x00,0x00,0x00,0x00,0x00,0x00,0x00,0x00,0x00,0x00,0x00,
0x00,0x00,0x00,0x00,0xff,0xff,0xff,0x01,0x00,0x00,0x00,0x00,0xd9,0xf5,0xff,0x1b,0xe7,0xff,0xff,0x41,0xdb,0xf3,0xff,0x41,0xdb,0xf3,0xff,0x41,0xdb,0xf3,0xff,0x41,
0xdb,0xf3,0xff,0x41,0xdb,0xf3,0xff,0x41,0xdb,0xf3,0xff,0x41,0xdb,0xf3,0xff,0x41,0xdb,0xf3,0xff,0x41,0xdb,0xf3,0xff,0x41,0xdc,0xf3,0xff,0x42,0xdc,0xf3,0xff,0x42,
0xd9,0xf1,0xff,0x4a,0xdb,0xf1,0xff,0xe6,0xe0,0xf7,0xff,0xff,0xda,0xf1,0xff,0xfe,0xdb,0xf2,0xff,0xff,0xdb,0xf2,0xff,0xff,0xdb,0xf2,0xff,0xff,0xdb,0xf2,0xff,0xff,
0xdb,0xf2,0xff,0xff,0xdb,0xf2,0xff,0xff,0xdb,0xf2,0xff,0xff,0xdb,0xf2,0xff,0xff,0xdb,0xf2,0xff,0xff,0xdb,0xf2,0xff,0xfe,0xdf,0xf6,0xff,0xfb,0xdb,0xf2,0xff,0x65,
0xdb,0xf3,0xff,0x41,0xdc,0xf3,0xff,0x43,0xdb,0xf3,0xff,0x41,0xdb,0xf3,0xff,0x41,0xdb,0xf3,0xff,0x41,0xdb,0xf3,0xff,0x41,0xdb,0xf3,0xff,0x41,0xdb,0xf3,0xff,0x41,
0xdb,0xf3,0xff,0x41,0xdb,0xf3,0xff,0x41,0xd7,0xef,0xff,0x41,0xe7,0xfb,0xff,0x41,0xe6,0xff,0xff,0x29,0x00,0x00,0x00,0x00,0x00,0x00,0x00,0x00,0xff,0xff,0xff,0x01,
0x00,0x00,0x00,0x00,0x00,0x00,0x00,0x00,0x00,0x00,0x00,0x00,0x00,0x00,0x00,0x00,0x00,0x00,0x00,0x00,0x00,0x00,0x00,0x00,0x00,0x00,0x00,0x00,0x00,0x00,0x00,0x00,
0x00,0x00,0x00,0x00,0x00,0x00,0x00,0x00,0x00,0x00,0x00,0x00,0x00,0x00,0x00,0x00,0x00,0x00,0x00,0x00,0x00,0x00,0x00,0x00,0x00,0x00,0x00,0x00,0x00,0x00,0x00,0x00,
0x00,0x00,0x00,0x00,0x00,0x00,0x00,0x00,0xff,0xff,0xff,0x03,0x00,0x00,0x00,0x00,0x00,0x00,0x00,0x00,0x00,0x00,0x00,0x00,0x00,0x00,0x00,0x00,0x00,0x00,0x00,0x00,
0x00,0x00,0x00,0x00,0x00,0x00,0x00,0x00,0x00,0x00,0x00,0x00,0x00,0x00,0x00,0x00,0x00,0x00,0x00,0x00,0x00,0x00,0x00,0x00,0x00,0x00,0x00,0x00,0x00,0x00,0x00,0x00,
0xcc,0xff,0xff,0x05,0xdb,0xf2,0xff,0xf0,0xdf,0xf6,0xff,0xff,0xda,0xf1,0xff,0xfe,0xdb,0xf2,0xff,0xff,0xdb,0xf2,0xff,0xff,0xdb,0xf2,0xff,0xff,0xdb,0xf2,0xff,0xff,
0xdb,0xf2,0xff,0xff,0xdb,0xf2,0xff,0xff,0xdb,0xf2,0xff,0xff,0xdb,0xf2,0xff,0xff,0xdb,0xf2,0xff,0xff,0xda,0xf1,0xff,0xfd,0xe7,0xff,0xff,0xff,0xdb,0xf6,0xff,0x3a,
0x00,0x00,0x00,0x00,0x00,0x00,0x00,0x00,0x00,0x00,0x00,0x00,0x00,0x00,0x00,0x00,0x00,0x00,0x00,0x00,0x00,0x00,0x00,0x00,0x00,0x00,0x00,0x00,0x00,0x00,0x00,0x00,
0x00,0x00,0x00,0x00,0x00,0x00,0x00,0x00,0x00,0x00,0x00,0x00,0x00,0x00,0x00,0x00,0x00,0x00,0x00,0x00,0x7f,0xff,0xff,0x02,0xff,0xff,0xff,0x01,0x00,0x00,0x00,0x00,
0x00,0x00,0x00,0x00,0x00,0x00,0x00,0x00,0x00,0x00,0x00,0x00,0x00,0x00,0x00,0x00,0x00,0x00,0x00,0x00,0x00,0x00,0x00,0x00,0x00,0x00,0x00,0x00,0x00,0x00,0x00,0x00,
0x00,0x00,0x00,0x00,0x00,0x00,0x00,0x00,0x00,0x00,0x00,0x00,0x00,0x00,0x00,0x00,0x00,0x00,0x00,0x00,0x00,0x00,0x00,0x00,0x00,0x00,0x00,0x00,0x00,0x00,0x00,0x00,
0x00,0x00,0x00,0x00,0x00,0x00,0x00,0x00,0x00,0x00,0x00,0x00,0x7f,0x7f,0xff,0x02,0xff,0xff,0xff,0x03,0xff,0xff,0xff,0x03,0xff,0xff,0xff,0x03,0xff,0xff,0xff,0x03,
0xff,0xff,0xff,0x03,0xff,0xff,0xff,0x03,0xff,0xff,0xff,0x03,0xff,0xff,0xff,0x03,0xff,0xff,0xff,0x03,0xff,0xff,0xff,0x03,0xbf,0xff,0xff,0x04,0xff,0xff,0xff,0x03,
0xdd,0xff,0xff,0x0f,0xdb,0xf1,0xff,0xe4,0xe0,0xf8,0xff,0xff,0xda,0xf1,0xff,0xfe,0xdb,0xf2,0xff,0xff,0xdb,0xf2,0xff,0xff,0xdb,0xf2,0xff,0xff,0xdb,0xf2,0xff,0xff,
0xdb,0xf2,0xff,0xff,0xdb,0xf2,0xff,0xff,0xdb,0xf2,0xff,0xff,0xdb,0xf2,0xff,0xff,0xdb,0xf2,0xff,0xff,0xda,0xf1,0xff,0xfe,0xe2,0xf9,0xff,0xfc,0xda,0xf1,0xff,0x38,
0xff,0xff,0xff,0x03,0xd4,0xd4,0xff,0x06,0xff,0xff,0xff,0x03,0xff,0xff,0xff,0x03,0xff,0xff,0xff,0x03,0xff,0xff,0xff,0x03,0xff,0xff,0xff,0x03,0xff,0xff,0xff,0x03,
0xff,0xff,0xff,0x03,0xff,0xff,0xff,0x03,0xff,0xff,0xff,0x03,0xff,0xff,0xff,0x03,0xff,0xff,0xff,0x02,0x00,0x00,0x00,0x00,0x00,0x00,0x00,0x00,0x00,0x00,0x00,0x00,
0x00,0x00,0x00,0x00,0x00,0x00,0x00,0x00,0x00,0x00,0x00,0x00,0x00,0x00,0x00,0x00,0x00,0x00,0x00,0x00,0x00,0x00,0x00,0x00,0x00,0x00,0x00,0x00,0x00,0x00,0x00,0x00,
0x00,0x00,0x00,0x00,0x00,0x00,0x00,0x00,0x00,0x00,0x00,0x00,0x00,0x00,0x00,0x00,0x00,0x00,0x00,0x00,0x00,0x00,0x00,0x00,0x00,0x00,0x00,0x00,0x00,0x00,0x00,0x00,
0x00,0x00,0x00,0x00,0x00,0x00,0x00,0x00,0x00,0x00,0x00,0x00,0x00,0x00,0x00,0x00,0x00,0x00,0x00,0x00,0x00,0x00,0x00,0x00,0x00,0x00,0x00,0x00,0x00,0x00,0x00,0x00,
0x00,0x00,0x00,0x00,0x00,0x00,0x00,0x00,0x00,0x00,0x00,0x00,0x00,0x00,0x00,0x00,0x00,0x00,0x00,0x00,0x00,0x00,0x00,0x00,0x00,0x00,0x00,0x00,0xff,0xff,0xff,0x03,
0x00,0x00,0x00,0x00,0xda,0xf2,0xff,0xb1,0xe9,0xff,0xff,0xfd,0xda,0xf1,0xff,0xfb,0xdb,0xf2,0xff,0xff,0xdb,0xf2,0xff,0xff,0xdb,0xf2,0xff,0xff,0xdb,0xf2,0xff,0xff,
0xdb,0xf2,0xff,0xff,0xdb,0xf2,0xff,0xff,0xdb,0xf2,0xff,0xff,0xdb,0xf2,0xff,0xff,0xdb,0xf2,0xff,0xfd,0xe1,0xf8,0xff,0xfd,0xdb,0xf1,0xff,0xe6,0xd0,0xe7,0xff,0x0b,
0x00,0x00,0x00,0x00,0xff,0xff,0xff,0x01,0x00,0x00,0x00,0x00,0x00,0x00,0x00,0x00,0x00,0x00,0x00,0x00,0x00,0x00,0x00,0x00,0x00,0x00,0x00,0x00,0x00,0x00,0x00,0x00,
0x00,0x00,0x00,0x00,0x00,0x00,0x00,0x00,0x00,0x00,0x00,0x00,0x00,0x00,0x00,0x00,0x00,0x00,0x00,0x00,0x00,0x00,0x00,0x00,0x00,0x00,0x00,0x00,0x00,0x00,0x00,0x00,
0x00,0x00,0x00,0x00,0x00,0x00,0x00,0x00,0x00,0x00,0x00,0x00,0x00,0x00,0x00,0x00,0x00,0x00,0x00,0x00,0x00,0x00,0x00,0x00,0x00,0x00,0x00,0x00,0x00,0x00,0x00,0x00,
0x00,0x00,0x00,0x00,0x00,0x00,0x00,0x00,0x00,0x00,0x00,0x00,0x00,0x00,0x00,0x00,0x00,0x00,0x00,0x00,0x00,0x00,0x00,0x00,0x00,0x00,0x00,0x00,0x00,0x00,0x00,0x00,
0x00,0x00,0x00,0x00,0x00,0x00,0x00,0x00,0x00,0x00,0x00,0x00,0x00,0x00,0x00,0x00,0x00,0x00,0x00,0x00,0x00,0x00,0x00,0x00,0x00,0x00,0x00,0x00,0x00,0x00,0x00,0x00,
0x00,0x00,0x00,0x00,0x00,0x00,0x00,0x00,0x00,0x00,0x00,0x00,0x00,0x00,0x00,0x00,0x00,0x00,0x00,0x00,0x00,0x00,0x00,0x00,0x00,0x00,0x00,0x00,0xff,0xff,0xff,0x03,
0x00,0x00,0x00,0x00,0xdc,0xf3,0xff,0x43,0xea,0xff,0xff,0xff,0xdb,0xf2,0xff,0xfb,0xda,0xf1,0xff,0xfe,0xdb,0xf2,0xff,0xff,0xdb,0xf2,0xff,0xff,0xdb,0xf2,0xff,0xff,
0xdb,0xf2,0xff,0xff,0xdb,0xf2,0xff,0xff,0xdb,0xf2,0xff,0xff,0xdb,0xf2,0xff,0xff,0xda,0xf1,0xff,0xf9,0xf0,0xff,0xff,0xff,0xdb,0xf3,0xff,0x81,0x00,0x00,0x00,0x00,
0xff,0xff,0xff,0x03,0x00,0x00,0x00,0x00,0x00,0x00,0x00,0x00,0x00,0x00,0x00,0x00,0x00,0x00,0x00,0x00,0x00,0x00,0x00,0x00,0x00,0x00,0x00,0x00,0x00,0x00,0x00,0x00,
0x00,0x00,0x00,0x00,0x00,0x00,0x00,0x00,0x00,0x00,0x00,0x00,0x00,0x00,0x00,0x00,0x00,0x00,0x00,0x00,0x00,0x00,0x00,0x00,0x00,0x00,0x00,0x00,0x00,0x00,0x00,0x00,
0x00,0x00,0x00,0x00,0x00,0x00,0x00,0x00,0x00,0x00,0x00,0x00,0x00,0x00,0x00,0x00,0x00,0x00,0x00,0x00,0x00,0x00,0x00,0x00,0x00,0x00,0x00,0x00,0x00,0x00,0x00,0x00,
0x00,0x00,0x00,0x00,0x00,0x00,0x00,0x00,0x00,0x00,0x00,0x00,0x00,0x00,0x00,0x00,0x00,0x00,0x00,0x00,0x00,0x00,0x00,0x00,0x00,0x00,0x00,0x00,0x00,0x00,0x00,0x00,
0x00,0x00,0x00,0x00,0x00,0x00,0x00,0x00,0x00,0x00,0x00,0x00,0x00,0x00,0x00,0x00,0x00,0x00,0x00,0x00,0x00,0x00,0x00,0x00,0x00,0x00,0x00,0x00,0x00,0x00,0x00,0x00,
0x00,0x00,0x00,0x00,0x00,0x00,0x00,0x00,0x00,0x00,0x00,0x00,0x00,0x00,0x00,0x00,0x00,0x00,0x00,0x00,0x00,0x00,0x00,0x00,0x00,0x00,0x00,0x00,0x00,0x00,0x00,0x00,
0xff,0xff,0xff,0x02,0x00,0x00,0x00,0x00,0xda,0xef,0xff,0x98,0xee,0xff,0xff,0xff,0xda,0xf1,0xff,0xfb,0xda,0xf1,0xff,0xfc,0xdb,0xf1,0xff,0xfe,0xdb,0xf2,0xff,0xff,
0xdb,0xf2,0xff,0xff,0xdb,0xf2,0xff,0xfe,0xda,0xf1,0xff,0xfd,0xd9,0xf0,0xff,0xfa,0xeb,0xff,0xff,0xff,0xde,0xf4,0xff,0xca,0xdd,0xee,0xff,0x0f,0xff,0xff,0xff,0x02,
0xff,0xff,0xff,0x01,0x00,0x00,0x00,0x00,0x00,0x00,0x00,0x00,0x00,0x00,0x00,0x00,0x00,0x00,0x00,0x00,0x00,0x00,0x00,0x00,0x00,0x00,0x00,0x00,0x00,0x00,0x00,0x00,
0x00,0x00,0x00,0x00,0x00,0x00,0x00,0x00,0x00,0x00,0x00,0x00,0x00,0x00,0x00,0x00,0x00,0x00,0x00,0x00,0x00,0x00,0x00,0x00,0x00,0x00,0x00,0x00,0x00,0x00,0x00,0x00,
0x00,0x00,0x00,0x00,0x00,0x00,0x00,0x00,0x00,0x00,0x00,0x00,0x00,0x00,0x00,0x00,0x00,0x00,0x00,0x00,0x00,0x00,0x00,0x00,0x00,0x00,0x00,0x00,0x00,0x00,0x00,0x00,
0x00,0x00,0x00,0x00,0x00,0x00,0x00,0x00,0x00,0x00,0x00,0x00,0x00,0x00,0x00,0x00,0x00,0x00,0x00,0x00,0x00,0x00,0x00,0x00,0x00,0x00,0x00,0x00,0x00,0x00,0x00,0x00,
0x00,0x00,0x00,0x00,0x00,0x00,0x00,0x00,0x00,0x00,0x00,0x00,0x00,0x00,0x00,0x00,0x00,0x00,0x00,0x00,0x00,0x00,0x00,0x00,0x00,0x00,0x00,0x00,0x00,0x00,0x00,0x00,
0x00,0x00,0x00,0x00,0x00,0x00,0x00,0x00,0x00,0x00,0x00,0x00,0x00,0x00,0x00,0x00,0x00,0x00,0x00,0x00,0x00,0x00,0x00,0x00,0x00,0x00,0x00,0x00,0x00,0x00,0x00,0x00,
0xff,0xff,0xff,0x01,0xff,0xff,0xff,0x02,0x00,0x00,0x00,0x00,0xdd,0xf3,0xff,0x98,0xeb,0xff,0xff,0xff,0xe5,0xfe,0xff,0xff,0xdc,0xf3,0xff,0xff,0xda,0xf1,0xff,0xfd,
0xda,0xf1,0xff,0xfd,0xdb,0xf2,0xff,0xff,0xe2,0xfa,0xff,0xff,0xee,0xff,0xff,0xff,0xdf,0xf7,0xff,0xc4,0xc6,0xe2,0xff,0x12,0x00,0x00,0x00,0x00,0xff,0xff,0xff,0x01,
0x00,0x00,0x00,0x00,0x00,0x00,0x00,0x00,0x00,0x00,0x00,0x00,0x00,0x00,0x00,0x00,0x00,0x00,0x00,0x00,0x00,0x00,0x00,0x00,0x00,0x00,0x00,0x00,0x00,0x00,0x00,0x00,
0x00,0x00,0x00,0x00,0x00,0x00,0x00,0x00,0x00,0x00,0x00,0x00,0x00,0x00,0x00,0x00,0x00,0x00,0x00,0x00,0x00,0x00,0x00,0x00,0x00,0x00,0x00,0x00,0x00,0x00,0x00,0x00,
0x00,0x00,0x00,0x00,0x00,0x00,0x00,0x00,0x00,0x00,0x00,0x00,0x00,0x00,0x00,0x00,0x00,0x00,0x00,0x00,0x00,0x00,0x00,0x00,0x00,0x00,0x00,0x00,0x00,0x00,0x00,0x00,
0x00,0x00,0x00,0x00,0x00,0x00,0x00,0x00,0x00,0x00,0x00,0x00,0x00,0x00,0x00,0x00,0x00,0x00,0x00,0x00,0x00,0x00,0x00,0x00,0x00,0x00,0x00,0x00,0x00,0x00,0x00,0x00,
0x00,0x00,0x00,0x00,0x00,0x00,0x00,0x00,0x00,0x00,0x00,0x00,0x00,0x00,0x00,0x00,0x00,0x00,0x00,0x00,0x00,0x00,0x00,0x00,0x00,0x00,0x00,0x00,0x00,0x00,0x00,0x00,
0x00,0x00,0x00,0x00,0x00,0x00,0x00,0x00,0x00,0x00,0x00,0x00,0x00,0x00,0x00,0x00,0x00,0x00,0x00,0x00,0x00,0x00,0x00,0x00,0x00,0x00,0x00,0x00,0x00,0x00,0x00,0x00,
0x00,0x00,0x00,0x00,0xff,0xff,0xff,0x01,0xff,0xff,0xff,0x02,0x00,0x00,0x00,0x00,0xe0,0xf5,0xff,0x54,0xe3,0xf9,0xff,0xba,0xdf,0xf7,0xff,0xf4,0xe4,0xfd,0xff,0xff,
0xe5,0xfd,0xff,0xff,0xde,0xf4,0xff,0xfc,0xdf,0xf6,0xff,0xd2,0xdf,0xf5,0xff,0x71,0x99,0xcc,0xff,0x05,0x00,0x00,0x00,0x00,0x7f,0xff,0xff,0x02,0x00,0x00,0x00,0x00,
0x00,0x00,0x00,0x00,0x00,0x00,0x00,0x00,0x00,0x00,0x00,0x00,0x00,0x00,0x00,0x00,0x00,0x00,0x00,0x00,0x00,0x00,0x00,0x00,0x00,0x00,0x00,0x00,0x00,0x00,0x00,0x00,
0x00,0x00,0x00,0x00,0x00,0x00,0x00,0x00,0x00,0x00,0x00,0x00,0x00,0x00,0x00,0x00,0x00,0x00,0x00,0x00,0x00,0x00,0x00,0x00,0x00,0x00,0x00,0x00,0x00,0x00,0x00,0x00,
0x00,0x00,0x00,0x00,0x00,0x00,0x00,0x00,0x00,0x00,0x00,0x00,0x00,0x00,0x00,0x00,0x00,0x00,0x00,0x00,0x00,0x00,0x00,0x00,0x00,0x00,0x00,0x00,0x00,0x00,0x00,0x00,
0x00,0x00,0x00,0x00,0x00,0x00,0x00,0x00,0x00,0x00,0x00,0x00,0x00,0x00,0x00,0x00,0x00,0x00,0x00,0x00,0x00,0x00,0x00,0x00,0x00,0x00,0x00,0x00,0x00,0x00,0x00,0x00,
0x00,0x00,0x00,0x00,0x00,0x00,0x00,0x00,0x00,0x00,0x00,0x00,0x00,0x00,0x00,0x00,0x00,0x00,0x00,0x00,0x00,0x00,0x00,0x00,0x00,0x00,0x00,0x00,0x00,0x00,0x00,0x00,
0x00,0x00,0x00,0x00,0x00,0x00,0x00,0x00,0x00,0x00,0x00,0x00,0x00,0x00,0x00,0x00,0x00,0x00,0x00,0x00,0x00,0x00,0x00,0x00,0x00,0x00,0x00,0x00,0x00,0x00,0x00,0x00,
0x00,0x00,0x00,0x00,0x00,0x00,0x00,0x00,0x00,0x00,0x00,0x00,0x7f,0xff,0xff,0x02,0x00,0x00,0x00,0x00,0x00,0x00,0x00,0x00,0xed,0xff,0xff,0x1d,0xdf,0xf7,0xff,0x41,
0xe3,0xfb,0xff,0x41,0xe6,0xf8,0xff,0x29,0xff,0xff,0xff,0x02,0x00,0x00,0x00,0x00,0x00,0x00,0x00,0x00,0xff,0xff,0xff,0x01,0x00,0x00,0x00,0x00,0x00,0x00,0x00,0x00,
0x00,0x00,0x00,0x00,0x00,0x00,0x00,0x00,0x00,0x00,0x00,0x00,0x00,0x00,0x00,0x00,0x00,0x00,0x00,0x00,0x00,0x00,0x00,0x00,0x00,0x00,0x00,0x00,0x00,0x00,0x00,0x00,
0x00,0x00,0x00,0x00,0x00,0x00,0x00,0x00,0x00,0x00,0x00,0x00,0x00,0x00,0x00,0x00,0x00,0x00,0x00,0x00,0x00,0x00,0x00,0x00,0x00,0x00,0x00,0x00,0x00,0x00,0x00,0x00,
0x00,0x00,0x00,0x00,0x00,0x00,0x00,0x00,0x00,0x00,0x00,0x00,0x00,0x00,0x00,0x00,0x00,0x00,0x00,0x00,0x00,0x00,0x00,0x00,0x00,0x00,0x00,0x00,0x00,0x00,0x00,0x00,
0x00,0x00,0x00,0x00,0x00,0x00,0x00,0x00,0x00,0x00,0x00,0x00,0x00,0x00,0x00,0x00,0x00,0x00,0x00,0x00,0x00,0x00,0x00,0x00,0x00,0x00,0x00,0x00,0x00,0x00,0x00,0x00,
0x00,0x00,0x00,0x00,0x00,0x00,0x00,0x00,0x00,0x00,0x00,0x00,0x00,0x00,0x00,0x00,0x00,0x00,0x00,0x00,0x00,0x00,0x00,0x00,0x00,0x00,0x00,0x00,0x00,0x00,0x00,0x00,
0x00,0x00,0x00,0x00,0x00,0x00,0x00,0x00,0x00,0x00,0x00,0x00,0x00,0x00,0x00,0x00,0x00,0x00,0x00,0x00,0x00,0x00,0x00,0x00,0x00,0x00,0x00,0x00,0x00,0x00,0x00,0x00,
0x00,0x00,0x00,0x00,0x00,0x00,0x00,0x00,0x00,0x00,0x00,0x00,0x00,0x00,0x00,0x00,0xff,0xff,0xff,0x03,0xff,0xff,0xff,0x01,0x00,0x00,0x00,0x00,0x00,0x00,0x00,0x00,
0x00,0x00,0x00,0x00,0x00,0x00,0x00,0x00,0x00,0x00,0x00,0x00,0xbf,0xbf,0xff,0x04,0xff,0xff,0xff,0x01,0x00,0x00,0x00,0x00,0x00,0x00,0x00,0x00,0x00,0x00,0x00,0x00,
0x00,0x00,0x00,0x00,0x00,0x00,0x00,0x00,0x00,0x00,0x00,0x00,0x00,0x00,0x00,0x00,0x00,0x00,0x00,0x00,0x00,0x00,0x00,0x00,0x00,0x00,0x00,0x00,0x00,0x00,0x00,0x00,
0x00,0x00,0x00,0x00,0x00,0x00,0x00,0x00,0x00,0x00,0x00,0x00,0x00,0x00,0x00,0x00,0x00,0x00,0x00,0x00,0x00,0x00,0x00,0x00,0x00,0x00,0x00,0x00,0x00,0x00,0x00,0x00,
0x00,0x00,0x00,0x00,0x00,0x00,0x00,0x00,0x00,0x00,0x00,0x00,0x00,0x00,0x00,0x00,0x00,0x00,0x00,0x00,0x00,0x00,0x00,0x00,0x00,0x00,0x00,0x00,0x00,0x00,0x00,0x00,
0x00,0x00,0x00,0x00,0x00,0x00,0x00,0x00,0x00,0x00,0x00,0x00,0x00,0x00,0x00,0x00,0x00,0x00,0x00,0x00,0x00,0x00,0x00,0x00,0x00,0x00,0x00,0x00,0x00,0x00,0x00,0x00,
0x00,0x00,0x00,0x00,0x00,0x00,0x00,0x00,0x00,0x00,0x00,0x00,0x00,0x00,0x00,0x00,0x00,0x00,0x00,0x00,0x00,0x00,0x00,0x00,0x00,0x00,0x00,0x00,0x00,0x00,0x00,0x00,
0x00,0x00,0x00,0x00,0x00,0x00,0x00,0x00,0x00,0x00,0x00,0x00,0x00,0x00,0x00,0x00,0x00,0x00,0x00,0x00,0x00,0x00,0x00,0x00,0x00,0x00,0x00,0x00,0x00,0x00,0x00,0x00,
0x00,0x00,0x00,0x00,0x00,0x00,0x00,0x00,0x00,0x00,0x00,0x00,0x00,0x00,0x00,0x00,0x00,0x00,0x00,0x00,0x00,0x00,0x00,0x00,0x7f,0xff,0xff,0x02,0xff,0xff,0xff,0x03,
0xff,0xff,0xff,0x03,0xff,0xff,0xff,0x02,0xff,0xff,0xff,0x01,0x00,0x00,0x00,0x00,0x00,0x00,0x00,0x00,0x00,0x00,0x00,0x00,0x00,0x00,0x00,0x00,0x00,0x00,0x00,0x00,
0x00,0x00,0x00,0x00,0x00,0x00,0x00,0x00,0x00,0x00,0x00,0x00,0x00,0x00,0x00,0x00,0x00,0x00,0x00,0x00,0x00,0x00,0x00,0x00,0x00,0x00,0x00,0x00,0x00,0x00,0x00,0x00,
0x00,0x00,0x00,0x00,0x00,0x00,0x00,0x00,0x00,0x00,0x00,0x00,0x00,0x00,0x00,0x00,0x00,0x00,0x00,0x00,0x00,0x00,0x00,0x00,0x00,0x00,0x00,0x00,0x00,0x00,0x00,0x00,
0x00,0x00,0x00,0x00,0x00,0x00,0x00,0x00,0x00,0x00,0x00,0x00,0x00,0x00,0x00,0x00,0x00,0x00,0x00,0x00,0x00,0x00,0x00,0x00,0x00,0x00,0x00,0x00,0x00,0x00,0x00,0x00,
0x00,0x00,0x00,0x00,0x00,0x00,0x00,0x00,0x00,0x00,0x00,0x00,0x00,0x00,0x00,0x00,0x00,0x00,0x00,0x00,0x00,0x00,0x00,0x00,0x00,0x00,0x00,0x00,0x00,0x00,0x00,0x00,
0x00,0x00,0x00,0x00,0x00,0x00,0x00,0x00,0x00,0x00,0x00,0x00,0x00,0x00,0x00,0x00,0x00,0x00,0x00,0x00,0x00,0x00,0x00,0x00,0x00,0x00,0x00,0x00,0x00,0x00,0x00,0x00,
0x00,0x00,0x00,0x00,0x00,0x00,0x00,0x00,0x00,0x00,0x00,0x00,0x00,0x00,0x00,0x00,0x00,0x00,0x00,0x00,0x00,0x00,0x00,0x00,0x00,0x00,0x00,0x00,0x00,0x00,0x00,0x00,
0x00,0x00,0x00,0x00,0x00,0x00,0x00,0x00,0x00,0x00,0x00,0x00,0x00,0x00,0x00,0x00,0x00,0x00,0x00,0x00,0x00,0x00,0x00,0x00,0x00,0x00,0x00,0x00,0x00,0x00,0x00,0x00,
0x00,0x00,0x00,0x00,0x00,0x00,0x00,0x00,0x00,0x00,0x00,0x00,0x00,0x00,0x00,0x00,0x00,0x00,0x00,0x00,0x00,0x00,0x00,0x00,0x00,0x00,0x00,0x00,0x00,0x00,0x00,0x00,
0x00,0x00,0x00,0x00,0x00,0x00,0x00,0x00,0x00,0x00,0x00,0x00,0x00,0x00,0x00,0x00,0x00,0x00,0x00,0x00,0x00,0x00,0x00,0x00,0x00,0x00,0x00,0x00,0x00,0x00,0x00,0x00,
0x00,0x00,0x00,0x00,0x00,0x00,0x00,0x00,0x00,0x00,0x00,0x00,0x00,0x00,0x00,0x00,0x00,0x00,0x00,0x00,0x00,0x00,0x00,0x00,0x00,0x00,0x00,0x00,0x00,0x00,0x00,0x00,
0x00,0x00,0x00,0x00,0x00,0x00,0x00,0x00,0x00,0x00,0x00,0x00,0x00,0x00,0x00,0x00,0x00,0x00,0x00,0x00,0x00,0x00,0x00,0x00,0x00,0x00,0x00,0x00,0x00,0x00,0x00,0x00,
0x00,0x00,0x00,0x00,0x00,0x00,0x00,0x00,0x00,0x00,0x00,0x00,0x00,0x00,0x00,0x00,0x00,0x00,0x00,0x00,0x00,0x00,0x00,0x00,0x00,0x00,0x00,0x00,0x00,0x00,0x00,0x00,
0x00,0x00,0x00,0x00,0x00,0x00,0x00,0x00,0x00,0x00,0x00,0x00,0x00,0x00,0x00,0x00,0x00,0x00,0x00,0x00,0x00,0x00,0x00,0x00,0x00,0x00,0x00,0x00,0x00,0x00,0x00,0x00,
0x00,0x00,0x00,0x00,0x00,0x00,0x00,0x00,0x00,0x00,0x00,0x00,0x00,0x00,0x00,0x00,0x00,0x00,0x00,0x00,0x00,0x00,0x00,0x00,0x00,0x00,0x00,0x00,0x00,0x00,0x00,0x00,
0x00,0x00,0x00,0x00,0x00,0x00,0x00,0x00,0x00,0x00,0x00,0x00,0x00,0x00,0x00,0x00,0x00,0x00,0x00,0x00,0x00,0x00,0x00,0x00,0x00,0x00,0x00,0x00,0x00,0x00,0x00,0x00,
0x00,0x00,0x00,0x00,0x00,0x00,0x00,0x00,0x00,0x00,0x00,0x00,0x00,0x00,0x00,0x00,0x00,0x00,0x00,0x00,0x00,0x00,0x00,0x00,0x00,0x00,0x00,0x00,0x00,0x00,0x00,0x00,
0x00,0x00,0x00,0x00,0x00,0x00,0x00,0x00,0x00,0x00,0x00,0x00,0x00,0x00,0x00,0x00,0x00,0x00,0x00,0x00,0x00,0x00,0x00,0x00,0x00,0x00,0x00,0x00,0x00,0x00,0x00,0x00,
0x00,0x00,0x00,0x00,0x00,0x00,0x00,0x00,0x00,0x00,0x00,0x00,0x00,0x00,0x00,0x00,0x00,0x00,0x00,0x00,0x00,0x00,0x00,0x00,0x00,0x00,0x00,0x00,0x00,0x00,0x00,0x00,
0x00,0x00,0x00,0x00,0x00,0x00,0x00,0x00,0x00,0x00,0x00,0x00,0x00,0x00,0x00,0x00,0x00,0x00,0x00,0x00,0x00,0x00,0x00,0x00,0x00,0x00,0x00,0x00,0x00,0x00,0x00,0x00,
};
const lv_image_dsc_t icon_alarm = {
.header = {.magic = LV_IMAGE_HEADER_MAGIC, .cf = LV_COLOR_FORMAT_ARGB8888, .w = 64, .h = 64, .stride = 256},
.data_size = sizeof icon_alarm_pixels, .data = icon_alarm_pixels
};
static const uint8_t icon_calculator_pixels[] = {
0x00,0x00,0x00,0x00,0x00,0x00,0x00,0x00,0x00,0x00,0x00,0x00,0x00,0x00,0x00,0x00,0x00,0x00,0x00,0x00,0x00,0x00,0x00,0x00,0x00,0x00,0x00,0x00,0x00,0x00,0x00,0x00,
0x00,0x00,0x00,0x00,0x00,0x00,0x00,0x00,0x00,0x00,0x00,0x00,0x00,0x00,0x00,0x00,0x00,0x00,0x00,0x00,0x00,0x00,0x00,0x00,0x00,0x00,0x00,0x00,0x00,0x00,0x00,0x00,
0x00,0x00,0x00,0x00,0x00,0x00,0x00,0x00,0x00,0x00,0x00,0x00,0x00,0x00,0x00,0x00,0x00,0x00,0x00,0x00,0x00,0x00,0x00,0x00,0x00,0x00,0x00,0x00,0x00,0x00,0x00,0x00,
0x00,0x00,0x00,0x00,0x00,0x00,0x00,0x00,0x00,0x00,0x00,0x00,0x00,0x00,0x00,0x00,0x00,0x00,0x00,0x00,0x00,0x00,0x00,0x00,0x00,0x00,0x00,0x00,0x00,0x00,0x00,0x00,
0x00,0x00,0x00,0x00,0x00,0x00,0x00,0x00,0x00,0x00,0x00,0x00,0x00,0x00,0x00,0x00,0x00,0x00,0x00,0x00,0x00,0x00,0x00,0x00,0x00,0x00,0x00,0x00,0x00,0x00,0x00,0x00,
0x00,0x00,0x00,0x00,0x00,0x00,0x00,0x00,0x00,0x00,0x00,0x00,0x00,0x00,0x00,0x00,0x00,0x00,0x00,0x00,0x00,0x00,0x00,0x00,0x00,0x00,0x00,0x00,0x00,0x00,0x00,0x00,
0x00,0x00,0x00,0x00,0x00,0x00,0x00,0x00,0x00,0x00,0x00,0x00,0x00,0x00,0x00,0x00,0x00,0x00,0x00,0x00,0x00,0x00,0x00,0x00,0x00,0x00,0x00,0x00,0x00,0x00,0x00,0x00,
0x00,0x00,0x00,0x00,0x00,0x00,0x00,0x00,0x00,0x00,0x00,0x00,0x00,0x00,0x00,0x00,0x00,0x00,0x00,0x00,0x00,0x00,0x00,0x00,0x00,0x00,0x00,0x00,0x00,0x00,0x00,0x00,
0x00,0x00,0x00,0x00,0x00,0x00,0x00,0x00,0x00,0x00,0x00,0x00,0x00,0x00,0x00,0x00,0x00,0x00,0x00,0x00,0x00,0x00,0x00,0x00,0x00,0x00,0x00,0x00,0x00,0x00,0x00,0x00,
0x00,0x00,0x00,0x00,0x00,0x00,0x00,0x00,0x00,0x00,0x00,0x00,0x00,0x00,0x00,0x00,0x00,0x00,0x00,0x00,0x00,0x00,0x00,0x00,0x00,0x00,0x00,0x00,0x00,0x00,0x00,0x00,
0x00,0x00,0x00,0x00,0x00,0x00,0x00,0x00,0x00,0x00,0x00,0x00,0x00,0x00,0x00,0x00,0x00,0x00,0x00,0x00,0x00,0x00,0x00,0x00,0x00,0x00,0x00,0x00,0x00,0x00,0x00,0x00,
0x00,0x00,0x00,0x00,0x00,0x00,0x00,0x00,0x00,0x00,0x00,0x00,0x00,0x00,0x00,0x00,0x00,0x00,0x00,0x00,0x00,0x00,0x00,0x00,0x00,0x00,0x00,0x00,0x00,0x00,0x00,0x00,
0x00,0x00,0x00,0x00,0x00,0x00,0x00,0x00,0x00,0x00,0x00,0x00,0x00,0x00,0x00,0x00,0x00,0x00,0x00,0x00,0x00,0x00,0x00,0x00,0x00,0x00,0x00,0x00,0x00,0x00,0x00,0x00,
0x00,0x00,0x00,0x00,0x00,0x00,0x00,0x00,0x00,0x00,0x00,0x00,0x00,0x00,0x00,0x00,0x00,0x00,0x00,0x00,0x00,0x00,0x00,0x00,0x00,0x00,0x00,0x00,0x00,0x00,0x00,0x00,
0x00,0x00,0x00,0x00,0x00,0x00,0x00,0x00,0x00,0x00,0x00,0x00,0x00,0x00,0x00,0x00,0x00,0x00,0x00,0x00,0x00,0x00,0x00,0x00,0x00,0x00,0x00,0x00,0x00,0x00,0x00,0x00,
0x00,0x00,0x00,0x00,0x00,0x00,0x00,0x00,0x00,0x00,0x00,0x00,0x00,0x00,0x00,0x00,0x00,0x00,0x00,0x00,0x00,0x00,0x00,0x00,0x00,0x00,0x00,0x00,0x00,0x00,0x00,0x00,
0x00,0x00,0x00,0x00,0x00,0x00,0x00,0x00,0x00,0x00,0x00,0x00,0x00,0x00,0x00,0x00,0x00,0x00,0x00,0x00,0x00,0x00,0x00,0x00,0x00,0x00,0x00,0x00,0x00,0x00,0x00,0x00,
0x00,0x00,0x00,0x00,0x00,0x00,0x00,0x00,0x00,0x00,0x00,0x00,0x00,0x00,0x00,0x00,0x00,0x00,0x00,0x00,0x00,0x00,0x00,0x00,0x00,0x00,0x00,0x00,0x00,0x00,0x00,0x00,
0x00,0x00,0x00,0x00,0x00,0x00,0x00,0x00,0x00,0x00,0x00,0x00,0x00,0x00,0x00,0x00,0x00,0x00,0x00,0x00,0x00,0x00,0x00,0x01,0x00,0x00,0x00,0x01,0x00,0x00,0x00,0x01,
0x00,0x00,0x00,0x01,0x00,0x00,0x00,0x01,0x00,0x00,0x00,0x01,0x00,0x00,0x00,0x01,0x00,0x00,0x00,0x01,0x00,0x00,0x00,0x01,0x00,0x00,0x00,0x01,0x00,0x00,0x00,0x01,
0x00,0x00,0x00,0x01,0x00,0x00,0x00,0x01,0x00,0x00,0x00,0x01,0x00,0x00,0x00,0x01,0x00,0x00,0x00,0x01,0x00,0x00,0x00,0x01,0x00,0x00,0x00,0x01,0x00,0x00,0x00,0x01,
0x00,0x00,0x00,0x01,0x00,0x00,0x00,0x01,0x00,0x00,0x00,0x01,0x00,0x00,0x00,0x01,0x00,0x00,0x00,0x00,0x00,0x00,0x00,0x00,0x00,0x00,0x00,0x00,0x00,0x00,0x00,0x00,
0x00,0x00,0x00,0x00,0x00,0x00,0x00,0x00,0x00,0x00,0x00,0x00,0x00,0x00,0x00,0x00,0x00,0x00,0x00,0x00,0x00,0x00,0x00,0x00,0x00,0x00,0x00,0x00,0x00,0x00,0x00,0x00,
0x00,0x00,0x00,0x00,0x00,0x00,0x00,0x00,0x00,0x00,0x00,0x00,0x00,0x00,0x00,0x00,0x00,0x00,0x00,0x00,0x00,0x00,0x00,0x00,0x00,0x00,0x00,0x00,0x00,0x00,0x00,0x00,
0x00,0x00,0x00,0x00,0x00,0x00,0x00,0x00,0x00,0x00,0x00,0x00,0x00,0x00,0x00,0x00,0x00,0x00,0x00,0x00,0x00,0x00,0x00,0x00,0x00,0x00,0x00,0x00,0x00,0x00,0x00,0x00,
0x00,0x00,0x00,0x00,0x00,0x00,0x00,0x00,0x00,0x00,0x00,0x00,0x00,0x00,0x00,0x00,0x00,0x00,0x00,0x00,0x00,0x00,0x00,0x00,0x00,0x00,0x00,0x00,0x00,0x00,0x00,0x00,
0x00,0x00,0x00,0x00,0x00,0x00,0x00,0x00,0x7f,0x7f,0x00,0x02,0x3f,0x3f,0x3f,0x04,0x00,0x00,0x00,0x01,0x00,0x00,0x00,0x00,0x00,0x00,0x00,0x00,0x00,0x00,0x00,0x00,
0x00,0x00,0x00,0x00,0x00,0x00,0x00,0x00,0x00,0x00,0x00,0x00,0x00,0x00,0x00,0x00,0x00,0x00,0x00,0x00,0x00,0x00,0x00,0x00,0x00,0x00,0x00,0x00,0x00,0x00,0x00,0x00,
0x00,0x00,0x00,0x00,0x00,0x00,0x00,0x00,0x00,0x00,0x00,0x00,0x00,0x00,0x00,0x00,0x00,0x00,0x00,0x00,0x00,0x00,0x00,0x00,0x00,0x00,0x00,0x00,0x00,0x00,0x00,0x00,
0x00,0x00,0x00,0x00,0x00,0x00,0x00,0x00,0x00,0x00,0x00,0x00,0x00,0x00,0x00,0x00,0x55,0x55,0x55,0x03,0x55,0x55,0x55,0x03,0x00,0x00,0x00,0x00,0x00,0x00,0x00,0x00,
0x00,0x00,0x00,0x00,0x00,0x00,0x00,0x00,0x00,0x00,0x00,0x00,0x00,0x00,0x00,0x00,0x00,0x00,0x00,0x00,0x00,0x00,0x00,0x00,0x00,0x00,0x00,0x00,0x00,0x00,0x00,0x00,
0x00,0x00,0x00,0x00,0x00,0x00,0x00,0x00,0x00,0x00,0x00,0x00,0x00,0x00,0x00,0x00,0x00,0x00,0x00,0x00,0x00,0x00,0x00,0x00,0x00,0x00,0x00,0x00,0x00,0x00,0x00,0x00,
0x00,0x00,0x00,0x00,0x00,0x00,0x00,0x00,0x00,0x00,0x00,0x00,0x00,0x00,0x00,0x00,0x00,0x00,0x00,0x00,0x00,0x00,0x00,0x00,0x00,0x00,0x00,0x00,0x00,0x00,0x00,0x00,
0x00,0x00,0x00,0x00,0x00,0x00,0x00,0x00,0x00,0x00,0x00,0x00,0x00,0x00,0x00,0x00,0x00,0x00,0x00,0x00,0x00,0x00,0x00,0x00,0x00,0x00,0x00,0x00,0x00,0x00,0x00,0x00,
0x00,0x00,0x00,0x00,0x55,0x55,0x55,0x03,0x00,0x00,0x00,0x00,0x00,0x00,0x00,0x00,0x00,0x00,0x00,0x00,0x5f,0x4f,0x3f,0x10,0x5f,0x3f,0x3f,0x10,0x5a,0x3c,0x3c,0x11,
0x5a,0x3c,0x3c,0x11,0x5a,0x3c,0x3c,0x11,0x5a,0x3c,0x3c,0x11,0x5a,0x3c,0x3c,0x11,0x5a,0x3c,0x3c,0x11,0x5a,0x3c,0x3c,0x11,0x5a,0x3c,0x3c,0x11,0x5a,0x3c,0x3c,0x11,
0x5a,0x3c,0x3c,0x11,0x5a,0x3c,0x3c,0x11,0x5a,0x3c,0x3c,0x11,0x5a,0x3c,0x3c,0x11,0x5a,0x3c,0x3c,0x11,0x5a,0x3c,0x3c,0x11,0x5a,0x3c,0x3c,0x11,0x5a,0x3c,0x3c,0x11,
0x5a,0x3c,0x3c,0x11,0x5f,0x3f,0x3f,0x10,0x6f,0x4f,0x3f,0x10,0x55,0x55,0x55,0x03,0x00,0x00,0x00,0x00,0x00,0x00,0x00,0x00,0x7f,0x00,0x00,0x02,0x00,0x00,0x00,0x01,
0x00,0x00,0x00,0x00,0x00,0x00,0x00,0x00,0x00,0x00,0x00,0x00,0x00,0x00,0x00,0x00,0x00,0x00,0x00,0x00,0x00,0x00,0x00,0x00,0x00,0x00,0x00,0x00,0x00,0x00,0x00,0x00,
0x00,0x00,0x00,0x00,0x00,0x00,0x00,0x00,0x00,0x00,0x00,0x00,0x00,0x00,0x00,0x00,0x00,0x00,0x00,0x00,0x00,0x00,0x00,0x00,0x00,0x00,0x00,0x00,0x00,0x00,0x00,0x00,
0x00,0x00,0x00,0x00,0x00,0x00,0x00,0x00,0x00,0x00,0x00,0x00,0x00,0x00,0x00,0x00,0x00,0x00,0x00,0x00,0x00,0x00,0x00,0x00,0x00,0x00,0x00,0x00,0x00,0x00,0x00,0x00,
0x00,0x00,0x00,0x00,0x00,0x00,0x00,0x00,0x00,0x00,0x00,0x00,0x00,0x00,0x00,0x00,0x00,0x00,0x00,0x00,0x00,0x00,0x00,0x00,0x00,0x00,0x00,0x00,0x00,0x00,0x00,0x01,
0x7f,0x00,0x00,0x02,0x00,0x00,0x00,0x00,0x5c,0x45,0x39,0x2c,0x5d,0x45,0x38,0x8b,0x5c,0x44,0x39,0xc9,0x5c,0x43,0x38,0xee,0x5b,0x42,0x37,0xee,0x5b,0x43,0x37,0xee,
0x5b,0x43,0x37,0xee,0x5b,0x43,0x37,0xee,0x5b,0x43,0x37,0xee,0x5b,0x43,0x37,0xee,0x5b,0x43,0x37,0xee,0x5b,0x43,0x37,0xee,0x5b,0x43,0x37,0xee,0x5b,0x43,0x37,0xee,
0x5b,0x43,0x37,0xee,0x5b,0x43,0x37,0xee,0x5b,0x43,0x37,0xee,0x5b,0x43,0x37,0xee,0x5b,0x43,0x37,0xee,0x5b,0x43,0x37,0xee,0x5b,0x43,0x37,0xee,0x5b,0x43,0x37,0xee,
0x5b,0x43,0x37,0xee,0x5b,0x42,0x37,0xee,0x5c,0x43,0x38,0xee,0x5d,0x44,0x39,0xd5,0x5d,0x45,0x3a,0x9e,0x5e,0x45,0x3a,0x46,0x00,0x00,0x00,0x00,0x00,0x00,0x00,0x00,
0x7f,0x00,0x00,0x02,0x00,0x00,0x00,0x00,0x00,0x00,0x00,0x00,0x00,0x00,0x00,0x00,0x00,0x00,0x00,0x00,0x00,0x00,0x00,0x00,0x00,0x00,0x00,0x00,0x00,0x00,0x00,0x00,
0x00,0x00,0x00,0x00,0x00,0x00,0x00,0x00,0x00,0x00,0x00,0x00,0x00,0x00,0x00,0x00,0x00,0x00,0x00,0x00,0x00,0x00,0x00,0x00,0x00,0x00,0x00,0x00,0x00,0x00,0x00,0x00,
0x00,0x00,0x00,0x00,0x00,0x00,0x00,0x00,0x00,0x00,0x00,0x00,0x00,0x00,0x00,0x00,0x00,0x00,0x00,0x00,0x00,0x00,0x00,0x00,0x00,0x00,0x00,0x00,0x00,0x00,0x00,0x00,
0x00,0x00,0x00,0x00,0x00,0x00,0x00,0x00,0x00,0x00,0x00,0x00,0x00,0x00,0x00,0x00,0x00,0x00,0x00,0x00,0x00,0x00,0x00,0x00,0x00,0x00,0x00,0x01,0x00,0x00,0x00,0x01,
0x00,0x00,0x00,0x00,0x5c,0x44,0x38,0x7f,0x5e,0x44,0x39,0xf9,0x62,0x48,0x3c,0xff,0x5f,0x46,0x3a,0xff,0x5c,0x44,0x39,0xff,0x5d,0x44,0x39,0xff,0x5d,0x44,0x39,0xff,
0x5d,0x44,0x39,0xff,0x5d,0x44,0x39,0xff,0x5d,0x44,0x39,0xff,0x5d,0x44,0x39,0xff,0x5d,0x44,0x39,0xff,0x5d,0x44,0x39,0xff,0x5d,0x44,0x39,0xff,0x5d,0x44,0x39,0xff,
0x5d,0x44,0x39,0xff,0x5d,0x44,0x39,0xff,0x5d,0x44,0x39,0xff,0x5d,0x44,0x39,0xff,0x5d,0x44,0x39,0xff,0x5d,0x44,0x39,0xff,0x5d,0x44,0x39,0xff,0x5d,0x44,0x39,0xff,
0x5d,0x44,0x39,0xff,0x5d,0x44,0x39,0xff,0x5c,0x44,0x39,0xff,0x5e,0x45,0x3a,0xff,0x61,0x47,0x3c,0xff,0x60,0x46,0x3b,0xff,0x5d,0x44,0x3a,0xa7,0x55,0x38,0x38,0x12,
0x00,0x00,0x00,0x00,0x7f,0x00,0x00,0x02,0x00,0x00,0x00,0x00,0x00,0x00,0x00,0x00,0x00,0x00,0x00,0x00,0x00,0x00,0x00,0x00,0x00,0x00,0x00,0x00,0x00,0x00,0x00,0x00,
0x00,0x00,0x00,0x00,0x00,0x00,0x00,0x00,0x00,0x00,0x00,0x00,0x00,0x00,0x00,0x00,0x00,0x00,0x00,0x00,0x00,0x00,0x00,0x00,0x00,0x00,0x00,0x00,0x00,0x00,0x00,0x00,
0x00,0x00,0x00,0x00,0x00,0x00,0x00,0x00,0x00,0x00,0x00,0x00,0x00,0x00,0x00,0x00,0x00,0x00,0x00,0x00,0x00,0x00,0x00,0x00,0x00,0x00,0x00,0x00,0x00,0x00,0x00,0x00,
0x00,0x00,0x00,0x00,0x00,0x00,0x00,0x00,0x00,0x00,0x00,0x00,0x00,0x00,0x00,0x00,0x00,0x00,0x00,0x00,0x00,0x00,0x00,0x00,0x55,0x55,0x55,0x03,0x00,0x00,0x00,0x01,
0x5b,0x43,0x38,0x9a,0x64,0x49,0x3d,0xff,0x5b,0x43,0x38,0xfe,0x5a,0x43,0x37,0xfb,0x5a,0x42,0x37,0xfd,0x5b,0x43,0x38,0xfe,0x5b,0x43,0x38,0xfe,0x5b,0x43,0x38,0xfe,
0x5b,0x43,0x38,0xfe,0x5b,0x43,0x38,0xfe,0x5b,0x43,0x38,0xfe,0x5b,0x43,0x38,0xfe,0x5b,0x43,0x38,0xfe,0x5b,0x43,0x38,0xfe,0x5b,0x43,0x38,0xfe,0x5b,0x43,0x38,0xfe,
0x5b,0x43,0x38,0xfe,0x5b,0x43,0x38,0xfe,0x5b,0x43,0x38,0xfe,0x5b,0x43,0x38,0xfe,0x5b,0x43,0x38,0xfe,0x5b,0x43,0x38,0xfe,0x5b,0x43,0x38,0xfe,0x5b,0x43,0x38,0xfe,
0x5b,0x43,0x38,0xfe,0x5b,0x43,0x38,0xfe,0x5b,0x43,0x38,0xfe,0x5a,0x43,0x38,0xfd,0x5b,0x43,0x37,0xfb,0x5b,0x42,0x37,0xfc,0x63,0x49,0x3d,0xff,0x5d,0x44,0x38,0xca,
0x5d,0x43,0x35,0x13,0xff,0x00,0x00,0x01,0x00,0x00,0x00,0x01,0x00,0x00,0x00,0x00,0x00,0x00,0x00,0x00,0x00,0x00,0x00,0x00,0x00,0x00,0x00,0x00,0x00,0x00,0x00,0x00,
0x00,0x00,0x00,0x00,0x00,0x00,0x00,0x00,0x00,0x00,0x00,0x00,0x00,0x00,0x00,0x00,0x00,0x00,0x00,0x00,0x00,0x00,0x00,0x00,0x00,0x00,0x00,0x00,0x00,0x00,0x00,0x00,
0x00,0x00,0x00,0x00,0x00,0x00,0x00,0x00,0x00,0x00,0x00,0x00,0x00,0x00,0x00,0x00,0x00,0x00,0x00,0x00,0x00,0x00,0x00,0x00,0x00,0x00,0x00,0x00,0x00,0x00,0x00,0x00,
0x00,0x00,0x00,0x00,0x00,0x00,0x00,0x00,0x00,0x00,0x00,0x00,0x00,0x00,0x00,0x00,0x00,0x00,0x00,0x00,0x55,0x55,0x55,0x03,0x00,0x00,0x00,0x00,0x5a,0x42,0x38,0x7f,
0x64,0x4a,0x3d,0xff,0x5b,0x42,0x37,0xf9,0x5b,0x43,0x38,0xfe,0x5b,0x43,0x38,0xff,0x5b,0x43,0x38,0xff,0x5c,0x44,0x39,0xff,0x5c,0x44,0x39,0xff,0x5c,0x44,0x39,0xff,
0x5c,0x44,0x39,0xff,0x5c,0x44,0x39,0xff,0x5c,0x44,0x39,0xff,0x5c,0x44,0x39,0xff,0x5c,0x44,0x39,0xff,0x5c,0x44,0x39,0xff,0x5c,0x44,0x39,0xff,0x5c,0x44,0x39,0xff,
0x5c,0x44,0x39,0xff,0x5c,0x44,0x39,0xff,0x5c,0x44,0x39,0xff,0x5c,0x44,0x39,0xff,0x5c,0x44,0x39,0xff,0x5c,0x44,0x39,0xff,0x5c,0x44,0x39,0xff,0x5c,0x44,0x39,0xff,
0x5c,0x44,0x39,0xff,0x5c,0x44,0x39,0xff,0x5c,0x44,0x39,0xff,0x5b,0x43,0x38,0xff,0x5b,0x43,0x38,0xff,0x5b,0x43,0x38,0xff,0x5b,0x42,0x37,0xf9,0x62,0x48,0x3c,0xff,
0x5b,0x42,0x37,0xbb,0x7f,0x00,0x00,0x02,0x7f,0x7f,0x7f,0x02,0x00,0x00,0x00,0x00,0x00,0x00,0x00,0x00,0x00,0x00,0x00,0x00,0x00,0x00,0x00,0x00,0x00,0x00,0x00,0x00,
0x00,0x00,0x00,0x00,0x00,0x00,0x00,0x00,0x00,0x00,0x00,0x00,0x00,0x00,0x00,0x00,0x00,0x00,0x00,0x00,0x00,0x00,0x00,0x00,0x00,0x00,0x00,0x00,0x00,0x00,0x00,0x00,
0x00,0x00,0x00,0x00,0x00,0x00,0x00,0x00,0x00,0x00,0x00,0x00,0x00,0x00,0x00,0x00,0x00,0x00,0x00,0x00,0x00,0x00,0x00,0x00,0x00,0x00,0x00,0x00,0x00,0x00,0x00,0x00,
0x00,0x00,0x00,0x00,0x00,0x00,0x00,0x00,0x00,0x00,0x00,0x00,0x00,0x00,0x00,0x00,0x7f,0x00,0x00,0x02,0x00,0x00,0x00,0x00,0x5d,0x44,0x37,0x29,0x5d,0x45,0x39,0xfa,
0x5c,0x43,0x38,0xfc,0x5b,0x43,0x38,0xfe,0x5b,0x43,0x38,0xff,0x5b,0x43,0x38,0xff,0x5d,0x46,0x3b,0xff,0x59,0x41,0x36,0xff,0x58,0x40,0x35,0xff,0x58,0x40,0x35,0xff,
0x58,0x40,0x35,0xff,0x58,0x40,0x35,0xff,0x58,0x40,0x35,0xff,0x58,0x40,0x35,0xff,0x58,0x40,0x35,0xff,0x58,0x40,0x35,0xff,0x58,0x40,0x35,0xff,0x58,0x40,0x35,0xff,
0x58,0x40,0x35,0xff,0x58,0x40,0x35,0xff,0x58,0x40,0x35,0xff,0x58,0x40,0x35,0xff,0x58,0x40,0x35,0xff,0x58,0x40,0x35,0xff,0x58,0x40,0x35,0xff,0x58,0x40,0x35,0xff,
0x58,0x40,0x35,0xff,0x58,0x40,0x35,0xff,0x59,0x40,0x35,0xff,0x5d,0x45,0x3a,0xff,0x5c,0x44,0x39,0xff,0x5b,0x43,0x38,0xff,0x5b,0x43,0x38,0xff,0x5a,0x42,0x37,0xfa,
0x62,0x48,0x3c,0xff,0x5a,0x42,0x37,0x60,0x00,0x00,0x00,0x00,0x55,0x55,0x55,0x03,0x00,0x00,0x00,0x00,0x00,0x00,0x00,0x00,0x00,0x00,0x00,0x00,0x00,0x00,0x00,0x00,
0x00,0x00,0x00,0x00,0x00,0x00,0x00,0x00,0x00,0x00,0x00,0x00,0x00,0x00,0x00,0x00,0x00,0x00,0x00,0x00,0x00,0x00,0x00,0x00,0x00,0x00,0x00,0x00,0x00,0x00,0x00,0x00,
0x00,0x00,0x00,0x00,0x00,0x00,0x00,0x00,0x00,0x00,0x00,0x00,0x00,0x00,0x00,0x00,0x00,0x00,0x00,0x00,0x00,0x00,0x00,0x00,0x00,0x00,0x00,0x00,0x00,0x00,0x00,0x00,
0x00,0x00,0x00,0x00,0x00,0x00,0x00,0x00,0x00,0x00,0x00,0x00,0x00,0x00,0x00,0x00,0x7f,0x3f,0x3f,0x04,0x00,0x00,0x00,0x00,0x5c,0x42,0x38,0x8d,0x62,0x48,0x3c,0xff,
0x5a,0x43,0x37,0xfb,0x5b,0x43,0x38,0xff,0x5b,0x43,0x38,0xff,0x5b,0x43,0x38,0xff,0x51,0x37,0x2c,0xff,0x61,0x4a,0x3e,0xff,0x66,0x4f,0x44,0xff,0x65,0x4f,0x43,0xff,
0x65,0x4f,0x43,0xff,0x65,0x4f,0x43,0xff,0x65,0x4f,0x43,0xff,0x65,0x4f,0x43,0xff,0x65,0x4f,0x43,0xff,0x65,0x4f,0x43,0xff,0x65,0x4f,0x43,0xff,0x65,0x4f,0x43,0xff,
0x65,0x4f,0x43,0xff,0x65,0x4f,0x43,0xff,0x65,0x4f,0x43,0xff,0x65,0x4f,0x43,0xff,0x65,0x4f,0x43,0xff,0x65,0x4f,0x43,0xff,0x65,0x4f,0x43,0xff,0x65,0x4f,0x43,0xff,
0x65,0x4f,0x43,0xff,0x65,0x4f,0x44,0xff,0x64,0x4e,0x43,0xff,0x53,0x39,0x2e,0xff,0x58,0x3f,0x35,0xff,0x5c,0x44,0x39,0xff,0x5b,0x43,0x38,0xff,0x5b,0x42,0x37,0xfc,
0x5f,0x46,0x3b,0xfe,0x5a,0x42,0x37,0xcb,0x7f,0x00,0x00,0x02,0x7f,0x7f,0x7f,0x02,0x00,0x00,0x00,0x00,0x00,0x00,0x00,0x00,0x00,0x00,0x00,0x00,0x00,0x00,0x00,0x00,
0x00,0x00,0x00,0x00,0x00,0x00,0x00,0x00,0x00,0x00,0x00,0x00,0x00,0x00,0x00,0x00,0x00,0x00,0x00,0x00,0x00,0x00,0x00,0x00,0x00,0x00,0x00,0x00,0x00,0x00,0x00,0x00,
0x00,0x00,0x00,0x00,0x00,0x00,0x00,0x00,0x00,0x00,0x00,0x00,0x00,0x00,0x00,0x00,0x00,0x00,0x00,0x00,0x00,0x00,0x00,0x00,0x00,0x00,0x00,0x00,0x00,0x00,0x00,0x00,
0x00,0x00,0x00,0x00,0x00,0x00,0x00,0x00,0x00,0x00,0x00,0x00,0x00,0x00,0x00,0x00,0xff,0xff,0xff,0x01,0x7f,0x3f,0x3f,0x04,0x5a,0x43,0x37,0xcd,0x5f,0x46,0x3a,0xfe,
0x5a,0x42,0x37,0xfd,0x5b,0x43,0x38,0xff,0x5b,0x43,0x38,0xff,0x59,0x40,0x35,0xff,0xa6,0x9d,0x8d,0xff,0xe9,0xea,0xd9,0xff,0xed,0xf2,0xdd,0xff,0xec,0xf2,0xdc,0xff,
0xec,0xf3,0xdd,0xff,0xec,0xf3,0xdd,0xff,0xec,0xf3,0xdd,0xff,0xec,0xf3,0xdd,0xff,0xec,0xf3,0xdd,0xff,0xec,0xf3,0xdd,0xff,0xec,0xf3,0xdd,0xff,0xec,0xf3,0xdd,0xff,
0xec,0xf3,0xdd,0xff,0xec,0xf3,0xdd,0xff,0xec,0xf3,0xdd,0xff,0xec,0xf3,0xdd,0xff,0xec,0xf3,0xdd,0xff,0xec,0xf3,0xdd,0xff,0xec,0xf3,0xdd,0xff,0xec,0xf3,0xdd,0xff,
0xec,0xf3,0xdc,0xff,0xec,0xf2,0xdc,0xff,0xec,0xf0,0xde,0xff,0xbd,0xb7,0xa8,0xff,0x64,0x4d,0x42,0xff,0x58,0x3f,0x35,0xff,0x5c,0x44,0x39,0xff,0x5b,0x43,0x38,0xfe,
0x5c,0x43,0x38,0xfe,0x5b,0x43,0x38,0xf4,0x5d,0x44,0x3b,0x1e,0x00,0x00,0x00,0x00,0x00,0x00,0x00,0x02,0x00,0x00,0x00,0x00,0x00,0x00,0x00,0x00,0x00,0x00,0x00,0x00,
0x00,0x00,0x00,0x00,0x00,0x00,0x00,0x00,0x00,0x00,0x00,0x00,0x00,0x00,0x00,0x00,0x00,0x00,0x00,0x00,0x00,0x00,0x00,0x00,0x00,0x00,0x00,0x00,0x00,0x00,0x00,0x00,
0x00,0x00,0x00,0x00,0x00,0x00,0x00,0x00,0x00,0x00,0x00,0x00,0x00,0x00,0x00,0x00,0x00,0x00,0x00,0x00,0x00,0x00,0x00,0x00,0x00,0x00,0x00,0x00,0x00,0x00,0x00,0x00,
0x00,0x00,0x00,0x00,0x00,0x00,0x00,0x00,0x00,0x00,0x00,0x00,0x00,0x00,0x00,0x01,0x00,0x00,0x00,0x00,0x55,0x38,0x38,0x12,0x5a,0x43,0x37,0xef,0x5d,0x44,0x39,0xff,
0x5b,0x43,0x38,0xfe,0x5d,0x46,0x3b,0xff,0x51,0x37,0x2d,0xff,0xa6,0x9d,0x8d,0xff,0xff,0xff,0xfc,0xff,0xf8,0xff,0xeb,0xff,0xf8,0xff,0xeb,0xff,0xf9,0xff,0xeb,0xff,
0xf9,0xff,0xeb,0xff,0xf9,0xff,0xeb,0xff,0xf9,0xff,0xeb,0xff,0xf9,0xff,0xeb,0xff,0xf9,0xff,0xeb,0xff,0xf9,0xff,0xeb,0xff,0xf9,0xff,0xeb,0xff,0xf9,0xff,0xeb,0xff,
0xf9,0xff,0xeb,0xff,0xf9,0xff,0xeb,0xff,0xf9,0xff,0xeb,0xff,0xf9,0xff,0xeb,0xff,0xf9,0xff,0xeb,0xff,0xf9,0xff,0xeb,0xff,0xf9,0xff,0xeb,0xff,0xf9,0xff,0xeb,0xff,
0xf9,0xff,0xeb,0xff,0xf9,0xff,0xeb,0xff,0xf7,0xff,0xe9,0xff,0xff,0xff,0xfb,0xff,0xcb,0xcc,0xb8,0xff,0x55,0x3d,0x32,0xff,0x5c,0x44,0x39,0xff,0x5b,0x43,0x38,0xff,
0x5a,0x42,0x37,0xfd,0x5f,0x46,0x3b,0xff,0x5b,0x44,0x35,0x43,0x00,0x00,0x00,0x00,0x55,0x55,0x55,0x03,0x00,0x00,0x00,0x00,0x00,0x00,0x00,0x00,0x00,0x00,0x00,0x00,
0x00,0x00,0x00,0x00,0x00,0x00,0x00,0x00,0x00,0x00,0x00,0x00,0x00,0x00,0x00,0x00,0x00,0x00,0x00,0x00,0x00,0x00,0x00,0x00,0x00,0x00,0x00,0x00,0x00,0x00,0x00,0x00,
0x00,0x00,0x00,0x00,0x00,0x00,0x00,0x00,0x00,0x00,0x00,0x00,0x00,0x00,0x00,0x00,0x00,0x00,0x00,0x00,0x00,0x00,0x00,0x00,0x00,0x00,0x00,0x00,0x00,0x00,0x00,0x00,
0x00,0x00,0x00,0x00,0x00,0x00,0x00,0x00,0x00,0x00,0x00,0x00,0x00,0x00,0x00,0x01,0x00,0x00,0x00,0x00,0x5a,0x3c,0x3c,0x11,0x5b,0x43,0x37,0xee,0x5d,0x44,0x39,0xff,
0x5b,0x44,0x39,0xfe,0x59,0x41,0x36,0xff,0x61,0x4a,0x3e,0xff,0xe8,0xef,0xd9,0xff,0xf9,0xfd,0xeb,0xff,0xf4,0xfd,0xe5,0xff,0xf5,0xfe,0xe7,0xff,0xf5,0xfe,0xe7,0xff,
0xf5,0xfe,0xe7,0xff,0xf5,0xfe,0xe7,0xff,0xf5,0xfe,0xe7,0xff,0xf5,0xfe,0xe7,0xff,0xf5,0xfe,0xe7,0xff,0xf5,0xfe,0xe7,0xff,0xf5,0xfe,0xe7,0xff,0xf5,0xfe,0xe7,0xff,
0xf5,0xfe,0xe7,0xff,0xf5,0xfe,0xe7,0xff,0xf5,0xfe,0xe7,0xff,0xf5,0xfe,0xe7,0xff,0xf5,0xfe,0xe7,0xff,0xf5,0xfe,0xe7,0xff,0xf5,0xfe,0xe7,0xff,0xf5,0xfe,0xe7,0xff,
0xf5,0xfe,0xe7,0xff,0xf5,0xfe,0xe7,0xff,0xf5,0xfe,0xe7,0xff,0xf4,0xfb,0xe4,0xff,0xfc,0xff,0xef,0xff,0x7c,0x6b,0x5d,0xff,0x54,0x3b,0x30,0xff,0x5d,0x45,0x3a,0xff,
0x5a,0x42,0x37,0xfd,0x5f,0x46,0x3b,0xff,0x5a,0x42,0x36,0x41,0x00,0x00,0x00,0x00,0x55,0x55,0x55,0x03,0x00,0x00,0x00,0x00,0x00,0x00,0x00,0x00,0x00,0x00,0x00,0x00,
0x00,0x00,0x00,0x00,0x00,0x00,0x00,0x00,0x00,0x00,0x00,0x00,0x00,0x00,0x00,0x00,0x00,0x00,0x00,0x00,0x00,0x00,0x00,0x00,0x00,0x00,0x00,0x00,0x00,0x00,0x00,0x00,
0x00,0x00,0x00,0x00,0x00,0x00,0x00,0x00,0x00,0x00,0x00,0x00,0x00,0x00,0x00,0x00,0x00,0x00,0x00,0x00,0x00,0x00,0x00,0x00,0x00,0x00,0x00,0x00,0x00,0x00,0x00,0x00,
0x00,0x00,0x00,0x00,0x00,0x00,0x00,0x00,0x00,0x00,0x00,0x00,0x00,0x00,0x00,0x01,0x00,0x00,0x00,0x00,0x5a,0x3c,0x3c,0x11,0x5b,0x43,0x37,0xee,0x5d,0x44,0x39,0xff,
0x5b,0x44,0x39,0xfe,0x58,0x40,0x35,0xff,0x66,0x50,0x44,0xff,0xed,0xf4,0xde,0xff,0xf9,0xff,0xeb,0xff,0xf5,0xfe,0xe7,0xff,0xf6,0xff,0xe8,0xff,0xf6,0xff,0xe8,0xff,
0xf6,0xff,0xe8,0xff,0xf6,0xff,0xe8,0xff,0xf6,0xff,0xe8,0xff,0xf6,0xff,0xe8,0xff,0xf6,0xff,0xe8,0xff,0xf6,0xff,0xe8,0xff,0xf6,0xff,0xe8,0xff,0xf6,0xff,0xe8,0xff,
0xf6,0xff,0xe8,0xff,0xf6,0xff,0xe8,0xff,0xf6,0xff,0xe8,0xff,0xf6,0xff,0xe8,0xff,0xf6,0xff,0xe8,0xff,0xf6,0xff,0xe8,0xff,0xf6,0xff,0xe8,0xff,0xf6,0xff,0xe8,0xff,
0xf6,0xff,0xe8,0xff,0xf6,0xff,0xe8,0xff,0xf6,0xff,0xe8,0xff,0xf5,0xfd,0xe6,0xff,0xfd,0xff,0xf0,0xff,0x84,0x75,0x67,0xff,0x53,0x39,0x2f,0xff,0x5d,0x45,0x3a,0xff,
0x5a,0x42,0x37,0xfd,0x5f,0x46,0x3b,0xff,0x5a,0x42,0x36,0x41,0x00,0x00,0x00,0x00,0x55,0x55,0x55,0x03,0x00,0x00,0x00,0x00,0x00,0x00,0x00,0x00,0x00,0x00,0x00,0x00,
0x00,0x00,0x00,0x00,0x00,0x00,0x00,0x00,0x00,0x00,0x00,0x00,0x00,0x00,0x00,0x00,0x00,0x00,0x00,0x00,0x00,0x00,0x00,0x00,0x00,0x00,0x00,0x00,0x00,0x00,0x00,0x00,
0x00,0x00,0x00,0x00,0x00,0x00,0x00,0x00,0x00,0x00,0x00,0x00,0x00,0x00,0x00,0x00,0x00,0x00,0x00,0x00,0x00,0x00,0x00,0x00,0x00,0x00,0x00,0x00,0x00,0x00,0x00,0x00,
0x00,0x00,0x00,0x00,0x00,0x00,0x00,0x00,0x00,0x00,0x00,0x00,0x00,0x00,0x00,0x01,0x00,0x00,0x00,0x00,0x5a,0x3c,0x3c,0x11,0x5b,0x43,0x37,0xee,0x5d,0x44,0x39,0xff,
0x5b,0x44,0x39,0xfe,0x58,0x40,0x35,0xff,0x65,0x4f,0x43,0xff,0xec,0xf3,0xdd,0xff,0xf9,0xff,0xeb,0xff,0xf5,0xfe,0xe7,0xff,0xf6,0xff,0xe8,0xff,0xf6,0xff,0xe8,0xff,
0xf6,0xff,0xe8,0xff,0xf6,0xff,0xe8,0xff,0xf6,0xff,0xe8,0xff,0xf6,0xff,0xe8,0xff,0xf6,0xff,0xe8,0xff,0xf6,0xff,0xe8,0xff,0xf6,0xff,0xe8,0xff,0xf6,0xff,0xe8,0xff,
0xf6,0xff,0xe8,0xff,0xf6,0xff,0xe8,0xff,0xf6,0xff,0xe8,0xff,0xf6,0xff,0xe8,0xff,0xf6,0xff,0xe8,0xff,0xf6,0xff,0xe8,0xff,0xf6,0xff,0xe8,0xff,0xf6,0xff,0xe8,0xff,
0xf6,0xff,0xe8,0xff,0xf6,0xff,0xe8,0xff,0xf6,0xff,0xe8,0xff,0xf5,0xfd,0xe6,0xff,0xfd,0xff,0xf0,0xff,0x83,0x73,0x65,0xff,0x53,0x39,0x2f,0xff,0x5d,0x45,0x3a,0xff,
0x5a,0x42,0x37,0xfd,0x5f,0x46,0x3b,0xff,0x5a,0x42,0x36,0x41,0x00,0x00,0x00,0x00,0x55,0x55,0x55,0x03,0x00,0x00,0x00,0x00,0x00,0x00,0x00,0x00,0x00,0x00,0x00,0x00,
0x00,0x00,0x00,0x00,0x00,0x00,0x00,0x00,0x00,0x00,0x00,0x00,0x00,0x00,0x00,0x00,0x00,0x00,0x00,0x00,0x00,0x00,0x00,0x00,0x00,0x00,0x00,0x00,0x00,0x00,0x00,0x00,
0x00,0x00,0x00,0x00,0x00,0x00,0x00,0x00,0x00,0x00,0x00,0x00,0x00,0x00,0x00,0x00,0x00,0x00,0x00,0x00,0x00,0x00,0x00,0x00,0x00,0x00,0x00,0x00,0x00,0x00,0x00,0x00,
0x00,0x00,0x00,0x00,0x00,0x00,0x00,0x00,0x00,0x00,0x00,0x00,0x00,0x00,0x00,0x01,0x00,0x00,0x00,0x00,0x5a,0x3c,0x3c,0x11,0x5b,0x43,0x37,0xee,0x5d,0x44,0x39,0xff,
0x5b,0x44,0x39,0xfe,0x58,0x40,0x35,0xff,0x65,0x4f,0x43,0xff,0xec,0xf3,0xdd,0xff,0xf9,0xff,0xeb,0xff,0xf5,0xfe,0xe7,0xff,0xf6,0xff,0xe8,0xff,0xf6,0xff,0xe8,0xff,
0xf6,0xff,0xe8,0xff,0xf6,0xff,0xe8,0xff,0xf6,0xff,0xe8,0xff,0xf6,0xff,0xe8,0xff,0xf6,0xff,0xe8,0xff,0xf6,0xff,0xe8,0xff,0xf6,0xff,0xe8,0xff,0xf6,0xff,0xe8,0xff,
0xf6,0xff,0xe8,0xff,0xf6,0xff,0xe8,0xff,0xf6,0xff,0xe8,0xff,0xf6,0xff,0xe8,0xff,0xf6,0xff,0xe8,0xff,0xf6,0xff,0xe8,0xff,0xf6,0xff,0xe8,0xff,0xf6,0xff,0xe8,0xff,
0xf6,0xff,0xe8,0xff,0xf6,0xff,0xe8,0xff,0xf6,0xff,0xe8,0xff,0xf5,0xfd,0xe6,0xff,0xfd,0xff,0xf0,0xff,0x83,0x73,0x65,0xff,0x53,0x39,0x2f,0xff,0x5d,0x45,0x3a,0xff,
0x5a,0x42,0x37,0xfd,0x5f,0x46,0x3b,0xff,0x5a,0x42,0x36,0x41,0x00,0x00,0x00,0x00,0x55,0x55,0x55,0x03,0x00,0x00,0x00,0x00,0x00,0x00,0x00,0x00,0x00,0x00,0x00,0x00,
0x00,0x00,0x00,0x00,0x00,0x00,0x00,0x00,0x00,0x00,0x00,0x00,0x00,0x00,0x00,0x00,0x00,0x00,0x00,0x00,0x00,0x00,0x00,0x00,0x00,0x00,0x00,0x00,0x00,0x00,0x00,0x00,
0x00,0x00,0x00,0x00,0x00,0x00,0x00,0x00,0x00,0x00,0x00,0x00,0x00,0x00,0x00,0x00,0x00,0x00,0x00,0x00,0x00,0x00,0x00,0x00,0x00,0x00,0x00,0x00,0x00,0x00,0x00,0x00,
0x00,0x00,0x00,0x00,0x00,0x00,0x00,0x00,0x00,0x00,0x00,0x00,0x00,0x00,0x00,0x01,0x00,0x00,0x00,0x00,0x5a,0x3c,0x3c,0x11,0x5b,0x43,0x37,0xee,0x5d,0x44,0x39,0xff,
0x5b,0x44,0x39,0xfe,0x58,0x40,0x35,0xff,0x65,0x4f,0x43,0xff,0xec,0xf3,0xdd,0xff,0xf9,0xff,0xeb,0xff,0xf5,0xfe,0xe7,0xff,0xf6,0xff,0xe8,0xff,0xf6,0xff,0xe8,0xff,
0xf6,0xff,0xe8,0xff,0xf6,0xff,0xe8,0xff,0xf6,0xff,0xe8,0xff,0xf6,0xff,0xe8,0xff,0xf6,0xff,0xe8,0xff,0xf6,0xff,0xe8,0xff,0xf6,0xff,0xe8,0xff,0xf6,0xff,0xe8,0xff,
0xf6,0xff,0xe8,0xff,0xf6,0xff,0xe8,0xff,0xf6,0xff,0xe8,0xff,0xf6,0xff,0xe8,0xff,0xf6,0xff,0xe8,0xff,0xf6,0xff,0xe8,0xff,0xf6,0xff,0xe8,0xff,0xf6,0xff,0xe8,0xff,
0xf6,0xff,0xe8,0xff,0xf6,0xff,0xe8,0xff,0xf6,0xff,0xe8,0xff,0xf5,0xfd,0xe6,0xff,0xfd,0xff,0xf0,0xff,0x83,0x73,0x65,0xff,0x53,0x39,0x2f,0xff,0x5d,0x45,0x3a,0xff,
0x5a,0x42,0x37,0xfd,0x5f,0x46,0x3b,0xff,0x5a,0x42,0x36,0x41,0x00,0x00,0x00,0x00,0x55,0x55,0x55,0x03,0x00,0x00,0x00,0x00,0x00,0x00,0x00,0x00,0x00,0x00,0x00,0x00,
0x00,0x00,0x00,0x00,0x00,0x00,0x00,0x00,0x00,0x00,0x00,0x00,0x00,0x00,0x00,0x00,0x00,0x00,0x00,0x00,0x00,0x00,0x00,0x00,0x00,0x00,0x00,0x00,0x00,0x00,0x00,0x00,
0x00,0x00,0x00,0x00,0x00,0x00,0x00,0x00,0x00,0x00,0x00,0x00,0x00,0x00,0x00,0x00,0x00,0x00,0x00,0x00,0x00,0x00,0x00,0x00,0x00,0x00,0x00,0x00,0x00,0x00,0x00,0x00,
0x00,0x00,0x00,0x00,0x00,0x00,0x00,0x00,0x00,0x00,0x00,0x00,0x00,0x00,0x00,0x01,0x00,0x00,0x00,0x00,0x5a,0x3c,0x3c,0x11,0x5b,0x43,0x37,0xee,0x5d,0x44,0x39,0xff,
0x5b,0x44,0x39,0xfe,0x58,0x40,0x35,0xff,0x65,0x4f,0x43,0xff,0xec,0xf3,0xdd,0xff,0xf9,0xff,0xeb,0xff,0xf5,0xfe,0xe7,0xff,0xf6,0xff,0xe8,0xff,0xf6,0xff,0xe8,0xff,
0xf6,0xff,0xe8,0xff,0xf6,0xff,0xe8,0xff,0xf6,0xff,0xe8,0xff,0xf6,0xff,0xe8,0xff,0xf6,0xff,0xe8,0xff,0xf6,0xff,0xe8,0xff,0xf6,0xff,0xe8,0xff,0xf6,0xff,0xe8,0xff,
0xf6,0xff,0xe8,0xff,0xf6,0xff,0xe8,0xff,0xf6,0xff,0xe8,0xff,0xf6,0xff,0xe8,0xff,0xf6,0xff,0xe8,0xff,0xf6,0xff,0xe8,0xff,0xf6,0xff,0xe8,0xff,0xf6,0xff,0xe8,0xff,
0xf6,0xff,0xe8,0xff,0xf6,0xff,0xe8,0xff,0xf6,0xff,0xe8,0xff,0xf5,0xfd,0xe6,0xff,0xfd,0xff,0xf0,0xff,0x83,0x73,0x65,0xff,0x53,0x39,0x2f,0xff,0x5d,0x45,0x3a,0xff,
0x5a,0x42,0x37,0xfd,0x5f,0x46,0x3b,0xff,0x5a,0x42,0x36,0x41,0x00,0x00,0x00,0x00,0x55,0x55,0x55,0x03,0x00,0x00,0x00,0x00,0x00,0x00,0x00,0x00,0x00,0x00,0x00,0x00,
0x00,0x00,0x00,0x00,0x00,0x00,0x00,0x00,0x00,0x00,0x00,0x00,0x00,0x00,0x00,0x00,0x00,0x00,0x00,0x00,0x00,0x00,0x00,0x00,0x00,0x00,0x00,0x00,0x00,0x00,0x00,0x00,
0x00,0x00,0x00,0x00,0x00,0x00,0x00,0x00,0x00,0x00,0x00,0x00,0x00,0x00,0x00,0x00,0x00,0x00,0x00,0x00,0x00,0x00,0x00,0x00,0x00,0x00,0x00,0x00,0x00,0x00,0x00,0x00,
0x00,0x00,0x00,0x00,0x00,0x00,0x00,0x00,0x00,0x00,0x00,0x00,0x00,0x00,0x00,0x01,0x00,0x00,0x00,0x00,0x5a,0x3c,0x3c,0x11,0x5b,0x43,0x37,0xee,0x5d,0x44,0x39,0xff,
0x5b,0x44,0x39,0xfe,0x58,0x40,0x35,0xff,0x65,0x4f,0x43,0xff,0xec,0xf3,0xdd,0xff,0xf9,0xff,0xeb,0xff,0xf5,0xfe,0xe7,0xff,0xf6,0xff,0xe8,0xff,0xf6,0xff,0xe8,0xff,
0xf6,0xff,0xe8,0xff,0xf6,0xff,0xe8,0xff,0xf6,0xff,0xe8,0xff,0xf6,0xff,0xe8,0xff,0xf6,0xff,0xe8,0xff,0xf6,0xff,0xe8,0xff,0xf6,0xff,0xe8,0xff,0xf6,0xff,0xe8,0xff,
0xf6,0xff,0xe8,0xff,0xf6,0xff,0xe8,0xff,0xf6,0xff,0xe8,0xff,0xf6,0xff,0xe8,0xff,0xf6,0xff,0xe8,0xff,0xf6,0xff,0xe8,0xff,0xf6,0xff,0xe8,0xff,0xf6,0xff,0xe8,0xff,
0xf6,0xff,0xe8,0xff,0xf6,0xff,0xe8,0xff,0xf6,0xff,0xe8,0xff,0xf5,0xfd,0xe6,0xff,0xfd,0xff,0xf0,0xff,0x83,0x73,0x65,0xff,0x53,0x39,0x2f,0xff,0x5d,0x45,0x3a,0xff,
0x5a,0x42,0x37,0xfd,0x5f,0x46,0x3b,0xff,0x5a,0x42,0x36,0x41,0x00,0x00,0x00,0x00,0x55,0x55,0x55,0x03,0x00,0x00,0x00,0x00,0x00,0x00,0x00,0x00,0x00,0x00,0x00,0x00,
0x00,0x00,0x00,0x00,0x00,0x00,0x00,0x00,0x00,0x00,0x00,0x00,0x00,0x00,0x00,0x00,0x00,0x00,0x00,0x00,0x00,0x00,0x00,0x00,0x00,0x00,0x00,0x00,0x00,0x00,0x00,0x00,
0x00,0x00,0x00,0x00,0x00,0x00,0x00,0x00,0x00,0x00,0x00,0x00,0x00,0x00,0x00,0x00,0x00,0x00,0x00,0x00,0x00,0x00,0x00,0x00,0x00,0x00,0x00,0x00,0x00,0x00,0x00,0x00,
0x00,0x00,0x00,0x00,0x00,0x00,0x00,0x00,0x00,0x00,0x00,0x00,0x00,0x00,0x00,0x01,0x00,0x00,0x00,0x00,0x5a,0x3c,0x3c,0x11,0x5b,0x43,0x37,0xee,0x5d,0x44,0x39,0xff,
0x5b,0x44,0x39,0xfe,0x58,0x40,0x35,0xff,0x65,0x4f,0x43,0xff,0xec,0xf3,0xdd,0xff,0xf9,0xff,0xeb,0xff,0xf5,0xfe,0xe7,0xff,0xf6,0xff,0xe8,0xff,0xf6,0xff,0xe8,0xff,
0xf6,0xff,0xe8,0xff,0xf6,0xff,0xe8,0xff,0xf6,0xff,0xe8,0xff,0xf6,0xff,0xe8,0xff,0xf6,0xff,0xe8,0xff,0xf6,0xff,0xe8,0xff,0xf6,0xff,0xe8,0xff,0xf6,0xff,0xe8,0xff,
0xf6,0xff,0xe8,0xff,0xf6,0xff,0xe8,0xff,0xf6,0xff,0xe8,0xff,0xf6,0xff,0xe8,0xff,0xf6,0xff,0xe8,0xff,0xf6,0xff,0xe8,0xff,0xf6,0xff,0xe8,0xff,0xf6,0xff,0xe8,0xff,
0xf6,0xff,0xe8,0xff,0xf6,0xff,0xe8,0xff,0xf6,0xff,0xe8,0xff,0xf5,0xfd,0xe6,0xff,0xfd,0xff,0xf0,0xff,0x83,0x73,0x65,0xff,0x53,0x39,0x2f,0xff,0x5d,0x45,0x3a,0xff,
0x5a,0x42,0x37,0xfd,0x5f,0x46,0x3b,0xff,0x5a,0x42,0x36,0x41,0x00,0x00,0x00,0x00,0x55,0x55,0x55,0x03,0x00,0x00,0x00,0x00,0x00,0x00,0x00,0x00,0x00,0x00,0x00,0x00,
0x00,0x00,0x00,0x00,0x00,0x00,0x00,0x00,0x00,0x00,0x00,0x00,0x00,0x00,0x00,0x00,0x00,0x00,0x00,0x00,0x00,0x00,0x00,0x00,0x00,0x00,0x00,0x00,0x00,0x00,0x00,0x00,
0x00,0x00,0x00,0x00,0x00,0x00,0x00,0x00,0x00,0x00,0x00,0x00,0x00,0x00,0x00,0x00,0x00,0x00,0x00,0x00,0x00,0x00,0x00,0x00,0x00,0x00,0x00,0x00,0x00,0x00,0x00,0x00,
0x00,0x00,0x00,0x00,0x00,0x00,0x00,0x00,0x00,0x00,0x00,0x00,0x00,0x00,0x00,0x01,0x00,0x00,0x00,0x00,0x5a,0x3c,0x3c,0x11,0x5b,0x43,0x37,0xee,0x5d,0x44,0x39,0xff,
0x5b,0x44,0x39,0xfe,0x58,0x40,0x35,0xff,0x65,0x4f,0x43,0xff,0xec,0xf3,0xdd,0xff,0xf9,0xff,0xeb,0xff,0xf5,0xfe,0xe7,0xff,0xf6,0xff,0xe8,0xff,0xf6,0xff,0xe8,0xff,
0xf6,0xff,0xe8,0xff,0xf6,0xff,0xe8,0xff,0xf6,0xff,0xe8,0xff,0xf6,0xff,0xe8,0xff,0xf6,0xff,0xe8,0xff,0xf6,0xff,0xe8,0xff,0xf6,0xff,0xe8,0xff,0xf6,0xff,0xe8,0xff,
0xf6,0xff,0xe8,0xff,0xf6,0xff,0xe8,0xff,0xf6,0xff,0xe8,0xff,0xf6,0xff,0xe8,0xff,0xf6,0xff,0xe8,0xff,0xf6,0xff,0xe8,0xff,0xf6,0xff,0xe8,0xff,0xf6,0xff,0xe8,0xff,
0xf6,0xff,0xe8,0xff,0xf6,0xff,0xe8,0xff,0xf6,0xff,0xe8,0xff,0xf5,0xfd,0xe6,0xff,0xfd,0xfe,0xf0,0xff,0x83,0x73,0x65,0xff,0x53,0x39,0x2f,0xff,0x5d,0x45,0x3a,0xff,
0x5a,0x42,0x37,0xfd,0x5f,0x46,0x3b,0xff,0x5a,0x42,0x36,0x41,0x00,0x00,0x00,0x00,0x55,0x55,0x55,0x03,0x00,0x00,0x00,0x00,0x00,0x00,0x00,0x00,0x00,0x00,0x00,0x00,
0x00,0x00,0x00,0x00,0x00,0x00,0x00,0x00,0x00,0x00,0x00,0x00,0x00,0x00,0x00,0x00,0x00,0x00,0x00,0x00,0x00,0x00,0x00,0x00,0x00,0x00,0x00,0x00,0x00,0x00,0x00,0x00,
0x00,0x00,0x00,0x00,0x00,0x00,0x00,0x00,0x00,0x00,0x00,0x00,0x00,0x00,0x00,0x00,0x00,0x00,0x00,0x00,0x00,0x00,0x00,0x00,0x00,0x00,0x00,0x00,0x00,0x00,0x00,0x00,
0x00,0x00,0x00,0x00,0x00,0x00,0x00,0x00,0x00,0x00,0x00,0x00,0x00,0x00,0x00,0x01,0x00,0x00,0x00,0x00,0x5a,0x3c,0x3c,0x11,0x5b,0x43,0x37,0xee,0x5d,0x44,0x39,0xff,
0x5b,0x44,0x39,0xfe,0x58,0x40,0x35,0xff,0x64,0x4e,0x42,0xff,0xed,0xf4,0xde,0xff,0xf8,0xfd,0xe9,0xff,0xf5,0xfe,0xe7,0xff,0xf6,0xff,0xe8,0xff,0xf6,0xff,0xe8,0xff,
0xf6,0xff,0xe8,0xff,0xf6,0xff,0xe8,0xff,0xf6,0xff,0xe8,0xff,0xf6,0xff,0xe8,0xff,0xf6,0xff,0xe8,0xff,0xf6,0xff,0xe8,0xff,0xf6,0xff,0xe8,0xff,0xf6,0xff,0xe8,0xff,
0xf6,0xff,0xe8,0xff,0xf6,0xff,0xe8,0xff,0xf6,0xff,0xe8,0xff,0xf6,0xff,0xe8,0xff,0xf6,0xff,0xe8,0xff,0xf6,0xff,0xe8,0xff,0xf6,0xff,0xe8,0xff,0xf6,0xff,0xe8,0xff,
0xf6,0xff,0xe8,0xff,0xf6,0xff,0xe8,0xff,0xf6,0xff,0xe8,0xff,0xf3,0xfc,0xe4,0xff,0xfe,0xff,0xf1,0xff,0x83,0x72,0x65,0xff,0x53,0x39,0x2f,0xff,0x5d,0x45,0x3a,0xff,
0x5a,0x42,0x37,0xfd,0x5f,0x46,0x3b,0xff,0x5a,0x42,0x36,0x41,0x00,0x00,0x00,0x00,0x55,0x55,0x55,0x03,0x00,0x00,0x00,0x00,0x00,0x00,0x00,0x00,0x00,0x00,0x00,0x00,
0x00,0x00,0x00,0x00,0x00,0x00,0x00,0x00,0x00,0x00,0x00,0x00,0x00,0x00,0x00,0x00,0x00,0x00,0x00,0x00,0x00,0x00,0x00,0x00,0x00,0x00,0x00,0x00,0x00,0x00,0x00,0x00,
0x00,0x00,0x00,0x00,0x00,0x00,0x00,0x00,0x00,0x00,0x00,0x00,0x00,0x00,0x00,0x00,0x00,0x00,0x00,0x00,0x00,0x00,0x00,0x00,0x00,0x00,0x00,0x00,0x00,0x00,0x00,0x00,
0x00,0x00,0x00,0x00,0x00,0x00,0x00,0x00,0x00,0x00,0x00,0x00,0x00,0x00,0x00,0x01,0x00,0x00,0x00,0x00,0x5a,0x3c,0x3c,0x11,0x5b,0x43,0x37,0xee,0x5d,0x44,0x39,0xff,
0x5b,0x43,0x38,0xfe,0x5d,0x45,0x3a,0xff,0x52,0x39,0x2e,0xff,0xbe,0xba,0xa8,0xff,0xff,0xff,0xfb,0xff,0xf3,0xfc,0xe5,0xff,0xf4,0xfd,0xe6,0xff,0xf5,0xfd,0xe6,0xff,
0xf5,0xfd,0xe6,0xff,0xf5,0xfd,0xe6,0xff,0xf5,0xfd,0xe6,0xff,0xf5,0xfd,0xe6,0xff,0xf5,0xfd,0xe6,0xff,0xf5,0xfd,0xe6,0xff,0xf5,0xfd,0xe6,0xff,0xf5,0xfd,0xe6,0xff,
0xf5,0xfd,0xe6,0xff,0xf5,0xfd,0xe6,0xff,0xf5,0xfd,0xe6,0xff,0xf5,0xfd,0xe6,0xff,0xf5,0xfd,0xe6,0xff,0xf5,0xfd,0xe6,0xff,0xf5,0xfd,0xe6,0xff,0xf5,0xfd,0xe6,0xff,
0xf5,0xfd,0xe6,0xff,0xf5,0xfd,0xe6,0xff,0xf3,0xfc,0xe4,0xff,0xff,0xff,0xf5,0xff,0xe1,0xe5,0xd0,0xff,0x5d,0x46,0x3a,0xff,0x5a,0x42,0x37,0xff,0x5c,0x44,0x39,0xff,
0x5a,0x42,0x37,0xfd,0x5f,0x46,0x3b,0xff,0x5a,0x42,0x36,0x41,0x00,0x00,0x00,0x00,0x55,0x55,0x55,0x03,0x00,0x00,0x00,0x00,0x00,0x00,0x00,0x00,0x00,0x00,0x00,0x00,
0x00,0x00,0x00,0x00,0x00,0x00,0x00,0x00,0x00,0x00,0x00,0x00,0x00,0x00,0x00,0x00,0x00,0x00,0x00,0x00,0x00,0x00,0x00,0x00,0x00,0x00,0x00,0x00,0x00,0x00,0x00,0x00,
0x00,0x00,0x00,0x00,0x00,0x00,0x00,0x00,0x00,0x00,0x00,0x00,0x00,0x00,0x00,0x00,0x00,0x00,0x00,0x00,0x00,0x00,0x00,0x00,0x00,0x00,0x00,0x00,0x00,0x00,0x00,0x00,
0x00,0x00,0x00,0x00,0x00,0x00,0x00,0x00,0x00,0x00,0x00,0x00,0x00,0x00,0x00,0x01,0x00,0x00,0x00,0x00,0x5a,0x3c,0x3c,0x11,0x5b,0x43,0x37,0xee,0x5d,0x44,0x39,0xff,
0x5b,0x43,0x38,0xfe,0x5c,0x44,0x39,0xff,0x58,0x40,0x35,0xff,0x64,0x4d,0x42,0xff,0xcb,0xc9,0xb8,0xff,0xfc,0xff,0xef,0xff,0xfd,0xff,0xf0,0xff,0xfd,0xff,0xf0,0xff,
0xfd,0xff,0xf0,0xff,0xfd,0xff,0xf0,0xff,0xfd,0xff,0xf0,0xff,0xfd,0xff,0xf0,0xff,0xfd,0xff,0xf0,0xff,0xfd,0xff,0xf0,0xff,0xfd,0xff,0xf0,0xff,0xfd,0xff,0xf0,0xff,
0xfd,0xff,0xf0,0xff,0xfd,0xff,0xf0,0xff,0xfd,0xff,0xf0,0xff,0xfd,0xff,0xf0,0xff,0xfd,0xff,0xf0,0xff,0xfd,0xff,0xf0,0xff,0xfd,0xff,0xf0,0xff,0xfd,0xff,0xf0,0xff,
0xfd,0xff,0xf0,0xff,0xfc,0xff,0xef,0xff,0xfd,0xff,0xf1,0xff,0xe0,0xdf,0xd0,0xff,0x78,0x67,0x59,0xff,0x54,0x3b,0x31,0xff,0x5d,0x45,0x3a,0xff,0x5b,0x43,0x38,0xff,
0x5a,0x42,0x37,0xfd,0x5f,0x46,0x3b,0xff,0x5a,0x42,0x36,0x41,0x00,0x00,0x00,0x00,0x55,0x55,0x55,0x03,0x00,0x00,0x00,0x00,0x00,0x00,0x00,0x00,0x00,0x00,0x00,0x00,
0x00,0x00,0x00,0x00,0x00,0x00,0x00,0x00,0x00,0x00,0x00,0x00,0x00,0x00,0x00,0x00,0x00,0x00,0x00,0x00,0x00,0x00,0x00,0x00,0x00,0x00,0x00,0x00,0x00,0x00,0x00,0x00,
0x00,0x00,0x00,0x00,0x00,0x00,0x00,0x00,0x00,0x00,0x00,0x00,0x00,0x00,0x00,0x00,0x00,0x00,0x00,0x00,0x00,0x00,0x00,0x00,0x00,0x00,0x00,0x00,0x00,0x00,0x00,0x00,
0x00,0x00,0x00,0x00,0x00,0x00,0x00,0x00,0x00,0x00,0x00,0x00,0x00,0x00,0x00,0x01,0x00,0x00,0x00,0x00,0x5a,0x3c,0x3c,0x11,0x5b,0x43,0x37,0xee,0x5d,0x44,0x39,0xff,
0x5b,0x43,0x38,0xfe,0x5b,0x43,0x38,0xff,0x5c,0x44,0x39,0xff,0x58,0x3f,0x35,0xff,0x56,0x3d,0x32,0xff,0x7c,0x6a,0x5e,0xff,0x85,0x74,0x67,0xff,0x83,0x74,0x66,0xff,
0x83,0x73,0x65,0xff,0x83,0x73,0x65,0xff,0x83,0x73,0x65,0xff,0x83,0x73,0x65,0xff,0x83,0x73,0x65,0xff,0x83,0x73,0x65,0xff,0x83,0x73,0x65,0xff,0x83,0x73,0x65,0xff,
0x83,0x74,0x66,0xff,0x83,0x74,0x66,0xff,0x83,0x73,0x65,0xff,0x83,0x73,0x65,0xff,0x83,0x73,0x65,0xff,0x83,0x73,0x65,0xff,0x83,0x73,0x65,0xff,0x83,0x73,0x65,0xff,
0x83,0x73,0x65,0xff,0x83,0x73,0x65,0xff,0x82,0x72,0x65,0xff,0x5e,0x47,0x3b,0xff,0x54,0x3b,0x31,0xff,0x5d,0x45,0x3a,0xff,0x5b,0x43,0x38,0xff,0x5b,0x43,0x38,0xff,
0x5a,0x42,0x37,0xfd,0x5f,0x46,0x3b,0xff,0x5a,0x42,0x36,0x41,0x00,0x00,0x00,0x00,0x55,0x55,0x55,0x03,0x00,0x00,0x00,0x00,0x00,0x00,0x00,0x00,0x00,0x00,0x00,0x00,
0x00,0x00,0x00,0x00,0x00,0x00,0x00,0x00,0x00,0x00,0x00,0x00,0x00,0x00,0x00,0x00,0x00,0x00,0x00,0x00,0x00,0x00,0x00,0x00,0x00,0x00,0x00,0x00,0x00,0x00,0x00,0x00,
0x00,0x00,0x00,0x00,0x00,0x00,0x00,0x00,0x00,0x00,0x00,0x00,0x00,0x00,0x00,0x00,0x00,0x00,0x00,0x00,0x00,0x00,0x00,0x00,0x00,0x00,0x00,0x00,0x00,0x00,0x00,0x00,
0x00,0x00,0x00,0x00,0x00,0x00,0x00,0x00,0x00,0x00,0x00,0x00,0x00,0x00,0x00,0x01,0x00,0x00,0x00,0x00,0x5a,0x3c,0x3c,0x11,0x5b,0x43,0x37,0xee,0x5d,0x44,0x39,0xff,
0x5b,0x43,0x38,0xfe,0x5b,0x43,0x38,0xff,0x5b,0x43,0x38,0xff,0x5c,0x44,0x39,0xff,0x5c,0x44,0x39,0xff,0x56,0x3d,0x33,0xff,0x51,0x37,0x2c,0xff,0x50,0x36,0x2b,0xff,
0x55,0x3b,0x31,0xff,0x54,0x3a,0x30,0xff,0x52,0x39,0x2e,0xff,0x53,0x39,0x2f,0xff,0x53,0x39,0x2f,0xff,0x53,0x39,0x2e,0xff,0x53,0x39,0x2f,0xff,0x55,0x3c,0x31,0xff,
0x51,0x37,0x2d,0xff,0x50,0x36,0x2b,0xff,0x55,0x3b,0x31,0xff,0x54,0x3a,0x30,0xff,0x52,0x39,0x2e,0xff,0x53,0x39,0x2f,0xff,0x53,0x39,0x2f,0xff,0x53,0x39,0x2e,0xff,
0x53,0x39,0x2f,0xff,0x54,0x3b,0x31,0xff,0x52,0x38,0x2c,0xff,0x59,0x40,0x34,0xff,0x5d,0x46,0x3c,0xff,0x5b,0x43,0x39,0xff,0x5b,0x43,0x38,0xff,0x5b,0x43,0x38,0xff,
0x5a,0x42,0x37,0xfd,0x5f,0x46,0x3b,0xff,0x5a,0x42,0x36,0x41,0x00,0x00,0x00,0x00,0x55,0x55,0x55,0x03,0x00,0x00,0x00,0x00,0x00,0x00,0x00,0x00,0x00,0x00,0x00,0x00,
0x00,0x00,0x00,0x00,0x00,0x00,0x00,0x00,0x00,0x00,0x00,0x00,0x00,0x00,0x00,0x00,0x00,0x00,0x00,0x00,0x00,0x00,0x00,0x00,0x00,0x00,0x00,0x00,0x00,0x00,0x00,0x00,
0x00,0x00,0x00,0x00,0x00,0x00,0x00,0x00,0x00,0x00,0x00,0x00,0x00,0x00,0x00,0x00,0x00,0x00,0x00,0x00,0x00,0x00,0x00,0x00,0x00,0x00,0x00,0x00,0x00,0x00,0x00,0x00,
0x00,0x00,0x00,0x00,0x00,0x00,0x00,0x00,0x00,0x00,0x00,0x00,0x00,0x00,0x00,0x01,0x00,0x00,0x00,0x00,0x5a,0x3c,0x3c,0x11,0x5b,0x43,0x37,0xee,0x5d,0x44,0x39,0xff,
0x5b,0x43,0x38,0xfe,0x5b,0x43,0x38,0xff,0x5b,0x43,0x38,0xff,0x5b,0x43,0x38,0xff,0x5b,0x43,0x38,0xff,0x52,0x39,0x2d,0xff,0x63,0x4d,0x41,0xff,0x67,0x51,0x47,0xff,
0x54,0x3b,0x2f,0xff,0x5a,0x42,0x37,0xff,0x5e,0x46,0x3b,0xff,0x5d,0x45,0x3a,0xff,0x5d,0x45,0x3a,0xff,0x5d,0x46,0x3a,0xff,0x5d,0x45,0x3a,0xff,0x52,0x39,0x2e,0xff,
0x63,0x4d,0x41,0xff,0x67,0x51,0x47,0xff,0x54,0x3b,0x2f,0xff,0x5a,0x42,0x37,0xff,0x5e,0x46,0x3b,0xff,0x5d,0x45,0x3a,0xff,0x5d,0x45,0x3a,0xff,0x5d,0x45,0x3a,0xff,
0x5d,0x45,0x3a,0xff,0x59,0x3d,0x2d,0xff,0x5f,0x4a,0x42,0xff,0x60,0x4c,0x45,0xff,0x57,0x3c,0x2d,0xff,0x5a,0x41,0x34,0xff,0x5b,0x44,0x39,0xff,0x5b,0x43,0x38,0xff,
0x5a,0x42,0x37,0xfd,0x5f,0x46,0x3b,0xff,0x5a,0x42,0x36,0x41,0x00,0x00,0x00,0x00,0x55,0x55,0x55,0x03,0x00,0x00,0x00,0x00,0x00,0x00,0x00,0x00,0x00,0x00,0x00,0x00,
0x00,0x00,0x00,0x00,0x00,0x00,0x00,0x00,0x00,0x00,0x00,0x00,0x00,0x00,0x00,0x00,0x00,0x00,0x00,0x00,0x00,0x00,0x00,0x00,0x00,0x00,0x00,0x00,0x00,0x00,0x00,0x00,
0x00,0x00,0x00,0x00,0x00,0x00,0x00,0x00,0x00,0x00,0x00,0x00,0x00,0x00,0x00,0x00,0x00,0x00,0x00,0x00,0x00,0x00,0x00,0x00,0x00,0x00,0x00,0x00,0x00,0x00,0x00,0x00,
0x00,0x00,0x00,0x00,0x00,0x00,0x00,0x00,0x00,0x00,0x00,0x00,0x00,0x00,0x00,0x01,0x00,0x00,0x00,0x00,0x5a,0x3c,0x3c,0x11,0x5b,0x43,0x37,0xee,0x5d,0x44,0x39,0xff,
0x5b,0x43,0x38,0xfe,0x5b,0x43,0x38,0xff,0x5b,0x43,0x38,0xff,0x5b,0x43,0x38,0xff,0x58,0x40,0x35,0xff,0xa7,0x9d,0x93,0xff,0xea,0xea,0xe4,0xff,0xef,0xf2,0xea,0xff,
0xbe,0xb7,0xaf,0xff,0x64,0x4d,0x42,0xff,0x58,0x3f,0x34,0xff,0x5c,0x44,0x39,0xff,0x5b,0x43,0x38,0xff,0x5b,0x43,0x38,0xff,0x58,0x40,0x35,0xff,0xa7,0x9d,0x93,0xff,
0xea,0xea,0xe4,0xff,0xef,0xf2,0xea,0xff,0xbe,0xb7,0xaf,0xff,0x64,0x4d,0x42,0xff,0x58,0x3f,0x34,0xff,0x5c,0x44,0x39,0xff,0x5b,0x43,0x38,0xff,0x5b,0x43,0x38,0xff,
0x5a,0x41,0x35,0xff,0x7b,0x7e,0x97,0xff,0x97,0xb3,0xe9,0xff,0x99,0xb7,0xf1,0xff,0x85,0x91,0xb3,0xff,0x5f,0x4a,0x43,0xff,0x5a,0x41,0x34,0xff,0x5b,0x44,0x39,0xff,
0x5a,0x42,0x37,0xfd,0x5f,0x46,0x3b,0xff,0x5a,0x42,0x36,0x41,0x00,0x00,0x00,0x00,0x55,0x55,0x55,0x03,0x00,0x00,0x00,0x00,0x00,0x00,0x00,0x00,0x00,0x00,0x00,0x00,
0x00,0x00,0x00,0x00,0x00,0x00,0x00,0x00,0x00,0x00,0x00,0x00,0x00,0x00,0x00,0x00,0x00,0x00,0x00,0x00,0x00,0x00,0x00,0x00,0x00,0x00,0x00,0x00,0x00,0x00,0x00,0x00,
0x00,0x00,0x00,0x00,0x00,0x00,0x00,0x00,0x00,0x00,0x00,0x00,0x00,0x00,0x00,0x00,0x00,0x00,0x00,0x00,0x00,0x00,0x00,0x00,0x00,0x00,0x00,0x00,0x00,0x00,0x00,0x00,
0x00,0x00,0x00,0x00,0x00,0x00,0x00,0x00,0x00,0x00,0x00,0x00,0x00,0x00,0x00,0x01,0x00,0x00,0x00,0x00,0x5a,0x3c,0x3c,0x11,0x5b,0x43,0x37,0xee,0x5d,0x44,0x39,0xff,
0x5b,0x43,0x38,0xfe,0x5b,0x43,0x38,0xff,0x5d,0x46,0x3b,0xff,0x50,0x37,0x2c,0xff,0xa7,0x9d,0x93,0xff,0xff,0xff,0xff,0xff,0xfb,0xff,0xf8,0xff,0xfa,0xff,0xf6,0xff,
0xff,0xff,0xff,0xff,0xcd,0xcc,0xc1,0xff,0x55,0x3c,0x31,0xff,0x5c,0x44,0x39,0xff,0x5e,0x46,0x3b,0xff,0x50,0x37,0x2c,0xff,0xa7,0x9d,0x93,0xff,0xff,0xff,0xff,0xff,
0xfb,0xff,0xf8,0xff,0xfa,0xff,0xf6,0xff,0xff,0xff,0xff,0xff,0xcd,0xcc,0xc1,0xff,0x55,0x3c,0x31,0xff,0x5c,0x44,0x39,0xff,0x5c,0x45,0x3b,0xff,0x57,0x3b,0x2b,0xff,
0x7b,0x7e,0x98,0xff,0xa5,0xcd,0xff,0xff,0x9e,0xc0,0xff,0xff,0x9d,0xbf,0xff,0xff,0xa5,0xcc,0xff,0xff,0x8b,0x9c,0xc9,0xff,0x58,0x3e,0x31,0xff,0x5c,0x44,0x39,0xff,
0x5a,0x42,0x38,0xfd,0x5f,0x46,0x3b,0xff,0x5a,0x42,0x36,0x41,0x00,0x00,0x00,0x00,0x55,0x55,0x55,0x03,0x00,0x00,0x00,0x00,0x00,0x00,0x00,0x00,0x00,0x00,0x00,0x00,
0x00,0x00,0x00,0x00,0x00,0x00,0x00,0x00,0x00,0x00,0x00,0x00,0x00,0x00,0x00,0x00,0x00,0x00,0x00,0x00,0x00,0x00,0x00,0x00,0x00,0x00,0x00,0x00,0x00,0x00,0x00,0x00,
0x00,0x00,0x00,0x00,0x00,0x00,0x00,0x00,0x00,0x00,0x00,0x00,0x00,0x00,0x00,0x00,0x00,0x00,0x00,0x00,0x00,0x00,0x00,0x00,0x00,0x00,0x00,0x00,0x00,0x00,0x00,0x00,
0x00,0x00,0x00,0x00,0x00,0x00,0x00,0x00,0x00,0x00,0x00,0x00,0x00,0x00,0x00,0x01,0x00,0x00,0x00,0x00,0x5a,0x3c,0x3c,0x11,0x5b,0x43,0x37,0xee,0x5d,0x44,0x39,0xff,
0x5b,0x43,0x38,0xfe,0x5c,0x44,0x39,0xff,0x59,0x41,0x36,0xff,0x61,0x4a,0x3f,0xff,0xeb,0xee,0xe5,0xff,0xfb,0xfd,0xf8,0xff,0xf7,0xfd,0xf2,0xff,0xf8,0xfe,0xf4,0xff,
0xf7,0xfb,0xf1,0xff,0xfe,0xff,0xfc,0xff,0x7d,0x6b,0x60,0xff,0x54,0x3b,0x30,0xff,0x5b,0x43,0x38,0xff,0x61,0x4a,0x3f,0xff,0xeb,0xee,0xe5,0xff,0xfb,0xfd,0xf8,0xff,
0xf7,0xfd,0xf2,0xff,0xf8,0xfe,0xf4,0xff,0xf7,0xfb,0xf1,0xff,0xfe,0xff,0xfc,0xff,0x7d,0x6b,0x60,0xff,0x54,0x3a,0x30,0xff,0x5c,0x44,0x38,0xff,0x5d,0x48,0x40,0xff,
0x97,0xb3,0xed,0xff,0x9e,0xc0,0xfd,0xff,0x9c,0xbc,0xfc,0xff,0x9d,0xbd,0xfe,0xff,0x9b,0xbc,0xfb,0xff,0xa0,0xc3,0xff,0xff,0x69,0x5e,0x63,0xff,0x58,0x3d,0x2f,0xff,
0x5b,0x44,0x3a,0xfd,0x5f,0x46,0x3b,0xff,0x5a,0x42,0x36,0x41,0x00,0x00,0x00,0x00,0x55,0x55,0x55,0x03,0x00,0x00,0x00,0x00,0x00,0x00,0x00,0x00,0x00,0x00,0x00,0x00,
0x00,0x00,0x00,0x00,0x00,0x00,0x00,0x00,0x00,0x00,0x00,0x00,0x00,0x00,0x00,0x00,0x00,0x00,0x00,0x00,0x00,0x00,0x00,0x00,0x00,0x00,0x00,0x00,0x00,0x00,0x00,0x00,
0x00,0x00,0x00,0x00,0x00,0x00,0x00,0x00,0x00,0x00,0x00,0x00,0x00,0x00,0x00,0x00,0x00,0x00,0x00,0x00,0x00,0x00,0x00,0x00,0x00,0x00,0x00,0x00,0x00,0x00,0x00,0x00,
0x00,0x00,0x00,0x00,0x00,0x00,0x00,0x00,0x00,0x00,0x00,0x00,0x00,0x00,0x00,0x01,0x00,0x00,0x00,0x00,0x5a,0x3c,0x3c,0x11,0x5b,0x43,0x37,0xee,0x5d,0x44,0x39,0xff,
0x5b,0x43,0x38,0xfe,0x5c,0x44,0x39,0xff,0x58,0x40,0x35,0xff,0x65,0x4f,0x44,0xff,0xf1,0xf5,0xeb,0xff,0xfa,0xfd,0xf6,0xff,0xf8,0xfe,0xf4,0xff,0xf9,0xff,0xf5,0xff,
0xf6,0xfb,0xf1,0xff,0xff,0xff,0xff,0xff,0x85,0x74,0x69,0xff,0x53,0x3a,0x2f,0xff,0x5a,0x42,0x37,0xff,0x65,0x4f,0x44,0xff,0xf1,0xf5,0xeb,0xff,0xfa,0xfd,0xf6,0xff,
0xf8,0xfe,0xf4,0xff,0xf9,0xff,0xf5,0xff,0xf6,0xfb,0xf1,0xff,0xff,0xff,0xff,0xff,0x85,0x74,0x69,0xff,0x53,0x39,0x2f,0xff,0x5c,0x43,0x37,0xff,0x5f,0x4b,0x45,0xff,
0x9a,0xb7,0xf4,0xff,0x9d,0xbe,0xfd,0xff,0x9d,0xbd,0xfe,0xff,0x9d,0xbe,0xff,0xff,0x9b,0xbc,0xfb,0xff,0xa0,0xc5,0xff,0xff,0x6c,0x64,0x6c,0xff,0x57,0x3c,0x2d,0xff,
0x5b,0x44,0x3a,0xfd,0x5f,0x46,0x3b,0xff,0x5a,0x42,0x36,0x41,0x00,0x00,0x00,0x00,0x55,0x55,0x55,0x03,0x00,0x00,0x00,0x00,0x00,0x00,0x00,0x00,0x00,0x00,0x00,0x00,
0x00,0x00,0x00,0x00,0x00,0x00,0x00,0x00,0x00,0x00,0x00,0x00,0x00,0x00,0x00,0x00,0x00,0x00,0x00,0x00,0x00,0x00,0x00,0x00,0x00,0x00,0x00,0x00,0x00,0x00,0x00,0x00,
0x00,0x00,0x00,0x00,0x00,0x00,0x00,0x00,0x00,0x00,0x00,0x00,0x00,0x00,0x00,0x00,0x00,0x00,0x00,0x00,0x00,0x00,0x00,0x00,0x00,0x00,0x00,0x00,0x00,0x00,0x00,0x00,
0x00,0x00,0x00,0x00,0x00,0x00,0x00,0x00,0x00,0x00,0x00,0x00,0x00,0x00,0x00,0x01,0x00,0x00,0x00,0x00,0x5a,0x3c,0x3c,0x11,0x5b,0x43,0x37,0xee,0x5d,0x44,0x39,0xff,
0x5b,0x43,0x38,0xfe,0x5b,0x43,0x38,0xff,0x5d,0x45,0x3a,0xff,0x52,0x39,0x2d,0xff,0xbf,0xba,0xb0,0xff,0xff,0xff,0xff,0xff,0xf6,0xfc,0xf2,0xff,0xf6,0xfc,0xf1,0xff,
0xff,0xff,0xff,0xff,0xe3,0xe5,0xdb,0xff,0x5d,0x45,0x3a,0xff,0x5a,0x42,0x37,0xff,0x5d,0x46,0x3b,0xff,0x52,0x39,0x2d,0xff,0xbf,0xba,0xb0,0xff,0xff,0xff,0xff,0xff,
0xf6,0xfc,0xf2,0xff,0xf6,0xfc,0xf1,0xff,0xff,0xff,0xff,0xff,0xe3,0xe5,0xdb,0xff,0x5d,0x45,0x3a,0xff,0x5a,0x42,0x37,0xff,0x5c,0x45,0x3b,0xff,0x57,0x3c,0x2d,0xff,
0x85,0x91,0xb6,0xff,0xa5,0xcc,0xff,0xff,0x9c,0xbc,0xfc,0xff,0x9c,0xbb,0xfb,0xff,0xa2,0xc7,0xff,0xff,0x94,0xad,0xe3,0xff,0x5c,0x44,0x3b,0xff,0x5b,0x42,0x37,0xff,
0x5a,0x43,0x38,0xfd,0x5f,0x46,0x3b,0xff,0x5a,0x42,0x36,0x41,0x00,0x00,0x00,0x00,0x55,0x55,0x55,0x03,0x00,0x00,0x00,0x00,0x00,0x00,0x00,0x00,0x00,0x00,0x00,0x00,
0x00,0x00,0x00,0x00,0x00,0x00,0x00,0x00,0x00,0x00,0x00,0x00,0x00,0x00,0x00,0x00,0x00,0x00,0x00,0x00,0x00,0x00,0x00,0x00,0x00,0x00,0x00,0x00,0x00,0x00,0x00,0x00,
0x00,0x00,0x00,0x00,0x00,0x00,0x00,0x00,0x00,0x00,0x00,0x00,0x00,0x00,0x00,0x00,0x00,0x00,0x00,0x00,0x00,0x00,0x00,0x00,0x00,0x00,0x00,0x00,0x00,0x00,0x00,0x00,
0x00,0x00,0x00,0x00,0x00,0x00,0x00,0x00,0x00,0x00,0x00,0x00,0x00,0x00,0x00,0x01,0x00,0x00,0x00,0x00,0x5a,0x3c,0x3c,0x11,0x5b,0x43,0x37,0xee,0x5d,0x44,0x39,0xff,
0x5b,0x43,0x38,0xfe,0x5b,0x43,0x38,0xff,0x5c,0x44,0x39,0xff,0x58,0x40,0x35,0xff,0x64,0x4d,0x42,0xff,0xcd,0xc8,0xc1,0xff,0xfe,0xff,0xfc,0xff,0xff,0xff,0xfe,0xff,
0xe1,0xdf,0xda,0xff,0x79,0x67,0x5c,0xff,0x54,0x3b,0x30,0xff,0x5d,0x45,0x3a,0xff,0x5c,0x44,0x39,0xff,0x58,0x40,0x35,0xff,0x64,0x4d,0x42,0xff,0xcd,0xc8,0xc1,0xff,
0xfe,0xff,0xfc,0xff,0xff,0xff,0xfe,0xff,0xe1,0xdf,0xda,0xff,0x79,0x67,0x5c,0xff,0x54,0x3b,0x30,0xff,0x5d,0x45,0x3a,0xff,0x5b,0x44,0x39,0xff,0x5a,0x41,0x34,0xff,
0x5f,0x4a,0x43,0xff,0x8b,0x9c,0xc5,0xff,0x9f,0xc2,0xff,0xff,0xa0,0xc4,0xff,0xff,0x94,0xad,0xdd,0xff,0x67,0x5b,0x5e,0xff,0x58,0x3e,0x30,0xff,0x5c,0x44,0x3a,0xff,
0x5a,0x42,0x37,0xfd,0x5f,0x46,0x3b,0xff,0x5a,0x42,0x36,0x41,0x00,0x00,0x00,0x00,0x55,0x55,0x55,0x03,0x00,0x00,0x00,0x00,0x00,0x00,0x00,0x00,0x00,0x00,0x00,0x00,
0x00,0x00,0x00,0x00,0x00,0x00,0x00,0x00,0x00,0x00,0x00,0x00,0x00,0x00,0x00,0x00,0x00,0x00,0x00,0x00,0x00,0x00,0x00,0x00,0x00,0x00,0x00,0x00,0x00,0x00,0x00,0x00,
0x00,0x00,0x00,0x00,0x00,0x00,0x00,0x00,0x00,0x00,0x00,0x00,0x00,0x00,0x00,0x00,0x00,0x00,0x00,0x00,0x00,0x00,0x00,0x00,0x00,0x00,0x00,0x00,0x00,0x00,0x00,0x00,
0x00,0x00,0x00,0x00,0x00,0x00,0x00,0x00,0x00,0x00,0x00,0x00,0x00,0x00,0x00,0x01,0x00,0x00,0x00,0x00,0x5a,0x3c,0x3c,0x11,0x5b,0x43,0x37,0xee,0x5d,0x44,0x39,0xff,
0x5b,0x43,0x38,0xfe,0x5b,0x43,0x38,0xff,0x5b,0x43,0x38,0xff,0x5c,0x44,0x39,0xff,0x58,0x3f,0x34,0xff,0x55,0x3d,0x31,0xff,0x7d,0x6b,0x61,0xff,0x84,0x73,0x69,0xff,
0x5d,0x46,0x3a,0xff,0x54,0x3b,0x30,0xff,0x5d,0x45,0x3a,0xff,0x5b,0x43,0x38,0xff,0x5b,0x43,0x38,0xff,0x5c,0x44,0x39,0xff,0x58,0x3f,0x34,0xff,0x55,0x3d,0x31,0xff,
0x7d,0x6b,0x61,0xff,0x84,0x73,0x69,0xff,0x5d,0x46,0x3a,0xff,0x54,0x3b,0x30,0xff,0x5d,0x45,0x3a,0xff,0x5b,0x43,0x38,0xff,0x5b,0x43,0x38,0xff,0x5b,0x44,0x39,0xff,
0x5a,0x40,0x34,0xff,0x59,0x3f,0x31,0xff,0x69,0x5e,0x62,0xff,0x6c,0x63,0x6b,0xff,0x5c,0x44,0x3c,0xff,0x58,0x3e,0x30,0xff,0x5c,0x44,0x3a,0xff,0x5b,0x43,0x38,0xff,
0x5a,0x42,0x37,0xfd,0x5f,0x46,0x3b,0xff,0x5a,0x42,0x36,0x41,0x00,0x00,0x00,0x00,0x55,0x55,0x55,0x03,0x00,0x00,0x00,0x00,0x00,0x00,0x00,0x00,0x00,0x00,0x00,0x00,
0x00,0x00,0x00,0x00,0x00,0x00,0x00,0x00,0x00,0x00,0x00,0x00,0x00,0x00,0x00,0x00,0x00,0x00,0x00,0x00,0x00,0x00,0x00,0x00,0x00,0x00,0x00,0x00,0x00,0x00,0x00,0x00,
0x00,0x00,0x00,0x00,0x00,0x00,0x00,0x00,0x00,0x00,0x00,0x00,0x00,0x00,0x00,0x00,0x00,0x00,0x00,0x00,0x00,0x00,0x00,0x00,0x00,0x00,0x00,0x00,0x00,0x00,0x00,0x00,
0x00,0x00,0x00,0x00,0x00,0x00,0x00,0x00,0x00,0x00,0x00,0x00,0x00,0x00,0x00,0x01,0x00,0x00,0x00,0x00,0x5a,0x3c,0x3c,0x11,0x5b,0x43,0x37,0xee,0x5d,0x44,0x39,0xff,
0x5b,0x43,0x38,0xfe,0x5b,0x43,0x38,0xff,0x5b,0x43,0x38,0xff,0x5b,0x43,0x38,0xff,0x5c,0x44,0x39,0xff,0x5c,0x44,0x39,0xff,0x54,0x3b,0x30,0xff,0x53,0x3a,0x2e,0xff,
0x5a,0x42,0x37,0xff,0x5d,0x45,0x3a,0xff,0x5b,0x43,0x38,0xff,0x5b,0x43,0x38,0xff,0x5b,0x43,0x38,0xff,0x5b,0x43,0x38,0xff,0x5c,0x44,0x39,0xff,0x5c,0x44,0x39,0xff,
0x54,0x3b,0x30,0xff,0x53,0x3a,0x2e,0xff,0x5a,0x42,0x37,0xff,0x5d,0x45,0x3a,0xff,0x5b,0x43,0x38,0xff,0x5b,0x43,0x38,0xff,0x5b,0x43,0x38,0xff,0x5b,0x43,0x38,0xff,
0x5b,0x44,0x39,0xff,0x5b,0x44,0x39,0xff,0x58,0x3e,0x30,0xff,0x58,0x3d,0x2e,0xff,0x5b,0x43,0x37,0xff,0x5c,0x44,0x3a,0xff,0x5b,0x43,0x38,0xff,0x5b,0x43,0x38,0xff,
0x5a,0x42,0x37,0xfd,0x5f,0x46,0x3b,0xff,0x5a,0x42,0x36,0x41,0x00,0x00,0x00,0x00,0x55,0x55,0x55,0x03,0x00,0x00,0x00,0x00,0x00,0x00,0x00,0x00,0x00,0x00,0x00,0x00,
0x00,0x00,0x00,0x00,0x00,0x00,0x00,0x00,0x00,0x00,0x00,0x00,0x00,0x00,0x00,0x00,0x00,0x00,0x00,0x00,0x00,0x00,0x00,0x00,0x00,0x00,0x00,0x00,0x00,0x00,0x00,0x00,
0x00,0x00,0x00,0x00,0x00,0x00,0x00,0x00,0x00,0x00,0x00,0x00,0x00,0x00,0x00,0x00,0x00,0x00,0x00,0x00,0x00,0x00,0x00,0x00,0x00,0x00,0x00,0x00,0x00,0x00,0x00,0x00,
0x00,0x00,0x00,0x00,0x00,0x00,0x00,0x00,0x00,0x00,0x00,0x00,0x00,0x00,0x00,0x01,0x00,0x00,0x00,0x00,0x5a,0x3c,0x3c,0x11,0x5b,0x43,0x37,0xee,0x5d,0x44,0x39,0xff,
0x5b,0x43,0x38,0xfe,0x5b,0x43,0x38,0xff,0x5b,0x43,0x38,0xff,0x5b,0x43,0x38,0xff,0x5b,0x43,0x38,0xff,0x5d,0x46,0x3b,0xff,0x5b,0x43,0x38,0xff,0x5a,0x42,0x37,0xff,
0x5d,0x46,0x3b,0xff,0x5c,0x44,0x39,0xff,0x5b,0x43,0x38,0xff,0x5b,0x43,0x38,0xff,0x5b,0x43,0x38,0xff,0x5b,0x43,0x38,0xff,0x5b,0x43,0x38,0xff,0x5d,0x46,0x3b,0xff,
0x5b,0x43,0x38,0xff,0x5a,0x42,0x37,0xff,0x5d,0x46,0x3b,0xff,0x5c,0x44,0x39,0xff,0x5b,0x43,0x38,0xff,0x5b,0x43,0x38,0xff,0x5b,0x43,0x38,0xff,0x5b,0x43,0x38,0xff,
0x5b,0x43,0x38,0xff,0x5c,0x45,0x3b,0xff,0x5b,0x43,0x38,0xff,0x5b,0x42,0x37,0xff,0x5c,0x45,0x3b,0xff,0x5b,0x44,0x39,0xff,0x5b,0x43,0x38,0xff,0x5b,0x43,0x38,0xff,
0x5a,0x42,0x37,0xfd,0x5f,0x46,0x3b,0xff,0x5a,0x42,0x36,0x41,0x00,0x00,0x00,0x00,0x55,0x55,0x55,0x03,0x00,0x00,0x00,0x00,0x00,0x00,0x00,0x00,0x00,0x00,0x00,0x00,
0x00,0x00,0x00,0x00,0x00,0x00,0x00,0x00,0x00,0x00,0x00,0x00,0x00,0x00,0x00,0x00,0x00,0x00,0x00,0x00,0x00,0x00,0x00,0x00,0x00,0x00,0x00,0x00,0x00,0x00,0x00,0x00,
0x00,0x00,0x00,0x00,0x00,0x00,0x00,0x00,0x00,0x00,0x00,0x00,0x00,0x00,0x00,0x00,0x00,0x00,0x00,0x00,0x00,0x00,0x00,0x00,0x00,0x00,0x00,0x00,0x00,0x00,0x00,0x00,
0x00,0x00,0x00,0x00,0x00,0x00,0x00,0x00,0x00,0x00,0x00,0x00,0x00,0x00,0x00,0x01,0x00,0x00,0x00,0x00,0x5a,0x3c,0x3c,0x11,0x5b,0x43,0x37,0xee,0x5d,0x44,0x39,0xff,
0x5b,0x43,0x38,0xfe,0x5b,0x43,0x38,0xff,0x5b,0x43,0x38,0xff,0x5b,0x43,0x38,0xff,0x5b,0x43,0x38,0xff,0x51,0x37,0x2c,0xff,0x61,0x4a,0x3f,0xff,0x65,0x4f,0x44,0xff,
0x52,0x39,0x2d,0xff,0x58,0x3f,0x34,0xff,0x5c,0x44,0x39,0xff,0x5b,0x43,0x38,0xff,0x5b,0x43,0x38,0xff,0x5b,0x43,0x38,0xff,0x5b,0x43,0x38,0xff,0x51,0x37,0x2c,0xff,
0x61,0x4a,0x3f,0xff,0x65,0x4f,0x44,0xff,0x52,0x39,0x2d,0xff,0x58,0x3f,0x34,0xff,0x5c,0x44,0x39,0xff,0x5b,0x43,0x38,0xff,0x5b,0x43,0x38,0xff,0x5b,0x43,0x38,0xff,
0x5b,0x43,0x38,0xff,0x57,0x3b,0x2b,0xff,0x5d,0x48,0x40,0xff,0x5f,0x4b,0x45,0xff,0x57,0x3c,0x2e,0xff,0x5a,0x41,0x34,0xff,0x5b,0x44,0x39,0xff,0x5b,0x43,0x38,0xff,
0x5a,0x42,0x37,0xfd,0x5f,0x46,0x3b,0xff,0x5a,0x42,0x36,0x41,0x00,0x00,0x00,0x00,0x55,0x55,0x55,0x03,0x00,0x00,0x00,0x00,0x00,0x00,0x00,0x00,0x00,0x00,0x00,0x00,
0x00,0x00,0x00,0x00,0x00,0x00,0x00,0x00,0x00,0x00,0x00,0x00,0x00,0x00,0x00,0x00,0x00,0x00,0x00,0x00,0x00,0x00,0x00,0x00,0x00,0x00,0x00,0x00,0x00,0x00,0x00,0x00,
0x00,0x00,0x00,0x00,0x00,0x00,0x00,0x00,0x00,0x00,0x00,0x00,0x00,0x00,0x00,0x00,0x00,0x00,0x00,0x00,0x00,0x00,0x00,0x00,0x00,0x00,0x00,0x00,0x00,0x00,0x00,0x00,
0x00,0x00,0x00,0x00,0x00,0x00,0x00,0x00,0x00,0x00,0x00,0x00,0x00,0x00,0x00,0x01,0x00,0x00,0x00,0x00,0x5a,0x3c,0x3c,0x11,0x5b,0x43,0x37,0xee,0x5d,0x44,0x39,0xff,
0x5b,0x43,0x38,0xfe,0x5b,0x43,0x38,0xff,0x5b,0x43,0x38,0xff,0x5b,0x43,0x38,0xff,0x58,0x40,0x35,0xff,0xa7,0x9d,0x93,0xff,0xea,0xea,0xe4,0xff,0xef,0xf2,0xea,0xff,
0xbe,0xb7,0xaf,0xff,0x64,0x4d,0x42,0xff,0x58,0x3f,0x34,0xff,0x5c,0x44,0x39,0xff,0x5b,0x43,0x38,0xff,0x5b,0x43,0x38,0xff,0x58,0x40,0x35,0xff,0xa7,0x9d,0x93,0xff,
0xea,0xea,0xe4,0xff,0xef,0xf2,0xea,0xff,0xbe,0xb7,0xaf,0xff,0x64,0x4d,0x42,0xff,0x58,0x3f,0x34,0xff,0x5c,0x44,0x39,0xff,0x5b,0x43,0x38,0xff,0x5b,0x43,0x38,0xff,
0x5a,0x41,0x35,0xff,0x7b,0x7e,0x97,0xff,0x97,0xb3,0xe9,0xff,0x99,0xb7,0xf1,0xff,0x85,0x91,0xb3,0xff,0x5f,0x4a,0x43,0xff,0x5a,0x41,0x34,0xff,0x5b,0x44,0x39,0xff,
0x5a,0x42,0x37,0xfd,0x5f,0x46,0x3b,0xff,0x5a,0x42,0x36,0x41,0x00,0x00,0x00,0x00,0x55,0x55,0x55,0x03,0x00,0x00,0x00,0x00,0x00,0x00,0x00,0x00,0x00,0x00,0x00,0x00,
0x00,0x00,0x00,0x00,0x00,0x00,0x00,0x00,0x00,0x00,0x00,0x00,0x00,0x00,0x00,0x00,0x00,0x00,0x00,0x00,0x00,0x00,0x00,0x00,0x00,0x00,0x00,0x00,0x00,0x00,0x00,0x00,
0x00,0x00,0x00,0x00,0x00,0x00,0x00,0x00,0x00,0x00,0x00,0x00,0x00,0x00,0x00,0x00,0x00,0x00,0x00,0x00,0x00,0x00,0x00,0x00,0x00,0x00,0x00,0x00,0x00,0x00,0x00,0x00,
0x00,0x00,0x00,0x00,0x00,0x00,0x00,0x00,0x00,0x00,0x00,0x00,0x00,0x00,0x00,0x01,0x00,0x00,0x00,0x00,0x5a,0x3c,0x3c,0x11,0x5b,0x43,0x37,0xee,0x5d,0x44,0x39,0xff,
0x5b,0x43,0x38,0xfe,0x5b,0x43,0x38,0xff,0x5d,0x46,0x3b,0xff,0x50,0x37,0x2c,0xff,0xa7,0x9d,0x93,0xff,0xff,0xff,0xff,0xff,0xfb,0xff,0xf8,0xff,0xfa,0xff,0xf6,0xff,
0xff,0xff,0xff,0xff,0xcd,0xcc,0xc1,0xff,0x55,0x3c,0x31,0xff,0x5c,0x44,0x39,0xff,0x5e,0x46,0x3b,0xff,0x50,0x37,0x2c,0xff,0xa7,0x9d,0x93,0xff,0xff,0xff,0xff,0xff,
0xfb,0xff,0xf8,0xff,0xfa,0xff,0xf6,0xff,0xff,0xff,0xff,0xff,0xcd,0xcc,0xc1,0xff,0x55,0x3c,0x31,0xff,0x5c,0x44,0x39,0xff,0x5c,0x45,0x3b,0xff,0x57,0x3b,0x2b,0xff,
0x7b,0x7e,0x98,0xff,0xa5,0xcd,0xff,0xff,0x9e,0xc0,0xff,0xff,0x9d,0xbf,0xff,0xff,0xa5,0xcc,0xff,0xff,0x8b,0x9c,0xc9,0xff,0x58,0x3e,0x31,0xff,0x5c,0x44,0x39,0xff,
0x5a,0x42,0x38,0xfd,0x5f,0x46,0x3b,0xff,0x5a,0x42,0x36,0x41,0x00,0x00,0x00,0x00,0x55,0x55,0x55,0x03,0x00,0x00,0x00,0x00,0x00,0x00,0x00,0x00,0x00,0x00,0x00,0x00,
0x00,0x00,0x00,0x00,0x00,0x00,0x00,0x00,0x00,0x00,0x00,0x00,0x00,0x00,0x00,0x00,0x00,0x00,0x00,0x00,0x00,0x00,0x00,0x00,0x00,0x00,0x00,0x00,0x00,0x00,0x00,0x00,
0x00,0x00,0x00,0x00,0x00,0x00,0x00,0x00,0x00,0x00,0x00,0x00,0x00,0x00,0x00,0x00,0x00,0x00,0x00,0x00,0x00,0x00,0x00,0x00,0x00,0x00,0x00,0x00,0x00,0x00,0x00,0x00,
0x00,0x00,0x00,0x00,0x00,0x00,0x00,0x00,0x00,0x00,0x00,0x00,0x00,0x00,0x00,0x01,0x00,0x00,0x00,0x00,0x5a,0x3c,0x3c,0x11,0x5b,0x43,0x37,0xee,0x5d,0x44,0x39,0xff,
0x5b,0x43,0x38,0xfe,0x5c,0x44,0x39,0xff,0x59,0x41,0x36,0xff,0x61,0x4a,0x3f,0xff,0xeb,0xee,0xe5,0xff,0xfb,0xfd,0xf8,0xff,0xf7,0xfd,0xf2,0xff,0xf8,0xfe,0xf4,0xff,
0xf7,0xfb,0xf1,0xff,0xfe,0xff,0xfc,0xff,0x7d,0x6b,0x60,0xff,0x54,0x3b,0x30,0xff,0x5b,0x43,0x38,0xff,0x61,0x4a,0x3f,0xff,0xeb,0xee,0xe5,0xff,0xfb,0xfd,0xf8,0xff,
0xf7,0xfd,0xf2,0xff,0xf8,0xfe,0xf4,0xff,0xf7,0xfb,0xf1,0xff,0xfe,0xff,0xfc,0xff,0x7d,0x6b,0x60,0xff,0x54,0x3a,0x30,0xff,0x5c,0x44,0x38,0xff,0x5d,0x48,0x40,0xff,
0x97,0xb3,0xed,0xff,0x9e,0xc0,0xfd,0xff,0x9c,0xbc,0xfc,0xff,0x9d,0xbd,0xfe,0xff,0x9b,0xbc,0xfb,0xff,0xa0,0xc3,0xff,0xff,0x69,0x5e,0x63,0xff,0x58,0x3d,0x2f,0xff,
0x5b,0x44,0x3a,0xfd,0x5f,0x46,0x3b,0xff,0x5a,0x42,0x36,0x41,0x00,0x00,0x00,0x00,0x55,0x55,0x55,0x03,0x00,0x00,0x00,0x00,0x00,0x00,0x00,0x00,0x00,0x00,0x00,0x00,
0x00,0x00,0x00,0x00,0x00,0x00,0x00,0x00,0x00,0x00,0x00,0x00,0x00,0x00,0x00,0x00,0x00,0x00,0x00,0x00,0x00,0x00,0x00,0x00,0x00,0x00,0x00,0x00,0x00,0x00,0x00,0x00,
0x00,0x00,0x00,0x00,0x00,0x00,0x00,0x00,0x00,0x00,0x00,0x00,0x00,0x00,0x00,0x00,0x00,0x00,0x00,0x00,0x00,0x00,0x00,0x00,0x00,0x00,0x00,0x00,0x00,0x00,0x00,0x00,
0x00,0x00,0x00,0x00,0x00,0x00,0x00,0x00,0x00,0x00,0x00,0x00,0x00,0x00,0x00,0x01,0x00,0x00,0x00,0x00,0x5a,0x3c,0x3c,0x11,0x5b,0x43,0x37,0xee,0x5d,0x44,0x39,0xff,
0x5b,0x43,0x38,0xfe,0x5c,0x44,0x39,0xff,0x58,0x40,0x35,0xff,0x65,0x4f,0x44,0xff,0xf1,0xf5,0xeb,0xff,0xfa,0xfd,0xf6,0xff,0xf8,0xfe,0xf4,0xff,0xf9,0xff,0xf5,0xff,
0xf6,0xfb,0xf1,0xff,0xff,0xff,0xff,0xff,0x85,0x74,0x69,0xff,0x53,0x3a,0x2f,0xff,0x5a,0x42,0x37,0xff,0x65,0x4f,0x44,0xff,0xf1,0xf5,0xeb,0xff,0xfa,0xfd,0xf6,0xff,
0xf8,0xfe,0xf4,0xff,0xf9,0xff,0xf5,0xff,0xf6,0xfb,0xf1,0xff,0xff,0xff,0xff,0xff,0x85,0x74,0x69,0xff,0x53,0x39,0x2f,0xff,0x5c,0x43,0x37,0xff,0x5f,0x4b,0x45,0xff,
0x9a,0xb7,0xf4,0xff,0x9d,0xbe,0xfd,0xff,0x9d,0xbd,0xfe,0xff,0x9d,0xbe,0xff,0xff,0x9b,0xbc,0xfb,0xff,0xa0,0xc5,0xff,0xff,0x6c,0x64,0x6c,0xff,0x57,0x3c,0x2d,0xff,
0x5b,0x44,0x3a,0xfd,0x5f,0x46,0x3b,0xff,0x5a,0x42,0x36,0x41,0x00,0x00,0x00,0x00,0x55,0x55,0x55,0x03,0x00,0x00,0x00,0x00,0x00,0x00,0x00,0x00,0x00,0x00,0x00,0x00,
0x00,0x00,0x00,0x00,0x00,0x00,0x00,0x00,0x00,0x00,0x00,0x00,0x00,0x00,0x00,0x00,0x00,0x00,0x00,0x00,0x00,0x00,0x00,0x00,0x00,0x00,0x00,0x00,0x00,0x00,0x00,0x00,
0x00,0x00,0x00,0x00,0x00,0x00,0x00,0x00,0x00,0x00,0x00,0x00,0x00,0x00,0x00,0x00,0x00,0x00,0x00,0x00,0x00,0x00,0x00,0x00,0x00,0x00,0x00,0x00,0x00,0x00,0x00,0x00,
0x00,0x00,0x00,0x00,0x00,0x00,0x00,0x00,0x00,0x00,0x00,0x00,0x00,0x00,0x00,0x01,0x00,0x00,0x00,0x00,0x5a,0x3c,0x3c,0x11,0x5b,0x43,0x37,0xee,0x5d,0x44,0x39,0xff,
0x5b,0x43,0x38,0xfe,0x5b,0x43,0x38,0xff,0x5d,0x45,0x3a,0xff,0x52,0x39,0x2d,0xff,0xbf,0xba,0xb0,0xff,0xff,0xff,0xff,0xff,0xf6,0xfc,0xf2,0xff,0xf6,0xfc,0xf1,0xff,
0xff,0xff,0xff,0xff,0xe3,0xe5,0xdb,0xff,0x5d,0x45,0x3a,0xff,0x5a,0x42,0x37,0xff,0x5d,0x46,0x3b,0xff,0x52,0x39,0x2d,0xff,0xbf,0xba,0xb0,0xff,0xff,0xff,0xff,0xff,
0xf6,0xfc,0xf2,0xff,0xf6,0xfc,0xf1,0xff,0xff,0xff,0xff,0xff,0xe3,0xe5,0xdb,0xff,0x5d,0x45,0x3a,0xff,0x5a,0x42,0x37,0xff,0x5c,0x45,0x3b,0xff,0x57,0x3c,0x2d,0xff,
0x85,0x91,0xb6,0xff,0xa5,0xcc,0xff,0xff,0x9c,0xbc,0xfc,0xff,0x9c,0xbb,0xfb,0xff,0xa2,0xc7,0xff,0xff,0x94,0xad,0xe3,0xff,0x5c,0x44,0x3b,0xff,0x5b,0x42,0x37,0xff,
0x5a,0x43,0x38,0xfd,0x5f,0x46,0x3b,0xff,0x5a,0x42,0x36,0x41,0x00,0x00,0x00,0x00,0x55,0x55,0x55,0x03,0x00,0x00,0x00,0x00,0x00,0x00,0x00,0x00,0x00,0x00,0x00,0x00,
0x00,0x00,0x00,0x00,0x00,0x00,0x00,0x00,0x00,0x00,0x00,0x00,0x00,0x00,0x00,0x00,0x00,0x00,0x00,0x00,0x00,0x00,0x00,0x00,0x00,0x00,0x00,0x00,0x00,0x00,0x00,0x00,
0x00,0x00,0x00,0x00,0x00,0x00,0x00,0x00,0x00,0x00,0x00,0x00,0x00,0x00,0x00,0x00,0x00,0x00,0x00,0x00,0x00,0x00,0x00,0x00,0x00,0x00,0x00,0x00,0x00,0x00,0x00,0x00,
0x00,0x00,0x00,0x00,0x00,0x00,0x00,0x00,0x00,0x00,0x00,0x00,0x00,0x00,0x00,0x01,0x00,0x00,0x00,0x00,0x5a,0x3c,0x3c,0x11,0x5b,0x43,0x37,0xee,0x5d,0x44,0x39,0xff,
0x5b,0x43,0x38,0xfe,0x5b,0x43,0x38,0xff,0x5c,0x44,0x39,0xff,0x58,0x40,0x35,0xff,0x64,0x4d,0x42,0xff,0xcd,0xc8,0xc1,0xff,0xfe,0xff,0xfc,0xff,0xff,0xff,0xfe,0xff,
0xe1,0xdf,0xda,0xff,0x79,0x67,0x5c,0xff,0x54,0x3b,0x30,0xff,0x5d,0x45,0x3a,0xff,0x5c,0x44,0x39,0xff,0x58,0x40,0x35,0xff,0x64,0x4d,0x42,0xff,0xcd,0xc8,0xc1,0xff,
0xfe,0xff,0xfc,0xff,0xff,0xff,0xfe,0xff,0xe1,0xdf,0xda,0xff,0x79,0x67,0x5c,0xff,0x54,0x3b,0x30,0xff,0x5d,0x45,0x3a,0xff,0x5b,0x44,0x39,0xff,0x5a,0x41,0x34,0xff,
0x5f,0x4a,0x43,0xff,0x8b,0x9c,0xc5,0xff,0x9f,0xc2,0xff,0xff,0xa0,0xc4,0xff,0xff,0x94,0xad,0xdd,0xff,0x67,0x5b,0x5e,0xff,0x58,0x3e,0x30,0xff,0x5c,0x44,0x3a,0xff,
0x5a,0x42,0x37,0xfd,0x5f,0x46,0x3b,0xff,0x5a,0x42,0x36,0x41,0x00,0x00,0x00,0x00,0x55,0x55,0x55,0x03,0x00,0x00,0x00,0x00,0x00,0x00,0x00,0x00,0x00,0x00,0x00,0x00,
0x00,0x00,0x00,0x00,0x00,0x00,0x00,0x00,0x00,0x00,0x00,0x00,0x00,0x00,0x00,0x00,0x00,0x00,0x00,0x00,0x00,0x00,0x00,0x00,0x00,0x00,0x00,0x00,0x00,0x00,0x00,0x00,
0x00,0x00,0x00,0x00,0x00,0x00,0x00,0x00,0x00,0x00,0x00,0x00,0x00,0x00,0x00,0x00,0x00,0x00,0x00,0x00,0x00,0x00,0x00,0x00,0x00,0x00,0x00,0x00,0x00,0x00,0x00,0x00,
0x00,0x00,0x00,0x00,0x00,0x00,0x00,0x00,0x00,0x00,0x00,0x00,0x00,0x00,0x00,0x01,0x00,0x00,0x00,0x00,0x5a,0x3c,0x3c,0x11,0x5b,0x43,0x37,0xee,0x5d,0x44,0x39,0xff,
0x5b,0x43,0x38,0xfe,0x5b,0x43,0x38,0xff,0x5b,0x43,0x38,0xff,0x5c,0x44,0x39,0xff,0x58,0x3f,0x34,0xff,0x55,0x3d,0x31,0xff,0x7d,0x6b,0x61,0xff,0x84,0x73,0x69,0xff,
0x5d,0x46,0x3a,0xff,0x54,0x3b,0x30,0xff,0x5d,0x45,0x3a,0xff,0x5b,0x43,0x38,0xff,0x5b,0x43,0x38,0xff,0x5c,0x44,0x39,0xff,0x58,0x3f,0x34,0xff,0x55,0x3d,0x31,0xff,
0x7d,0x6b,0x61,0xff,0x84,0x73,0x69,0xff,0x5d,0x46,0x3a,0xff,0x54,0x3b,0x30,0xff,0x5d,0x45,0x3a,0xff,0x5b,0x43,0x38,0xff,0x5b,0x43,0x38,0xff,0x5b,0x44,0x39,0xff,
0x5a,0x40,0x34,0xff,0x59,0x3f,0x31,0xff,0x69,0x5e,0x62,0xff,0x6c,0x63,0x6b,0xff,0x5c,0x44,0x3c,0xff,0x58,0x3e,0x30,0xff,0x5c,0x44,0x3a,0xff,0x5b,0x43,0x38,0xff,
0x5a,0x42,0x37,0xfd,0x5f,0x46,0x3b,0xff,0x5a,0x42,0x36,0x41,0x00,0x00,0x00,0x00,0x55,0x55,0x55,0x03,0x00,0x00,0x00,0x00,0x00,0x00,0x00,0x00,0x00,0x00,0x00,0x00,
0x00,0x00,0x00,0x00,0x00,0x00,0x00,0x00,0x00,0x00,0x00,0x00,0x00,0x00,0x00,0x00,0x00,0x00,0x00,0x00,0x00,0x00,0x00,0x00,0x00,0x00,0x00,0x00,0x00,0x00,0x00,0x00,
0x00,0x00,0x00,0x00,0x00,0x00,0x00,0x00,0x00,0x00,0x00,0x00,0x00,0x00,0x00,0x00,0x00,0x00,0x00,0x00,0x00,0x00,0x00,0x00,0x00,0x00,0x00,0x00,0x00,0x00,0x00,0x00,
0x00,0x00,0x00,0x00,0x00,0x00,0x00,0x00,0x00,0x00,0x00,0x00,0x00,0x00,0x00,0x01,0x00,0x00,0x00,0x00,0x5a,0x3c,0x3c,0x11,0x5b,0x43,0x37,0xee,0x5d,0x44,0x39,0xff,
0x5b,0x43,0x38,0xfe,0x5b,0x43,0x38,0xff,0x5b,0x43,0x38,0xff,0x5b,0x43,0x38,0xff,0x5c,0x44,0x39,0xff,0x5c,0x44,0x39,0xff,0x54,0x3b,0x30,0xff,0x53,0x3a,0x2e,0xff,
0x5a,0x42,0x37,0xff,0x5d,0x45,0x3a,0xff,0x5b,0x43,0x38,0xff,0x5b,0x43,0x38,0xff,0x5b,0x43,0x38,0xff,0x5b,0x43,0x38,0xff,0x5c,0x44,0x39,0xff,0x5c,0x44,0x39,0xff,
0x54,0x3b,0x30,0xff,0x53,0x3a,0x2e,0xff,0x5a,0x42,0x37,0xff,0x5d,0x45,0x3a,0xff,0x5b,0x43,0x38,0xff,0x5b,0x43,0x38,0xff,0x5b,0x43,0x38,0xff,0x5b,0x43,0x38,0xff,
0x5b,0x44,0x39,0xff,0x5b,0x44,0x39,0xff,0x58,0x3e,0x30,0xff,0x58,0x3d,0x2e,0xff,0x5b,0x43,0x37,0xff,0x5c,0x44,0x3a,0xff,0x5b,0x43,0x38,0xff,0x5b,0x43,0x38,0xff,
0x5a,0x42,0x37,0xfd,0x5f,0x46,0x3b,0xff,0x5a,0x42,0x36,0x41,0x00,0x00,0x00,0x00,0x55,0x55,0x55,0x03,0x00,0x00,0x00,0x00,0x00,0x00,0x00,0x00,0x00,0x00,0x00,0x00,
0x00,0x00,0x00,0x00,0x00,0x00,0x00,0x00,0x00,0x00,0x00,0x00,0x00,0x00,0x00,0x00,0x00,0x00,0x00,0x00,0x00,0x00,0x00,0x00,0x00,0x00,0x00,0x00,0x00,0x00,0x00,0x00,
0x00,0x00,0x00,0x00,0x00,0x00,0x00,0x00,0x00,0x00,0x00,0x00,0x00,0x00,0x00,0x00,0x00,0x00,0x00,0x00,0x00,0x00,0x00,0x00,0x00,0x00,0x00,0x00,0x00,0x00,0x00,0x00,
0x00,0x00,0x00,0x00,0x00,0x00,0x00,0x00,0x00,0x00,0x00,0x00,0x00,0x00,0x00,0x01,0x00,0x00,0x00,0x00,0x5a,0x3c,0x3c,0x11,0x5b,0x43,0x37,0xee,0x5d,0x44,0x39,0xff,
0x5b,0x43,0x38,0xfe,0x5b,0x43,0x38,0xff,0x5b,0x43,0x38,0xff,0x5b,0x43,0x38,0xff,0x5b,0x43,0x38,0xff,0x5d,0x46,0x3b,0xff,0x5b,0x43,0x38,0xff,0x5a,0x42,0x37,0xff,
0x5d,0x46,0x3b,0xff,0x5c,0x44,0x39,0xff,0x5b,0x43,0x38,0xff,0x5b,0x43,0x38,0xff,0x5b,0x43,0x38,0xff,0x5b,0x43,0x38,0xff,0x5b,0x43,0x38,0xff,0x5d,0x46,0x3b,0xff,
0x5b,0x43,0x38,0xff,0x5a,0x42,0x37,0xff,0x5d,0x46,0x3b,0xff,0x5c,0x44,0x39,0xff,0x5b,0x43,0x38,0xff,0x5b,0x43,0x38,0xff,0x5b,0x43,0x38,0xff,0x5b,0x43,0x38,0xff,
0x5b,0x43,0x38,0xff,0x5c,0x45,0x3b,0xff,0x5b,0x43,0x38,0xff,0x5b,0x42,0x37,0xff,0x5c,0x45,0x3b,0xff,0x5b,0x44,0x39,0xff,0x5b,0x43,0x38,0xff,0x5b,0x43,0x38,0xff,
0x5a,0x42,0x37,0xfd,0x5f,0x46,0x3b,0xff,0x5a,0x42,0x36,0x41,0x00,0x00,0x00,0x00,0x55,0x55,0x55,0x03,0x00,0x00,0x00,0x00,0x00,0x00,0x00,0x00,0x00,0x00,0x00,0x00,
0x00,0x00,0x00,0x00,0x00,0x00,0x00,0x00,0x00,0x00,0x00,0x00,0x00,0x00,0x00,0x00,0x00,0x00,0x00,0x00,0x00,0x00,0x00,0x00,0x00,0x00,0x00,0x00,0x00,0x00,0x00,0x00,
0x00,0x00,0x00,0x00,0x00,0x00,0x00,0x00,0x00,0x00,0x00,0x00,0x00,0x00,0x00,0x00,0x00,0x00,0x00,0x00,0x00,0x00,0x00,0x00,0x00,0x00,0x00,0x00,0x00,0x00,0x00,0x00,
0x00,0x00,0x00,0x00,0x00,0x00,0x00,0x00,0x00,0x00,0x00,0x00,0x00,0x00,0x00,0x01,0x00,0x00,0x00,0x00,0x5a,0x3c,0x3c,0x11,0x5b,0x43,0x37,0xee,0x5d,0x44,0x39,0xff,
0x5b,0x43,0x38,0xfe,0x5b,0x43,0x38,0xff,0x5b,0x43,0x38,0xff,0x5b,0x43,0x38,0xff,0x5b,0x43,0x38,0xff,0x51,0x37,0x2c,0xff,0x61,0x4a,0x3f,0xff,0x65,0x4f,0x44,0xff,
0x52,0x39,0x2d,0xff,0x58,0x3f,0x34,0xff,0x5c,0x44,0x39,0xff,0x5b,0x43,0x38,0xff,0x5b,0x43,0x38,0xff,0x5b,0x43,0x38,0xff,0x5b,0x43,0x38,0xff,0x51,0x37,0x2c,0xff,
0x61,0x4a,0x3f,0xff,0x65,0x4f,0x44,0xff,0x52,0x39,0x2d,0xff,0x58,0x3f,0x34,0xff,0x5c,0x44,0x39,0xff,0x5b,0x43,0x38,0xff,0x5b,0x43,0x38,0xff,0x5b,0x43,0x38,0xff,
0x5b,0x43,0x38,0xff,0x57,0x3b,0x2b,0xff,0x5d,0x48,0x40,0xff,0x5f,0x4b,0x45,0xff,0x57,0x3c,0x2e,0xff,0x5a,0x41,0x34,0xff,0x5b,0x44,0x39,0xff,0x5b,0x43,0x38,0xff,
0x5a,0x42,0x37,0xfd,0x5f,0x46,0x3b,0xff,0x5a,0x42,0x36,0x41,0x00,0x00,0x00,0x00,0x55,0x55,0x55,0x03,0x00,0x00,0x00,0x00,0x00,0x00,0x00,0x00,0x00,0x00,0x00,0x00,
0x00,0x00,0x00,0x00,0x00,0x00,0x00,0x00,0x00,0x00,0x00,0x00,0x00,0x00,0x00,0x00,0x00,0x00,0x00,0x00,0x00,0x00,0x00,0x00,0x00,0x00,0x00,0x00,0x00,0x00,0x00,0x00,
0x00,0x00,0x00,0x00,0x00,0x00,0x00,0x00,0x00,0x00,0x00,0x00,0x00,0x00,0x00,0x00,0x00,0x00,0x00,0x00,0x00,0x00,0x00,0x00,0x00,0x00,0x00,0x00,0x00,0x00,0x00,0x00,
0x00,0x00,0x00,0x00,0x00,0x00,0x00,0x00,0x00,0x00,0x00,0x00,0x00,0x00,0x00,0x01,0x00,0x00,0x00,0x00,0x5a,0x3c,0x3c,0x11,0x5b,0x43,0x37,0xee,0x5d,0x44,0x39,0xff,
0x5b,0x43,0x38,0xfe,0x5b,0x43,0x38,0xff,0x5b,0x43,0x38,0xff,0x5b,0x43,0x38,0xff,0x58,0x40,0x35,0xff,0xa7,0x9d,0x93,0xff,0xea,0xea,0xe4,0xff,0xef,0xf2,0xea,0xff,
0xbe,0xb7,0xaf,0xff,0x64,0x4d,0x42,0xff,0x58,0x3f,0x34,0xff,0x5c,0x44,0x39,0xff,0x5b,0x43,0x38,0xff,0x5b,0x43,0x38,0xff,0x58,0x40,0x35,0xff,0xa7,0x9d,0x93,0xff,
0xea,0xea,0xe4,0xff,0xef,0xf2,0xea,0xff,0xbe,0xb7,0xaf,0xff,0x64,0x4d,0x42,0xff,0x58,0x3f,0x34,0xff,0x5c,0x44,0x39,0xff,0x5b,0x43,0x38,0xff,0x5b,0x43,0x38,0xff,
0x5a,0x41,0x35,0xff,0x7b,0x7e,0x97,0xff,0x97,0xb3,0xe9,0xff,0x99,0xb7,0xf1,0xff,0x85,0x91,0xb3,0xff,0x5f,0x4a,0x43,0xff,0x5a,0x41,0x34,0xff,0x5b,0x44,0x39,0xff,
0x5a,0x42,0x37,0xfd,0x5f,0x46,0x3b,0xff,0x5a,0x42,0x36,0x41,0x00,0x00,0x00,0x00,0x55,0x55,0x55,0x03,0x00,0x00,0x00,0x00,0x00,0x00,0x00,0x00,0x00,0x00,0x00,0x00,
0x00,0x00,0x00,0x00,0x00,0x00,0x00,0x00,0x00,0x00,0x00,0x00,0x00,0x00,0x00,0x00,0x00,0x00,0x00,0x00,0x00,0x00,0x00,0x00,0x00,0x00,0x00,0x00,0x00,0x00,0x00,0x00,
0x00,0x00,0x00,0x00,0x00,0x00,0x00,0x00,0x00,0x00,0x00,0x00,0x00,0x00,0x00,0x00,0x00,0x00,0x00,0x00,0x00,0x00,0x00,0x00,0x00,0x00,0x00,0x00,0x00,0x00,0x00,0x00,
0x00,0x00,0x00,0x00,0x00,0x00,0x00,0x00,0x00,0x00,0x00,0x00,0x00,0x00,0x00,0x01,0x00,0x00,0x00,0x00,0x5a,0x3c,0x3c,0x11,0x5b,0x43,0x37,0xee,0x5d,0x44,0x39,0xff,
0x5b,0x43,0x38,0xfe,0x5b,0x43,0x38,0xff,0x5d,0x46,0x3b,0xff,0x50,0x37,0x2c,0xff,0xa7,0x9d,0x93,0xff,0xff,0xff,0xff,0xff,0xfb,0xff,0xf8,0xff,0xfa,0xff,0xf6,0xff,
0xff,0xff,0xff,0xff,0xcd,0xcc,0xc1,0xff,0x55,0x3c,0x31,0xff,0x5c,0x44,0x39,0xff,0x5e,0x46,0x3b,0xff,0x50,0x37,0x2c,0xff,0xa7,0x9d,0x93,0xff,0xff,0xff,0xff,0xff,
0xfb,0xff,0xf8,0xff,0xfa,0xff,0xf6,0xff,0xff,0xff,0xff,0xff,0xcd,0xcc,0xc1,0xff,0x55,0x3c,0x31,0xff,0x5c,0x44,0x39,0xff,0x5c,0x45,0x3b,0xff,0x57,0x3b,0x2b,0xff,
0x7b,0x7e,0x98,0xff,0xa5,0xcd,0xff,0xff,0x9e,0xc0,0xff,0xff,0x9d,0xbf,0xff,0xff,0xa5,0xcc,0xff,0xff,0x8b,0x9c,0xc9,0xff,0x58,0x3e,0x31,0xff,0x5c,0x44,0x39,0xff,
0x5a,0x42,0x38,0xfd,0x5f,0x46,0x3b,0xff,0x5a,0x42,0x36,0x41,0x00,0x00,0x00,0x00,0x55,0x55,0x55,0x03,0x00,0x00,0x00,0x00,0x00,0x00,0x00,0x00,0x00,0x00,0x00,0x00,
0x00,0x00,0x00,0x00,0x00,0x00,0x00,0x00,0x00,0x00,0x00,0x00,0x00,0x00,0x00,0x00,0x00,0x00,0x00,0x00,0x00,0x00,0x00,0x00,0x00,0x00,0x00,0x00,0x00,0x00,0x00,0x00,
0x00,0x00,0x00,0x00,0x00,0x00,0x00,0x00,0x00,0x00,0x00,0x00,0x00,0x00,0x00,0x00,0x00,0x00,0x00,0x00,0x00,0x00,0x00,0x00,0x00,0x00,0x00,0x00,0x00,0x00,0x00,0x00,
0x00,0x00,0x00,0x00,0x00,0x00,0x00,0x00,0x00,0x00,0x00,0x00,0x00,0x00,0x00,0x01,0x00,0x00,0x00,0x00,0x5a,0x3c,0x3c,0x11,0x5b,0x43,0x37,0xed,0x5d,0x44,0x39,0xff,
0x5b,0x43,0x38,0xfe,0x5c,0x44,0x39,0xff,0x59,0x41,0x36,0xff,0x61,0x4a,0x3f,0xff,0xeb,0xee,0xe5,0xff,0xfb,0xfd,0xf8,0xff,0xf7,0xfd,0xf2,0xff,0xf8,0xfe,0xf4,0xff,
0xf7,0xfb,0xf1,0xff,0xfe,0xff,0xfc,0xff,0x7d,0x6b,0x60,0xff,0x54,0x3b,0x30,0xff,0x5b,0x43,0x38,0xff,0x61,0x4a,0x3f,0xff,0xeb,0xee,0xe5,0xff,0xfb,0xfd,0xf8,0xff,
0xf7,0xfd,0xf2,0xff,0xf8,0xfe,0xf4,0xff,0xf7,0xfb,0xf1,0xff,0xfe,0xff,0xfc,0xff,0x7d,0x6b,0x60,0xff,0x54,0x3a,0x30,0xff,0x5c,0x44,0x38,0xff,0x5d,0x48,0x40,0xff,
0x97,0xb3,0xed,0xff,0x9e,0xc0,0xfd,0xff,0x9c,0xbc,0xfc,0xff,0x9d,0xbd,0xfe,0xff,0x9b,0xbc,0xfb,0xff,0xa0,0xc3,0xff,0xff,0x69,0x5e,0x63,0xff,0x58,0x3d,0x2f,0xff,
0x5b,0x44,0x3a,0xfd,0x5f,0x46,0x3b,0xff,0x5b,0x43,0x37,0x40,0x00,0x00,0x00,0x00,0x55,0x55,0x55,0x03,0x00,0x00,0x00,0x00,0x00,0x00,0x00,0x00,0x00,0x00,0x00,0x00,
0x00,0x00,0x00,0x00,0x00,0x00,0x00,0x00,0x00,0x00,0x00,0x00,0x00,0x00,0x00,0x00,0x00,0x00,0x00,0x00,0x00,0x00,0x00,0x00,0x00,0x00,0x00,0x00,0x00,0x00,0x00,0x00,
0x00,0x00,0x00,0x00,0x00,0x00,0x00,0x00,0x00,0x00,0x00,0x00,0x00,0x00,0x00,0x00,0x00,0x00,0x00,0x00,0x00,0x00,0x00,0x00,0x00,0x00,0x00,0x00,0x00,0x00,0x00,0x00,
0x00,0x00,0x00,0x00,0x00,0x00,0x00,0x00,0x00,0x00,0x00,0x00,0x00,0x00,0x00,0x01,0x00,0x00,0x00,0x00,0x55,0x38,0x38,0x12,0x5a,0x43,0x38,0xf1,0x5d,0x44,0x39,0xff,
0x5b,0x43,0x38,0xfe,0x5c,0x44,0x39,0xff,0x58,0x40,0x35,0xff,0x65,0x4f,0x44,0xff,0xf1,0xf5,0xeb,0xff,0xfa,0xfd,0xf6,0xff,0xf8,0xfe,0xf4,0xff,0xf9,0xff,0xf5,0xff,
0xf6,0xfb,0xf1,0xff,0xff,0xff,0xff,0xff,0x85,0x74,0x69,0xff,0x53,0x3a,0x2f,0xff,0x5a,0x42,0x37,0xff,0x65,0x4f,0x44,0xff,0xf1,0xf5,0xeb,0xff,0xfa,0xfd,0xf6,0xff,
0xf8,0xfe,0xf4,0xff,0xf9,0xff,0xf5,0xff,0xf6,0xfb,0xf1,0xff,0xff,0xff,0xff,0xff,0x85,0x74,0x69,0xff,0x53,0x39,0x2f,0xff,0x5c,0x43,0x37,0xff,0x5f,0x4b,0x45,0xff,
0x9a,0xb7,0xf4,0xff,0x9d,0xbe,0xfd,0xff,0x9d,0xbd,0xfe,0xff,0x9d,0xbe,0xff,0xff,0x9b,0xbc,0xfb,0xff,0xa0,0xc5,0xff,0xff,0x6c,0x64,0x6c,0xff,0x57,0x3c,0x2d,0xff,
0x5b,0x44,0x3a,0xfd,0x5f,0x46,0x3b,0xff,0x5a,0x43,0x38,0x44,0x00,0x00,0x00,0x00,0x55,0x55,0x55,0x03,0x00,0x00,0x00,0x00,0x00,0x00,0x00,0x00,0x00,0x00,0x00,0x00,
0x00,0x00,0x00,0x00,0x00,0x00,0x00,0x00,0x00,0x00,0x00,0x00,0x00,0x00,0x00,0x00,0x00,0x00,0x00,0x00,0x00,0x00,0x00,0x00,0x00,0x00,0x00,0x00,0x00,0x00,0x00,0x00,
0x00,0x00,0x00,0x00,0x00,0x00,0x00,0x00,0x00,0x00,0x00,0x00,0x00,0x00,0x00,0x00,0x00,0x00,0x00,0x00,0x00,0x00,0x00,0x00,0x00,0x00,0x00,0x00,0x00,0x00,0x00,0x00,
0x00,0x00,0x00,0x00,0x00,0x00,0x00,0x00,0x00,0x00,0x00,0x00,0x00,0x00,0x00,0x01,0x00,0x00,0x00,0x01,0x55,0x38,0x38,0x09,0x5b,0x42,0x38,0xd9,0x5e,0x45,0x3a,0xff,
0x5b,0x43,0x38,0xfd,0x5b,0x43,0x38,0xff,0x5d,0x45,0x3a,0xff,0x52,0x39,0x2d,0xff,0xbf,0xba,0xb0,0xff,0xff,0xff,0xff,0xff,0xf6,0xfc,0xf2,0xff,0xf6,0xfc,0xf1,0xff,
0xff,0xff,0xff,0xff,0xe3,0xe5,0xdb,0xff,0x5d,0x45,0x3a,0xff,0x5a,0x42,0x37,0xff,0x5d,0x46,0x3b,0xff,0x52,0x39,0x2d,0xff,0xbf,0xba,0xb0,0xff,0xff,0xff,0xff,0xff,
0xf6,0xfc,0xf2,0xff,0xf6,0xfc,0xf1,0xff,0xff,0xff,0xff,0xff,0xe3,0xe5,0xdb,0xff,0x5d,0x45,0x3a,0xff,0x5a,0x42,0x37,0xff,0x5c,0x45,0x3b,0xff,0x57,0x3c,0x2d,0xff,
0x85,0x91,0xb6,0xff,0xa5,0xcc,0xff,0xff,0x9c,0xbc,0xfc,0xff,0x9c,0xbb,0xfb,0xff,0xa2,0xc7,0xff,0xff,0x94,0xad,0xe3,0xff,0x5c,0x44,0x3b,0xff,0x5b,0x42,0x37,0xff,
0x5b,0x43,0x38,0xfe,0x5d,0x44,0x39,0xf9,0x5b,0x42,0x36,0x2a,0x00,0x00,0x00,0x00,0x7f,0x7f,0x7f,0x02,0x00,0x00,0x00,0x00,0x00,0x00,0x00,0x00,0x00,0x00,0x00,0x00,
0x00,0x00,0x00,0x00,0x00,0x00,0x00,0x00,0x00,0x00,0x00,0x00,0x00,0x00,0x00,0x00,0x00,0x00,0x00,0x00,0x00,0x00,0x00,0x00,0x00,0x00,0x00,0x00,0x00,0x00,0x00,0x00,
0x00,0x00,0x00,0x00,0x00,0x00,0x00,0x00,0x00,0x00,0x00,0x00,0x00,0x00,0x00,0x00,0x00,0x00,0x00,0x00,0x00,0x00,0x00,0x00,0x00,0x00,0x00,0x00,0x00,0x00,0x00,0x00,
0x00,0x00,0x00,0x00,0x00,0x00,0x00,0x00,0x00,0x00,0x00,0x00,0x00,0x00,0x00,0x00,0xaa,0x55,0x55,0x03,0x00,0x00,0x00,0x00,0x5b,0x42,0x37,0xa1,0x61,0x48,0x3c,0xfe,
0x5a,0x43,0x37,0xfb,0x5b,0x43,0x38,0xff,0x5c,0x44,0x39,0xff,0x58,0x40,0x35,0xff,0x64,0x4d,0x42,0xff,0xcd,0xc8,0xc1,0xff,0xfe,0xff,0xfc,0xff,0xff,0xff,0xfe,0xff,
0xe1,0xdf,0xda,0xff,0x79,0x67,0x5c,0xff,0x54,0x3b,0x30,0xff,0x5d,0x45,0x3a,0xff,0x5c,0x44,0x39,0xff,0x58,0x40,0x35,0xff,0x64,0x4d,0x42,0xff,0xcd,0xc8,0xc1,0xff,
0xfe,0xff,0xfc,0xff,0xff,0xff,0xfe,0xff,0xe1,0xdf,0xda,0xff,0x79,0x67,0x5c,0xff,0x54,0x3b,0x30,0xff,0x5d,0x45,0x3a,0xff,0x5b,0x44,0x39,0xff,0x5a,0x41,0x34,0xff,
0x5f,0x4a,0x43,0xff,0x8b,0x9c,0xc5,0xff,0x9f,0xc2,0xff,0xff,0xa0,0xc4,0xff,0xff,0x94,0xad,0xdd,0xff,0x67,0x5b,0x5e,0xff,0x58,0x3e,0x2f,0xff,0x5b,0x44,0x3a,0xfd,
0x5e,0x45,0x3a,0xfe,0x5b,0x42,0x38,0xda,0x66,0x33,0x33,0x05,0x00,0x00,0x00,0x01,0x00,0x00,0x00,0x00,0x00,0x00,0x00,0x00,0x00,0x00,0x00,0x00,0x00,0x00,0x00,0x00,
0x00,0x00,0x00,0x00,0x00,0x00,0x00,0x00,0x00,0x00,0x00,0x00,0x00,0x00,0x00,0x00,0x00,0x00,0x00,0x00,0x00,0x00,0x00,0x00,0x00,0x00,0x00,0x00,0x00,0x00,0x00,0x00,
0x00,0x00,0x00,0x00,0x00,0x00,0x00,0x00,0x00,0x00,0x00,0x00,0x00,0x00,0x00,0x00,0x00,0x00,0x00,0x00,0x00,0x00,0x00,0x00,0x00,0x00,0x00,0x00,0x00,0x00,0x00,0x00,
0x00,0x00,0x00,0x00,0x00,0x00,0x00,0x00,0x00,0x00,0x00,0x00,0x00,0x00,0x00,0x00,0x55,0x55,0x55,0x03,0x00,0x00,0x00,0x00,0x58,0x41,0x36,0x42,0x60,0x47,0x3b,0xff,
0x5a,0x43,0x37,0xfb,0x5b,0x43,0x38,0xff,0x5b,0x43,0x38,0xff,0x5c,0x44,0x39,0xff,0x58,0x3f,0x34,0xff,0x55,0x3d,0x31,0xff,0x7d,0x6b,0x61,0xff,0x84,0x73,0x69,0xff,
0x5d,0x46,0x3a,0xff,0x54,0x3b,0x30,0xff,0x5d,0x45,0x3a,0xff,0x5b,0x43,0x38,0xff,0x5b,0x43,0x38,0xff,0x5c,0x44,0x39,0xff,0x58,0x3f,0x34,0xff,0x55,0x3d,0x31,0xff,
0x7d,0x6b,0x61,0xff,0x84,0x73,0x69,0xff,0x5d,0x46,0x3a,0xff,0x54,0x3b,0x30,0xff,0x5d,0x45,0x3a,0xff,0x5b,0x43,0x38,0xff,0x5b,0x43,0x38,0xff,0x5b,0x44,0x39,0xff,
0x5a,0x40,0x34,0xff,0x59,0x3f,0x31,0xff,0x69,0x5e,0x62,0xff,0x6c,0x63,0x6b,0xff,0x5c,0x44,0x3c,0xff,0x58,0x3e,0x30,0xff,0x5c,0x44,0x3a,0xff,0x59,0x42,0x37,0xfa,
0x62,0x49,0x3d,0xff,0x5b,0x43,0x37,0x80,0x00,0x00,0x00,0x00,0x7f,0x3f,0x3f,0x04,0x00,0x00,0x00,0x00,0x00,0x00,0x00,0x00,0x00,0x00,0x00,0x00,0x00,0x00,0x00,0x00,
0x00,0x00,0x00,0x00,0x00,0x00,0x00,0x00,0x00,0x00,0x00,0x00,0x00,0x00,0x00,0x00,0x00,0x00,0x00,0x00,0x00,0x00,0x00,0x00,0x00,0x00,0x00,0x00,0x00,0x00,0x00,0x00,
0x00,0x00,0x00,0x00,0x00,0x00,0x00,0x00,0x00,0x00,0x00,0x00,0x00,0x00,0x00,0x00,0x00,0x00,0x00,0x00,0x00,0x00,0x00,0x00,0x00,0x00,0x00,0x00,0x00,0x00,0x00,0x00,
0x00,0x00,0x00,0x00,0x00,0x00,0x00,0x00,0x00,0x00,0x00,0x00,0x00,0x00,0x00,0x00,0x00,0x00,0x00,0x00,0x55,0x55,0x55,0x03,0x00,0x00,0x00,0x00,0x5a,0x43,0x37,0xaa,
0x63,0x49,0x3d,0xff,0x5a,0x42,0x37,0xf9,0x5b,0x43,0x38,0xff,0x5b,0x43,0x38,0xff,0x5c,0x44,0x39,0xff,0x5c,0x44,0x39,0xff,0x54,0x3a,0x2f,0xff,0x52,0x39,0x2e,0xff,
0x5a,0x42,0x37,0xff,0x5d,0x45,0x3a,0xff,0x5b,0x43,0x38,0xff,0x5b,0x43,0x38,0xff,0x5b,0x43,0x38,0xff,0x5b,0x43,0x38,0xff,0x5c,0x44,0x39,0xff,0x5c,0x44,0x39,0xff,
0x54,0x3a,0x2f,0xff,0x52,0x39,0x2e,0xff,0x5a,0x42,0x37,0xff,0x5d,0x45,0x3a,0xff,0x5b,0x43,0x38,0xff,0x5b,0x43,0x38,0xff,0x5b,0x43,0x38,0xff,0x5b,0x43,0x38,0xff,
0x5b,0x44,0x39,0xff,0x5b,0x44,0x39,0xff,0x58,0x3d,0x2f,0xff,0x57,0x3c,0x2d,0xff,0x5b,0x43,0x37,0xff,0x5c,0x44,0x3a,0xff,0x5a,0x42,0x36,0xfb,0x5f,0x46,0x3b,0xff,
0x5b,0x43,0x38,0xde,0x55,0x44,0x33,0x0f,0x7f,0x7f,0x7f,0x02,0x00,0x00,0x00,0x01,0x00,0x00,0x00,0x00,0x00,0x00,0x00,0x00,0x00,0x00,0x00,0x00,0x00,0x00,0x00,0x00,
0x00,0x00,0x00,0x00,0x00,0x00,0x00,0x00,0x00,0x00,0x00,0x00,0x00,0x00,0x00,0x00,0x00,0x00,0x00,0x00,0x00,0x00,0x00,0x00,0x00,0x00,0x00,0x00,0x00,0x00,0x00,0x00,
0x00,0x00,0x00,0x00,0x00,0x00,0x00,0x00,0x00,0x00,0x00,0x00,0x00,0x00,0x00,0x00,0x00,0x00,0x00,0x00,0x00,0x00,0x00,0x00,0x00,0x00,0x00,0x00,0x00,0x00,0x00,0x00,
0x00,0x00,0x00,0x00,0x00,0x00,0x00,0x00,0x00,0x00,0x00,0x00,0x00,0x00,0x00,0x00,0x00,0x00,0x00,0x00,0x00,0x00,0x00,0x01,0x7f,0x7f,0x7f,0x02,0x55,0x46,0x38,0x12,
0x5d,0x44,0x38,0xca,0x62,0x48,0x3c,0xff,0x5a,0x43,0x38,0xfa,0x5b,0x42,0x37,0xfc,0x5b,0x43,0x38,0xfe,0x5b,0x43,0x38,0xff,0x5d,0x45,0x3a,0xff,0x5d,0x45,0x3a,0xff,
0x5b,0x43,0x38,0xff,0x5b,0x43,0x38,0xff,0x5b,0x43,0x38,0xff,0x5b,0x43,0x38,0xff,0x5b,0x43,0x38,0xff,0x5b,0x43,0x38,0xff,0x5b,0x43,0x38,0xff,0x5b,0x43,0x38,0xff,
0x5d,0x45,0x3a,0xff,0x5d,0x45,0x3a,0xff,0x5b,0x43,0x38,0xff,0x5b,0x43,0x38,0xff,0x5b,0x43,0x38,0xff,0x5b,0x43,0x38,0xff,0x5b,0x43,0x38,0xff,0x5b,0x43,0x38,0xff,
0x5b,0x43,0x38,0xff,0x5b,0x43,0x38,0xff,0x5c,0x44,0x3a,0xff,0x5c,0x44,0x3a,0xfe,0x5b,0x43,0x38,0xfd,0x5a,0x42,0x38,0xfa,0x5f,0x46,0x3a,0xff,0x5e,0x45,0x39,0xee,
0x58,0x3f,0x35,0x34,0x00,0x00,0x00,0x00,0x7f,0x7f,0x7f,0x02,0x00,0x00,0x00,0x00,0x00,0x00,0x00,0x00,0x00,0x00,0x00,0x00,0x00,0x00,0x00,0x00,0x00,0x00,0x00,0x00,
0x00,0x00,0x00,0x00,0x00,0x00,0x00,0x00,0x00,0x00,0x00,0x00,0x00,0x00,0x00,0x00,0x00,0x00,0x00,0x00,0x00,0x00,0x00,0x00,0x00,0x00,0x00,0x00,0x00,0x00,0x00,0x00,
0x00,0x00,0x00,0x00,0x00,0x00,0x00,0x00,0x00,0x00,0x00,0x00,0x00,0x00,0x00,0x00,0x00,0x00,0x00,0x00,0x00,0x00,0x00,0x00,0x00,0x00,0x00,0x00,0x00,0x00,0x00,0x00,
0x00,0x00,0x00,0x00,0x00,0x00,0x00,0x00,0x00,0x00,0x00,0x00,0x00,0x00,0x00,0x00,0x00,0x00,0x00,0x00,0x00,0x00,0x00,0x00,0x7f,0x00,0x00,0x02,0x00,0x00,0x00,0x00,
0x55,0x38,0x38,0x12,0x5c,0x45,0x38,0xb8,0x62,0x48,0x3c,0xff,0x5f,0x46,0x3a,0xff,0x5c,0x44,0x38,0xff,0x5a,0x42,0x37,0xfd,0x5a,0x42,0x37,0xfd,0x5a,0x42,0x37,0xfd,
0x5a,0x42,0x37,0xfd,0x5a,0x42,0x37,0xfd,0x5a,0x42,0x37,0xfd,0x5a,0x42,0x37,0xfd,0x5a,0x42,0x37,0xfd,0x5a,0x42,0x37,0xfd,0x5a,0x42,0x37,0xfd,0x5a,0x42,0x37,0xfd,
0x5a,0x42,0x37,0xfd,0x5a,0x42,0x37,0xfd,0x5a,0x42,0x37,0xfd,0x5a,0x42,0x37,0xfd,0x5a,0x42,0x37,0xfd,0x5a,0x42,0x37,0xfd,0x5a,0x42,0x37,0xfd,0x5a,0x42,0x37,0xfd,
0x5a,0x42,0x37,0xfd,0x5a,0x42,0x37,0xfd,0x5a,0x42,0x37,0xfd,0x5b,0x43,0x38,0xff,0x5e,0x45,0x3a,0xff,0x62,0x48,0x3c,0xff,0x5f,0x45,0x39,0xd9,0x5b,0x43,0x34,0x35,
0x00,0x00,0x00,0x00,0x55,0x55,0x55,0x03,0x00,0x00,0x00,0x00,0x00,0x00,0x00,0x00,0x00,0x00,0x00,0x00,0x00,0x00,0x00,0x00,0x00,0x00,0x00,0x00,0x00,0x00,0x00,0x00,
0x00,0x00,0x00,0x00,0x00,0x00,0x00,0x00,0x00,0x00,0x00,0x00,0x00,0x00,0x00,0x00,0x00,0x00,0x00,0x00,0x00,0x00,0x00,0x00,0x00,0x00,0x00,0x00,0x00,0x00,0x00,0x00,
0x00,0x00,0x00,0x00,0x00,0x00,0x00,0x00,0x00,0x00,0x00,0x00,0x00,0x00,0x00,0x00,0x00,0x00,0x00,0x00,0x00,0x00,0x00,0x00,0x00,0x00,0x00,0x00,0x00,0x00,0x00,0x00,
0x00,0x00,0x00,0x00,0x00,0x00,0x00,0x00,0x00,0x00,0x00,0x00,0x00,0x00,0x00,0x00,0x00,0x00,0x00,0x00,0x00,0x00,0x00,0x00,0x00,0x00,0x00,0x00,0x7f,0x00,0x00,0x02,
0x00,0x00,0x00,0x00,0x00,0x00,0x00,0x00,0x5d,0x43,0x39,0x62,0x5e,0x44,0x38,0xc6,0x5b,0x43,0x38,0xf4,0x5f,0x46,0x3b,0xff,0x5f,0x46,0x3a,0xff,0x5f,0x46,0x3b,0xff,
0x5f,0x46,0x3b,0xff,0x5f,0x46,0x3b,0xff,0x5f,0x46,0x3b,0xff,0x5f,0x46,0x3b,0xff,0x5f,0x46,0x3b,0xff,0x5f,0x46,0x3b,0xff,0x5f,0x46,0x3b,0xff,0x5f,0x46,0x3b,0xff,
0x5f,0x46,0x3b,0xff,0x5f,0x46,0x3b,0xff,0x5f,0x46,0x3b,0xff,0x5f,0x46,0x3b,0xff,0x5f,0x46,0x3b,0xff,0x5f,0x46,0x3b,0xff,0x5f,0x46,0x3b,0xff,0x5f,0x46,0x3b,0xff,
0x5f,0x46,0x3b,0xff,0x5f,0x46,0x3a,0xff,0x5f,0x46,0x3b,0xff,0x5c,0x44,0x38,0xfb,0x5d,0x45,0x39,0xd5,0x5d,0x45,0x39,0x80,0x55,0x44,0x33,0x0f,0x00,0x00,0x00,0x00,
0x55,0x55,0x55,0x03,0x00,0x00,0x00,0x00,0x00,0x00,0x00,0x00,0x00,0x00,0x00,0x00,0x00,0x00,0x00,0x00,0x00,0x00,0x00,0x00,0x00,0x00,0x00,0x00,0x00,0x00,0x00,0x00,
0x00,0x00,0x00,0x00,0x00,0x00,0x00,0x00,0x00,0x00,0x00,0x00,0x00,0x00,0x00,0x00,0x00,0x00,0x00,0x00,0x00,0x00,0x00,0x00,0x00,0x00,0x00,0x00,0x00,0x00,0x00,0x00,
0x00,0x00,0x00,0x00,0x00,0x00,0x00,0x00,0x00,0x00,0x00,0x00,0x00,0x00,0x00,0x00,0x00,0x00,0x00,0x00,0x00,0x00,0x00,0x00,0x00,0x00,0x00,0x00,0x00,0x00,0x00,0x00,
0x00,0x00,0x00,0x00,0x00,0x00,0x00,0x00,0x00,0x00,0x00,0x00,0x00,0x00,0x00,0x00,0x00,0x00,0x00,0x00,0x00,0x00,0x00,0x00,0x00,0x00,0x00,0x00,0x00,0x00,0x00,0x00,
0x00,0x00,0x00,0x01,0x00,0x00,0x00,0x01,0x00,0x00,0x00,0x00,0x00,0x00,0x00,0x00,0x60,0x46,0x3d,0x1d,0x5e,0x46,0x3a,0x41,0x5a,0x42,0x36,0x41,0x5a,0x42,0x36,0x41,
0x5a,0x42,0x36,0x41,0x5a,0x42,0x36,0x41,0x5a,0x42,0x36,0x41,0x5a,0x42,0x36,0x41,0x5a,0x42,0x36,0x41,0x5a,0x42,0x36,0x41,0x5a,0x42,0x36,0x41,0x5a,0x42,0x36,0x41,
0x5a,0x42,0x36,0x41,0x5a,0x42,0x36,0x41,0x5a,0x42,0x36,0x41,0x5a,0x42,0x36,0x41,0x5a,0x42,0x36,0x41,0x5a,0x42,0x36,0x41,0x5a,0x42,0x36,0x41,0x5a,0x42,0x36,0x41,
0x5a,0x42,0x36,0x41,0x5a,0x42,0x36,0x41,0x5e,0x46,0x3a,0x41,0x5d,0x44,0x37,0x29,0x55,0x55,0x55,0x03,0x00,0x00,0x00,0x00,0x00,0x00,0x00,0x00,0x7f,0x7f,0x00,0x02,
0x00,0x00,0x00,0x00,0x00,0x00,0x00,0x00,0x00,0x00,0x00,0x00,0x00,0x00,0x00,0x00,0x00,0x00,0x00,0x00,0x00,0x00,0x00,0x00,0x00,0x00,0x00,0x00,0x00,0x00,0x00,0x00,
0x00,0x00,0x00,0x00,0x00,0x00,0x00,0x00,0x00,0x00,0x00,0x00,0x00,0x00,0x00,0x00,0x00,0x00,0x00,0x00,0x00,0x00,0x00,0x00,0x00,0x00,0x00,0x00,0x00,0x00,0x00,0x00,
0x00,0x00,0x00,0x00,0x00,0x00,0x00,0x00,0x00,0x00,0x00,0x00,0x00,0x00,0x00,0x00,0x00,0x00,0x00,0x00,0x00,0x00,0x00,0x00,0x00,0x00,0x00,0x00,0x00,0x00,0x00,0x00,
0x00,0x00,0x00,0x00,0x00,0x00,0x00,0x00,0x00,0x00,0x00,0x00,0x00,0x00,0x00,0x00,0x00,0x00,0x00,0x00,0x00,0x00,0x00,0x00,0x00,0x00,0x00,0x00,0x00,0x00,0x00,0x00,
0x00,0x00,0x00,0x00,0x00,0x00,0x00,0x00,0x55,0x55,0x55,0x03,0x00,0x00,0x00,0x01,0x00,0x00,0x00,0x00,0x00,0x00,0x00,0x00,0x00,0x00,0x00,0x00,0x00,0x00,0x00,0x00,
0x00,0x00,0x00,0x00,0x00,0x00,0x00,0x00,0x00,0x00,0x00,0x00,0x00,0x00,0x00,0x00,0x00,0x00,0x00,0x00,0x00,0x00,0x00,0x00,0x00,0x00,0x00,0x00,0x00,0x00,0x00,0x00,
0x00,0x00,0x00,0x00,0x00,0x00,0x00,0x00,0x00,0x00,0x00,0x00,0x00,0x00,0x00,0x00,0x00,0x00,0x00,0x00,0x00,0x00,0x00,0x00,0x00,0x00,0x00,0x00,0x00,0x00,0x00,0x00,
0x00,0x00,0x00,0x00,0x00,0x00,0x00,0x00,0x00,0x00,0x00,0x00,0x00,0x00,0x00,0x00,0x00,0x00,0x00,0x00,0x55,0x55,0x55,0x03,0x00,0x00,0x00,0x01,0x00,0x00,0x00,0x00,
0x00,0x00,0x00,0x00,0x00,0x00,0x00,0x00,0x00,0x00,0x00,0x00,0x00,0x00,0x00,0x00,0x00,0x00,0x00,0x00,0x00,0x00,0x00,0x00,0x00,0x00,0x00,0x00,0x00,0x00,0x00,0x00,
0x00,0x00,0x00,0x00,0x00,0x00,0x00,0x00,0x00,0x00,0x00,0x00,0x00,0x00,0x00,0x00,0x00,0x00,0x00,0x00,0x00,0x00,0x00,0x00,0x00,0x00,0x00,0x00,0x00,0x00,0x00,0x00,
0x00,0x00,0x00,0x00,0x00,0x00,0x00,0x00,0x00,0x00,0x00,0x00,0x00,0x00,0x00,0x00,0x00,0x00,0x00,0x00,0x00,0x00,0x00,0x00,0x00,0x00,0x00,0x00,0x00,0x00,0x00,0x00,
0x00,0x00,0x00,0x00,0x00,0x00,0x00,0x00,0x00,0x00,0x00,0x00,0x00,0x00,0x00,0x00,0x00,0x00,0x00,0x00,0x00,0x00,0x00,0x00,0x00,0x00,0x00,0x00,0x00,0x00,0x00,0x00,
0x00,0x00,0x00,0x00,0x00,0x00,0x00,0x00,0x00,0x00,0x00,0x00,0x00,0x00,0x00,0x00,0x7f,0x00,0x00,0x02,0x55,0x55,0x55,0x03,0x55,0x55,0x55,0x03,0x55,0x55,0x55,0x03,
0x55,0x55,0x55,0x03,0x55,0x55,0x55,0x03,0x55,0x55,0x55,0x03,0x55,0x55,0x55,0x03,0x55,0x55,0x55,0x03,0x55,0x55,0x55,0x03,0x55,0x55,0x55,0x03,0x55,0x55,0x55,0x03,
0x55,0x55,0x55,0x03,0x55,0x55,0x55,0x03,0x55,0x55,0x55,0x03,0x55,0x55,0x55,0x03,0x55,0x55,0x55,0x03,0x55,0x55,0x55,0x03,0x55,0x55,0x55,0x03,0x55,0x55,0x55,0x03,
0x55,0x55,0x55,0x03,0x55,0x55,0x55,0x03,0x55,0x55,0x55,0x03,0x7f,0x7f,0x00,0x02,0x00,0x00,0x00,0x01,0x00,0x00,0x00,0x00,0x00,0x00,0x00,0x00,0x00,0x00,0x00,0x00,
0x00,0x00,0x00,0x00,0x00,0x00,0x00,0x00,0x00,0x00,0x00,0x00,0x00,0x00,0x00,0x00,0x00,0x00,0x00,0x00,0x00,0x00,0x00,0x00,0x00,0x00,0x00,0x00,0x00,0x00,0x00,0x00,
0x00,0x00,0x00,0x00,0x00,0x00,0x00,0x00,0x00,0x00,0x00,0x00,0x00,0x00,0x00,0x00,0x00,0x00,0x00,0x00,0x00,0x00,0x00,0x00,0x00,0x00,0x00,0x00,0x00,0x00,0x00,0x00,
0x00,0x00,0x00,0x00,0x00,0x00,0x00,0x00,0x00,0x00,0x00,0x00,0x00,0x00,0x00,0x00,0x00,0x00,0x00,0x00,0x00,0x00,0x00,0x00,0x00,0x00,0x00,0x00,0x00,0x00,0x00,0x00,
0x00,0x00,0x00,0x00,0x00,0x00,0x00,0x00,0x00,0x00,0x00,0x00,0x00,0x00,0x00,0x00,0x00,0x00,0x00,0x00,0x00,0x00,0x00,0x00,0x00,0x00,0x00,0x00,0x00,0x00,0x00,0x00,
0x00,0x00,0x00,0x00,0x00,0x00,0x00,0x00,0x00,0x00,0x00,0x00,0x00,0x00,0x00,0x00,0x00,0x00,0x00,0x00,0x00,0x00,0x00,0x00,0x00,0x00,0x00,0x00,0x00,0x00,0x00,0x00,
0x00,0x00,0x00,0x00,0x00,0x00,0x00,0x00,0x00,0x00,0x00,0x00,0x00,0x00,0x00,0x00,0x00,0x00,0x00,0x00,0x00,0x00,0x00,0x00,0x00,0x00,0x00,0x00,0x00,0x00,0x00,0x00,
0x00,0x00,0x00,0x00,0x00,0x00,0x00,0x00,0x00,0x00,0x00,0x00,0x00,0x00,0x00,0x00,0x00,0x00,0x00,0x00,0x00,0x00,0x00,0x00,0x00,0x00,0x00,0x00,0x00,0x00,0x00,0x00,
0x00,0x00,0x00,0x00,0x00,0x00,0x00,0x00,0x00,0x00,0x00,0x00,0x00,0x00,0x00,0x00,0x00,0x00,0x00,0x00,0x00,0x00,0x00,0x00,0x00,0x00,0x00,0x00,0x00,0x00,0x00,0x00,
0x00,0x00,0x00,0x00,0x00,0x00,0x00,0x00,0x00,0x00,0x00,0x00,0x00,0x00,0x00,0x00,0x00,0x00,0x00,0x00,0x00,0x00,0x00,0x00,0x00,0x00,0x00,0x00,0x00,0x00,0x00,0x00,
0x00,0x00,0x00,0x00,0x00,0x00,0x00,0x00,0x00,0x00,0x00,0x00,0x00,0x00,0x00,0x00,0x00,0x00,0x00,0x00,0x00,0x00,0x00,0x00,0x00,0x00,0x00,0x00,0x00,0x00,0x00,0x00,
0x00,0x00,0x00,0x00,0x00,0x00,0x00,0x00,0x00,0x00,0x00,0x00,0x00,0x00,0x00,0x00,0x00,0x00,0x00,0x00,0x00,0x00,0x00,0x00,0x00,0x00,0x00,0x00,0x00,0x00,0x00,0x00,
0x00,0x00,0x00,0x00,0x00,0x00,0x00,0x00,0x00,0x00,0x00,0x00,0x00,0x00,0x00,0x00,0x00,0x00,0x00,0x00,0x00,0x00,0x00,0x00,0x00,0x00,0x00,0x00,0x00,0x00,0x00,0x00,
0x00,0x00,0x00,0x00,0x00,0x00,0x00,0x00,0x00,0x00,0x00,0x00,0x00,0x00,0x00,0x00,0x00,0x00,0x00,0x00,0x00,0x00,0x00,0x00,0x00,0x00,0x00,0x00,0x00,0x00,0x00,0x00,
0x00,0x00,0x00,0x00,0x00,0x00,0x00,0x00,0x00,0x00,0x00,0x00,0x00,0x00,0x00,0x00,0x00,0x00,0x00,0x00,0x00,0x00,0x00,0x00,0x00,0x00,0x00,0x00,0x00,0x00,0x00,0x00,
0x00,0x00,0x00,0x00,0x00,0x00,0x00,0x00,0x00,0x00,0x00,0x00,0x00,0x00,0x00,0x00,0x00,0x00,0x00,0x00,0x00,0x00,0x00,0x00,0x00,0x00,0x00,0x00,0x00,0x00,0x00,0x00,
0x00,0x00,0x00,0x00,0x00,0x00,0x00,0x00,0x00,0x00,0x00,0x00,0x00,0x00,0x00,0x00,0x00,0x00,0x00,0x00,0x00,0x00,0x00,0x00,0x00,0x00,0x00,0x00,0x00,0x00,0x00,0x00,
0x00,0x00,0x00,0x00,0x00,0x00,0x00,0x00,0x00,0x00,0x00,0x00,0x00,0x00,0x00,0x00,0x00,0x00,0x00,0x00,0x00,0x00,0x00,0x00,0x00,0x00,0x00,0x00,0x00,0x00,0x00,0x00,
0x00,0x00,0x00,0x00,0x00,0x00,0x00,0x00,0x00,0x00,0x00,0x00,0x00,0x00,0x00,0x00,0x00,0x00,0x00,0x00,0x00,0x00,0x00,0x00,0x00,0x00,0x00,0x00,0x00,0x00,0x00,0x00,
};
const lv_image_dsc_t icon_calculator = {
.header = {.magic = LV_IMAGE_HEADER_MAGIC, .cf = LV_COLOR_FORMAT_ARGB8888, .w = 64, .h = 64, .stride = 256},
.data_size = sizeof icon_calculator_pixels, .data = icon_calculator_pixels
};
static const uint8_t icon_notes_pixels[] = {
0x00,0x00,0x00,0x00,0x00,0x00,0x00,0x00,0x00,0x00,0x00,0x00,0x00,0x00,0x00,0x00,0x00,0x00,0x00,0x00,0x00,0x00,0x00,0x00,0x00,0x00,0x00,0x00,0x00,0x00,0x00,0x00,
0x00,0x00,0x00,0x00,0x00,0x00,0x00,0x00,0x00,0x00,0x00,0x00,0x00,0x00,0x00,0x00,0x00,0x00,0x00,0x00,0x00,0x00,0x00,0x00,0x00,0x00,0x00,0x00,0x00,0x00,0x00,0x00,
0x00,0x00,0x00,0x00,0x00,0x00,0x00,0x00,0x00,0x00,0x00,0x00,0x00,0x00,0x00,0x00,0x00,0x00,0x00,0x00,0x00,0x00,0x00,0x00,0x00,0x00,0x00,0x00,0x00,0x00,0x00,0x00,
0x00,0x00,0x00,0x00,0x00,0x00,0x00,0x00,0x00,0x00,0x00,0x00,0x00,0x00,0x00,0x00,0x00,0x00,0x00,0x00,0x00,0x00,0x00,0x00,0x00,0x00,0x00,0x00,0x00,0x00,0x00,0x00,
0x00,0x00,0x00,0x00,0x00,0x00,0x00,0x00,0x00,0x00,0x00,0x00,0x00,0x00,0x00,0x00,0x00,0x00,0x00,0x00,0x00,0x00,0x00,0x00,0x00,0x00,0x00,0x00,0x00,0x00,0x00,0x00,
0x00,0x00,0x00,0x00,0x00,0x00,0x00,0x00,0x00,0x00,0x00,0x00,0x00,0x00,0x00,0x00,0x00,0x00,0x00,0x00,0x00,0x00,0x00,0x00,0x00,0x00,0x00,0x00,0x00,0x00,0x00,0x00,
0x00,0x00,0x00,0x00,0x00,0x00,0x00,0x00,0x00,0x00,0x00,0x00,0x00,0x00,0x00,0x00,0x00,0x00,0x00,0x00,0x00,0x00,0x00,0x00,0x00,0x00,0x00,0x00,0x00,0x00,0x00,0x00,
0x00,0x00,0x00,0x00,0x00,0x00,0x00,0x00,0x00,0x00,0x00,0x00,0x00,0x00,0x00,0x00,0x00,0x00,0x00,0x00,0x00,0x00,0x00,0x00,0x00,0x00,0x00,0x00,0x00,0x00,0x00,0x00,
0x00,0x00,0x00,0x00,0x00,0x00,0x00,0x00,0x00,0x00,0x00,0x00,0x00,0x00,0x00,0x00,0x00,0x00,0x00,0x00,0x00,0x00,0x00,0x00,0x00,0x00,0x00,0x00,0x00,0x00,0x00,0x00,
0x00,0x00,0x00,0x00,0x00,0x00,0x00,0x00,0x00,0x00,0x00,0x00,0x00,0x00,0x00,0x00,0x00,0x00,0x00,0x00,0x00,0x00,0x00,0x00,0x00,0x00,0x00,0x00,0x00,0x00,0x00,0x00,
0x00,0x00,0x00,0x00,0x00,0x00,0x00,0x00,0x00,0x00,0x00,0x00,0x00,0x00,0x00,0x00,0x00,0x00,0x00,0x00,0x00,0x00,0x00,0x00,0x00,0x00,0x00,0x00,0x00,0x00,0x00,0x00,
0x00,0x00,0x00,0x00,0x00,0x00,0x00,0x00,0x00,0x00,0x00,0x00,0x00,0x00,0x00,0x00,0x00,0x00,0x00,0x00,0x00,0x00,0x00,0x00,0x00,0x00,0x00,0x00,0x00,0x00,0x00,0x00,
0x00,0x00,0x00,0x00,0x00,0x00,0x00,0x00,0x00,0x00,0x00,0x00,0x00,0x00,0x00,0x00,0x00,0x00,0x00,0x00,0x00,0x00,0x00,0x00,0x00,0x00,0x00,0x00,0x00,0x00,0x00,0x00,
0x00,0x00,0x00,0x00,0x00,0x00,0x00,0x00,0x00,0x00,0x00,0x00,0x00,0x00,0x00,0x00,0x00,0x00,0x00,0x00,0x00,0x00,0x00,0x00,0x00,0x00,0x00,0x00,0x00,0x00,0x00,0x00,
0x00,0x00,0x00,0x00,0x00,0x00,0x00,0x00,0x00,0x00,0x00,0x00,0x00,0x00,0x00,0x00,0x00,0x00,0x00,0x00,0x00,0x00,0x00,0x00,0x00,0x00,0x00,0x00,0x00,0x00,0x00,0x00,
0x00,0x00,0x00,0x00,0x00,0x00,0x00,0x00,0x00,0x00,0x00,0x00,0x00,0x00,0x00,0x00,0x00,0x00,0x00,0x00,0x00,0x00,0x00,0x00,0x00,0x00,0x00,0x00,0x00,0x00,0x00,0x00,
0x00,0x00,0x00,0x00,0x00,0x00,0x00,0x00,0x00,0x00,0x00,0x00,0x00,0x00,0x00,0x00,0x00,0x00,0x00,0x00,0x00,0x00,0x00,0x00,0x00,0x00,0x00,0x00,0x00,0x00,0x00,0x00,
0x00,0x00,0x00,0x00,0x00,0x00,0x00,0x00,0x00,0x00,0x00,0x00,0x00,0x00,0x00,0x00,0x00,0x00,0x00,0x00,0x00,0x00,0x00,0x00,0x00,0x00,0x00,0x00,0xff,0x00,0x00,0x01,
0xff,0xff,0xff,0x01,0x00,0x00,0x00,0x00,0x00,0x00,0x00,0x00,0x00,0x00,0x00,0x00,0x00,0x00,0x00,0x00,0x00,0x00,0x00,0x00,0x00,0x00,0x00,0x00,0x00,0x00,0x00,0x00,
0x00,0x00,0x00,0x00,0x00,0x00,0x00,0x00,0x00,0x00,0x00,0x00,0x00,0x00,0x00,0x00,0x00,0x00,0x00,0x00,0x00,0x00,0x00,0x00,0x00,0x00,0x00,0x00,0x00,0x00,0x00,0x00,
0x00,0x00,0x00,0x00,0x00,0x00,0x00,0x00,0x00,0x00,0x00,0x00,0x00,0x00,0x00,0x00,0x00,0x00,0x00,0x00,0x00,0x00,0x00,0x00,0x00,0x00,0x00,0x00,0x00,0x00,0x00,0x00,
0x00,0x00,0x00,0x00,0x00,0x00,0x00,0x00,0x00,0x00,0x00,0x00,0x00,0x00,0x00,0x00,0x00,0x00,0x00,0x00,0x00,0x00,0x00,0x00,0x00,0x00,0x00,0x00,0x00,0x00,0x00,0x00,
0x00,0x00,0x00,0x00,0x00,0x00,0x00,0x00,0x00,0x00,0x00,0x00,0x00,0x00,0x00,0x00,0x00,0x00,0x00,0x00,0x00,0x00,0x00,0x00,0x00,0x00,0x00,0x00,0x00,0x00,0x00,0x00,
0x00,0x00,0x00,0x00,0x00,0x00,0x00,0x00,0x00,0x00,0x00,0x00,0x00,0x00,0x00,0x00,0x00,0x00,0x00,0x00,0x00,0x00,0x00,0x00,0x00,0x00,0x00,0x00,0x00,0x00,0x00,0x00,
0x00,0x00,0x00,0x00,0x00,0x00,0x00,0x00,0x00,0x00,0x00,0x00,0x00,0x00,0x00,0x00,0x00,0x00,0x00,0x00,0x00,0x00,0x00,0x00,0x00,0x00,0x00,0x00,0x00,0x00,0x00,0x00,
0x00,0x00,0x00,0x00,0x00,0x00,0x00,0x00,0x00,0x00,0x00,0x00,0x00,0x00,0x00,0x00,0x00,0x00,0x00,0x00,0x00,0x00,0x00,0x00,0xff,0x7f,0x7f,0x02,0x00,0x00,0x00,0x00,
0x00,0x00,0x00,0x00,0xaa,0xaa,0xaa,0x03,0x00,0x00,0x00,0x00,0x00,0x00,0x00,0x00,0x00,0x00,0x00,0x00,0x00,0x00,0x00,0x00,0x00,0x00,0x00,0x00,0x00,0x00,0x00,0x00,
0x00,0x00,0x00,0x00,0x00,0x00,0x00,0x00,0x00,0x00,0x00,0x00,0x00,0x00,0x00,0x00,0x00,0x00,0x00,0x00,0x00,0x00,0x00,0x00,0x00,0x00,0x00,0x00,0x00,0x00,0x00,0x00,
0x00,0x00,0x00,0x00,0x00,0x00,0x00,0x00,0x00,0x00,0x00,0x00,0x00,0x00,0x00,0x00,0x00,0x00,0x00,0x00,0x00,0x00,0x00,0x00,0x00,0x00,0x00,0x00,0x00,0x00,0x00,0x00,
0x00,0x00,0x00,0x00,0x00,0x00,0x00,0x00,0x00,0x00,0x00,0x00,0x00,0x00,0x00,0x00,0x00,0x00,0x00,0x00,0x00,0x00,0x00,0x00,0x00,0x00,0x00,0x00,0x00,0x00,0x00,0x00,
0x00,0x00,0x00,0x00,0x00,0x00,0x00,0x00,0x00,0x00,0x00,0x00,0x00,0x00,0x00,0x00,0x00,0x00,0x00,0x00,0x00,0x00,0x00,0x00,0x00,0x00,0x00,0x00,0x00,0x00,0x00,0x00,
0x00,0x00,0x00,0x00,0x00,0x00,0x00,0x00,0x00,0x00,0x00,0x00,0x00,0x00,0x00,0x00,0x00,0x00,0x00,0x00,0x00,0x00,0x00,0x00,0x00,0x00,0x00,0x00,0x00,0x00,0x00,0x00,
0x00,0x00,0x00,0x00,0x00,0x00,0x00,0x00,0x00,0x00,0x00,0x00,0x00,0x00,0x00,0x00,0x00,0x00,0x00,0x00,0x00,0x00,0x00,0x00,0x00,0x00,0x00,0x00,0x00,0x00,0x00,0x00,
0x00,0x00,0x00,0x00,0x00,0x00,0x00,0x00,0x00,0x00,0x00,0x00,0x00,0x00,0x00,0x00,0x00,0x00,0x00,0x00,0xff,0xff,0xff,0x01,0x00,0x00,0x00,0x00,0xaa,0x55,0xaa,0x03,
0xd0,0xa2,0xb9,0x0b,0x00,0x00,0x00,0x00,0xff,0x00,0xff,0x01,0x00,0x00,0x00,0x00,0x00,0x00,0x00,0x00,0x00,0x00,0x00,0x00,0x00,0x00,0x00,0x00,0x00,0x00,0x00,0x00,
0x00,0x00,0x00,0x00,0x00,0x00,0x00,0x00,0x00,0x00,0x00,0x00,0x00,0x00,0x00,0x00,0x00,0x00,0x00,0x00,0x00,0x00,0x00,0x00,0x00,0x00,0x00,0x00,0x00,0x00,0x00,0x00,
0x00,0x00,0x00,0x00,0x00,0x00,0x00,0x00,0x00,0x00,0x00,0x00,0x00,0x00,0x00,0x00,0x00,0x00,0x00,0x00,0x00,0x00,0x00,0x00,0x00,0x00,0x00,0x00,0x00,0x00,0x00,0x00,
0x00,0x00,0x00,0x00,0x00,0x00,0x00,0x00,0x00,0x00,0x00,0x00,0x00,0x00,0x00,0x00,0x00,0x00,0x00,0x00,0x00,0x00,0x00,0x00,0x00,0x00,0x00,0x00,0x00,0x00,0x00,0x00,
0x00,0x00,0x00,0x00,0x00,0x00,0x00,0x00,0x00,0x00,0x00,0x00,0x00,0x00,0x00,0x00,0x00,0x00,0x00,0x00,0x00,0x00,0x00,0x00,0x00,0x00,0x00,0x00,0x00,0x00,0x00,0x00,
0x00,0x00,0x00,0x00,0x00,0x00,0x00,0x00,0x00,0x00,0x00,0x00,0x00,0x00,0x00,0x00,0x00,0x00,0x00,0x00,0x00,0x00,0x00,0x00,0x00,0x00,0x00,0x00,0x00,0x00,0x00,0x00,
0x00,0x00,0x00,0x00,0x00,0x00,0x00,0x00,0x00,0x00,0x00,0x00,0x00,0x00,0x00,0x00,0x00,0x00,0x00,0x00,0x00,0x00,0x00,0x00,0x00,0x00,0x00,0x00,0x00,0x00,0x00,0x00,
0x00,0x00,0x00,0x00,0x00,0x00,0x00,0x00,0x00,0x00,0x00,0x00,0x00,0x00,0x00,0x00,0xff,0x7f,0xff,0x02,0x00,0x00,0x00,0x00,0xcd,0x98,0xb5,0x34,0xd1,0x9b,0xba,0xd4,
0xd3,0x9d,0xbc,0xe6,0xca,0x95,0xb2,0x61,0x00,0x00,0x00,0x00,0xff,0xff,0xff,0x03,0xff,0xff,0xff,0x01,0xff,0xff,0xff,0x01,0xff,0xff,0xff,0x01,0xff,0xff,0xff,0x01,
0xff,0xff,0xff,0x01,0xff,0xff,0xff,0x01,0xff,0xff,0xff,0x01,0xff,0xff,0xff,0x01,0xff,0xff,0xff,0x01,0xff,0xff,0xff,0x01,0xff,0xff,0xff,0x01,0xff,0xff,0xff,0x01,
0xff,0xff,0xff,0x01,0xff,0xff,0xff,0x01,0xff,0xff,0xff,0x01,0xff,0xff,0xff,0x01,0xff,0xff,0xff,0x01,0xff,0xff,0xff,0x01,0xff,0xff,0xff,0x01,0xff,0xff,0xff,0x01,
0xff,0xff,0xff,0x01,0xff,0xff,0xff,0x01,0xff,0xff,0xff,0x01,0xff,0xff,0xff,0x01,0xff,0xff,0xff,0x01,0xff,0xff,0xff,0x01,0x00,0x00,0x00,0x00,0x00,0x00,0x00,0x00,
0x00,0x00,0x00,0x00,0x00,0x00,0x00,0x00,0x00,0x00,0x00,0x00,0x00,0x00,0x00,0x00,0x00,0x00,0x00,0x00,0x00,0x00,0x00,0x00,0x00,0x00,0x00,0x00,0x00,0x00,0x00,0x00,
0x00,0x00,0x00,0x00,0x00,0x00,0x00,0x00,0x00,0x00,0x00,0x00,0x00,0x00,0x00,0x00,0x00,0x00,0x00,0x00,0x00,0x00,0x00,0x00,0x00,0x00,0x00,0x00,0x00,0x00,0x00,0x00,
0x00,0x00,0x00,0x00,0x00,0x00,0x00,0x00,0x00,0x00,0x00,0x00,0x00,0x00,0x00,0x00,0x00,0x00,0x00,0x00,0x00,0x00,0x00,0x00,0x00,0x00,0x00,0x00,0x00,0x00,0x00,0x00,
0x00,0x00,0x00,0x00,0x00,0x00,0x00,0x00,0x00,0x00,0x00,0x00,0xff,0xff,0xff,0x01,0xff,0xff,0xff,0x01,0xc6,0x8d,0xc6,0x09,0xca,0x96,0xb4,0xdc,0xd9,0xa1,0xc2,0xff,
0xd0,0x9b,0xba,0xff,0xcf,0x9a,0xb9,0xfe,0xc7,0x90,0xac,0x25,0x00,0x00,0x00,0x00,0x00,0x00,0x00,0x00,0x00,0x00,0x00,0x00,0x00,0x00,0x00,0x00,0x00,0x00,0x00,0x00,
0x00,0x00,0x00,0x00,0x00,0x00,0x00,0x00,0x00,0x00,0x00,0x00,0x00,0x00,0x00,0x00,0x00,0x00,0x00,0x00,0x00,0x00,0x00,0x00,0x00,0x00,0x00,0x00,0x00,0x00,0x00,0x00,
0x00,0x00,0x00,0x00,0x00,0x00,0x00,0x00,0x00,0x00,0x00,0x00,0x00,0x00,0x00,0x00,0x00,0x00,0x00,0x00,0x00,0x00,0x00,0x00,0x00,0x00,0x00,0x00,0x00,0x00,0x00,0x00,
0x00,0x00,0x00,0x00,0x00,0x00,0x00,0x00,0x00,0x00,0x00,0x00,0x00,0x00,0x00,0x00,0x00,0x00,0x00,0x00,0x00,0x00,0x00,0x00,0xff,0xff,0xff,0x01,0xbf,0xff,0xff,0x04,
0xff,0xff,0xff,0x01,0x00,0x00,0x00,0x00,0x00,0x00,0x00,0x00,0x00,0x00,0x00,0x00,0x00,0x00,0x00,0x00,0x00,0x00,0x00,0x00,0x00,0x00,0x00,0x00,0x00,0x00,0x00,0x00,
0x00,0x00,0x00,0x00,0x00,0x00,0x00,0x00,0x00,0x00,0x00,0x00,0x00,0x00,0x00,0x00,0x00,0x00,0x00,0x00,0x00,0x00,0x00,0x00,0x00,0x00,0x00,0x00,0x00,0x00,0x00,0x00,
0x00,0x00,0x00,0x00,0x00,0x00,0x00,0x00,0x00,0x00,0x00,0x00,0x00,0x00,0x00,0x00,0x00,0x00,0x00,0x00,0x00,0x00,0x00,0x00,0x00,0x00,0x00,0x00,0x00,0x00,0x00,0x00,
0x00,0x00,0x00,0x00,0x00,0x00,0x00,0x00,0x00,0x00,0x00,0x00,0xff,0xff,0xff,0x01,0x00,0x00,0x00,0x00,0xc8,0x91,0xb6,0x0e,0xca,0x96,0xb4,0xe5,0xcf,0x9a,0xb9,0xfd,
0xca,0x97,0xb5,0xf9,0xd4,0x9e,0xbd,0xff,0xcf,0xa6,0xc0,0x51,0xef,0xff,0xff,0x10,0xe4,0xf1,0xf1,0x13,0xe1,0xf0,0xff,0x11,0xe1,0xf0,0xff,0x11,0xe1,0xf0,0xff,0x11,
0xe1,0xf0,0xff,0x11,0xe1,0xf0,0xff,0x11,0xe1,0xf0,0xff,0x11,0xe1,0xf0,0xff,0x11,0xe1,0xf0,0xff,0x11,0xe1,0xf0,0xff,0x11,0xe1,0xf0,0xff,0x11,0xe1,0xf0,0xff,0x11,
0xe1,0xf0,0xff,0x11,0xe1,0xf0,0xff,0x11,0xe1,0xf0,0xff,0x11,0xe1,0xf0,0xff,0x11,0xe1,0xf0,0xff,0x11,0xe1,0xf0,0xff,0x11,0xe1,0xf0,0xff,0x11,0xe1,0xf0,0xff,0x11,
0xe1,0xf0,0xff,0x11,0xe1,0xf0,0xff,0x11,0xe1,0xf0,0xff,0x11,0xe1,0xf0,0xff,0x11,0xef,0xff,0xff,0x10,0xf0,0xff,0xff,0x11,0x00,0x00,0x00,0x00,0x00,0x00,0x00,0x00,
0x00,0x00,0x00,0x00,0xff,0xff,0xff,0x02,0x00,0x00,0x00,0x00,0x00,0x00,0x00,0x00,0x00,0x00,0x00,0x00,0x00,0x00,0x00,0x00,0x00,0x00,0x00,0x00,0x00,0x00,0x00,0x00,
0x00,0x00,0x00,0x00,0x00,0x00,0x00,0x00,0x00,0x00,0x00,0x00,0x00,0x00,0x00,0x00,0x00,0x00,0x00,0x00,0x00,0x00,0x00,0x00,0x00,0x00,0x00,0x00,0x00,0x00,0x00,0x00,
0x00,0x00,0x00,0x00,0x00,0x00,0x00,0x00,0x00,0x00,0x00,0x00,0x00,0x00,0x00,0x00,0x00,0x00,0x00,0x00,0x00,0x00,0x00,0x00,0x00,0x00,0x00,0x00,0x00,0x00,0x00,0x00,
0x00,0x00,0x00,0x00,0x00,0x00,0x00,0x00,0x00,0x00,0x00,0x00,0x00,0x00,0x00,0x00,0xff,0x7f,0xff,0x02,0x00,0x00,0x00,0x00,0xcb,0x97,0xb5,0xbb,0xd6,0x9f,0xbf,0xff,
0xcb,0x97,0xb6,0xfc,0xca,0x93,0xb2,0xfe,0xe0,0xde,0xea,0xf2,0xe9,0xfc,0xff,0xef,0xe7,0xf6,0xfd,0xef,0xe8,0xf8,0xff,0xee,0xe8,0xf8,0xff,0xee,0xe8,0xf8,0xff,0xee,
0xe8,0xf8,0xff,0xee,0xe8,0xf8,0xff,0xee,0xe8,0xf8,0xff,0xee,0xe8,0xf8,0xff,0xee,0xe8,0xf8,0xff,0xee,0xe8,0xf8,0xff,0xee,0xe8,0xf8,0xff,0xee,0xe8,0xf8,0xff,0xee,
0xe8,0xf8,0xff,0xee,0xe8,0xf8,0xff,0xee,0xe8,0xf8,0xff,0xee,0xe8,0xf8,0xff,0xee,0xe8,0xf8,0xff,0xee,0xe8,0xf8,0xff,0xee,0xe8,0xf8,0xff,0xee,0xe8,0xf8,0xff,0xee,
0xe8,0xf8,0xff,0xee,0xe8,0xf8,0xff,0xee,0xe8,0xf8,0xff,0xee,0xe8,0xf8,0xff,0xee,0xe8,0xf8,0xff,0xee,0xea,0xf9,0xff,0xed,0xef,0xfc,0xff,0xc9,0xef,0xfd,0xff,0x80,
0xcc,0xee,0xff,0x0f,0x00,0x00,0x00,0x00,0xff,0xff,0xff,0x02,0x00,0x00,0x00,0x00,0x00,0x00,0x00,0x00,0x00,0x00,0x00,0x00,0x00,0x00,0x00,0x00,0x00,0x00,0x00,0x00,
0x00,0x00,0x00,0x00,0x00,0x00,0x00,0x00,0x00,0x00,0x00,0x00,0x00,0x00,0x00,0x00,0x00,0x00,0x00,0x00,0x00,0x00,0x00,0x00,0x00,0x00,0x00,0x00,0x00,0x00,0x00,0x00,
0x00,0x00,0x00,0x00,0x00,0x00,0x00,0x00,0x00,0x00,0x00,0x00,0x00,0x00,0x00,0x00,0x00,0x00,0x00,0x00,0x00,0x00,0x00,0x00,0x00,0x00,0x00,0x00,0x00,0x00,0x00,0x00,
0x00,0x00,0x00,0x00,0x00,0x00,0x00,0x00,0x00,0x00,0x00,0x00,0x00,0x00,0x00,0x00,0xff,0x7f,0xff,0x02,0x00,0x00,0x00,0x00,0xca,0x93,0xb3,0xbc,0xd6,0xa0,0xc0,0xff,
0xcb,0x97,0xb6,0xfc,0xca,0x93,0xb2,0xff,0xe4,0xe2,0xef,0xff,0xee,0xff,0xff,0xff,0xec,0xfb,0xff,0xff,0xec,0xfc,0xff,0xff,0xec,0xfc,0xff,0xff,0xec,0xfc,0xff,0xff,
0xec,0xfc,0xff,0xff,0xec,0xfc,0xff,0xff,0xec,0xfc,0xff,0xff,0xec,0xfc,0xff,0xff,0xec,0xfc,0xff,0xff,0xec,0xfc,0xff,0xff,0xec,0xfc,0xff,0xff,0xec,0xfc,0xff,0xff,
0xec,0xfc,0xff,0xff,0xec,0xfc,0xff,0xff,0xec,0xfc,0xff,0xff,0xec,0xfc,0xff,0xff,0xec,0xfc,0xff,0xff,0xec,0xfc,0xff,0xff,0xec,0xfc,0xff,0xff,0xec,0xfc,0xff,0xff,
0xec,0xfc,0xff,0xff,0xec,0xfc,0xff,0xff,0xec,0xfc,0xff,0xff,0xec,0xfc,0xff,0xff,0xec,0xfc,0xff,0xff,0xec,0xfc,0xff,0xff,0xf1,0xff,0xff,0xff,0xfa,0xff,0xff,0xff,
0xf0,0xfc,0xff,0xd9,0xe2,0xf5,0xff,0x36,0x00,0x00,0x00,0x00,0xff,0xff,0xff,0x02,0x00,0x00,0x00,0x00,0x00,0x00,0x00,0x00,0x00,0x00,0x00,0x00,0x00,0x00,0x00,0x00,
0x00,0x00,0x00,0x00,0x00,0x00,0x00,0x00,0x00,0x00,0x00,0x00,0x00,0x00,0x00,0x00,0x00,0x00,0x00,0x00,0x00,0x00,0x00,0x00,0x00,0x00,0x00,0x00,0x00,0x00,0x00,0x00,
0x00,0x00,0x00,0x00,0x00,0x00,0x00,0x00,0x00,0x00,0x00,0x00,0x00,0x00,0x00,0x00,0x00,0x00,0x00,0x00,0x00,0x00,0x00,0x00,0x00,0x00,0x00,0x00,0x00,0x00,0x00,0x00,
0x00,0x00,0x00,0x00,0x00,0x00,0x00,0x00,0x00,0x00,0x00,0x00,0x00,0x00,0x00,0x00,0xff,0x7f,0xff,0x02,0xff,0xff,0xff,0x02,0xcc,0x9e,0xbb,0xcb,0xd3,0x9c,0xbc,0xff,
0xcb,0x98,0xb5,0xfd,0xca,0x93,0xb2,0xff,0xe0,0xde,0xeb,0xfe,0xe9,0xfc,0xff,0xfe,0xe7,0xf6,0xfd,0xfe,0xe7,0xf7,0xff,0xfe,0xe7,0xf7,0xff,0xfe,0xe7,0xf7,0xff,0xfe,
0xe7,0xf7,0xff,0xfe,0xe7,0xf7,0xff,0xfe,0xe7,0xf7,0xff,0xfe,0xe7,0xf7,0xff,0xfe,0xe7,0xf7,0xff,0xfe,0xe7,0xf7,0xff,0xfe,0xe7,0xf7,0xff,0xfe,0xe7,0xf7,0xff,0xfe,
0xe7,0xf7,0xff,0xfe,0xe7,0xf7,0xff,0xfe,0xe7,0xf7,0xff,0xfe,0xe7,0xf7,0xff,0xfe,0xe7,0xf7,0xff,0xfe,0xe7,0xf7,0xff,0xfe,0xe7,0xf7,0xff,0xfe,0xe7,0xf7,0xff,0xfe,
0xe7,0xf7,0xff,0xfe,0xe7,0xf7,0xff,0xfe,0xe7,0xf7,0xff,0xfe,0xe7,0xf7,0xff,0xfe,0xe7,0xf7,0xff,0xfe,0xe7,0xf7,0xff,0xfe,0xe7,0xf7,0xff,0xfd,0xe6,0xf6,0xff,0xfa,
0xf5,0xff,0xff,0xff,0xec,0xfa,0xff,0xe9,0xe8,0xff,0xff,0x17,0xff,0xff,0xff,0x01,0xff,0xff,0xff,0x02,0x00,0x00,0x00,0x00,0x00,0x00,0x00,0x00,0x00,0x00,0x00,0x00,
0x00,0x00,0x00,0x00,0x00,0x00,0x00,0x00,0x00,0x00,0x00,0x00,0x00,0x00,0x00,0x00,0x00,0x00,0x00,0x00,0x00,0x00,0x00,0x00,0x00,0x00,0x00,0x00,0x00,0x00,0x00,0x00,
0x00,0x00,0x00,0x00,0x00,0x00,0x00,0x00,0x00,0x00,0x00,0x00,0x00,0x00,0x00,0x00,0x00,0x00,0x00,0x00,0x00,0x00,0x00,0x00,0x00,0x00,0x00,0x00,0x00,0x00,0x00,0x00,
0x00,0x00,0x00,0x00,0x00,0x00,0x00,0x00,0x00,0x00,0x00,0x00,0xff,0xff,0xff,0x03,0x00,0x00,0x00,0x00,0xec,0xff,0xff,0x61,0xe1,0xbf,0xd7,0xff,0xc8,0x90,0xb0,0xfc,
0xcc,0x99,0xb6,0xff,0xca,0x93,0xb2,0xff,0xe1,0xdf,0xec,0xff,0xea,0xfd,0xff,0xff,0xe8,0xf7,0xfe,0xff,0xe8,0xf8,0xff,0xff,0xe8,0xf8,0xff,0xff,0xe8,0xf8,0xff,0xff,
0xe8,0xf8,0xff,0xff,0xe8,0xf8,0xff,0xff,0xe8,0xf8,0xff,0xff,0xe8,0xf8,0xff,0xff,0xe8,0xf8,0xff,0xff,0xe8,0xf8,0xff,0xff,0xe8,0xf8,0xff,0xff,0xe8,0xf8,0xff,0xff,
0xe8,0xf8,0xff,0xff,0xe8,0xf8,0xff,0xff,0xe8,0xf8,0xff,0xff,0xe8,0xf8,0xff,0xff,0xe8,0xf8,0xff,0xff,0xe8,0xf8,0xff,0xff,0xe8,0xf8,0xff,0xff,0xe8,0xf8,0xff,0xff,
0xe8,0xf8,0xff,0xff,0xe8,0xf8,0xff,0xff,0xe8,0xf8,0xff,0xff,0xe8,0xf8,0xff,0xff,0xe8,0xf8,0xff,0xff,0xe8,0xf8,0xff,0xff,0xe8,0xf8,0xff,0xff,0xe8,0xf8,0xff,0xff,
0xe6,0xf6,0xff,0xfa,0xf9,0xff,0xff,0xff,0xe7,0xf7,0xff,0xa1,0x00,0x00,0x00,0x00,0xff,0xff,0xff,0x03,0x00,0x00,0x00,0x00,0x00,0x00,0x00,0x00,0x00,0x00,0x00,0x00,
0x00,0x00,0x00,0x00,0x00,0x00,0x00,0x00,0x00,0x00,0x00,0x00,0x00,0x00,0x00,0x00,0x00,0x00,0x00,0x00,0x00,0x00,0x00,0x00,0x00,0x00,0x00,0x00,0x00,0x00,0x00,0x00,
0x00,0x00,0x00,0x00,0x00,0x00,0x00,0x00,0x00,0x00,0x00,0x00,0x00,0x00,0x00,0x00,0x00,0x00,0x00,0x00,0x00,0x00,0x00,0x00,0x00,0x00,0x00,0x00,0x00,0x00,0x00,0x00,
0x00,0x00,0x00,0x00,0x00,0x00,0x00,0x00,0x00,0x00,0x00,0x00,0xff,0xff,0xff,0x02,0xff,0xff,0xff,0x01,0xe9,0xfd,0xff,0xc2,0xdf,0xbd,0xd6,0xff,0xc9,0x90,0xb0,0xfc,
0xcc,0x99,0xb7,0xff,0xca,0x93,0xb2,0xff,0xe1,0xdf,0xec,0xff,0xea,0xfd,0xff,0xff,0xe8,0xf7,0xfe,0xff,0xe8,0xf8,0xff,0xff,0xe8,0xf8,0xff,0xff,0xe8,0xf8,0xff,0xff,
0xe8,0xf8,0xff,0xff,0xe8,0xf8,0xff,0xff,0xe8,0xf8,0xff,0xff,0xe8,0xf8,0xff,0xff,0xe8,0xf8,0xff,0xff,0xe8,0xf8,0xff,0xff,0xe8,0xf8,0xff,0xff,0xe8,0xf8,0xff,0xff,
0xe8,0xf8,0xff,0xff,0xe8,0xf8,0xff,0xff,0xe8,0xf8,0xff,0xff,0xe8,0xf8,0xff,0xff,0xe8,0xf8,0xff,0xff,0xe8,0xf8,0xff,0xff,0xe8,0xf8,0xff,0xff,0xe8,0xf8,0xff,0xff,
0xe8,0xf8,0xff,0xff,0xe8,0xf8,0xff,0xff,0xe8,0xf8,0xff,0xff,0xe8,0xf8,0xff,0xff,0xe8,0xf8,0xff,0xff,0xe8,0xf8,0xff,0xff,0xe8,0xf8,0xff,0xff,0xe8,0xf8,0xff,0xff,
0xe7,0xf7,0xff,0xfe,0xeb,0xfb,0xff,0xfe,0xe8,0xf8,0xff,0xf1,0xe4,0xf1,0xff,0x13,0x00,0x00,0x00,0x00,0xff,0xff,0xff,0x01,0x00,0x00,0x00,0x00,0x00,0x00,0x00,0x00,
0x00,0x00,0x00,0x00,0x00,0x00,0x00,0x00,0x00,0x00,0x00,0x00,0x00,0x00,0x00,0x00,0x00,0x00,0x00,0x00,0x00,0x00,0x00,0x00,0x00,0x00,0x00,0x00,0x00,0x00,0x00,0x00,
0x00,0x00,0x00,0x00,0x00,0x00,0x00,0x00,0x00,0x00,0x00,0x00,0x00,0x00,0x00,0x00,0x00,0x00,0x00,0x00,0x00,0x00,0x00,0x00,0x00,0x00,0x00,0x00,0x00,0x00,0x00,0x00,
0x00,0x00,0x00,0x00,0x00,0x00,0x00,0x00,0xff,0xff,0xff,0x01,0x00,0x00,0x00,0x00,0xdf,0xdf,0xef,0x10,0xe9,0xfc,0xff,0xeb,0xd6,0xb4,0xcc,0xff,0xc8,0x91,0xb0,0xfe,
0xcc,0x99,0xb7,0xff,0xca,0x93,0xb2,0xff,0xe1,0xdf,0xec,0xff,0xea,0xfd,0xff,0xff,0xe8,0xf7,0xfe,0xff,0xe8,0xf8,0xff,0xff,0xe8,0xf8,0xff,0xff,0xe8,0xf8,0xff,0xff,
0xe8,0xf8,0xff,0xff,0xe8,0xf8,0xff,0xff,0xe8,0xf8,0xff,0xff,0xe8,0xf8,0xff,0xff,0xe8,0xf8,0xff,0xff,0xe8,0xf8,0xff,0xff,0xe8,0xf8,0xff,0xff,0xe8,0xf8,0xff,0xff,
0xe8,0xf8,0xff,0xff,0xe8,0xf8,0xff,0xff,0xe8,0xf8,0xff,0xff,0xe8,0xf8,0xff,0xff,0xe8,0xf8,0xff,0xff,0xe8,0xf8,0xff,0xff,0xe8,0xf8,0xff,0xff,0xe8,0xf8,0xff,0xff,
0xe8,0xf8,0xff,0xff,0xe8,0xf8,0xff,0xff,0xe8,0xf8,0xff,0xff,0xe8,0xf8,0xff,0xff,0xe8,0xf8,0xff,0xff,0xe8,0xf8,0xff,0xff,0xe8,0xf8,0xff,0xff,0xe8,0xf8,0xff,0xff,
0xe8,0xf8,0xff,0xff,0xe7,0xf7,0xff,0xfd,0xf1,0xff,0xff,0xfd,0xe6,0xfa,0xff,0x3e,0x00,0x00,0x00,0x00,0xff,0xff,0xff,0x03,0x00,0x00,0x00,0x00,0x00,0x00,0x00,0x00,
0x00,0x00,0x00,0x00,0x00,0x00,0x00,0x00,0x00,0x00,0x00,0x00,0x00,0x00,0x00,0x00,0x00,0x00,0x00,0x00,0x00,0x00,0x00,0x00,0x00,0x00,0x00,0x00,0x00,0x00,0x00,0x00,
0x00,0x00,0x00,0x00,0x00,0x00,0x00,0x00,0x00,0x00,0x00,0x00,0x00,0x00,0x00,0x00,0x00,0x00,0x00,0x00,0x00,0x00,0x00,0x00,0x00,0x00,0x00,0x00,0x00,0x00,0x00,0x00,
0x00,0x00,0x00,0x00,0x00,0x00,0x00,0x00,0xff,0xff,0xff,0x01,0x00,0x00,0x00,0x00,0xe1,0xe1,0xf0,0x11,0xe8,0xfc,0xff,0xef,0xd6,0xb4,0xcc,0xff,0xc8,0x91,0xb0,0xfe,
0xcc,0x99,0xb7,0xff,0xca,0x93,0xb2,0xff,0xe1,0xdf,0xec,0xff,0xea,0xfd,0xff,0xff,0xe8,0xf7,0xfe,0xff,0xe8,0xf8,0xff,0xff,0xe8,0xf8,0xff,0xff,0xe8,0xf8,0xff,0xff,
0xe8,0xf8,0xff,0xff,0xe8,0xf8,0xff,0xff,0xe8,0xf8,0xff,0xff,0xe8,0xf8,0xff,0xff,0xe8,0xf8,0xff,0xff,0xe8,0xf8,0xff,0xff,0xe8,0xf8,0xff,0xff,0xe8,0xf8,0xff,0xff,
0xe8,0xf8,0xff,0xff,0xe8,0xf8,0xff,0xff,0xe8,0xf8,0xff,0xff,0xe8,0xf8,0xff,0xff,0xe8,0xf8,0xff,0xff,0xe8,0xf8,0xff,0xff,0xe8,0xf8,0xff,0xff,0xe8,0xf8,0xff,0xff,
0xe8,0xf8,0xff,0xff,0xe8,0xf8,0xff,0xff,0xe8,0xf8,0xff,0xff,0xe8,0xf8,0xff,0xff,0xe8,0xf8,0xff,0xff,0xe8,0xf8,0xff,0xff,0xe8,0xf8,0xff,0xff,0xe8,0xf8,0xff,0xff,
0xe8,0xf8,0xff,0xff,0xe7,0xf7,0xff,0xfd,0xf2,0xff,0xff,0xff,0xe7,0xfb,0xff,0x42,0x00,0x00,0x00,0x00,0xff,0xff,0xff,0x03,0x00,0x00,0x00,0x00,0x00,0x00,0x00,0x00,
0x00,0x00,0x00,0x00,0x00,0x00,0x00,0x00,0x00,0x00,0x00,0x00,0x00,0x00,0x00,0x00,0x00,0x00,0x00,0x00,0x00,0x00,0x00,0x00,0x00,0x00,0x00,0x00,0x00,0x00,0x00,0x00,
0x00,0x00,0x00,0x00,0x00,0x00,0x00,0x00,0x00,0x00,0x00,0x00,0x00,0x00,0x00,0x00,0x00,0x00,0x00,0x00,0x00,0x00,0x00,0x00,0x00,0x00,0x00,0x00,0x00,0x00,0x00,0x00,
0x00,0x00,0x00,0x00,0x00,0x00,0x00,0x00,0xff,0xff,0xff,0x01,0x00,0x00,0x00,0x00,0xe1,0xe1,0xf0,0x11,0xe9,0xfc,0xff,0xee,0xd6,0xb4,0xcc,0xff,0xc8,0x91,0xb0,0xfe,
0xcc,0x99,0xb7,0xff,0xca,0x93,0xb2,0xff,0xe1,0xdf,0xec,0xff,0xea,0xfd,0xff,0xff,0xe8,0xf7,0xfe,0xff,0xe8,0xf8,0xff,0xff,0xe8,0xf8,0xff,0xff,0xe8,0xf8,0xff,0xff,
0xe8,0xf8,0xff,0xff,0xe8,0xf8,0xff,0xff,0xe8,0xf8,0xff,0xff,0xe8,0xf8,0xff,0xff,0xe8,0xf8,0xff,0xff,0xe8,0xf8,0xff,0xff,0xe8,0xf8,0xff,0xff,0xe8,0xf8,0xff,0xff,
0xe8,0xf8,0xff,0xff,0xe8,0xf8,0xff,0xff,0xe8,0xf8,0xff,0xff,0xe8,0xf8,0xff,0xff,0xe8,0xf8,0xff,0xff,0xe8,0xf8,0xff,0xff,0xe8,0xf8,0xff,0xff,0xe8,0xf8,0xff,0xff,
0xe8,0xf8,0xff,0xff,0xe8,0xf8,0xff,0xff,0xe8,0xf8,0xff,0xff,0xe8,0xf8,0xff,0xff,0xe8,0xf8,0xff,0xff,0xe8,0xf8,0xff,0xff,0xe8,0xf8,0xff,0xff,0xe8,0xf8,0xff,0xff,
0xe8,0xf8,0xff,0xff,0xe7,0xf7,0xff,0xfd,0xf2,0xff,0xff,0xff,0xe7,0xfb,0xff,0x41,0x00,0x00,0x00,0x00,0xff,0xff,0xff,0x03,0x00,0x00,0x00,0x00,0x00,0x00,0x00,0x00,
0x00,0x00,0x00,0x00,0x00,0x00,0x00,0x00,0x00,0x00,0x00,0x00,0x00,0x00,0x00,0x00,0x00,0x00,0x00,0x00,0x00,0x00,0x00,0x00,0x00,0x00,0x00,0x00,0x00,0x00,0x00,0x00,
0x00,0x00,0x00,0x00,0x00,0x00,0x00,0x00,0x00,0x00,0x00,0x00,0x00,0x00,0x00,0x00,0x00,0x00,0x00,0x00,0x00,0x00,0x00,0x00,0x00,0x00,0x00,0x00,0x00,0x00,0x00,0x00,
0x00,0x00,0x00,0x00,0x00,0x00,0x00,0x00,0xff,0xff,0xff,0x01,0x00,0x00,0x00,0x00,0xe1,0xe1,0xf0,0x11,0xe9,0xfc,0xff,0xee,0xd6,0xb4,0xcc,0xff,0xc8,0x91,0xb0,0xfe,
0xcc,0x99,0xb7,0xff,0xca,0x93,0xb2,0xff,0xe1,0xdf,0xec,0xff,0xea,0xfd,0xff,0xff,0xe8,0xf7,0xfe,0xff,0xe8,0xf8,0xff,0xff,0xe8,0xf8,0xff,0xff,0xe8,0xf8,0xff,0xff,
0xe8,0xf8,0xff,0xff,0xe8,0xf8,0xff,0xff,0xe8,0xf8,0xff,0xff,0xe8,0xf8,0xff,0xff,0xe8,0xf8,0xff,0xff,0xe8,0xf8,0xff,0xff,0xe8,0xf8,0xff,0xff,0xe8,0xf8,0xff,0xff,
0xe8,0xf8,0xff,0xff,0xe8,0xf8,0xff,0xff,0xe8,0xf8,0xff,0xff,0xe8,0xf8,0xff,0xff,0xe8,0xf8,0xff,0xff,0xe8,0xf8,0xff,0xff,0xe8,0xf8,0xff,0xff,0xe8,0xf8,0xff,0xff,
0xe8,0xf8,0xff,0xff,0xe8,0xf8,0xff,0xff,0xe8,0xf8,0xff,0xff,0xe8,0xf8,0xff,0xff,0xe8,0xf8,0xff,0xff,0xe8,0xf8,0xff,0xff,0xe8,0xf8,0xff,0xff,0xe8,0xf8,0xff,0xff,
0xe8,0xf8,0xff,0xff,0xe7,0xf7,0xff,0xfd,0xf2,0xff,0xff,0xff,0xe7,0xfb,0xff,0x41,0x00,0x00,0x00,0x00,0xff,0xff,0xff,0x03,0x00,0x00,0x00,0x00,0x00,0x00,0x00,0x00,
0x00,0x00,0x00,0x00,0x00,0x00,0x00,0x00,0x00,0x00,0x00,0x00,0x00,0x00,0x00,0x00,0x00,0x00,0x00,0x00,0x00,0x00,0x00,0x00,0x00,0x00,0x00,0x00,0x00,0x00,0x00,0x00,
0x00,0x00,0x00,0x00,0x00,0x00,0x00,0x00,0x00,0x00,0x00,0x00,0x00,0x00,0x00,0x00,0x00,0x00,0x00,0x00,0x00,0x00,0x00,0x00,0x00,0x00,0x00,0x00,0x00,0x00,0x00,0x00,
0x00,0x00,0x00,0x00,0x00,0x00,0x00,0x00,0xff,0xff,0xff,0x01,0x00,0x00,0x00,0x00,0xe1,0xe1,0xf0,0x11,0xe9,0xfc,0xff,0xee,0xd6,0xb4,0xcc,0xff,0xc8,0x91,0xb0,0xfe,
0xcc,0x99,0xb7,0xff,0xca,0x93,0xb2,0xff,0xe1,0xdf,0xec,0xff,0xea,0xfd,0xff,0xff,0xe7,0xf6,0xfd,0xff,0xe7,0xf6,0xfd,0xff,0xe7,0xf7,0xfe,0xff,0xe7,0xf7,0xfe,0xff,
0xe7,0xf7,0xfe,0xff,0xe7,0xf7,0xfe,0xff,0xe7,0xf7,0xfe,0xff,0xe7,0xf7,0xfe,0xff,0xe7,0xf7,0xfe,0xff,0xe7,0xf7,0xfe,0xff,0xe7,0xf7,0xfe,0xff,0xe7,0xf7,0xfe,0xff,
0xe7,0xf7,0xfe,0xff,0xe7,0xf7,0xfe,0xff,0xe7,0xf7,0xfe,0xff,0xe7,0xf7,0xfe,0xff,0xe7,0xf7,0xfe,0xff,0xe7,0xf7,0xfe,0xff,0xe7,0xf7,0xfe,0xff,0xe7,0xf7,0xfe,0xff,
0xe7,0xf7,0xfe,0xff,0xe7,0xf6,0xfe,0xff,0xe7,0xf6,0xfd,0xff,0xe8,0xf8,0xff,0xff,0xe8,0xf8,0xff,0xff,0xe8,0xf8,0xff,0xff,0xe8,0xf8,0xff,0xff,0xe8,0xf8,0xff,0xff,
0xe8,0xf8,0xff,0xff,0xe7,0xf7,0xff,0xfd,0xf2,0xff,0xff,0xff,0xe7,0xfb,0xff,0x41,0x00,0x00,0x00,0x00,0xff,0xff,0xff,0x03,0x00,0x00,0x00,0x00,0x00,0x00,0x00,0x00,
0x00,0x00,0x00,0x00,0x00,0x00,0x00,0x00,0x00,0x00,0x00,0x00,0x00,0x00,0x00,0x00,0x00,0x00,0x00,0x00,0x00,0x00,0x00,0x00,0x00,0x00,0x00,0x00,0x00,0x00,0x00,0x00,
0x00,0x00,0x00,0x00,0x00,0x00,0x00,0x00,0x00,0x00,0x00,0x00,0x00,0x00,0x00,0x00,0x00,0x00,0x00,0x00,0x00,0x00,0x00,0x00,0x00,0x00,0x00,0x00,0x00,0x00,0x00,0x00,
0x00,0x00,0x00,0x00,0x00,0x00,0x00,0x00,0xff,0xff,0xff,0x01,0x00,0x00,0x00,0x00,0xe1,0xe1,0xf0,0x11,0xe9,0xfc,0xff,0xee,0xd6,0xb4,0xcc,0xff,0xc8,0x91,0xb0,0xfe,
0xcc,0x99,0xb7,0xff,0xca,0x93,0xb2,0xff,0xe1,0xdf,0xec,0xff,0xea,0xfc,0xfe,0xff,0xeb,0xfc,0xff,0xff,0xec,0xff,0xff,0xff,0xeb,0xfd,0xff,0xff,0xeb,0xfe,0xff,0xff,
0xeb,0xfe,0xff,0xff,0xeb,0xfe,0xff,0xff,0xeb,0xfe,0xff,0xff,0xeb,0xfe,0xff,0xff,0xeb,0xfe,0xff,0xff,0xeb,0xfe,0xff,0xff,0xeb,0xfe,0xff,0xff,0xeb,0xfe,0xff,0xff,
0xeb,0xfe,0xff,0xff,0xeb,0xfe,0xff,0xff,0xeb,0xfe,0xff,0xff,0xeb,0xfe,0xff,0xff,0xeb,0xfe,0xff,0xff,0xeb,0xfe,0xff,0xff,0xeb,0xfe,0xff,0xff,0xeb,0xfe,0xff,0xff,
0xeb,0xfd,0xff,0xff,0xeb,0xff,0xff,0xff,0xeb,0xff,0xff,0xff,0xe8,0xf8,0xff,0xff,0xe8,0xf8,0xff,0xff,0xe8,0xf8,0xff,0xff,0xe8,0xf8,0xff,0xff,0xe8,0xf8,0xff,0xff,
0xe8,0xf8,0xff,0xff,0xe7,0xf7,0xff,0xfd,0xf2,0xff,0xff,0xff,0xe7,0xfb,0xff,0x41,0x00,0x00,0x00,0x00,0xff,0xff,0xff,0x03,0x00,0x00,0x00,0x00,0x00,0x00,0x00,0x00,
0x00,0x00,0x00,0x00,0x00,0x00,0x00,0x00,0x00,0x00,0x00,0x00,0x00,0x00,0x00,0x00,0x00,0x00,0x00,0x00,0x00,0x00,0x00,0x00,0x00,0x00,0x00,0x00,0x00,0x00,0x00,0x00,
0x00,0x00,0x00,0x00,0x00,0x00,0x00,0x00,0x00,0x00,0x00,0x00,0x00,0x00,0x00,0x00,0x00,0x00,0x00,0x00,0x00,0x00,0x00,0x00,0x00,0x00,0x00,0x00,0x00,0x00,0x00,0x00,
0x00,0x00,0x00,0x00,0x00,0x00,0x00,0x00,0xff,0xff,0xff,0x01,0x00,0x00,0x00,0x00,0xe1,0xe1,0xf0,0x11,0xe9,0xfc,0xff,0xee,0xd6,0xb4,0xcc,0xff,0xc8,0x91,0xb0,0xfe,
0xcc,0x99,0xb7,0xff,0xca,0x93,0xb2,0xff,0xe0,0xde,0xeb,0xff,0xed,0xff,0xff,0xff,0xd8,0xd5,0xde,0xff,0xd1,0xc8,0xd2,0xff,0xdc,0xe0,0xe7,0xff,0xdb,0xde,0xe6,0xff,
0xdb,0xde,0xe7,0xff,0xdb,0xde,0xe7,0xff,0xdb,0xde,0xe7,0xff,0xdb,0xde,0xe7,0xff,0xdb,0xde,0xe7,0xff,0xdb,0xde,0xe7,0xff,0xdb,0xde,0xe7,0xff,0xdb,0xde,0xe7,0xff,
0xdb,0xde,0xe7,0xff,0xdb,0xde,0xe7,0xff,0xdb,0xde,0xe7,0xff,0xdb,0xde,0xe7,0xff,0xdb,0xde,0xe7,0xff,0xdb,0xde,0xe7,0xff,0xdb,0xde,0xe7,0xff,0xdb,0xdd,0xe6,0xff,
0xdc,0xe0,0xe7,0xff,0xd5,0xd0,0xd9,0xff,0xd2,0xca,0xd5,0xff,0xe9,0xfa,0xff,0xff,0xe9,0xf9,0xff,0xff,0xe8,0xf8,0xff,0xff,0xe8,0xf8,0xff,0xff,0xe8,0xf8,0xff,0xff,
0xe8,0xf8,0xff,0xff,0xe7,0xf7,0xff,0xfd,0xf2,0xff,0xff,0xff,0xe7,0xfb,0xff,0x41,0x00,0x00,0x00,0x00,0xff,0xff,0xff,0x03,0x00,0x00,0x00,0x00,0x00,0x00,0x00,0x00,
0x00,0x00,0x00,0x00,0x00,0x00,0x00,0x00,0x00,0x00,0x00,0x00,0x00,0x00,0x00,0x00,0x00,0x00,0x00,0x00,0x00,0x00,0x00,0x00,0x00,0x00,0x00,0x00,0x00,0x00,0x00,0x00,
0x00,0x00,0x00,0x00,0x00,0x00,0x00,0x00,0x00,0x00,0x00,0x00,0x00,0x00,0x00,0x00,0x00,0x00,0x00,0x00,0x00,0x00,0x00,0x00,0x00,0x00,0x00,0x00,0x00,0x00,0x00,0x00,
0x00,0x00,0x00,0x00,0x00,0x00,0x00,0x00,0xff,0xff,0xff,0x01,0x00,0x00,0x00,0x00,0xe1,0xe1,0xf0,0x11,0xe9,0xfc,0xff,0xee,0xd6,0xb4,0xcc,0xff,0xc8,0x91,0xb0,0xfe,
0xcc,0x99,0xb7,0xff,0xc9,0x91,0xb1,0xff,0xe3,0xe5,0xf1,0xff,0xd9,0xdb,0xe2,0xff,0xb4,0x8a,0x99,0xff,0xb4,0x8c,0x9b,0xff,0xb6,0x8f,0x9d,0xff,0xb5,0x8f,0x9d,0xff,
0xb5,0x8f,0x9d,0xff,0xb5,0x8f,0x9d,0xff,0xb5,0x8f,0x9d,0xff,0xb5,0x8f,0x9d,0xff,0xb5,0x8f,0x9d,0xff,0xb5,0x8f,0x9d,0xff,0xb5,0x8f,0x9d,0xff,0xb5,0x8f,0x9d,0xff,
0xb5,0x8f,0x9d,0xff,0xb5,0x8f,0x9d,0xff,0xb5,0x8f,0x9d,0xff,0xb5,0x8f,0x9d,0xff,0xb5,0x8f,0x9d,0xff,0xb5,0x8f,0x9d,0xff,0xb5,0x8f,0x9d,0xff,0xb5,0x8f,0x9d,0xff,
0xb6,0x8f,0x9d,0xff,0xb5,0x8e,0x9c,0xff,0xb2,0x87,0x96,0xff,0xcd,0xbf,0xc9,0xff,0xeb,0xfd,0xff,0xff,0xe8,0xf7,0xfe,0xff,0xe8,0xf8,0xff,0xff,0xe8,0xf8,0xff,0xff,
0xe8,0xf8,0xff,0xff,0xe7,0xf7,0xff,0xfd,0xf2,0xff,0xff,0xff,0xe7,0xfb,0xff,0x41,0x00,0x00,0x00,0x00,0xff,0xff,0xff,0x03,0x00,0x00,0x00,0x00,0x00,0x00,0x00,0x00,
0x00,0x00,0x00,0x00,0x00,0x00,0x00,0x00,0x00,0x00,0x00,0x00,0x00,0x00,0x00,0x00,0x00,0x00,0x00,0x00,0x00,0x00,0x00,0x00,0x00,0x00,0x00,0x00,0x00,0x00,0x00,0x00,
0x00,0x00,0x00,0x00,0x00,0x00,0x00,0x00,0x00,0x00,0x00,0x00,0x00,0x00,0x00,0x00,0x00,0x00,0x00,0x00,0x00,0x00,0x00,0x00,0x00,0x00,0x00,0x00,0x00,0x00,0x00,0x00,
0x00,0x00,0x00,0x00,0x00,0x00,0x00,0x00,0xff,0xff,0xff,0x01,0x00,0x00,0x00,0x00,0xe1,0xe1,0xf0,0x11,0xe9,0xfc,0xff,0xee,0xd6,0xb4,0xcc,0xff,0xc8,0x91,0xb0,0xfe,
0xcc,0x99,0xb7,0xff,0xc9,0x91,0xb0,0xff,0xe4,0xe7,0xf3,0xff,0xd3,0xce,0xd7,0xff,0xb1,0x85,0x94,0xff,0xb6,0x90,0x9e,0xff,0xb5,0x8d,0x9c,0xff,0xb5,0x8d,0x9c,0xff,
0xb5,0x8d,0x9c,0xff,0xb5,0x8d,0x9c,0xff,0xb5,0x8d,0x9c,0xff,0xb5,0x8d,0x9c,0xff,0xb5,0x8d,0x9c,0xff,0xb5,0x8d,0x9c,0xff,0xb5,0x8d,0x9c,0xff,0xb5,0x8d,0x9c,0xff,
0xb5,0x8d,0x9c,0xff,0xb5,0x8d,0x9c,0xff,0xb5,0x8d,0x9c,0xff,0xb5,0x8d,0x9c,0xff,0xb5,0x8d,0x9c,0xff,0xb5,0x8d,0x9c,0xff,0xb5,0x8d,0x9c,0xff,0xb5,0x8d,0x9c,0xff,
0xb5,0x8d,0x9c,0xff,0xb6,0x8f,0x9e,0xff,0xb2,0x87,0x96,0xff,0xc5,0xaf,0xbb,0xff,0xeb,0xfe,0xff,0xff,0xe8,0xf7,0xfe,0xff,0xe8,0xf8,0xff,0xff,0xe8,0xf8,0xff,0xff,
0xe8,0xf8,0xff,0xff,0xe7,0xf7,0xff,0xfd,0xf2,0xff,0xff,0xff,0xe7,0xfb,0xff,0x41,0x00,0x00,0x00,0x00,0xff,0xff,0xff,0x03,0x00,0x00,0x00,0x00,0x00,0x00,0x00,0x00,
0x00,0x00,0x00,0x00,0x00,0x00,0x00,0x00,0x00,0x00,0x00,0x00,0x00,0x00,0x00,0x00,0x00,0x00,0x00,0x00,0x00,0x00,0x00,0x00,0x00,0x00,0x00,0x00,0x00,0x00,0x00,0x00,
0x00,0x00,0x00,0x00,0x00,0x00,0x00,0x00,0x00,0x00,0x00,0x00,0x00,0x00,0x00,0x00,0x00,0x00,0x00,0x00,0x00,0x00,0x00,0x00,0x00,0x00,0x00,0x00,0x00,0x00,0x00,0x00,
0x00,0x00,0x00,0x00,0x00,0x00,0x00,0x00,0xff,0xff,0xff,0x01,0x00,0x00,0x00,0x00,0xe1,0xe1,0xf0,0x11,0xe9,0xfc,0xff,0xee,0xd6,0xb4,0xcc,0xff,0xc8,0x91,0xb0,0xfe,
0xcc,0x99,0xb7,0xff,0xca,0x93,0xb2,0xff,0xe1,0xdf,0xec,0xff,0xea,0xfd,0xff,0xff,0xcd,0xbf,0xca,0xff,0xc2,0xa8,0xb5,0xff,0xc4,0xad,0xb9,0xff,0xc4,0xac,0xb8,0xff,
0xc4,0xac,0xb8,0xff,0xc4,0xac,0xb8,0xff,0xc4,0xac,0xb8,0xff,0xc4,0xac,0xb8,0xff,0xc4,0xac,0xb8,0xff,0xc4,0xac,0xb8,0xff,0xc4,0xac,0xb8,0xff,0xc4,0xac,0xb8,0xff,
0xc4,0xac,0xb8,0xff,0xc4,0xac,0xb8,0xff,0xc4,0xac,0xb8,0xff,0xc4,0xac,0xb8,0xff,0xc4,0xac,0xb8,0xff,0xc4,0xac,0xb8,0xff,0xc4,0xac,0xb8,0xff,0xc4,0xac,0xb8,0xff,
0xc4,0xac,0xb9,0xff,0xc3,0xab,0xb7,0xff,0xc7,0xb3,0xbe,0xff,0xe5,0xf1,0xf8,0xff,0xe9,0xfa,0xff,0xff,0xe8,0xf8,0xff,0xff,0xe8,0xf8,0xff,0xff,0xe8,0xf8,0xff,0xff,
0xe8,0xf8,0xff,0xff,0xe7,0xf7,0xff,0xfd,0xf2,0xff,0xff,0xff,0xe7,0xfb,0xff,0x41,0x00,0x00,0x00,0x00,0xff,0xff,0xff,0x03,0x00,0x00,0x00,0x00,0x00,0x00,0x00,0x00,
0x00,0x00,0x00,0x00,0x00,0x00,0x00,0x00,0x00,0x00,0x00,0x00,0x00,0x00,0x00,0x00,0x00,0x00,0x00,0x00,0x00,0x00,0x00,0x00,0x00,0x00,0x00,0x00,0x00,0x00,0x00,0x00,
0x00,0x00,0x00,0x00,0x00,0x00,0x00,0x00,0x00,0x00,0x00,0x00,0x00,0x00,0x00,0x00,0x00,0x00,0x00,0x00,0x00,0x00,0x00,0x00,0x00,0x00,0x00,0x00,0x00,0x00,0x00,0x00,
0x00,0x00,0x00,0x00,0x00,0x00,0x00,0x00,0xff,0xff,0xff,0x01,0x00,0x00,0x00,0x00,0xe1,0xe1,0xf0,0x11,0xe9,0xfc,0xff,0xee,0xd6,0xb4,0xcc,0xff,0xc8,0x91,0xb0,0xfe,
0xcc,0x99,0xb7,0xff,0xca,0x93,0xb2,0xff,0xe1,0xdf,0xec,0xff,0xea,0xfd,0xff,0xff,0xeb,0xfc,0xff,0xff,0xea,0xfd,0xff,0xff,0xea,0xfd,0xff,0xff,0xea,0xfd,0xff,0xff,
0xea,0xfd,0xff,0xff,0xea,0xfd,0xff,0xff,0xea,0xfd,0xff,0xff,0xea,0xfd,0xff,0xff,0xea,0xfd,0xff,0xff,0xea,0xfd,0xff,0xff,0xea,0xfd,0xff,0xff,0xea,0xfd,0xff,0xff,
0xea,0xfd,0xff,0xff,0xea,0xfd,0xff,0xff,0xea,0xfd,0xff,0xff,0xea,0xfd,0xff,0xff,0xea,0xfd,0xff,0xff,0xea,0xfd,0xff,0xff,0xea,0xfd,0xff,0xff,0xea,0xfd,0xff,0xff,
0xea,0xfd,0xff,0xff,0xea,0xfc,0xff,0xff,0xeb,0xfe,0xff,0xff,0xe9,0xfa,0xff,0xff,0xe8,0xf8,0xff,0xff,0xe8,0xf8,0xff,0xff,0xe8,0xf8,0xff,0xff,0xe8,0xf8,0xff,0xff,
0xe8,0xf8,0xff,0xff,0xe7,0xf7,0xff,0xfd,0xf2,0xff,0xff,0xff,0xe7,0xfb,0xff,0x41,0x00,0x00,0x00,0x00,0xff,0xff,0xff,0x03,0x00,0x00,0x00,0x00,0x00,0x00,0x00,0x00,
0x00,0x00,0x00,0x00,0x00,0x00,0x00,0x00,0x00,0x00,0x00,0x00,0x00,0x00,0x00,0x00,0x00,0x00,0x00,0x00,0x00,0x00,0x00,0x00,0x00,0x00,0x00,0x00,0x00,0x00,0x00,0x00,
0x00,0x00,0x00,0x00,0x00,0x00,0x00,0x00,0x00,0x00,0x00,0x00,0x00,0x00,0x00,0x00,0x00,0x00,0x00,0x00,0x00,0x00,0x00,0x00,0x00,0x00,0x00,0x00,0x00,0x00,0x00,0x00,
0x00,0x00,0x00,0x00,0x00,0x00,0x00,0x00,0xff,0xff,0xff,0x01,0x00,0x00,0x00,0x00,0xe1,0xe1,0xf0,0x11,0xe9,0xfc,0xff,0xee,0xd6,0xb4,0xcc,0xff,0xc8,0x91,0xb0,0xfe,
0xcc,0x99,0xb7,0xff,0xca,0x93,0xb2,0xff,0xe1,0xdf,0xec,0xff,0xea,0xfd,0xff,0xff,0xe7,0xf6,0xfd,0xff,0xe8,0xf7,0xfe,0xff,0xe8,0xf7,0xfe,0xff,0xe8,0xf7,0xfe,0xff,
0xe8,0xf7,0xfe,0xff,0xe8,0xf7,0xfe,0xff,0xe8,0xf7,0xfe,0xff,0xe8,0xf7,0xfe,0xff,0xe8,0xf7,0xfe,0xff,0xe8,0xf7,0xfe,0xff,0xe8,0xf7,0xfe,0xff,0xe8,0xf7,0xfe,0xff,
0xe8,0xf7,0xfe,0xff,0xe8,0xf7,0xfe,0xff,0xe8,0xf7,0xfe,0xff,0xe8,0xf7,0xfe,0xff,0xe8,0xf7,0xfe,0xff,0xe8,0xf7,0xfe,0xff,0xe8,0xf7,0xfe,0xff,0xe8,0xf7,0xfe,0xff,
0xe8,0xf7,0xfe,0xff,0xe8,0xf7,0xfe,0xff,0xe7,0xf7,0xfe,0xff,0xe8,0xf7,0xff,0xff,0xe8,0xf8,0xff,0xff,0xe8,0xf8,0xff,0xff,0xe8,0xf8,0xff,0xff,0xe8,0xf8,0xff,0xff,
0xe8,0xf8,0xff,0xff,0xe7,0xf7,0xff,0xfd,0xf2,0xff,0xff,0xff,0xe7,0xfb,0xff,0x41,0x00,0x00,0x00,0x00,0xff,0xff,0xff,0x03,0x00,0x00,0x00,0x00,0x00,0x00,0x00,0x00,
0x00,0x00,0x00,0x00,0x00,0x00,0x00,0x00,0x00,0x00,0x00,0x00,0x00,0x00,0x00,0x00,0x00,0x00,0x00,0x00,0x00,0x00,0x00,0x00,0x00,0x00,0x00,0x00,0x00,0x00,0x00,0x00,
0x00,0x00,0x00,0x00,0x00,0x00,0x00,0x00,0x00,0x00,0x00,0x00,0x00,0x00,0x00,0x00,0x00,0x00,0x00,0x00,0x00,0x00,0x00,0x00,0x00,0x00,0x00,0x00,0x00,0x00,0x00,0x00,
0x00,0x00,0x00,0x00,0x00,0x00,0x00,0x00,0xff,0xff,0xff,0x01,0x00,0x00,0x00,0x00,0xe1,0xe1,0xf0,0x11,0xe9,0xfc,0xff,0xee,0xd6,0xb4,0xcc,0xff,0xc8,0x91,0xb0,0xfe,
0xcc,0x99,0xb7,0xff,0xca,0x93,0xb2,0xff,0xe1,0xdf,0xec,0xff,0xea,0xfd,0xff,0xff,0xe8,0xf7,0xfe,0xff,0xe8,0xf8,0xff,0xff,0xe8,0xf8,0xff,0xff,0xe8,0xf8,0xff,0xff,
0xe8,0xf8,0xff,0xff,0xe8,0xf8,0xff,0xff,0xe8,0xf8,0xff,0xff,0xe8,0xf8,0xff,0xff,0xe8,0xf8,0xff,0xff,0xe8,0xf8,0xff,0xff,0xe8,0xf8,0xff,0xff,0xe8,0xf8,0xff,0xff,
0xe8,0xf8,0xff,0xff,0xe8,0xf8,0xff,0xff,0xe8,0xf8,0xff,0xff,0xe8,0xf8,0xff,0xff,0xe8,0xf8,0xff,0xff,0xe8,0xf8,0xff,0xff,0xe8,0xf8,0xff,0xff,0xe8,0xf8,0xff,0xff,
0xe8,0xf8,0xff,0xff,0xe8,0xf8,0xff,0xff,0xe8,0xf8,0xff,0xff,0xe8,0xf8,0xff,0xff,0xe8,0xf8,0xff,0xff,0xe8,0xf8,0xff,0xff,0xe8,0xf8,0xff,0xff,0xe8,0xf8,0xff,0xff,
0xe8,0xf8,0xff,0xff,0xe7,0xf7,0xff,0xfd,0xf2,0xff,0xff,0xff,0xe7,0xfb,0xff,0x41,0x00,0x00,0x00,0x00,0xff,0xff,0xff,0x03,0x00,0x00,0x00,0x00,0x00,0x00,0x00,0x00,
0x00,0x00,0x00,0x00,0x00,0x00,0x00,0x00,0x00,0x00,0x00,0x00,0x00,0x00,0x00,0x00,0x00,0x00,0x00,0x00,0x00,0x00,0x00,0x00,0x00,0x00,0x00,0x00,0x00,0x00,0x00,0x00,
0x00,0x00,0x00,0x00,0x00,0x00,0x00,0x00,0x00,0x00,0x00,0x00,0x00,0x00,0x00,0x00,0x00,0x00,0x00,0x00,0x00,0x00,0x00,0x00,0x00,0x00,0x00,0x00,0x00,0x00,0x00,0x00,
0x00,0x00,0x00,0x00,0x00,0x00,0x00,0x00,0xff,0xff,0xff,0x01,0x00,0x00,0x00,0x00,0xe1,0xe1,0xf0,0x11,0xe9,0xfc,0xff,0xee,0xd6,0xb4,0xcc,0xff,0xc8,0x91,0xb0,0xfe,
0xcc,0x99,0xb7,0xff,0xca,0x93,0xb2,0xff,0xe1,0xdf,0xec,0xff,0xea,0xfd,0xff,0xff,0xe8,0xf7,0xfe,0xff,0xe8,0xf8,0xff,0xff,0xe8,0xf8,0xff,0xff,0xe8,0xf8,0xff,0xff,
0xe8,0xf8,0xff,0xff,0xe8,0xf8,0xff,0xff,0xe8,0xf8,0xff,0xff,0xe8,0xf8,0xff,0xff,0xe8,0xf8,0xff,0xff,0xe8,0xf8,0xff,0xff,0xe8,0xf8,0xff,0xff,0xe8,0xf8,0xff,0xff,
0xe8,0xf8,0xff,0xff,0xe8,0xf8,0xff,0xff,0xe8,0xf8,0xff,0xff,0xe8,0xf8,0xff,0xff,0xe8,0xf8,0xff,0xff,0xe8,0xf8,0xff,0xff,0xe8,0xf8,0xff,0xff,0xe8,0xf8,0xff,0xff,
0xe8,0xf8,0xff,0xff,0xe8,0xf8,0xff,0xff,0xe8,0xf8,0xff,0xff,0xe8,0xf8,0xff,0xff,0xe8,0xf8,0xff,0xff,0xe8,0xf8,0xff,0xff,0xe8,0xf8,0xff,0xff,0xe8,0xf8,0xff,0xff,
0xe8,0xf8,0xff,0xff,0xe7,0xf7,0xff,0xfd,0xf2,0xff,0xff,0xff,0xe7,0xfb,0xff,0x41,0x00,0x00,0x00,0x00,0xff,0xff,0xff,0x03,0x00,0x00,0x00,0x00,0x00,0x00,0x00,0x00,
0x00,0x00,0x00,0x00,0x00,0x00,0x00,0x00,0x00,0x00,0x00,0x00,0x00,0x00,0x00,0x00,0x00,0x00,0x00,0x00,0x00,0x00,0x00,0x00,0x00,0x00,0x00,0x00,0x00,0x00,0x00,0x00,
0x00,0x00,0x00,0x00,0x00,0x00,0x00,0x00,0x00,0x00,0x00,0x00,0x00,0x00,0x00,0x00,0x00,0x00,0x00,0x00,0x00,0x00,0x00,0x00,0x00,0x00,0x00,0x00,0x00,0x00,0x00,0x00,
0x00,0x00,0x00,0x00,0x00,0x00,0x00,0x00,0xff,0xff,0xff,0x01,0x00,0x00,0x00,0x00,0xe1,0xe1,0xf0,0x11,0xe9,0xfc,0xff,0xee,0xd6,0xb4,0xcc,0xff,0xc8,0x91,0xb0,0xfe,
0xcc,0x99,0xb7,0xff,0xca,0x93,0xb2,0xff,0xe1,0xdf,0xec,0xff,0xea,0xfd,0xff,0xff,0xe7,0xf6,0xfd,0xff,0xe7,0xf6,0xfd,0xff,0xe7,0xf7,0xfe,0xff,0xe7,0xf7,0xfe,0xff,
0xe7,0xf7,0xfe,0xff,0xe7,0xf7,0xfe,0xff,0xe7,0xf7,0xfe,0xff,0xe7,0xf7,0xfe,0xff,0xe7,0xf7,0xfe,0xff,0xe7,0xf7,0xfe,0xff,0xe7,0xf7,0xfe,0xff,0xe7,0xf7,0xfe,0xff,
0xe7,0xf7,0xfe,0xff,0xe7,0xf7,0xfe,0xff,0xe7,0xf7,0xfe,0xff,0xe7,0xf7,0xfe,0xff,0xe7,0xf7,0xfe,0xff,0xe7,0xf7,0xfe,0xff,0xe7,0xf7,0xfe,0xff,0xe7,0xf7,0xfe,0xff,
0xe7,0xf7,0xfe,0xff,0xe7,0xf6,0xfe,0xff,0xe7,0xf6,0xfd,0xff,0xe8,0xf8,0xff,0xff,0xe8,0xf8,0xff,0xff,0xe8,0xf8,0xff,0xff,0xe8,0xf8,0xff,0xff,0xe8,0xf8,0xff,0xff,
0xe8,0xf8,0xff,0xff,0xe7,0xf7,0xff,0xfd,0xf2,0xff,0xff,0xff,0xe7,0xfb,0xff,0x41,0x00,0x00,0x00,0x00,0xff,0xff,0xff,0x03,0x00,0x00,0x00,0x00,0x00,0x00,0x00,0x00,
0x00,0x00,0x00,0x00,0x00,0x00,0x00,0x00,0x00,0x00,0x00,0x00,0x00,0x00,0x00,0x00,0x00,0x00,0x00,0x00,0x00,0x00,0x00,0x00,0x00,0x00,0x00,0x00,0x00,0x00,0x00,0x00,
0x00,0x00,0x00,0x00,0x00,0x00,0x00,0x00,0x00,0x00,0x00,0x00,0x00,0x00,0x00,0x00,0x00,0x00,0x00,0x00,0x00,0x00,0x00,0x00,0x00,0x00,0x00,0x00,0x00,0x00,0x00,0x00,
0x00,0x00,0x00,0x00,0x00,0x00,0x00,0x00,0xff,0xff,0xff,0x01,0x00,0x00,0x00,0x00,0xe1,0xe1,0xf0,0x11,0xe9,0xfc,0xff,0xee,0xd6,0xb4,0xcc,0xff,0xc8,0x91,0xb0,0xfe,
0xcc,0x99,0xb7,0xff,0xca,0x93,0xb2,0xff,0xe1,0xdf,0xec,0xff,0xea,0xfc,0xfe,0xff,0xeb,0xfc,0xff,0xff,0xec,0xff,0xff,0xff,0xeb,0xfd,0xff,0xff,0xeb,0xfe,0xff,0xff,
0xeb,0xfe,0xff,0xff,0xeb,0xfe,0xff,0xff,0xeb,0xfe,0xff,0xff,0xeb,0xfe,0xff,0xff,0xeb,0xfe,0xff,0xff,0xeb,0xfe,0xff,0xff,0xeb,0xfe,0xff,0xff,0xeb,0xfe,0xff,0xff,
0xeb,0xfe,0xff,0xff,0xeb,0xfe,0xff,0xff,0xeb,0xfe,0xff,0xff,0xeb,0xfe,0xff,0xff,0xeb,0xfe,0xff,0xff,0xeb,0xfe,0xff,0xff,0xeb,0xfe,0xff,0xff,0xeb,0xfe,0xff,0xff,
0xeb,0xfd,0xff,0xff,0xeb,0xff,0xff,0xff,0xeb,0xff,0xff,0xff,0xe8,0xf8,0xff,0xff,0xe8,0xf8,0xff,0xff,0xe8,0xf8,0xff,0xff,0xe8,0xf8,0xff,0xff,0xe8,0xf8,0xff,0xff,
0xe8,0xf8,0xff,0xff,0xe7,0xf7,0xff,0xfd,0xf2,0xff,0xff,0xff,0xe7,0xfb,0xff,0x41,0x00,0x00,0x00,0x00,0xff,0xff,0xff,0x03,0x00,0x00,0x00,0x00,0xff,0x00,0xff,0x01,
0xff,0xff,0xff,0x01,0x00,0x00,0x00,0x00,0x00,0x00,0x00,0x00,0x00,0x00,0x00,0x00,0x00,0x00,0x00,0x00,0x00,0x00,0x00,0x00,0x00,0x00,0x00,0x00,0x00,0x00,0x00,0x00,
0x00,0x00,0x00,0x00,0x00,0x00,0x00,0x00,0x00,0x00,0x00,0x00,0x00,0x00,0x00,0x00,0x00,0x00,0x00,0x00,0x00,0x00,0x00,0x00,0x00,0x00,0x00,0x00,0x00,0x00,0x00,0x00,
0x00,0x00,0x00,0x00,0x00,0x00,0x00,0x00,0xff,0xff,0xff,0x01,0x00,0x00,0x00,0x00,0xe1,0xe1,0xf0,0x11,0xe9,0xfc,0xff,0xee,0xd6,0xb4,0xcc,0xff,0xc8,0x91,0xb0,0xfe,
0xcc,0x99,0xb7,0xff,0xca,0x93,0xb2,0xff,0xe0,0xde,0xeb,0xff,0xed,0xff,0xff,0xff,0xd8,0xd5,0xde,0xff,0xd1,0xc8,0xd2,0xff,0xdc,0xe0,0xe7,0xff,0xdb,0xde,0xe6,0xff,
0xdb,0xde,0xe7,0xff,0xdb,0xde,0xe7,0xff,0xdb,0xde,0xe7,0xff,0xdb,0xde,0xe7,0xff,0xdb,0xde,0xe7,0xff,0xdb,0xde,0xe7,0xff,0xdb,0xde,0xe7,0xff,0xdb,0xde,0xe7,0xff,
0xdb,0xde,0xe7,0xff,0xdb,0xde,0xe7,0xff,0xdb,0xde,0xe7,0xff,0xdb,0xde,0xe7,0xff,0xdb,0xde,0xe7,0xff,0xdb,0xde,0xe7,0xff,0xdb,0xde,0xe7,0xff,0xdb,0xdd,0xe6,0xff,
0xdc,0xe0,0xe7,0xff,0xd5,0xd0,0xd9,0xff,0xd2,0xca,0xd5,0xff,0xe9,0xfa,0xff,0xff,0xe9,0xf9,0xff,0xff,0xe8,0xf8,0xff,0xff,0xe8,0xf8,0xff,0xff,0xe8,0xf8,0xff,0xff,
0xe8,0xf8,0xff,0xff,0xe7,0xf7,0xff,0xfd,0xf2,0xff,0xff,0xff,0xe7,0xfb,0xff,0x41,0x00,0x00,0x00,0x00,0xff,0xff,0xff,0x03,0xaa,0xaa,0xff,0x03,0x00,0x00,0x00,0x00,
0x00,0x00,0x00,0x00,0xaa,0xaa,0xff,0x03,0xff,0xff,0xff,0x01,0x00,0x00,0x00,0x00,0x00,0x00,0x00,0x00,0x00,0x00,0x00,0x00,0x00,0x00,0x00,0x00,0x00,0x00,0x00,0x00,
0x00,0x00,0x00,0x00,0x00,0x00,0x00,0x00,0x00,0x00,0x00,0x00,0x00,0x00,0x00,0x00,0x00,0x00,0x00,0x00,0x00,0x00,0x00,0x00,0x00,0x00,0x00,0x00,0x00,0x00,0x00,0x00,
0x00,0x00,0x00,0x00,0x00,0x00,0x00,0x00,0xff,0xff,0xff,0x01,0x00,0x00,0x00,0x00,0xe1,0xe1,0xf0,0x11,0xe9,0xfc,0xff,0xee,0xd6,0xb4,0xcc,0xff,0xc8,0x91,0xb0,0xfe,
0xcc,0x99,0xb7,0xff,0xc9,0x91,0xb1,0xff,0xe3,0xe5,0xf1,0xff,0xd9,0xdb,0xe2,0xff,0xb4,0x8a,0x99,0xff,0xb4,0x8c,0x9b,0xff,0xb6,0x8f,0x9d,0xff,0xb5,0x8f,0x9d,0xff,
0xb5,0x8f,0x9d,0xff,0xb5,0x8f,0x9d,0xff,0xb5,0x8f,0x9d,0xff,0xb5,0x8f,0x9d,0xff,0xb5,0x8f,0x9d,0xff,0xb5,0x8f,0x9d,0xff,0xb5,0x8f,0x9d,0xff,0xb5,0x8f,0x9d,0xff,
0xb5,0x8f,0x9d,0xff,0xb5,0x8f,0x9d,0xff,0xb5,0x8f,0x9d,0xff,0xb5,0x8f,0x9d,0xff,0xb5,0x8f,0x9d,0xff,0xb5,0x8f,0x9d,0xff,0xb5,0x8f,0x9d,0xff,0xb5,0x8f,0x9d,0xff,
0xb6,0x8f,0x9d,0xff,0xb5,0x8e,0x9c,0xff,0xb2,0x87,0x96,0xff,0xcd,0xbf,0xc9,0xff,0xeb,0xfd,0xff,0xff,0xe8,0xf7,0xfe,0xff,0xe8,0xf8,0xff,0xff,0xe8,0xf8,0xff,0xff,
0xe8,0xf8,0xff,0xff,0xe7,0xf7,0xff,0xfd,0xf2,0xff,0xff,0xff,0xe7,0xfb,0xff,0x41,0x00,0x00,0x00,0x00,0xff,0xbf,0xff,0x04,0x00,0x00,0x00,0x00,0x99,0x99,0xe5,0x0a,
0xaf,0x8f,0xef,0x10,0x00,0x00,0x00,0x00,0x00,0x00,0x00,0x00,0x00,0x00,0x00,0x00,0x00,0x00,0x00,0x00,0x00,0x00,0x00,0x00,0x00,0x00,0x00,0x00,0x00,0x00,0x00,0x00,
0x00,0x00,0x00,0x00,0x00,0x00,0x00,0x00,0x00,0x00,0x00,0x00,0x00,0x00,0x00,0x00,0x00,0x00,0x00,0x00,0x00,0x00,0x00,0x00,0x00,0x00,0x00,0x00,0x00,0x00,0x00,0x00,
0x00,0x00,0x00,0x00,0x00,0x00,0x00,0x00,0xff,0xff,0xff,0x01,0x00,0x00,0x00,0x00,0xe1,0xe1,0xf0,0x11,0xe9,0xfc,0xff,0xee,0xd6,0xb4,0xcc,0xff,0xc8,0x91,0xb0,0xfe,
0xcc,0x99,0xb7,0xff,0xc9,0x91,0xb0,0xff,0xe4,0xe7,0xf3,0xff,0xd3,0xce,0xd7,0xff,0xb1,0x85,0x94,0xff,0xb6,0x90,0x9e,0xff,0xb5,0x8d,0x9c,0xff,0xb5,0x8d,0x9c,0xff,
0xb5,0x8d,0x9c,0xff,0xb5,0x8d,0x9c,0xff,0xb5,0x8d,0x9c,0xff,0xb5,0x8d,0x9c,0xff,0xb5,0x8d,0x9c,0xff,0xb5,0x8d,0x9c,0xff,0xb5,0x8d,0x9c,0xff,0xb5,0x8d,0x9c,0xff,
0xb5,0x8d,0x9c,0xff,0xb5,0x8d,0x9c,0xff,0xb5,0x8d,0x9c,0xff,0xb5,0x8d,0x9c,0xff,0xb5,0x8d,0x9c,0xff,0xb5,0x8d,0x9c,0xff,0xb5,0x8d,0x9c,0xff,0xb5,0x8d,0x9c,0xff,
0xb5,0x8d,0x9c,0xff,0xb6,0x8f,0x9e,0xff,0xb2,0x87,0x96,0xff,0xc5,0xaf,0xbb,0xff,0xeb,0xfe,0xff,0xff,0xe8,0xf7,0xfe,0xff,0xe8,0xf8,0xff,0xff,0xe8,0xf8,0xff,0xff,
0xe8,0xf8,0xff,0xff,0xe7,0xf7,0xff,0xfd,0xf2,0xff,0xff,0xff,0xe7,0xfb,0xff,0x42,0xff,0xff,0xff,0x01,0x00,0x00,0x00,0x00,0xa6,0x92,0xea,0x7c,0xa7,0x93,0xeb,0xe3,
0xa6,0x92,0xeb,0xed,0xa8,0x93,0xed,0x9d,0xa5,0x8c,0xe5,0x14,0xff,0x00,0xff,0x01,0xff,0xff,0xff,0x01,0x00,0x00,0x00,0x00,0x00,0x00,0x00,0x00,0x00,0x00,0x00,0x00,
0x00,0x00,0x00,0x00,0x00,0x00,0x00,0x00,0x00,0x00,0x00,0x00,0x00,0x00,0x00,0x00,0x00,0x00,0x00,0x00,0x00,0x00,0x00,0x00,0x00,0x00,0x00,0x00,0x00,0x00,0x00,0x00,
0x00,0x00,0x00,0x00,0x00,0x00,0x00,0x00,0xff,0xff,0xff,0x01,0x00,0x00,0x00,0x00,0xe1,0xe1,0xf0,0x11,0xe9,0xfc,0xff,0xee,0xd6,0xb4,0xcc,0xff,0xc8,0x91,0xb0,0xfe,
0xcc,0x99,0xb7,0xff,0xca,0x93,0xb2,0xff,0xe1,0xdf,0xec,0xff,0xea,0xfd,0xff,0xff,0xcd,0xbf,0xca,0xff,0xc2,0xa8,0xb5,0xff,0xc4,0xad,0xb9,0xff,0xc4,0xac,0xb8,0xff,
0xc4,0xac,0xb8,0xff,0xc4,0xac,0xb8,0xff,0xc4,0xac,0xb8,0xff,0xc4,0xac,0xb8,0xff,0xc4,0xac,0xb8,0xff,0xc4,0xac,0xb8,0xff,0xc4,0xac,0xb8,0xff,0xc4,0xac,0xb8,0xff,
0xc4,0xac,0xb8,0xff,0xc4,0xac,0xb8,0xff,0xc4,0xac,0xb8,0xff,0xc4,0xac,0xb8,0xff,0xc4,0xac,0xb8,0xff,0xc4,0xac,0xb8,0xff,0xc4,0xac,0xb8,0xff,0xc4,0xac,0xb8,0xff,
0xc4,0xac,0xb9,0xff,0xc3,0xab,0xb7,0xff,0xc7,0xb3,0xbe,0xff,0xe5,0xf1,0xf8,0xff,0xe9,0xfa,0xff,0xff,0xe8,0xf8,0xff,0xff,0xe8,0xf8,0xff,0xff,0xe8,0xf8,0xff,0xff,
0xe8,0xf8,0xff,0xff,0xe7,0xf7,0xff,0xfd,0xf3,0xff,0xff,0xff,0xe7,0xf7,0xff,0x42,0x00,0x00,0x00,0x00,0xa5,0x92,0xe8,0x9d,0xb4,0x9e,0xfd,0xff,0xa7,0x93,0xeb,0xff,
0xa5,0x90,0xe8,0xff,0xb6,0xa0,0xff,0xff,0xa2,0x8f,0xe6,0xb9,0x7f,0x7f,0xff,0x02,0xff,0x7f,0xff,0x02,0x00,0x00,0x00,0x00,0x00,0x00,0x00,0x00,0x00,0x00,0x00,0x00,
0x00,0x00,0x00,0x00,0x00,0x00,0x00,0x00,0x00,0x00,0x00,0x00,0x00,0x00,0x00,0x00,0x00,0x00,0x00,0x00,0x00,0x00,0x00,0x00,0x00,0x00,0x00,0x00,0x00,0x00,0x00,0x00,
0x00,0x00,0x00,0x00,0x00,0x00,0x00,0x00,0xff,0xff,0xff,0x01,0x00,0x00,0x00,0x00,0xe1,0xe1,0xf0,0x11,0xe9,0xfc,0xff,0xee,0xd6,0xb4,0xcc,0xff,0xc8,0x91,0xb0,0xfe,
0xcc,0x99,0xb7,0xff,0xca,0x93,0xb2,0xff,0xe1,0xdf,0xec,0xff,0xea,0xfd,0xff,0xff,0xeb,0xfc,0xff,0xff,0xea,0xfd,0xff,0xff,0xea,0xfd,0xff,0xff,0xea,0xfd,0xff,0xff,
0xea,0xfd,0xff,0xff,0xea,0xfd,0xff,0xff,0xea,0xfd,0xff,0xff,0xea,0xfd,0xff,0xff,0xea,0xfd,0xff,0xff,0xea,0xfd,0xff,0xff,0xea,0xfd,0xff,0xff,0xea,0xfd,0xff,0xff,
0xea,0xfd,0xff,0xff,0xea,0xfd,0xff,0xff,0xea,0xfd,0xff,0xff,0xea,0xfd,0xff,0xff,0xea,0xfd,0xff,0xff,0xea,0xfd,0xff,0xff,0xea,0xfd,0xff,0xff,0xea,0xfd,0xff,0xff,
0xea,0xfd,0xff,0xff,0xea,0xfc,0xff,0xff,0xeb,0xfe,0xff,0xff,0xe9,0xfa,0xff,0xff,0xe8,0xf8,0xff,0xff,0xe8,0xf8,0xff,0xff,0xe8,0xf8,0xff,0xff,0xe8,0xf8,0xff,0xff,
0xe8,0xf8,0xff,0xff,0xe7,0xf7,0xff,0xfd,0xf3,0xfe,0xff,0xff,0xff,0xff,0xff,0x31,0x9c,0x86,0xe3,0x89,0xb5,0x9f,0xfe,0xff,0xa3,0x8f,0xe6,0xfa,0xa4,0x90,0xe6,0xfd,
0xa3,0x8f,0xe6,0xfe,0xa4,0x8f,0xe7,0xfa,0xaa,0x95,0xef,0xff,0xa5,0x92,0xe7,0x36,0x00,0x00,0x00,0x00,0xaa,0xaa,0xff,0x03,0x00,0x00,0x00,0x00,0x00,0x00,0x00,0x00,
0x00,0x00,0x00,0x00,0x00,0x00,0x00,0x00,0x00,0x00,0x00,0x00,0x00,0x00,0x00,0x00,0x00,0x00,0x00,0x00,0x00,0x00,0x00,0x00,0x00,0x00,0x00,0x00,0x00,0x00,0x00,0x00,
0x00,0x00,0x00,0x00,0x00,0x00,0x00,0x00,0xff,0xff,0xff,0x01,0x00,0x00,0x00,0x00,0xe1,0xe1,0xf0,0x11,0xe9,0xfc,0xff,0xee,0xd6,0xb4,0xcc,0xff,0xc8,0x91,0xb0,0xfe,
0xcc,0x99,0xb7,0xff,0xca,0x93,0xb2,0xff,0xe1,0xdf,0xec,0xff,0xea,0xfd,0xff,0xff,0xe7,0xf6,0xfd,0xff,0xe8,0xf7,0xfe,0xff,0xe8,0xf7,0xfe,0xff,0xe8,0xf7,0xfe,0xff,
0xe8,0xf7,0xfe,0xff,0xe8,0xf7,0xfe,0xff,0xe8,0xf7,0xfe,0xff,0xe8,0xf7,0xfe,0xff,0xe8,0xf7,0xfe,0xff,0xe8,0xf7,0xfe,0xff,0xe8,0xf7,0xfe,0xff,0xe8,0xf7,0xfe,0xff,
0xe8,0xf7,0xfe,0xff,0xe8,0xf7,0xfe,0xff,0xe8,0xf7,0xfe,0xff,0xe8,0xf7,0xfe,0xff,0xe8,0xf7,0xfe,0xff,0xe8,0xf7,0xfe,0xff,0xe8,0xf7,0xfe,0xff,0xe8,0xf7,0xfe,0xff,
0xe8,0xf7,0xfe,0xff,0xe8,0xf7,0xfe,0xff,0xe7,0xf7,0xfe,0xff,0xe8,0xf7,0xff,0xff,0xe8,0xf8,0xff,0xff,0xe8,0xf8,0xff,0xff,0xe8,0xf8,0xff,0xff,0xe8,0xf8,0xff,0xff,
0xe8,0xf8,0xff,0xff,0xe7,0xf6,0xff,0xff,0xee,0xff,0xff,0xfd,0xbd,0xb7,0xef,0xa7,0xa3,0x8c,0xea,0xff,0xa5,0x92,0xe9,0xfc,0xa4,0x90,0xe7,0xff,0xa4,0x90,0xe7,0xff,
0xa4,0x90,0xe7,0xff,0xa2,0x8f,0xe6,0xfb,0xac,0x97,0xf2,0xff,0xa2,0x8e,0xe7,0x42,0x00,0x00,0x00,0x00,0xaa,0xaa,0xff,0x03,0x00,0x00,0x00,0x00,0x00,0x00,0x00,0x00,
0x00,0x00,0x00,0x00,0x00,0x00,0x00,0x00,0x00,0x00,0x00,0x00,0x00,0x00,0x00,0x00,0x00,0x00,0x00,0x00,0x00,0x00,0x00,0x00,0x00,0x00,0x00,0x00,0x00,0x00,0x00,0x00,
0x00,0x00,0x00,0x00,0x00,0x00,0x00,0x00,0xff,0xff,0xff,0x01,0x00,0x00,0x00,0x00,0xe1,0xe1,0xf0,0x11,0xe9,0xfc,0xff,0xee,0xd6,0xb4,0xcc,0xff,0xc8,0x91,0xb0,0xfe,
0xcc,0x99,0xb7,0xff,0xca,0x93,0xb2,0xff,0xe1,0xdf,0xec,0xff,0xea,0xfd,0xff,0xff,0xe8,0xf7,0xfe,0xff,0xe8,0xf8,0xff,0xff,0xe8,0xf8,0xff,0xff,0xe8,0xf8,0xff,0xff,
0xe8,0xf8,0xff,0xff,0xe8,0xf8,0xff,0xff,0xe8,0xf8,0xff,0xff,0xe8,0xf8,0xff,0xff,0xe8,0xf8,0xff,0xff,0xe8,0xf8,0xff,0xff,0xe8,0xf8,0xff,0xff,0xe8,0xf8,0xff,0xff,
0xe8,0xf8,0xff,0xff,0xe8,0xf8,0xff,0xff,0xe8,0xf8,0xff,0xff,0xe8,0xf8,0xff,0xff,0xe8,0xf8,0xff,0xff,0xe8,0xf8,0xff,0xff,0xe8,0xf8,0xff,0xff,0xe8,0xf8,0xff,0xff,
0xe8,0xf8,0xff,0xff,0xe8,0xf8,0xff,0xff,0xe8,0xf8,0xff,0xff,0xe8,0xf8,0xff,0xff,0xe8,0xf8,0xff,0xff,0xe8,0xf8,0xff,0xff,0xe8,0xf8,0xff,0xff,0xe8,0xf8,0xff,0xff,
0xe7,0xf7,0xff,0xff,0xee,0xff,0xff,0xff,0xcd,0xcf,0xf5,0xff,0xa9,0x94,0xf0,0xff,0xa4,0x90,0xe6,0xfe,0xa4,0x90,0xe7,0xff,0xa4,0x90,0xe7,0xff,0xa4,0x90,0xe7,0xff,
0xa2,0x8f,0xe5,0xfb,0xb0,0x9a,0xf7,0xff,0xa4,0x91,0xe7,0xda,0xa2,0x8b,0xe7,0x0b,0xff,0xff,0xff,0x01,0xff,0xff,0xff,0x01,0x00,0x00,0x00,0x00,0x00,0x00,0x00,0x00,
0x00,0x00,0x00,0x00,0x00,0x00,0x00,0x00,0x00,0x00,0x00,0x00,0x00,0x00,0x00,0x00,0x00,0x00,0x00,0x00,0x00,0x00,0x00,0x00,0x00,0x00,0x00,0x00,0x00,0x00,0x00,0x00,
0x00,0x00,0x00,0x00,0x00,0x00,0x00,0x00,0xff,0xff,0xff,0x01,0x00,0x00,0x00,0x00,0xe1,0xe1,0xf0,0x11,0xe9,0xfc,0xff,0xee,0xd6,0xb4,0xcc,0xff,0xc8,0x91,0xb0,0xfe,
0xcc,0x99,0xb7,0xff,0xca,0x93,0xb2,0xff,0xe1,0xdf,0xec,0xff,0xea,0xfd,0xff,0xff,0xe8,0xf7,0xfe,0xff,0xe8,0xf8,0xff,0xff,0xe8,0xf8,0xff,0xff,0xe8,0xf8,0xff,0xff,
0xe8,0xf8,0xff,0xff,0xe8,0xf8,0xff,0xff,0xe8,0xf8,0xff,0xff,0xe8,0xf8,0xff,0xff,0xe8,0xf8,0xff,0xff,0xe8,0xf8,0xff,0xff,0xe8,0xf8,0xff,0xff,0xe8,0xf8,0xff,0xff,
0xe8,0xf8,0xff,0xff,0xe8,0xf8,0xff,0xff,0xe8,0xf8,0xff,0xff,0xe8,0xf8,0xff,0xff,0xe8,0xf8,0xff,0xff,0xe8,0xf8,0xff,0xff,0xe8,0xf8,0xff,0xff,0xe8,0xf8,0xff,0xff,
0xe8,0xf8,0xff,0xff,0xe8,0xf8,0xff,0xff,0xe8,0xf8,0xff,0xff,0xe8,0xf8,0xff,0xff,0xe8,0xf8,0xff,0xff,0xe8,0xf8,0xff,0xff,0xe8,0xf8,0xff,0xff,0xe7,0xf6,0xff,0xff,
0xec,0xff,0xff,0xff,0xce,0xd0,0xf6,0xff,0xa0,0x8a,0xe6,0xff,0xa3,0x8f,0xe6,0xfd,0xa4,0x90,0xe7,0xff,0xa4,0x90,0xe7,0xff,0xa4,0x90,0xe7,0xff,0xa2,0x8f,0xe4,0xfd,
0xaa,0x96,0xf0,0xff,0xa9,0x95,0xee,0xda,0xa3,0x8b,0xe2,0x35,0x00,0x00,0x00,0x00,0xff,0x7f,0xff,0x02,0x00,0x00,0x00,0x00,0x00,0x00,0x00,0x00,0x00,0x00,0x00,0x00,
0x00,0x00,0x00,0x00,0x00,0x00,0x00,0x00,0x00,0x00,0x00,0x00,0x00,0x00,0x00,0x00,0x00,0x00,0x00,0x00,0x00,0x00,0x00,0x00,0x00,0x00,0x00,0x00,0x00,0x00,0x00,0x00,
0x00,0x00,0x00,0x00,0x00,0x00,0x00,0x00,0xff,0xff,0xff,0x01,0x00,0x00,0x00,0x00,0xe1,0xe1,0xf0,0x11,0xe9,0xfc,0xff,0xee,0xd6,0xb4,0xcc,0xff,0xc8,0x91,0xb0,0xfe,
0xcc,0x99,0xb7,0xff,0xca,0x93,0xb2,0xff,0xe1,0xdf,0xec,0xff,0xea,0xfd,0xff,0xff,0xe7,0xf6,0xfd,0xff,0xe7,0xf6,0xfd,0xff,0xe7,0xf7,0xfe,0xff,0xe7,0xf7,0xfe,0xff,
0xe7,0xf7,0xfe,0xff,0xe7,0xf7,0xfe,0xff,0xe7,0xf7,0xfe,0xff,0xe7,0xf7,0xfe,0xff,0xe7,0xf7,0xfe,0xff,0xe7,0xf7,0xfe,0xff,0xe7,0xf7,0xfe,0xff,0xe7,0xf7,0xfe,0xff,
0xe7,0xf7,0xfe,0xff,0xe7,0xf7,0xfe,0xff,0xe7,0xf7,0xfe,0xff,0xe7,0xf7,0xfe,0xff,0xe7,0xf7,0xfe,0xff,0xe7,0xf7,0xfe,0xff,0xe7,0xf7,0xfe,0xff,0xe7,0xf7,0xfe,0xff,
0xe7,0xf7,0xfe,0xff,0xe7,0xf6,0xfe,0xff,0xe7,0xf6,0xfd,0xff,0xe8,0xf8,0xff,0xff,0xe8,0xf8,0xff,0xff,0xe8,0xf8,0xff,0xff,0xe6,0xf5,0xff,0xff,0xee,0xff,0xff,0xff,
0xd3,0xd7,0xf7,0xff,0xa0,0x89,0xe6,0xff,0xa4,0x90,0xe7,0xff,0xa4,0x91,0xe7,0xff,0xa4,0x90,0xe7,0xff,0xa4,0x90,0xe7,0xff,0xa2,0x8e,0xe5,0xfc,0xac,0x97,0xf2,0xff,
0xa7,0x92,0xeb,0xd2,0x9b,0x8d,0xd4,0x12,0x00,0x00,0x00,0x00,0x7f,0x7f,0xff,0x02,0x00,0x00,0x00,0x00,0x00,0x00,0x00,0x00,0x00,0x00,0x00,0x00,0x00,0x00,0x00,0x00,
0x00,0x00,0x00,0x00,0x00,0x00,0x00,0x00,0x00,0x00,0x00,0x00,0x00,0x00,0x00,0x00,0x00,0x00,0x00,0x00,0x00,0x00,0x00,0x00,0x00,0x00,0x00,0x00,0x00,0x00,0x00,0x00,
0x00,0x00,0x00,0x00,0x00,0x00,0x00,0x00,0xff,0xff,0xff,0x01,0x00,0x00,0x00,0x00,0xe1,0xe1,0xf0,0x11,0xe9,0xfc,0xff,0xee,0xd6,0xb4,0xcc,0xff,0xc8,0x91,0xb0,0xfe,
0xcc,0x99,0xb7,0xff,0xca,0x93,0xb2,0xff,0xe1,0xdf,0xec,0xff,0xea,0xfc,0xfe,0xff,0xeb,0xfc,0xff,0xff,0xec,0xff,0xff,0xff,0xeb,0xfd,0xff,0xff,0xeb,0xfe,0xff,0xff,
0xeb,0xfe,0xff,0xff,0xeb,0xfe,0xff,0xff,0xeb,0xfe,0xff,0xff,0xeb,0xfe,0xff,0xff,0xeb,0xfe,0xff,0xff,0xeb,0xfe,0xff,0xff,0xeb,0xfe,0xff,0xff,0xeb,0xfe,0xff,0xff,
0xeb,0xfe,0xff,0xff,0xeb,0xfe,0xff,0xff,0xeb,0xfe,0xff,0xff,0xeb,0xfe,0xff,0xff,0xeb,0xfe,0xff,0xff,0xeb,0xfe,0xff,0xff,0xeb,0xfe,0xff,0xff,0xeb,0xfe,0xff,0xff,
0xeb,0xfd,0xff,0xff,0xeb,0xff,0xff,0xff,0xeb,0xff,0xff,0xff,0xe8,0xf8,0xff,0xff,0xe8,0xf8,0xff,0xff,0xe7,0xf6,0xff,0xff,0xec,0xff,0xff,0xff,0xdc,0xe5,0xfa,0xff,
0xa6,0x93,0xe8,0xff,0xa3,0x8e,0xe7,0xff,0xa5,0x91,0xe7,0xff,0xa4,0x90,0xe7,0xff,0xa4,0x90,0xe7,0xff,0xa2,0x8f,0xe5,0xfd,0xa9,0x94,0xee,0xff,0xa9,0x94,0xee,0xee,
0x9e,0x8d,0xe2,0x2d,0x00,0x00,0x00,0x00,0xbf,0x7f,0xff,0x04,0x00,0x00,0x00,0x00,0x00,0x00,0x00,0x00,0x00,0x00,0x00,0x00,0x00,0x00,0x00,0x00,0x00,0x00,0x00,0x00,
0x00,0x00,0x00,0x00,0x00,0x00,0x00,0x00,0x00,0x00,0x00,0x00,0x00,0x00,0x00,0x00,0x00,0x00,0x00,0x00,0x00,0x00,0x00,0x00,0x00,0x00,0x00,0x00,0x00,0x00,0x00,0x00,
0x00,0x00,0x00,0x00,0x00,0x00,0x00,0x00,0xff,0xff,0xff,0x01,0x00,0x00,0x00,0x00,0xe1,0xe1,0xf0,0x11,0xe9,0xfc,0xff,0xee,0xd6,0xb4,0xcc,0xff,0xc8,0x91,0xb0,0xfe,
0xcc,0x99,0xb7,0xff,0xca,0x93,0xb2,0xff,0xe0,0xde,0xeb,0xff,0xed,0xff,0xff,0xff,0xd8,0xd5,0xde,0xff,0xd1,0xc8,0xd2,0xff,0xdc,0xe0,0xe7,0xff,0xdb,0xde,0xe6,0xff,
0xdb,0xde,0xe7,0xff,0xdb,0xde,0xe7,0xff,0xdb,0xde,0xe7,0xff,0xdb,0xde,0xe7,0xff,0xdb,0xde,0xe7,0xff,0xdb,0xde,0xe7,0xff,0xdb,0xde,0xe7,0xff,0xdb,0xde,0xe7,0xff,
0xdb,0xde,0xe7,0xff,0xdb,0xde,0xe7,0xff,0xdb,0xde,0xe7,0xff,0xdb,0xde,0xe7,0xff,0xdb,0xde,0xe7,0xff,0xdb,0xde,0xe7,0xff,0xdb,0xde,0xe7,0xff,0xdb,0xdd,0xe6,0xff,
0xdc,0xe0,0xe7,0xff,0xd5,0xd0,0xd9,0xff,0xd2,0xca,0xd5,0xff,0xe9,0xfa,0xff,0xff,0xe7,0xf7,0xff,0xff,0xec,0xfe,0xff,0xff,0xdc,0xe5,0xfa,0xff,0xa6,0x93,0xe8,0xff,
0xa2,0x8d,0xe6,0xff,0xa5,0x91,0xe7,0xff,0xa4,0x90,0xe7,0xff,0xa4,0x90,0xe7,0xff,0xa3,0x8f,0xe5,0xfd,0xa9,0x94,0xee,0xff,0xa9,0x94,0xee,0xee,0x9e,0x8b,0xe2,0x35,
0x00,0x00,0x00,0x00,0xaa,0xaa,0xff,0x03,0x00,0x00,0x00,0x00,0x00,0x00,0x00,0x00,0x00,0x00,0x00,0x00,0x00,0x00,0x00,0x00,0x00,0x00,0x00,0x00,0x00,0x00,0x00,0x00,
0x00,0x00,0x00,0x00,0x00,0x00,0x00,0x00,0x00,0x00,0x00,0x00,0x00,0x00,0x00,0x00,0x00,0x00,0x00,0x00,0x00,0x00,0x00,0x00,0x00,0x00,0x00,0x00,0x00,0x00,0x00,0x00,
0x00,0x00,0x00,0x00,0x00,0x00,0x00,0x00,0xff,0xff,0xff,0x01,0x00,0x00,0x00,0x00,0xe1,0xe1,0xf0,0x11,0xe9,0xfc,0xff,0xee,0xd6,0xb4,0xcc,0xff,0xc8,0x91,0xb0,0xfe,
0xcc,0x99,0xb7,0xff,0xc9,0x91,0xb1,0xff,0xe3,0xe5,0xf1,0xff,0xd9,0xdb,0xe2,0xff,0xb4,0x8a,0x99,0xff,0xb4,0x8c,0x9b,0xff,0xb6,0x8f,0x9d,0xff,0xb5,0x8f,0x9d,0xff,
0xb5,0x8f,0x9d,0xff,0xb5,0x8f,0x9d,0xff,0xb5,0x8f,0x9d,0xff,0xb5,0x8f,0x9d,0xff,0xb5,0x8f,0x9d,0xff,0xb5,0x8f,0x9d,0xff,0xb5,0x8f,0x9d,0xff,0xb5,0x8f,0x9d,0xff,
0xb5,0x8f,0x9d,0xff,0xb5,0x8f,0x9d,0xff,0xb5,0x8f,0x9d,0xff,0xb5,0x8f,0x9d,0xff,0xb5,0x8f,0x9d,0xff,0xb5,0x8f,0x9d,0xff,0xb5,0x8f,0x9d,0xff,0xb5,0x8f,0x9d,0xff,
0xb6,0x8f,0x9d,0xff,0xb5,0x8e,0x9c,0xff,0xb2,0x87,0x96,0xff,0xcb,0xbd,0xc9,0xff,0xed,0xff,0xff,0xff,0xdb,0xe3,0xf9,0xff,0xa6,0x93,0xe8,0xff,0xa2,0x8d,0xe6,0xff,
0xa5,0x91,0xe7,0xff,0xa4,0x90,0xe7,0xff,0xa4,0x90,0xe7,0xff,0xa3,0x8f,0xe6,0xfd,0xa8,0x93,0xec,0xfd,0xaa,0x95,0xee,0xed,0x9e,0x8b,0xe2,0x35,0x00,0x00,0x00,0x00,
0xbf,0x7f,0xff,0x04,0x00,0x00,0x00,0x00,0x00,0x00,0x00,0x00,0x00,0x00,0x00,0x00,0x00,0x00,0x00,0x00,0x00,0x00,0x00,0x00,0x00,0x00,0x00,0x00,0x00,0x00,0x00,0x00,
0x00,0x00,0x00,0x00,0x00,0x00,0x00,0x00,0x00,0x00,0x00,0x00,0x00,0x00,0x00,0x00,0x00,0x00,0x00,0x00,0x00,0x00,0x00,0x00,0x00,0x00,0x00,0x00,0x00,0x00,0x00,0x00,
0x00,0x00,0x00,0x00,0x00,0x00,0x00,0x00,0xff,0xff,0xff,0x01,0x00,0x00,0x00,0x00,0xe1,0xe1,0xf0,0x11,0xe9,0xfc,0xff,0xee,0xd6,0xb4,0xcc,0xff,0xc8,0x91,0xb0,0xfe,
0xcc,0x99,0xb7,0xff,0xc9,0x91,0xb0,0xff,0xe4,0xe7,0xf3,0xff,0xd3,0xce,0xd7,0xff,0xb1,0x85,0x94,0xff,0xb6,0x90,0x9e,0xff,0xb5,0x8d,0x9c,0xff,0xb5,0x8d,0x9c,0xff,
0xb5,0x8d,0x9c,0xff,0xb5,0x8d,0x9c,0xff,0xb5,0x8d,0x9c,0xff,0xb5,0x8d,0x9c,0xff,0xb5,0x8d,0x9c,0xff,0xb5,0x8d,0x9c,0xff,0xb5,0x8d,0x9c,0xff,0xb5,0x8d,0x9c,0xff,
0xb5,0x8d,0x9c,0xff,0xb5,0x8d,0x9c,0xff,0xb5,0x8d,0x9c,0xff,0xb5,0x8d,0x9c,0xff,0xb5,0x8d,0x9c,0xff,0xb5,0x8d,0x9c,0xff,0xb5,0x8d,0x9c,0xff,0xb5,0x8d,0x9c,0xff,
0xb5,0x8d,0x9c,0xff,0xb6,0x8f,0x9e,0xff,0xb1,0x86,0x96,0xff,0xc8,0xb3,0xbc,0xff,0xe6,0xf6,0xff,0xff,0xa8,0x95,0xe7,0xff,0xa2,0x8c,0xe6,0xff,0xa5,0x91,0xe7,0xff,
0xa4,0x90,0xe7,0xff,0xa4,0x90,0xe7,0xff,0xa3,0x8f,0xe6,0xfe,0xa6,0x92,0xea,0xfd,0xa8,0x94,0xed,0xfe,0x9c,0x8a,0xdf,0x39,0x00,0x00,0x00,0x00,0xbf,0xbf,0xff,0x04,
0x00,0x00,0x00,0x00,0x00,0x00,0x00,0x00,0x00,0x00,0x00,0x00,0x00,0x00,0x00,0x00,0x00,0x00,0x00,0x00,0x00,0x00,0x00,0x00,0x00,0x00,0x00,0x00,0x00,0x00,0x00,0x00,
0x00,0x00,0x00,0x00,0x00,0x00,0x00,0x00,0x00,0x00,0x00,0x00,0x00,0x00,0x00,0x00,0x00,0x00,0x00,0x00,0x00,0x00,0x00,0x00,0x00,0x00,0x00,0x00,0x00,0x00,0x00,0x00,
0x00,0x00,0x00,0x00,0x00,0x00,0x00,0x00,0xff,0xff,0xff,0x01,0x00,0x00,0x00,0x00,0xe1,0xe1,0xf0,0x11,0xe9,0xfc,0xff,0xee,0xd6,0xb4,0xcc,0xff,0xc8,0x91,0xb0,0xfe,
0xcc,0x99,0xb7,0xff,0xca,0x93,0xb2,0xff,0xe1,0xdf,0xec,0xff,0xea,0xfd,0xff,0xff,0xcd,0xbf,0xca,0xff,0xc2,0xa8,0xb5,0xff,0xc4,0xad,0xb9,0xff,0xc4,0xac,0xb8,0xff,
0xc4,0xac,0xb8,0xff,0xc4,0xac,0xb8,0xff,0xc4,0xac,0xb8,0xff,0xc4,0xac,0xb8,0xff,0xc4,0xac,0xb8,0xff,0xc4,0xac,0xb8,0xff,0xc4,0xac,0xb8,0xff,0xc4,0xac,0xb8,0xff,
0xc4,0xac,0xb8,0xff,0xc4,0xac,0xb8,0xff,0xc4,0xac,0xb8,0xff,0xc4,0xac,0xb8,0xff,0xc4,0xac,0xb8,0xff,0xc4,0xac,0xb8,0xff,0xc4,0xac,0xb8,0xff,0xc4,0xac,0xb8,0xff,
0xc4,0xad,0xb9,0xff,0xc2,0xa9,0xb7,0xff,0xc9,0xb6,0xbf,0xff,0xe3,0xee,0xf7,0xff,0xb2,0xa6,0xee,0xff,0xa1,0x8b,0xe5,0xff,0xa5,0x92,0xe7,0xff,0xa4,0x90,0xe7,0xff,
0xa4,0x90,0xe7,0xff,0xa4,0x90,0xe7,0xff,0xa5,0x91,0xe7,0xfd,0xaa,0x95,0xf1,0xff,0xa1,0x8d,0xe3,0x65,0x00,0x00,0x00,0x00,0xbf,0xbf,0xff,0x04,0x00,0x00,0x00,0x00,
0x00,0x00,0x00,0x00,0x00,0x00,0x00,0x00,0x00,0x00,0x00,0x00,0x00,0x00,0x00,0x00,0x00,0x00,0x00,0x00,0x00,0x00,0x00,0x00,0x00,0x00,0x00,0x00,0x00,0x00,0x00,0x00,
0x00,0x00,0x00,0x00,0x00,0x00,0x00,0x00,0x00,0x00,0x00,0x00,0x00,0x00,0x00,0x00,0x00,0x00,0x00,0x00,0x00,0x00,0x00,0x00,0x00,0x00,0x00,0x00,0x00,0x00,0x00,0x00,
0x00,0x00,0x00,0x00,0x00,0x00,0x00,0x00,0xff,0xff,0xff,0x01,0x00,0x00,0x00,0x00,0xe1,0xe1,0xf0,0x11,0xe9,0xfc,0xff,0xee,0xd6,0xb4,0xcc,0xff,0xc8,0x91,0xb0,0xfe,
0xcc,0x99,0xb7,0xff,0xca,0x93,0xb2,0xff,0xe1,0xdf,0xec,0xff,0xea,0xfd,0xff,0xff,0xeb,0xfc,0xff,0xff,0xea,0xfd,0xff,0xff,0xea,0xfd,0xff,0xff,0xea,0xfd,0xff,0xff,
0xea,0xfd,0xff,0xff,0xea,0xfd,0xff,0xff,0xea,0xfd,0xff,0xff,0xea,0xfd,0xff,0xff,0xea,0xfd,0xff,0xff,0xea,0xfd,0xff,0xff,0xea,0xfd,0xff,0xff,0xea,0xfd,0xff,0xff,
0xea,0xfd,0xff,0xff,0xea,0xfd,0xff,0xff,0xea,0xfd,0xff,0xff,0xea,0xfd,0xff,0xff,0xea,0xfd,0xff,0xff,0xea,0xfd,0xff,0xff,0xea,0xfd,0xff,0xff,0xea,0xfd,0xff,0xff,
0xe9,0xfc,0xff,0xff,0xec,0xff,0xff,0xff,0xe9,0xfa,0xff,0xff,0xb1,0xa5,0xed,0xff,0x9f,0x89,0xe5,0xff,0xa5,0x92,0xe7,0xff,0xa4,0x90,0xe7,0xff,0xa4,0x90,0xe7,0xff,
0xa4,0x90,0xe7,0xff,0xa2,0x8e,0xe6,0xfc,0xad,0x98,0xf4,0xff,0xaa,0x9d,0xe8,0x73,0x00,0x00,0x00,0x00,0xbf,0xbf,0xff,0x04,0x00,0x00,0x00,0x00,0x00,0x00,0x00,0x00,
0x00,0x00,0x00,0x00,0x00,0x00,0x00,0x00,0x00,0x00,0x00,0x00,0x00,0x00,0x00,0x00,0x00,0x00,0x00,0x00,0x00,0x00,0x00,0x00,0x00,0x00,0x00,0x00,0x00,0x00,0x00,0x00,
0x00,0x00,0x00,0x00,0x00,0x00,0x00,0x00,0x00,0x00,0x00,0x00,0x00,0x00,0x00,0x00,0x00,0x00,0x00,0x00,0x00,0x00,0x00,0x00,0x00,0x00,0x00,0x00,0x00,0x00,0x00,0x00,
0x00,0x00,0x00,0x00,0x00,0x00,0x00,0x00,0xff,0xff,0xff,0x01,0x00,0x00,0x00,0x00,0xe1,0xe1,0xf0,0x11,0xe9,0xfc,0xff,0xee,0xd6,0xb4,0xcc,0xff,0xc8,0x91,0xb0,0xfe,
0xcc,0x99,0xb7,0xff,0xca,0x93,0xb2,0xff,0xe1,0xdf,0xec,0xff,0xea,0xfd,0xff,0xff,0xe7,0xf6,0xfd,0xff,0xe8,0xf7,0xfe,0xff,0xe8,0xf7,0xfe,0xff,0xe8,0xf7,0xfe,0xff,
0xe8,0xf7,0xfe,0xff,0xe8,0xf7,0xfe,0xff,0xe8,0xf7,0xfe,0xff,0xe8,0xf7,0xfe,0xff,0xe8,0xf7,0xfe,0xff,0xe8,0xf7,0xfe,0xff,0xe8,0xf7,0xfe,0xff,0xe8,0xf7,0xfe,0xff,
0xe8,0xf7,0xfe,0xff,0xe8,0xf7,0xfe,0xff,0xe8,0xf7,0xfe,0xff,0xe8,0xf7,0xfe,0xff,0xe8,0xf7,0xfe,0xff,0xe8,0xf7,0xfe,0xff,0xe8,0xf7,0xfe,0xff,0xe7,0xf6,0xfe,0xff,
0xe8,0xf9,0xfe,0xff,0xe6,0xf3,0xfc,0xff,0xb0,0xa2,0xeb,0xff,0x9f,0x89,0xe5,0xff,0xa5,0x92,0xe7,0xff,0xa4,0x90,0xe7,0xff,0xa4,0x90,0xe7,0xff,0xa4,0x90,0xe7,0xff,
0xa5,0x91,0xe7,0xff,0xa0,0x8b,0xe5,0xfd,0xd8,0xda,0xfd,0xff,0xff,0xff,0xff,0x38,0x7f,0x7f,0xff,0x02,0xff,0xff,0xff,0x03,0x00,0x00,0x00,0x00,0x00,0x00,0x00,0x00,
0x00,0x00,0x00,0x00,0x00,0x00,0x00,0x00,0x00,0x00,0x00,0x00,0x00,0x00,0x00,0x00,0x00,0x00,0x00,0x00,0x00,0x00,0x00,0x00,0x00,0x00,0x00,0x00,0x00,0x00,0x00,0x00,
0x00,0x00,0x00,0x00,0x00,0x00,0x00,0x00,0x00,0x00,0x00,0x00,0x00,0x00,0x00,0x00,0x00,0x00,0x00,0x00,0x00,0x00,0x00,0x00,0x00,0x00,0x00,0x00,0x00,0x00,0x00,0x00,
0x00,0x00,0x00,0x00,0x00,0x00,0x00,0x00,0xff,0xff,0xff,0x01,0x00,0x00,0x00,0x00,0xe1,0xe1,0xf0,0x11,0xe9,0xfc,0xff,0xee,0xd6,0xb4,0xcc,0xff,0xc8,0x91,0xb0,0xfe,
0xcc,0x99,0xb7,0xff,0xca,0x93,0xb2,0xff,0xe1,0xdf,0xec,0xff,0xea,0xfd,0xff,0xff,0xe8,0xf7,0xfe,0xff,0xe8,0xf8,0xff,0xff,0xe8,0xf8,0xff,0xff,0xe8,0xf8,0xff,0xff,
0xe8,0xf8,0xff,0xff,0xe8,0xf8,0xff,0xff,0xe8,0xf8,0xff,0xff,0xe8,0xf8,0xff,0xff,0xe8,0xf8,0xff,0xff,0xe8,0xf8,0xff,0xff,0xe8,0xf8,0xff,0xff,0xe8,0xf8,0xff,0xff,
0xe8,0xf8,0xff,0xff,0xe8,0xf8,0xff,0xff,0xe8,0xf8,0xff,0xff,0xe8,0xf8,0xff,0xff,0xe8,0xf8,0xff,0xff,0xe8,0xf8,0xff,0xff,0xe8,0xf8,0xff,0xff,0xe8,0xf8,0xff,0xff,
0xec,0xfe,0xff,0xff,0xb9,0xb1,0xef,0xff,0x9e,0x87,0xe5,0xff,0xa6,0x93,0xe7,0xff,0xa4,0x90,0xe7,0xff,0xa4,0x90,0xe7,0xff,0xa4,0x90,0xe7,0xff,0xa5,0x92,0xe7,0xff,
0x9d,0x86,0xe5,0xff,0xc5,0xc3,0xf2,0xfd,0xf9,0xff,0xff,0xff,0xe4,0xef,0xff,0x43,0x00,0x00,0x00,0x00,0xff,0xff,0xff,0x03,0x00,0x00,0x00,0x00,0x00,0x00,0x00,0x00,
0x00,0x00,0x00,0x00,0x00,0x00,0x00,0x00,0x00,0x00,0x00,0x00,0x00,0x00,0x00,0x00,0x00,0x00,0x00,0x00,0x00,0x00,0x00,0x00,0x00,0x00,0x00,0x00,0x00,0x00,0x00,0x00,
0x00,0x00,0x00,0x00,0x00,0x00,0x00,0x00,0x00,0x00,0x00,0x00,0x00,0x00,0x00,0x00,0x00,0x00,0x00,0x00,0x00,0x00,0x00,0x00,0x00,0x00,0x00,0x00,0x00,0x00,0x00,0x00,
0x00,0x00,0x00,0x00,0x00,0x00,0x00,0x00,0xff,0xff,0xff,0x01,0x00,0x00,0x00,0x00,0xe1,0xe1,0xf0,0x11,0xe9,0xfc,0xff,0xee,0xd6,0xb4,0xcc,0xff,0xc8,0x91,0xb0,0xfe,
0xcc,0x99,0xb7,0xff,0xca,0x93,0xb2,0xff,0xe1,0xdf,0xec,0xff,0xea,0xfd,0xff,0xff,0xe8,0xf7,0xfe,0xff,0xe8,0xf8,0xff,0xff,0xe8,0xf8,0xff,0xff,0xe8,0xf8,0xff,0xff,
0xe8,0xf8,0xff,0xff,0xe8,0xf8,0xff,0xff,0xe8,0xf8,0xff,0xff,0xe8,0xf8,0xff,0xff,0xe8,0xf8,0xff,0xff,0xe8,0xf8,0xff,0xff,0xe8,0xf8,0xff,0xff,0xe8,0xf8,0xff,0xff,
0xe8,0xf8,0xff,0xff,0xe8,0xf8,0xff,0xff,0xe8,0xf8,0xff,0xff,0xe8,0xf8,0xff,0xff,0xe8,0xf8,0xff,0xff,0xe8,0xf8,0xff,0xff,0xe8,0xf8,0xff,0xff,0xeb,0xfc,0xff,0xff,
0xbe,0xb9,0xf0,0xff,0x9f,0x89,0xe6,0xff,0xa5,0x92,0xe7,0xff,0xa4,0x90,0xe7,0xff,0xa4,0x90,0xe7,0xff,0xa4,0x90,0xe7,0xff,0xa5,0x92,0xe7,0xff,0x9e,0x87,0xe5,0xff,
0xbe,0xb9,0xf0,0xff,0xe9,0xfb,0xff,0xfd,0xf2,0xfe,0xff,0xff,0xe7,0xfb,0xff,0x41,0x00,0x00,0x00,0x00,0xff,0xff,0xff,0x03,0x00,0x00,0x00,0x00,0x00,0x00,0x00,0x00,
0x00,0x00,0x00,0x00,0x00,0x00,0x00,0x00,0x00,0x00,0x00,0x00,0x00,0x00,0x00,0x00,0x00,0x00,0x00,0x00,0x00,0x00,0x00,0x00,0x00,0x00,0x00,0x00,0x00,0x00,0x00,0x00,
0x00,0x00,0x00,0x00,0x00,0x00,0x00,0x00,0x00,0x00,0x00,0x00,0x00,0x00,0x00,0x00,0x00,0x00,0x00,0x00,0x00,0x00,0x00,0x00,0x00,0x00,0x00,0x00,0x00,0x00,0x00,0x00,
0x00,0x00,0x00,0x00,0x00,0x00,0x00,0x00,0xff,0xff,0xff,0x01,0x00,0x00,0x00,0x00,0xe1,0xe1,0xf0,0x11,0xe9,0xfc,0xff,0xee,0xd6,0xb4,0xcc,0xff,0xc8,0x91,0xb0,0xfe,
0xcc,0x99,0xb7,0xff,0xca,0x93,0xb2,0xff,0xe1,0xdf,0xec,0xff,0xea,0xfd,0xff,0xff,0xe8,0xf7,0xfe,0xff,0xe8,0xf8,0xff,0xff,0xe8,0xf8,0xff,0xff,0xe8,0xf8,0xff,0xff,
0xe8,0xf8,0xff,0xff,0xe8,0xf8,0xff,0xff,0xe8,0xf8,0xff,0xff,0xe8,0xf8,0xff,0xff,0xe8,0xf8,0xff,0xff,0xe8,0xf8,0xff,0xff,0xe8,0xf8,0xff,0xff,0xe8,0xf8,0xff,0xff,
0xe8,0xf8,0xff,0xff,0xe8,0xf8,0xff,0xff,0xe8,0xf8,0xff,0xff,0xe8,0xf8,0xff,0xff,0xe8,0xf8,0xff,0xff,0xe7,0xf6,0xff,0xff,0xec,0xff,0xff,0xff,0xc7,0xc6,0xf3,0xff,
0x9d,0x86,0xe5,0xff,0xa5,0x92,0xe7,0xff,0xa4,0x90,0xe7,0xff,0xa4,0x90,0xe7,0xff,0xa4,0x90,0xe7,0xff,0xa5,0x92,0xe7,0xff,0x9f,0x88,0xe5,0xff,0xbe,0xb8,0xf0,0xff,
0xec,0xfd,0xff,0xff,0xe7,0xf7,0xfd,0xfd,0xf2,0xff,0xff,0xff,0xe7,0xfb,0xff,0x41,0x00,0x00,0x00,0x00,0xff,0xff,0xff,0x03,0x00,0x00,0x00,0x00,0x00,0x00,0x00,0x00,
0x00,0x00,0x00,0x00,0x00,0x00,0x00,0x00,0x00,0x00,0x00,0x00,0x00,0x00,0x00,0x00,0x00,0x00,0x00,0x00,0x00,0x00,0x00,0x00,0x00,0x00,0x00,0x00,0x00,0x00,0x00,0x00,
0x00,0x00,0x00,0x00,0x00,0x00,0x00,0x00,0x00,0x00,0x00,0x00,0x00,0x00,0x00,0x00,0x00,0x00,0x00,0x00,0x00,0x00,0x00,0x00,0x00,0x00,0x00,0x00,0x00,0x00,0x00,0x00,
0x00,0x00,0x00,0x00,0x00,0x00,0x00,0x00,0xff,0xff,0xff,0x01,0x00,0x00,0x00,0x00,0xe1,0xe1,0xf0,0x11,0xe9,0xfc,0xff,0xee,0xd6,0xb4,0xcc,0xff,0xc8,0x91,0xb0,0xfe,
0xcc,0x99,0xb7,0xff,0xca,0x93,0xb2,0xff,0xe1,0xdf,0xec,0xff,0xea,0xfd,0xff,0xff,0xe8,0xf7,0xfe,0xff,0xe8,0xf8,0xff,0xff,0xe8,0xf8,0xff,0xff,0xe8,0xf8,0xff,0xff,
0xe8,0xf8,0xff,0xff,0xe8,0xf8,0xff,0xff,0xe8,0xf8,0xff,0xff,0xe8,0xf8,0xff,0xff,0xe8,0xf8,0xff,0xff,0xe8,0xf8,0xff,0xff,0xe8,0xf8,0xff,0xff,0xe8,0xf8,0xff,0xff,
0xe8,0xf8,0xff,0xff,0xe8,0xf8,0xff,0xff,0xe8,0xf8,0xff,0xff,0xe8,0xf8,0xff,0xff,0xe8,0xf8,0xff,0xff,0xe9,0xf9,0xff,0xff,0xe6,0xf4,0xfd,0xff,0xaa,0x9a,0xe9,0xff,
0xa3,0x8e,0xe7,0xff,0xa4,0x90,0xe7,0xff,0xa4,0x90,0xe7,0xff,0xa4,0x90,0xe7,0xff,0xa5,0x92,0xe7,0xff,0x9f,0x89,0xe6,0xff,0xbe,0xb8,0xf0,0xff,0xec,0xfe,0xff,0xff,
0xe8,0xf8,0xff,0xff,0xe7,0xf6,0xff,0xfd,0xf2,0xff,0xff,0xff,0xe7,0xfb,0xff,0x41,0x00,0x00,0x00,0x00,0xff,0xff,0xff,0x03,0x00,0x00,0x00,0x00,0x00,0x00,0x00,0x00,
0x00,0x00,0x00,0x00,0x00,0x00,0x00,0x00,0x00,0x00,0x00,0x00,0x00,0x00,0x00,0x00,0x00,0x00,0x00,0x00,0x00,0x00,0x00,0x00,0x00,0x00,0x00,0x00,0x00,0x00,0x00,0x00,
0x00,0x00,0x00,0x00,0x00,0x00,0x00,0x00,0x00,0x00,0x00,0x00,0x00,0x00,0x00,0x00,0x00,0x00,0x00,0x00,0x00,0x00,0x00,0x00,0x00,0x00,0x00,0x00,0x00,0x00,0x00,0x00,
0x00,0x00,0x00,0x00,0x00,0x00,0x00,0x00,0xff,0xff,0xff,0x01,0x00,0x00,0x00,0x00,0xe1,0xe1,0xf0,0x11,0xe9,0xfc,0xff,0xee,0xd6,0xb4,0xcc,0xff,0xc8,0x91,0xb0,0xfe,
0xcc,0x99,0xb7,0xff,0xca,0x93,0xb2,0xff,0xe1,0xdf,0xec,0xff,0xea,0xfd,0xff,0xff,0xe8,0xf7,0xfe,0xff,0xe8,0xf8,0xff,0xff,0xe8,0xf8,0xff,0xff,0xe8,0xf8,0xff,0xff,
0xe8,0xf8,0xff,0xff,0xe8,0xf8,0xff,0xff,0xe8,0xf8,0xff,0xff,0xe8,0xf8,0xff,0xff,0xe8,0xf8,0xff,0xff,0xe8,0xf8,0xff,0xff,0xe8,0xf8,0xff,0xff,0xe8,0xf8,0xff,0xff,
0xe8,0xf8,0xff,0xff,0xe8,0xf8,0xff,0xff,0xe8,0xf8,0xff,0xff,0xe8,0xf8,0xff,0xff,0xe8,0xf8,0xff,0xff,0xe9,0xfa,0xff,0xff,0xe4,0xf1,0xfd,0xff,0xa7,0x96,0xe9,0xff,
0xa4,0x8f,0xe7,0xff,0xa4,0x90,0xe7,0xff,0xa4,0x90,0xe7,0xff,0xa5,0x92,0xe7,0xff,0xa0,0x8a,0xe6,0xff,0xb2,0xa6,0xec,0xff,0xea,0xfb,0xff,0xff,0xe8,0xf9,0xff,0xff,
0xe8,0xf7,0xff,0xff,0xe7,0xf7,0xff,0xfd,0xf2,0xff,0xff,0xff,0xe7,0xfb,0xff,0x41,0x00,0x00,0x00,0x00,0xff,0xff,0xff,0x03,0x00,0x00,0x00,0x00,0x00,0x00,0x00,0x00,
0x00,0x00,0x00,0x00,0x00,0x00,0x00,0x00,0x00,0x00,0x00,0x00,0x00,0x00,0x00,0x00,0x00,0x00,0x00,0x00,0x00,0x00,0x00,0x00,0x00,0x00,0x00,0x00,0x00,0x00,0x00,0x00,
0x00,0x00,0x00,0x00,0x00,0x00,0x00,0x00,0x00,0x00,0x00,0x00,0x00,0x00,0x00,0x00,0x00,0x00,0x00,0x00,0x00,0x00,0x00,0x00,0x00,0x00,0x00,0x00,0x00,0x00,0x00,0x00,
0x00,0x00,0x00,0x00,0x00,0x00,0x00,0x00,0xff,0xff,0xff,0x01,0x00,0x00,0x00,0x00,0xe2,0xe2,0xf0,0x12,0xe9,0xfc,0xff,0xef,0xd6,0xb4,0xcb,0xff,0xc8,0x91,0xb0,0xfe,
0xcc,0x99,0xb7,0xff,0xca,0x93,0xb2,0xff,0xe1,0xdf,0xec,0xff,0xea,0xfd,0xff,0xff,0xe8,0xf7,0xfe,0xff,0xe8,0xf8,0xff,0xff,0xe8,0xf8,0xff,0xff,0xe8,0xf8,0xff,0xff,
0xe8,0xf8,0xff,0xff,0xe8,0xf8,0xff,0xff,0xe8,0xf8,0xff,0xff,0xe8,0xf8,0xff,0xff,0xe8,0xf8,0xff,0xff,0xe8,0xf8,0xff,0xff,0xe8,0xf8,0xff,0xff,0xe8,0xf8,0xff,0xff,
0xe8,0xf8,0xff,0xff,0xe8,0xf8,0xff,0xff,0xe8,0xf8,0xff,0xff,0xe8,0xf8,0xff,0xff,0xe8,0xf8,0xff,0xff,0xe7,0xf7,0xff,0xff,0xec,0xfe,0xff,0xff,0xbd,0xb6,0xf0,0xff,
0x9c,0x84,0xe4,0xff,0xa5,0x92,0xe7,0xff,0xa5,0x92,0xe7,0xff,0x9f,0x89,0xe5,0xff,0xab,0x9c,0xea,0xff,0xe5,0xf4,0xfd,0xff,0xe9,0xfa,0xff,0xff,0xe7,0xf7,0xff,0xff,
0xe8,0xf8,0xff,0xff,0xe7,0xf7,0xff,0xfd,0xf2,0xff,0xff,0xff,0xe8,0xfb,0xff,0x43,0x00,0x00,0x00,0x00,0xff,0xff,0xff,0x03,0x00,0x00,0x00,0x00,0x00,0x00,0x00,0x00,
0x00,0x00,0x00,0x00,0x00,0x00,0x00,0x00,0x00,0x00,0x00,0x00,0x00,0x00,0x00,0x00,0x00,0x00,0x00,0x00,0x00,0x00,0x00,0x00,0x00,0x00,0x00,0x00,0x00,0x00,0x00,0x00,
0x00,0x00,0x00,0x00,0x00,0x00,0x00,0x00,0x00,0x00,0x00,0x00,0x00,0x00,0x00,0x00,0x00,0x00,0x00,0x00,0x00,0x00,0x00,0x00,0x00,0x00,0x00,0x00,0x00,0x00,0x00,0x00,
0x00,0x00,0x00,0x00,0x00,0x00,0x00,0x00,0x00,0x00,0x00,0x00,0xff,0xff,0xff,0x01,0xff,0xff,0xff,0x04,0xe8,0xfc,0xff,0xd0,0xdc,0xba,0xd3,0xfe,0xc9,0x91,0xb1,0xfc,
0xcc,0x99,0xb7,0xff,0xca,0x93,0xb2,0xff,0xe1,0xdf,0xec,0xff,0xea,0xfd,0xff,0xff,0xe8,0xf7,0xfe,0xff,0xe8,0xf8,0xff,0xff,0xe8,0xf8,0xff,0xff,0xe8,0xf8,0xff,0xff,
0xe8,0xf8,0xff,0xff,0xe8,0xf8,0xff,0xff,0xe8,0xf8,0xff,0xff,0xe8,0xf8,0xff,0xff,0xe8,0xf8,0xff,0xff,0xe8,0xf8,0xff,0xff,0xe8,0xf8,0xff,0xff,0xe8,0xf8,0xff,0xff,
0xe8,0xf8,0xff,0xff,0xe8,0xf8,0xff,0xff,0xe8,0xf8,0xff,0xff,0xe8,0xf8,0xff,0xff,0xe8,0xf8,0xff,0xff,0xe8,0xf8,0xff,0xff,0xe9,0xfa,0xff,0xff,0xe4,0xf2,0xfd,0xff,
0xb7,0xad,0xee,0xff,0xa2,0x8c,0xe6,0xff,0xa1,0x8b,0xe6,0xff,0xad,0x9e,0xea,0xff,0xdc,0xe5,0xfa,0xff,0xeb,0xfd,0xff,0xff,0xe7,0xf7,0xff,0xff,0xe8,0xf8,0xff,0xff,
0xe8,0xf8,0xff,0xfe,0xe9,0xfa,0xff,0xfe,0xeb,0xfa,0xff,0xf6,0xe5,0xf6,0xff,0x1e,0x00,0x00,0x00,0x00,0xff,0xff,0xff,0x02,0x00,0x00,0x00,0x00,0x00,0x00,0x00,0x00,
0x00,0x00,0x00,0x00,0x00,0x00,0x00,0x00,0x00,0x00,0x00,0x00,0x00,0x00,0x00,0x00,0x00,0x00,0x00,0x00,0x00,0x00,0x00,0x00,0x00,0x00,0x00,0x00,0x00,0x00,0x00,0x00,
0x00,0x00,0x00,0x00,0x00,0x00,0x00,0x00,0x00,0x00,0x00,0x00,0x00,0x00,0x00,0x00,0x00,0x00,0x00,0x00,0x00,0x00,0x00,0x00,0x00,0x00,0x00,0x00,0x00,0x00,0x00,0x00,
0x00,0x00,0x00,0x00,0x00,0x00,0x00,0x00,0x00,0x00,0x00,0x00,0xff,0xff,0xff,0x04,0x00,0x00,0x00,0x00,0xe9,0xff,0xff,0x81,0xe7,0xc5,0xde,0xff,0xc7,0x8e,0xaf,0xfc,
0xcc,0x99,0xb7,0xff,0xca,0x93,0xb2,0xff,0xe1,0xdf,0xec,0xff,0xea,0xfd,0xff,0xff,0xe8,0xf7,0xfe,0xff,0xe8,0xf8,0xff,0xff,0xe8,0xf8,0xff,0xff,0xe8,0xf8,0xff,0xff,
0xe8,0xf8,0xff,0xff,0xe8,0xf8,0xff,0xff,0xe8,0xf8,0xff,0xff,0xe8,0xf8,0xff,0xff,0xe8,0xf8,0xff,0xff,0xe8,0xf8,0xff,0xff,0xe8,0xf8,0xff,0xff,0xe8,0xf8,0xff,0xff,
0xe8,0xf8,0xff,0xff,0xe8,0xf8,0xff,0xff,0xe8,0xf8,0xff,0xff,0xe8,0xf8,0xff,0xff,0xe8,0xf8,0xff,0xff,0xe8,0xf8,0xff,0xff,0xe8,0xf7,0xff,0xff,0xe9,0xfa,0xff,0xff,
0xea,0xfc,0xff,0xff,0xd9,0xe2,0xfa,0xff,0xd6,0xdd,0xf9,0xff,0xe7,0xf7,0xff,0xff,0xeb,0xfc,0xff,0xff,0xe7,0xf7,0xff,0xff,0xe8,0xf8,0xff,0xff,0xe8,0xf8,0xff,0xff,
0xe7,0xf7,0xff,0xfb,0xf5,0xff,0xff,0xff,0xe7,0xf7,0xff,0xc0,0x7f,0x7f,0xff,0x02,0xff,0xff,0xff,0x02,0x00,0x00,0x00,0x00,0x00,0x00,0x00,0x00,0x00,0x00,0x00,0x00,
0x00,0x00,0x00,0x00,0x00,0x00,0x00,0x00,0x00,0x00,0x00,0x00,0x00,0x00,0x00,0x00,0x00,0x00,0x00,0x00,0x00,0x00,0x00,0x00,0x00,0x00,0x00,0x00,0x00,0x00,0x00,0x00,
0x00,0x00,0x00,0x00,0x00,0x00,0x00,0x00,0x00,0x00,0x00,0x00,0x00,0x00,0x00,0x00,0x00,0x00,0x00,0x00,0x00,0x00,0x00,0x00,0x00,0x00,0x00,0x00,0x00,0x00,0x00,0x00,
0x00,0x00,0x00,0x00,0x00,0x00,0x00,0x00,0x00,0x00,0x00,0x00,0xff,0xff,0xff,0x01,0xff,0xff,0xff,0x01,0xec,0xff,0xff,0x0e,0xd1,0xa6,0xc2,0xd6,0xd1,0x99,0xb9,0xff,
0xcb,0x98,0xb6,0xfd,0xca,0x93,0xb2,0xff,0xe1,0xdf,0xec,0xff,0xea,0xfd,0xff,0xff,0xe8,0xf7,0xfe,0xff,0xe8,0xf8,0xff,0xff,0xe8,0xf8,0xff,0xff,0xe8,0xf8,0xff,0xff,
0xe8,0xf8,0xff,0xff,0xe8,0xf8,0xff,0xff,0xe8,0xf8,0xff,0xff,0xe8,0xf8,0xff,0xff,0xe8,0xf8,0xff,0xff,0xe8,0xf8,0xff,0xff,0xe8,0xf8,0xff,0xff,0xe8,0xf8,0xff,0xff,
0xe8,0xf8,0xff,0xff,0xe8,0xf8,0xff,0xff,0xe8,0xf8,0xff,0xff,0xe8,0xf8,0xff,0xff,0xe8,0xf8,0xff,0xff,0xe8,0xf8,0xff,0xff,0xe8,0xf8,0xff,0xff,0xe8,0xf7,0xff,0xff,
0xe7,0xf7,0xff,0xff,0xeb,0xfd,0xff,0xff,0xec,0xfe,0xff,0xff,0xe8,0xf8,0xff,0xff,0xe7,0xf7,0xff,0xff,0xe8,0xf8,0xff,0xff,0xe8,0xf7,0xff,0xfe,0xe7,0xf7,0xff,0xfb,
0xeb,0xfa,0xff,0xfe,0xef,0xfb,0xff,0xfe,0xe6,0xf5,0xff,0x33,0x00,0x00,0x00,0x00,0xff,0xff,0xff,0x02,0x00,0x00,0x00,0x00,0x00,0x00,0x00,0x00,0x00,0x00,0x00,0x00,
0x00,0x00,0x00,0x00,0x00,0x00,0x00,0x00,0x00,0x00,0x00,0x00,0x00,0x00,0x00,0x00,0x00,0x00,0x00,0x00,0x00,0x00,0x00,0x00,0x00,0x00,0x00,0x00,0x00,0x00,0x00,0x00,
0x00,0x00,0x00,0x00,0x00,0x00,0x00,0x00,0x00,0x00,0x00,0x00,0x00,0x00,0x00,0x00,0x00,0x00,0x00,0x00,0x00,0x00,0x00,0x00,0x00,0x00,0x00,0x00,0x00,0x00,0x00,0x00,
0x00,0x00,0x00,0x00,0x00,0x00,0x00,0x00,0x00,0x00,0x00,0x00,0x00,0x00,0x00,0x00,0xff,0xff,0xff,0x01,0xb6,0x6d,0x91,0x07,0xc9,0x94,0xb2,0xd2,0xd2,0x9d,0xbc,0xfe,
0xca,0x97,0xb5,0xfd,0xca,0x92,0xb2,0xfc,0xe0,0xdd,0xea,0xfd,0xe9,0xfc,0xff,0xfd,0xe7,0xf6,0xfd,0xfd,0xe7,0xf7,0xff,0xfd,0xe7,0xf7,0xff,0xfd,0xe7,0xf7,0xff,0xfd,
0xe7,0xf7,0xff,0xfd,0xe7,0xf7,0xff,0xfd,0xe7,0xf7,0xff,0xfd,0xe7,0xf7,0xff,0xfd,0xe7,0xf7,0xff,0xfd,0xe7,0xf7,0xff,0xfd,0xe7,0xf7,0xff,0xfd,0xe7,0xf7,0xff,0xfd,
0xe7,0xf7,0xff,0xfd,0xe7,0xf7,0xff,0xfd,0xe7,0xf7,0xff,0xfd,0xe7,0xf7,0xff,0xfd,0xe7,0xf7,0xff,0xfd,0xe7,0xf7,0xff,0xfd,0xe7,0xf7,0xff,0xfd,0xe7,0xf7,0xff,0xfd,
0xe7,0xf7,0xff,0xfd,0xe6,0xf6,0xfd,0xfd,0xe6,0xf5,0xfd,0xfd,0xe7,0xf6,0xff,0xfd,0xe7,0xf7,0xff,0xfd,0xe7,0xf7,0xff,0xfd,0xe9,0xf9,0xff,0xff,0xf4,0xff,0xff,0xff,
0xf1,0xfd,0xff,0xfb,0xe3,0xf4,0xff,0x65,0x00,0x00,0x00,0x00,0xff,0xff,0xff,0x02,0x00,0x00,0x00,0x00,0x00,0x00,0x00,0x00,0x00,0x00,0x00,0x00,0x00,0x00,0x00,0x00,
0x00,0x00,0x00,0x00,0x00,0x00,0x00,0x00,0x00,0x00,0x00,0x00,0x00,0x00,0x00,0x00,0x00,0x00,0x00,0x00,0x00,0x00,0x00,0x00,0x00,0x00,0x00,0x00,0x00,0x00,0x00,0x00,
0x00,0x00,0x00,0x00,0x00,0x00,0x00,0x00,0x00,0x00,0x00,0x00,0x00,0x00,0x00,0x00,0x00,0x00,0x00,0x00,0x00,0x00,0x00,0x00,0x00,0x00,0x00,0x00,0x00,0x00,0x00,0x00,
0x00,0x00,0x00,0x00,0x00,0x00,0x00,0x00,0x00,0x00,0x00,0x00,0xff,0xff,0xff,0x01,0x00,0x00,0x00,0x00,0xbb,0x99,0xbb,0x0f,0xcb,0x97,0xb4,0xf1,0xd1,0x9c,0xbb,0xff,
0xca,0x96,0xb5,0xfc,0xd5,0x9d,0xbd,0xff,0xed,0xef,0xfb,0xff,0xf4,0xff,0xff,0xff,0xf2,0xff,0xff,0xff,0xf2,0xff,0xff,0xff,0xf2,0xff,0xff,0xff,0xf2,0xff,0xff,0xff,
0xf2,0xff,0xff,0xff,0xf2,0xff,0xff,0xff,0xf2,0xff,0xff,0xff,0xf2,0xff,0xff,0xff,0xf2,0xff,0xff,0xff,0xf2,0xff,0xff,0xff,0xf2,0xff,0xff,0xff,0xf2,0xff,0xff,0xff,
0xf2,0xff,0xff,0xff,0xf2,0xff,0xff,0xff,0xf2,0xff,0xff,0xff,0xf2,0xff,0xff,0xff,0xf2,0xff,0xff,0xff,0xf2,0xff,0xff,0xff,0xf2,0xff,0xff,0xff,0xf2,0xff,0xff,0xff,
0xf2,0xff,0xff,0xff,0xf2,0xff,0xff,0xff,0xf2,0xff,0xff,0xff,0xf2,0xff,0xff,0xff,0xf2,0xff,0xff,0xff,0xf2,0xff,0xff,0xff,0xed,0xfb,0xff,0xf4,0xf1,0xfd,0xff,0xba,
0xe7,0xfa,0xff,0x37,0x00,0x00,0x00,0x00,0xff,0xff,0xff,0x03,0x00,0x00,0x00,0x00,0x00,0x00,0x00,0x00,0x00,0x00,0x00,0x00,0x00,0x00,0x00,0x00,0x00,0x00,0x00,0x00,
0x00,0x00,0x00,0x00,0x00,0x00,0x00,0x00,0x00,0x00,0x00,0x00,0x00,0x00,0x00,0x00,0x00,0x00,0x00,0x00,0x00,0x00,0x00,0x00,0x00,0x00,0x00,0x00,0x00,0x00,0x00,0x00,
0x00,0x00,0x00,0x00,0x00,0x00,0x00,0x00,0x00,0x00,0x00,0x00,0x00,0x00,0x00,0x00,0x00,0x00,0x00,0x00,0x00,0x00,0x00,0x00,0x00,0x00,0x00,0x00,0x00,0x00,0x00,0x00,
0x00,0x00,0x00,0x00,0x00,0x00,0x00,0x00,0x00,0x00,0x00,0x00,0x00,0x00,0x00,0x00,0xaa,0xaa,0xaa,0x03,0x00,0x00,0x00,0x00,0xc9,0x97,0xb4,0x60,0xd3,0x9d,0xbc,0xfa,
0xd7,0xa0,0xbf,0xff,0xcc,0x9a,0xb8,0x9b,0xe3,0xf3,0xfb,0x42,0xe8,0xf7,0xff,0x43,0xe7,0xfb,0xff,0x41,0xe7,0xfb,0xff,0x41,0xe7,0xfb,0xff,0x41,0xe7,0xfb,0xff,0x41,
0xe7,0xfb,0xff,0x41,0xe7,0xfb,0xff,0x41,0xe7,0xfb,0xff,0x41,0xe7,0xfb,0xff,0x41,0xe7,0xfb,0xff,0x41,0xe7,0xfb,0xff,0x41,0xe7,0xfb,0xff,0x41,0xe7,0xfb,0xff,0x41,
0xe7,0xfb,0xff,0x41,0xe7,0xfb,0xff,0x41,0xe7,0xfb,0xff,0x41,0xe7,0xfb,0xff,0x41,0xe7,0xfb,0xff,0x41,0xe7,0xfb,0xff,0x41,0xe7,0xfb,0xff,0x41,0xe7,0xfb,0xff,0x41,
0xe7,0xfb,0xff,0x41,0xe7,0xfb,0xff,0x41,0xe7,0xfb,0xff,0x41,0xe7,0xfb,0xff,0x41,0xe7,0xf7,0xff,0x41,0xef,0xff,0xff,0x41,0xf6,0xff,0xff,0x1d,0x00,0x00,0x00,0x00,
0x00,0x00,0x00,0x00,0xaa,0xff,0xff,0x03,0x00,0x00,0x00,0x00,0x00,0x00,0x00,0x00,0x00,0x00,0x00,0x00,0x00,0x00,0x00,0x00,0x00,0x00,0x00,0x00,0x00,0x00,0x00,0x00,
0x00,0x00,0x00,0x00,0x00,0x00,0x00,0x00,0x00,0x00,0x00,0x00,0x00,0x00,0x00,0x00,0x00,0x00,0x00,0x00,0x00,0x00,0x00,0x00,0x00,0x00,0x00,0x00,0x00,0x00,0x00,0x00,
0x00,0x00,0x00,0x00,0x00,0x00,0x00,0x00,0x00,0x00,0x00,0x00,0x00,0x00,0x00,0x00,0x00,0x00,0x00,0x00,0x00,0x00,0x00,0x00,0x00,0x00,0x00,0x00,0x00,0x00,0x00,0x00,
0x00,0x00,0x00,0x00,0x00,0x00,0x00,0x00,0x00,0x00,0x00,0x00,0x00,0x00,0x00,0x00,0x00,0x00,0x00,0x00,0xff,0xff,0xff,0x01,0x00,0x00,0x00,0x00,0xc7,0x95,0xb4,0x29,
0xd2,0x9c,0xbb,0x39,0x00,0x00,0x00,0x00,0x00,0x00,0x00,0x00,0x00,0x00,0x00,0x00,0x00,0x00,0x00,0x00,0x00,0x00,0x00,0x00,0x00,0x00,0x00,0x00,0x00,0x00,0x00,0x00,
0x00,0x00,0x00,0x00,0x00,0x00,0x00,0x00,0x00,0x00,0x00,0x00,0x00,0x00,0x00,0x00,0x00,0x00,0x00,0x00,0x00,0x00,0x00,0x00,0x00,0x00,0x00,0x00,0x00,0x00,0x00,0x00,
0x00,0x00,0x00,0x00,0x00,0x00,0x00,0x00,0x00,0x00,0x00,0x00,0x00,0x00,0x00,0x00,0x00,0x00,0x00,0x00,0x00,0x00,0x00,0x00,0x00,0x00,0x00,0x00,0x00,0x00,0x00,0x00,
0x00,0x00,0x00,0x00,0x00,0x00,0x00,0x00,0x00,0x00,0x00,0x00,0x00,0x00,0x00,0x00,0x00,0x00,0x00,0x00,0x00,0x00,0x00,0x00,0x00,0x00,0x00,0x00,0xff,0xff,0xff,0x01,
0xff,0xff,0xff,0x02,0x00,0x00,0x00,0x00,0x00,0x00,0x00,0x00,0x00,0x00,0x00,0x00,0x00,0x00,0x00,0x00,0x00,0x00,0x00,0x00,0x00,0x00,0x00,0x00,0x00,0x00,0x00,0x00,
0x00,0x00,0x00,0x00,0x00,0x00,0x00,0x00,0x00,0x00,0x00,0x00,0x00,0x00,0x00,0x00,0x00,0x00,0x00,0x00,0x00,0x00,0x00,0x00,0x00,0x00,0x00,0x00,0x00,0x00,0x00,0x00,
0x00,0x00,0x00,0x00,0x00,0x00,0x00,0x00,0x00,0x00,0x00,0x00,0x00,0x00,0x00,0x00,0x00,0x00,0x00,0x00,0x00,0x00,0x00,0x00,0x00,0x00,0x00,0x00,0x00,0x00,0x00,0x00,
0x00,0x00,0x00,0x00,0x00,0x00,0x00,0x00,0x00,0x00,0x00,0x00,0x00,0x00,0x00,0x00,0x00,0x00,0x00,0x00,0x00,0x00,0x00,0x00,0xff,0x7f,0x7f,0x02,0x00,0x00,0x00,0x00,
0x00,0x00,0x00,0x00,0xff,0xff,0xff,0x01,0xff,0xff,0xff,0x03,0xff,0xff,0xff,0x03,0xff,0xff,0xff,0x03,0xff,0xff,0xff,0x03,0xff,0xff,0xff,0x03,0xff,0xff,0xff,0x03,
0xff,0xff,0xff,0x03,0xff,0xff,0xff,0x03,0xff,0xff,0xff,0x03,0xff,0xff,0xff,0x03,0xff,0xff,0xff,0x03,0xff,0xff,0xff,0x03,0xff,0xff,0xff,0x03,0xff,0xff,0xff,0x03,
0xff,0xff,0xff,0x03,0xff,0xff,0xff,0x03,0xff,0xff,0xff,0x03,0xff,0xff,0xff,0x03,0xff,0xff,0xff,0x03,0xff,0xff,0xff,0x03,0xff,0xff,0xff,0x03,0xff,0xff,0xff,0x03,
0xff,0xff,0xff,0x03,0xff,0xff,0xff,0x03,0xff,0xff,0xff,0x03,0xff,0xff,0xff,0x03,0xff,0xff,0xff,0x03,0xff,0xff,0xff,0x03,0xff,0xff,0xff,0x02,0x00,0x00,0x00,0x00,
0x00,0x00,0x00,0x00,0x00,0x00,0x00,0x00,0x00,0x00,0x00,0x00,0x00,0x00,0x00,0x00,0x00,0x00,0x00,0x00,0x00,0x00,0x00,0x00,0x00,0x00,0x00,0x00,0x00,0x00,0x00,0x00,
0x00,0x00,0x00,0x00,0x00,0x00,0x00,0x00,0x00,0x00,0x00,0x00,0x00,0x00,0x00,0x00,0x00,0x00,0x00,0x00,0x00,0x00,0x00,0x00,0x00,0x00,0x00,0x00,0x00,0x00,0x00,0x00,
0x00,0x00,0x00,0x00,0x00,0x00,0x00,0x00,0x00,0x00,0x00,0x00,0x00,0x00,0x00,0x00,0x00,0x00,0x00,0x00,0x00,0x00,0x00,0x00,0x00,0x00,0x00,0x00,0x00,0x00,0x00,0x00,
0x00,0x00,0x00,0x00,0x00,0x00,0x00,0x00,0x00,0x00,0x00,0x00,0x00,0x00,0x00,0x00,0x00,0x00,0x00,0x00,0x00,0x00,0x00,0x00,0x00,0x00,0x00,0x00,0xff,0x7f,0xff,0x02,
0xaa,0xaa,0xaa,0x03,0x00,0x00,0x00,0x00,0x00,0x00,0x00,0x00,0x00,0x00,0x00,0x00,0x00,0x00,0x00,0x00,0x00,0x00,0x00,0x00,0x00,0x00,0x00,0x00,0x00,0x00,0x00,0x00,
0x00,0x00,0x00,0x00,0x00,0x00,0x00,0x00,0x00,0x00,0x00,0x00,0x00,0x00,0x00,0x00,0x00,0x00,0x00,0x00,0x00,0x00,0x00,0x00,0x00,0x00,0x00,0x00,0x00,0x00,0x00,0x00,
0x00,0x00,0x00,0x00,0x00,0x00,0x00,0x00,0x00,0x00,0x00,0x00,0x00,0x00,0x00,0x00,0x00,0x00,0x00,0x00,0x00,0x00,0x00,0x00,0x00,0x00,0x00,0x00,0x00,0x00,0x00,0x00,
0x00,0x00,0x00,0x00,0x00,0x00,0x00,0x00,0x00,0x00,0x00,0x00,0x00,0x00,0x00,0x00,0x00,0x00,0x00,0x00,0x00,0x00,0x00,0x00,0x00,0x00,0x00,0x00,0x00,0x00,0x00,0x00,
0x00,0x00,0x00,0x00,0x00,0x00,0x00,0x00,0x00,0x00,0x00,0x00,0x00,0x00,0x00,0x00,0x00,0x00,0x00,0x00,0x00,0x00,0x00,0x00,0x00,0x00,0x00,0x00,0x00,0x00,0x00,0x00,
0x00,0x00,0x00,0x00,0x00,0x00,0x00,0x00,0x00,0x00,0x00,0x00,0x00,0x00,0x00,0x00,0x00,0x00,0x00,0x00,0x00,0x00,0x00,0x00,0x00,0x00,0x00,0x00,0x00,0x00,0x00,0x00,
0x00,0x00,0x00,0x00,0x00,0x00,0x00,0x00,0x00,0x00,0x00,0x00,0x00,0x00,0x00,0x00,0x00,0x00,0x00,0x00,0x00,0x00,0x00,0x00,0x00,0x00,0x00,0x00,0x00,0x00,0x00,0x00,
0x00,0x00,0x00,0x00,0x00,0x00,0x00,0x00,0x00,0x00,0x00,0x00,0x00,0x00,0x00,0x00,0x00,0x00,0x00,0x00,0x00,0x00,0x00,0x00,0x00,0x00,0x00,0x00,0x00,0x00,0x00,0x00,
0x00,0x00,0x00,0x00,0x00,0x00,0x00,0x00,0x00,0x00,0x00,0x00,0x00,0x00,0x00,0x00,0x00,0x00,0x00,0x00,0x00,0x00,0x00,0x00,0x00,0x00,0x00,0x00,0x00,0x00,0x00,0x00,
0x00,0x00,0x00,0x00,0x00,0x00,0x00,0x00,0x00,0x00,0x00,0x00,0x00,0x00,0x00,0x00,0x00,0x00,0x00,0x00,0x00,0x00,0x00,0x00,0x00,0x00,0x00,0x00,0x00,0x00,0x00,0x00,
0x00,0x00,0x00,0x00,0x00,0x00,0x00,0x00,0x00,0x00,0x00,0x00,0x00,0x00,0x00,0x00,0x00,0x00,0x00,0x00,0x00,0x00,0x00,0x00,0x00,0x00,0x00,0x00,0x00,0x00,0x00,0x00,
0x00,0x00,0x00,0x00,0x00,0x00,0x00,0x00,0x00,0x00,0x00,0x00,0x00,0x00,0x00,0x00,0x00,0x00,0x00,0x00,0x00,0x00,0x00,0x00,0x00,0x00,0x00,0x00,0x00,0x00,0x00,0x00,
0x00,0x00,0x00,0x00,0x00,0x00,0x00,0x00,0x00,0x00,0x00,0x00,0x00,0x00,0x00,0x00,0x00,0x00,0x00,0x00,0x00,0x00,0x00,0x00,0x00,0x00,0x00,0x00,0x00,0x00,0x00,0x00,
0x00,0x00,0x00,0x00,0x00,0x00,0x00,0x00,0x00,0x00,0x00,0x00,0x00,0x00,0x00,0x00,0x00,0x00,0x00,0x00,0x00,0x00,0x00,0x00,0x00,0x00,0x00,0x00,0x00,0x00,0x00,0x00,
0x00,0x00,0x00,0x00,0x00,0x00,0x00,0x00,0x00,0x00,0x00,0x00,0x00,0x00,0x00,0x00,0x00,0x00,0x00,0x00,0x00,0x00,0x00,0x00,0x00,0x00,0x00,0x00,0x00,0x00,0x00,0x00,
0x00,0x00,0x00,0x00,0x00,0x00,0x00,0x00,0x00,0x00,0x00,0x00,0x00,0x00,0x00,0x00,0x00,0x00,0x00,0x00,0x00,0x00,0x00,0x00,0x00,0x00,0x00,0x00,0x00,0x00,0x00,0x00,
0x00,0x00,0x00,0x00,0x00,0x00,0x00,0x00,0x00,0x00,0x00,0x00,0x00,0x00,0x00,0x00,0x00,0x00,0x00,0x00,0x00,0x00,0x00,0x00,0x00,0x00,0x00,0x00,0x00,0x00,0x00,0x00,
0x00,0x00,0x00,0x00,0x00,0x00,0x00,0x00,0x00,0x00,0x00,0x00,0x00,0x00,0x00,0x00,0x00,0x00,0x00,0x00,0x00,0x00,0x00,0x00,0x00,0x00,0x00,0x00,0x00,0x00,0x00,0x00,
0x00,0x00,0x00,0x00,0x00,0x00,0x00,0x00,0x00,0x00,0x00,0x00,0x00,0x00,0x00,0x00,0x00,0x00,0x00,0x00,0x00,0x00,0x00,0x00,0x00,0x00,0x00,0x00,0x00,0x00,0x00,0x00,
0x00,0x00,0x00,0x00,0x00,0x00,0x00,0x00,0x00,0x00,0x00,0x00,0x00,0x00,0x00,0x00,0x00,0x00,0x00,0x00,0x00,0x00,0x00,0x00,0x00,0x00,0x00,0x00,0x00,0x00,0x00,0x00,
0x00,0x00,0x00,0x00,0x00,0x00,0x00,0x00,0x00,0x00,0x00,0x00,0x00,0x00,0x00,0x00,0x00,0x00,0x00,0x00,0x00,0x00,0x00,0x00,0x00,0x00,0x00,0x00,0x00,0x00,0x00,0x00,
0x00,0x00,0x00,0x00,0x00,0x00,0x00,0x00,0x00,0x00,0x00,0x00,0x00,0x00,0x00,0x00,0x00,0x00,0x00,0x00,0x00,0x00,0x00,0x00,0x00,0x00,0x00,0x00,0x00,0x00,0x00,0x00,
0x00,0x00,0x00,0x00,0x00,0x00,0x00,0x00,0x00,0x00,0x00,0x00,0x00,0x00,0x00,0x00,0x00,0x00,0x00,0x00,0x00,0x00,0x00,0x00,0x00,0x00,0x00,0x00,0x00,0x00,0x00,0x00,
0x00,0x00,0x00,0x00,0x00,0x00,0x00,0x00,0x00,0x00,0x00,0x00,0x00,0x00,0x00,0x00,0x00,0x00,0x00,0x00,0x00,0x00,0x00,0x00,0x00,0x00,0x00,0x00,0x00,0x00,0x00,0x00,
0x00,0x00,0x00,0x00,0x00,0x00,0x00,0x00,0x00,0x00,0x00,0x00,0x00,0x00,0x00,0x00,0x00,0x00,0x00,0x00,0x00,0x00,0x00,0x00,0x00,0x00,0x00,0x00,0x00,0x00,0x00,0x00,
0x00,0x00,0x00,0x00,0x00,0x00,0x00,0x00,0x00,0x00,0x00,0x00,0x00,0x00,0x00,0x00,0x00,0x00,0x00,0x00,0x00,0x00,0x00,0x00,0x00,0x00,0x00,0x00,0x00,0x00,0x00,0x00,
0x00,0x00,0x00,0x00,0x00,0x00,0x00,0x00,0x00,0x00,0x00,0x00,0x00,0x00,0x00,0x00,0x00,0x00,0x00,0x00,0x00,0x00,0x00,0x00,0x00,0x00,0x00,0x00,0x00,0x00,0x00,0x00,
0x00,0x00,0x00,0x00,0x00,0x00,0x00,0x00,0x00,0x00,0x00,0x00,0x00,0x00,0x00,0x00,0x00,0x00,0x00,0x00,0x00,0x00,0x00,0x00,0x00,0x00,0x00,0x00,0x00,0x00,0x00,0x00,
0x00,0x00,0x00,0x00,0x00,0x00,0x00,0x00,0x00,0x00,0x00,0x00,0x00,0x00,0x00,0x00,0x00,0x00,0x00,0x00,0x00,0x00,0x00,0x00,0x00,0x00,0x00,0x00,0x00,0x00,0x00,0x00,
0x00,0x00,0x00,0x00,0x00,0x00,0x00,0x00,0x00,0x00,0x00,0x00,0x00,0x00,0x00,0x00,0x00,0x00,0x00,0x00,0x00,0x00,0x00,0x00,0x00,0x00,0x00,0x00,0x00,0x00,0x00,0x00,
0x00,0x00,0x00,0x00,0x00,0x00,0x00,0x00,0x00,0x00,0x00,0x00,0x00,0x00,0x00,0x00,0x00,0x00,0x00,0x00,0x00,0x00,0x00,0x00,0x00,0x00,0x00,0x00,0x00,0x00,0x00,0x00,
0x00,0x00,0x00,0x00,0x00,0x00,0x00,0x00,0x00,0x00,0x00,0x00,0x00,0x00,0x00,0x00,0x00,0x00,0x00,0x00,0x00,0x00,0x00,0x00,0x00,0x00,0x00,0x00,0x00,0x00,0x00,0x00,
0x00,0x00,0x00,0x00,0x00,0x00,0x00,0x00,0x00,0x00,0x00,0x00,0x00,0x00,0x00,0x00,0x00,0x00,0x00,0x00,0x00,0x00,0x00,0x00,0x00,0x00,0x00,0x00,0x00,0x00,0x00,0x00,
0x00,0x00,0x00,0x00,0x00,0x00,0x00,0x00,0x00,0x00,0x00,0x00,0x00,0x00,0x00,0x00,0x00,0x00,0x00,0x00,0x00,0x00,0x00,0x00,0x00,0x00,0x00,0x00,0x00,0x00,0x00,0x00,
0x00,0x00,0x00,0x00,0x00,0x00,0x00,0x00,0x00,0x00,0x00,0x00,0x00,0x00,0x00,0x00,0x00,0x00,0x00,0x00,0x00,0x00,0x00,0x00,0x00,0x00,0x00,0x00,0x00,0x00,0x00,0x00,
0x00,0x00,0x00,0x00,0x00,0x00,0x00,0x00,0x00,0x00,0x00,0x00,0x00,0x00,0x00,0x00,0x00,0x00,0x00,0x00,0x00,0x00,0x00,0x00,0x00,0x00,0x00,0x00,0x00,0x00,0x00,0x00,
0x00,0x00,0x00,0x00,0x00,0x00,0x00,0x00,0x00,0x00,0x00,0x00,0x00,0x00,0x00,0x00,0x00,0x00,0x00,0x00,0x00,0x00,0x00,0x00,0x00,0x00,0x00,0x00,0x00,0x00,0x00,0x00,
0x00,0x00,0x00,0x00,0x00,0x00,0x00,0x00,0x00,0x00,0x00,0x00,0x00,0x00,0x00,0x00,0x00,0x00,0x00,0x00,0x00,0x00,0x00,0x00,0x00,0x00,0x00,0x00,0x00,0x00,0x00,0x00,
};
const lv_image_dsc_t icon_notes = {
.header = {.magic = LV_IMAGE_HEADER_MAGIC, .cf = LV_COLOR_FORMAT_ARGB8888, .w = 64, .h = 64, .stride = 256},
.data_size = sizeof icon_notes_pixels, .data = icon_notes_pixels
};
static const uint8_t icon_faces_pixels[] = {
0x00,0x00,0x00,0x00,0x00,0x00,0x00,0x00,0x00,0x00,0x00,0x00,0x00,0x00,0x00,0x00,0x00,0x00,0x00,0x00,0x00,0x00,0x00,0x00,0x00,0x00,0x00,0x00,0x00,0x00,0x00,0x00,
0x00,0x00,0x00,0x00,0x00,0x00,0x00,0x00,0x00,0x00,0x00,0x00,0x00,0x00,0x00,0x00,0x00,0x00,0x00,0x00,0x00,0x00,0x00,0x00,0x00,0x00,0x00,0x00,0x00,0x00,0x00,0x00,
0x00,0x00,0x00,0x00,0x00,0x00,0x00,0x00,0x00,0x00,0x00,0x00,0x00,0x00,0x00,0x00,0x00,0x00,0x00,0x00,0x00,0x00,0x00,0x00,0x00,0x00,0x00,0x00,0x00,0x00,0x00,0x00,
0xff,0x00,0xff,0x01,0xff,0x00,0x00,0x01,0x00,0x00,0x00,0x00,0x00,0x00,0x00,0x00,0x8f,0x4f,0x6f,0x10,0x8d,0x55,0x71,0x12,0x8d,0x55,0x71,0x12,0x8d,0x55,0x71,0x12,
0x8d,0x55,0x71,0x12,0x8d,0x55,0x71,0x12,0x96,0x5a,0x78,0x11,0x9b,0x55,0x7f,0x12,0x00,0x00,0x00,0x00,0x00,0x00,0x00,0x00,0x00,0x00,0x00,0x00,0x7f,0x7f,0x7f,0x02,
0x00,0x00,0x00,0x00,0x00,0x00,0x00,0x00,0x00,0x00,0x00,0x00,0x00,0x00,0x00,0x00,0x00,0x00,0x00,0x00,0x00,0x00,0x00,0x00,0x00,0x00,0x00,0x00,0x00,0x00,0x00,0x00,
0x00,0x00,0x00,0x00,0x00,0x00,0x00,0x00,0x00,0x00,0x00,0x00,0x00,0x00,0x00,0x00,0x00,0x00,0x00,0x00,0x00,0x00,0x00,0x00,0x00,0x00,0x00,0x00,0x00,0x00,0x00,0x00,
0x00,0x00,0x00,0x00,0x00,0x00,0x00,0x00,0x00,0x00,0x00,0x00,0x00,0x00,0x00,0x00,0x00,0x00,0x00,0x00,0x00,0x00,0x00,0x00,0x00,0x00,0x00,0x00,0x00,0x00,0x00,0x00,
0x00,0x00,0x00,0x00,0x00,0x00,0x00,0x00,0x00,0x00,0x00,0x00,0x00,0x00,0x00,0x00,0x00,0x00,0x00,0x00,0x00,0x00,0x00,0x00,0x00,0x00,0x00,0x00,0x00,0x00,0x00,0x00,
0x00,0x00,0x00,0x00,0x00,0x00,0x00,0x00,0x00,0x00,0x00,0x00,0x00,0x00,0x00,0x00,0x00,0x00,0x00,0x00,0x00,0x00,0x00,0x00,0x00,0x00,0x00,0x00,0x00,0x00,0x00,0x00,
0x00,0x00,0x00,0x00,0x00,0x00,0x00,0x00,0x00,0x00,0x00,0x00,0x00,0x00,0x00,0x00,0x00,0x00,0x00,0x00,0x00,0x00,0x00,0x00,0x00,0x00,0x00,0x00,0xff,0x00,0xff,0x01,
0x00,0x00,0x00,0x00,0x00,0x00,0x00,0x00,0x8f,0x55,0x74,0x60,0x92,0x55,0x76,0xb9,0x8f,0x53,0x73,0xe6,0x8e,0x53,0x73,0xea,0x8d,0x52,0x73,0xea,0x8e,0x52,0x73,0xeb,
0x8e,0x52,0x73,0xeb,0x8e,0x52,0x73,0xeb,0x8d,0x52,0x73,0xea,0x8f,0x54,0x74,0xe9,0x92,0x55,0x76,0xc6,0x91,0x55,0x77,0x7e,0x88,0x44,0x66,0x0f,0x00,0x00,0x00,0x00,
0x7f,0x7f,0x7f,0x02,0x00,0x00,0x00,0x00,0x00,0x00,0x00,0x00,0x00,0x00,0x00,0x00,0x00,0x00,0x00,0x00,0x00,0x00,0x00,0x00,0x00,0x00,0x00,0x00,0x00,0x00,0x00,0x00,
0x00,0x00,0x00,0x00,0x00,0x00,0x00,0x00,0x00,0x00,0x00,0x00,0x00,0x00,0x00,0x00,0x00,0x00,0x00,0x00,0x00,0x00,0x00,0x00,0x00,0x00,0x00,0x00,0x00,0x00,0x00,0x00,
0x00,0x00,0x00,0x00,0x00,0x00,0x00,0x00,0x00,0x00,0x00,0x00,0x00,0x00,0x00,0x00,0x00,0x00,0x00,0x00,0x00,0x00,0x00,0x00,0x00,0x00,0x00,0x00,0x00,0x00,0x00,0x00,
0x00,0x00,0x00,0x00,0x00,0x00,0x00,0x00,0x00,0x00,0x00,0x00,0x00,0x00,0x00,0x00,0x00,0x00,0x00,0x00,0x00,0x00,0x00,0x00,0x00,0x00,0x00,0x00,0x00,0x00,0x00,0x00,
0x00,0x00,0x00,0x00,0x00,0x00,0x00,0x00,0x00,0x00,0x00,0x00,0x00,0x00,0x00,0x00,0x00,0x00,0x00,0x00,0x00,0x00,0x00,0x00,0x00,0x00,0x00,0x00,0x00,0x00,0x00,0x00,
0x00,0x00,0x00,0x00,0x00,0x00,0x00,0x00,0x00,0x00,0x00,0x00,0x00,0x00,0x00,0x00,0x00,0x00,0x00,0x00,0x00,0x00,0x00,0x00,0xff,0x00,0xff,0x01,0xff,0x00,0x00,0x01,
0x93,0x50,0x6b,0x13,0x90,0x55,0x75,0xb9,0x99,0x59,0x7c,0xff,0x96,0x58,0x79,0xff,0x91,0x55,0x76,0xff,0x91,0x55,0x75,0xff,0x91,0x55,0x76,0xff,0x91,0x55,0x75,0xff,
0x91,0x55,0x75,0xff,0x91,0x55,0x75,0xff,0x91,0x55,0x76,0xff,0x91,0x55,0x75,0xff,0x94,0x57,0x78,0xff,0x9a,0x5a,0x7d,0xff,0x93,0x56,0x77,0xda,0x88,0x50,0x71,0x36,
0x00,0x00,0x00,0x00,0x7f,0x7f,0x7f,0x02,0x00,0x00,0x00,0x00,0x00,0x00,0x00,0x00,0x00,0x00,0x00,0x00,0x00,0x00,0x00,0x00,0x00,0x00,0x00,0x00,0x00,0x00,0x00,0x00,
0x00,0x00,0x00,0x00,0x00,0x00,0x00,0x00,0x00,0x00,0x00,0x00,0x00,0x00,0x00,0x00,0x00,0x00,0x00,0x00,0x00,0x00,0x00,0x00,0x00,0x00,0x00,0x00,0x00,0x00,0x00,0x00,
0x00,0x00,0x00,0x00,0x00,0x00,0x00,0x00,0x00,0x00,0x00,0x00,0x00,0x00,0x00,0x00,0x00,0x00,0x00,0x00,0x00,0x00,0x00,0x00,0x00,0x00,0x00,0x00,0x00,0x00,0x00,0x00,
0x00,0x00,0x00,0x00,0x00,0x00,0x00,0x00,0x00,0x00,0x00,0x00,0x00,0x00,0x00,0x00,0x00,0x00,0x00,0x00,0x00,0x00,0x00,0x00,0x00,0x00,0x00,0x00,0x00,0x00,0x00,0x00,
0x00,0x00,0x00,0x00,0x00,0x00,0x00,0x00,0x00,0x00,0x00,0x00,0x00,0x00,0x00,0x00,0x00,0x00,0x00,0x00,0x00,0x00,0x00,0x00,0x00,0x00,0x00,0x00,0x00,0x00,0x00,0x00,
0x00,0x00,0x00,0x00,0x00,0x00,0x00,0x00,0x00,0x00,0x00,0x00,0x00,0x00,0x00,0x00,0x00,0x00,0x00,0x00,0x00,0x00,0x00,0x00,0x7f,0x7f,0x7f,0x02,0x7f,0x00,0x7f,0x02,
0x8d,0x53,0x73,0xbb,0x9c,0x5b,0x7e,0xff,0x8c,0x52,0x72,0xfa,0x8d,0x52,0x73,0xfc,0x8d,0x53,0x72,0xfe,0x8d,0x53,0x73,0xfe,0x8d,0x53,0x72,0xfe,0x8d,0x53,0x72,0xfe,
0x8d,0x53,0x72,0xfe,0x8d,0x53,0x72,0xfe,0x8d,0x53,0x72,0xfe,0x8d,0x53,0x73,0xfe,0x8e,0x52,0x72,0xfd,0x8c,0x52,0x72,0xfa,0x96,0x57,0x79,0xff,0x90,0x55,0x75,0xe9,
0x90,0x4d,0x6e,0x17,0x00,0x00,0x00,0x01,0x7f,0x00,0x7f,0x02,0x00,0x00,0x00,0x00,0x00,0x00,0x00,0x00,0x00,0x00,0x00,0x00,0x00,0x00,0x00,0x00,0x00,0x00,0x00,0x00,
0x00,0x00,0x00,0x00,0x00,0x00,0x00,0x00,0x00,0x00,0x00,0x00,0x00,0x00,0x00,0x00,0x00,0x00,0x00,0x00,0x00,0x00,0x00,0x00,0x00,0x00,0x00,0x00,0x00,0x00,0x00,0x00,
0x00,0x00,0x00,0x00,0x00,0x00,0x00,0x00,0x00,0x00,0x00,0x00,0x00,0x00,0x00,0x00,0x00,0x00,0x00,0x00,0x00,0x00,0x00,0x00,0x00,0x00,0x00,0x00,0x00,0x00,0x00,0x00,
0x00,0x00,0x00,0x00,0x00,0x00,0x00,0x00,0x00,0x00,0x00,0x00,0x00,0x00,0x00,0x00,0x00,0x00,0x00,0x00,0x00,0x00,0x00,0x00,0x00,0x00,0x00,0x00,0x00,0x00,0x00,0x00,
0x00,0x00,0x00,0x00,0x00,0x00,0x00,0x00,0x00,0x00,0x00,0x00,0x00,0x00,0x00,0x00,0x00,0x00,0x00,0x00,0x00,0x00,0x00,0x00,0x00,0x00,0x00,0x00,0x00,0x00,0x00,0x00,
0x00,0x00,0x00,0x00,0x00,0x00,0x00,0x00,0x00,0x00,0x00,0x00,0x00,0x00,0x00,0x00,0x00,0x00,0x00,0x00,0xaa,0x55,0x55,0x03,0x00,0x00,0x00,0x00,0x8d,0x54,0x73,0x61,
0x99,0x59,0x7c,0xff,0x8e,0x52,0x72,0xf9,0x8e,0x53,0x73,0xff,0x8e,0x53,0x73,0xff,0x8e,0x53,0x73,0xff,0x8e,0x53,0x73,0xff,0x8e,0x53,0x73,0xff,0x8e,0x53,0x73,0xff,
0x8e,0x53,0x73,0xff,0x8e,0x53,0x73,0xff,0x8e,0x53,0x73,0xff,0x8e,0x53,0x73,0xff,0x8e,0x53,0x73,0xff,0x8e,0x53,0x73,0xff,0x8c,0x52,0x72,0xfa,0x99,0x59,0x7c,0xff,
0x8c,0x53,0x73,0xa1,0x00,0x00,0x00,0x00,0xaa,0x55,0x55,0x03,0x00,0x00,0x00,0x00,0x00,0x00,0x00,0x00,0x00,0x00,0x00,0x00,0x00,0x00,0x00,0x00,0x00,0x00,0x00,0x00,
0x00,0x00,0x00,0x00,0x00,0x00,0x00,0x00,0x00,0x00,0x00,0x00,0x00,0x00,0x00,0x00,0x00,0x00,0x00,0x00,0x00,0x00,0x00,0x00,0x00,0x00,0x00,0x00,0x00,0x00,0x00,0x00,
0x00,0x00,0x00,0x00,0x00,0x00,0x00,0x00,0x00,0x00,0x00,0x00,0x00,0x00,0x00,0x00,0x00,0x00,0x00,0x00,0x00,0x00,0x00,0x00,0x00,0x00,0x00,0x00,0x00,0x00,0x00,0x00,
0x00,0x00,0x00,0x00,0x00,0x00,0x00,0x00,0x00,0x00,0x00,0x00,0x00,0x00,0x00,0x00,0x00,0x00,0x00,0x00,0x00,0x00,0x00,0x00,0x00,0x00,0x00,0x00,0x00,0x00,0x00,0x00,
0x00,0x00,0x00,0x00,0x00,0x00,0x00,0x00,0x00,0x00,0x00,0x00,0x00,0x00,0x00,0x00,0x00,0x00,0x00,0x00,0x00,0x00,0x00,0x00,0x00,0x00,0x00,0x00,0x00,0x00,0x00,0x00,
0x00,0x00,0x00,0x00,0x00,0x00,0x00,0x00,0x00,0x00,0x00,0x00,0x00,0x00,0x00,0x00,0x00,0x00,0x00,0x00,0x7f,0x7f,0x7f,0x02,0xff,0x00,0x00,0x01,0x8d,0x54,0x73,0xc2,
0x96,0x57,0x79,0xfe,0x8d,0x52,0x73,0xfc,0x8e,0x53,0x73,0xff,0x8e,0x53,0x73,0xff,0x8e,0x53,0x73,0xff,0x8e,0x53,0x73,0xff,0x8e,0x53,0x73,0xff,0x8e,0x53,0x73,0xff,
0x8e,0x53,0x73,0xff,0x8e,0x53,0x73,0xff,0x8e,0x53,0x73,0xff,0x8e,0x53,0x73,0xff,0x8e,0x53,0x73,0xff,0x8e,0x53,0x73,0xff,0x8d,0x53,0x72,0xfe,0x8f,0x54,0x74,0xfe,
0x8e,0x53,0x74,0xf1,0x86,0x50,0x6b,0x13,0x00,0x00,0x00,0x00,0xff,0x00,0xff,0x01,0x00,0x00,0x00,0x00,0x00,0x00,0x00,0x00,0x00,0x00,0x00,0x00,0x00,0x00,0x00,0x00,
0x00,0x00,0x00,0x00,0x00,0x00,0x00,0x00,0x00,0x00,0x00,0x00,0x00,0x00,0x00,0x00,0x00,0x00,0x00,0x00,0x00,0x00,0x00,0x00,0x00,0x00,0x00,0x00,0x00,0x00,0x00,0x00,
0x00,0x00,0x00,0x00,0x00,0x00,0x00,0x00,0x00,0x00,0x00,0x00,0x00,0x00,0x00,0x00,0x00,0x00,0x00,0x00,0x00,0x00,0x00,0x00,0x00,0x00,0x00,0x00,0x00,0x00,0x00,0x00,
0x00,0x00,0x00,0x00,0x00,0x00,0x00,0x00,0x00,0x00,0x00,0x00,0x00,0x00,0x00,0x00,0x00,0x00,0x00,0x00,0x00,0x00,0x00,0x00,0x00,0x00,0x00,0x00,0x00,0x00,0x00,0x00,
0x00,0x00,0x00,0x00,0x00,0x00,0x00,0x00,0x00,0x00,0x00,0x00,0x00,0x00,0x00,0x00,0x00,0x00,0x00,0x00,0x00,0x00,0x00,0x00,0x00,0x00,0x00,0x00,0x00,0x00,0x00,0x00,
0x00,0x00,0x00,0x00,0x00,0x00,0x00,0x00,0x00,0x00,0x00,0x00,0x00,0x00,0x00,0x00,0xff,0x00,0xff,0x01,0x00,0x00,0x00,0x00,0x7f,0x4f,0x6f,0x10,0x8e,0x53,0x73,0xeb,
0x90,0x54,0x75,0xff,0x8d,0x53,0x72,0xfe,0x8e,0x53,0x73,0xff,0x8e,0x53,0x73,0xff,0x8e,0x53,0x73,0xff,0x8e,0x53,0x73,0xff,0x8e,0x53,0x73,0xff,0x8e,0x53,0x73,0xff,
0x8e,0x53,0x73,0xff,0x8e,0x53,0x73,0xff,0x8e,0x53,0x73,0xff,0x8e,0x53,0x73,0xff,0x8e,0x53,0x73,0xff,0x8e,0x53,0x73,0xff,0x8e,0x53,0x73,0xff,0x8e,0x52,0x72,0xfd,
0x94,0x56,0x77,0xfd,0x8b,0x52,0x73,0x3e,0x00,0x00,0x00,0x00,0xaa,0x55,0x55,0x03,0x00,0x00,0x00,0x00,0x00,0x00,0x00,0x00,0x00,0x00,0x00,0x00,0x00,0x00,0x00,0x00,
0x00,0x00,0x00,0x00,0x00,0x00,0x00,0x00,0x00,0x00,0x00,0x00,0x00,0x00,0x00,0x00,0x00,0x00,0x00,0x00,0x00,0x00,0x00,0x00,0x00,0x00,0x00,0x00,0x00,0x00,0x00,0x00,
0x00,0x00,0x00,0x00,0x00,0x00,0x00,0x00,0x00,0x00,0x00,0x00,0x00,0x00,0x00,0x00,0x00,0x00,0x00,0x00,0x00,0x00,0x00,0x00,0x00,0x00,0x00,0x00,0x00,0x00,0x00,0x00,
0x00,0x00,0x00,0x00,0x00,0x00,0x00,0x00,0x00,0x00,0x00,0x00,0x00,0x00,0x00,0x00,0x00,0x00,0x00,0x00,0x00,0x00,0x00,0x00,0x00,0x00,0x00,0x00,0x00,0x00,0x00,0x00,
0x00,0x00,0x00,0x00,0x00,0x00,0x00,0x00,0x00,0x00,0x00,0x00,0x00,0x00,0x00,0x00,0x00,0x00,0x00,0x00,0x00,0x00,0x00,0x00,0x00,0x00,0x00,0x00,0x00,0x00,0x00,0x00,
0x00,0x00,0x00,0x00,0x00,0x00,0x00,0x00,0x00,0x00,0x00,0x00,0x00,0x00,0x00,0x00,0xff,0x00,0xff,0x01,0x00,0x00,0x00,0x00,0x87,0x4b,0x69,0x11,0x8d,0x53,0x73,0xef,
0x90,0x54,0x75,0xff,0x8d,0x53,0x72,0xfe,0x8e,0x53,0x73,0xff,0x8e,0x53,0x73,0xff,0x8e,0x53,0x73,0xff,0x8e,0x53,0x73,0xff,0x8e,0x53,0x73,0xff,0x8e,0x53,0x73,0xff,
0x8e,0x53,0x73,0xff,0x8e,0x53,0x73,0xff,0x8e,0x53,0x73,0xff,0x8e,0x53,0x73,0xff,0x8e,0x53,0x73,0xff,0x8e,0x53,0x73,0xff,0x8e,0x53,0x73,0xff,0x8e,0x52,0x72,0xfd,
0x94,0x57,0x78,0xff,0x8b,0x51,0x70,0x42,0x00,0x00,0x00,0x00,0xaa,0x55,0x55,0x03,0x00,0x00,0x00,0x00,0x00,0x00,0x00,0x00,0x00,0x00,0x00,0x00,0x00,0x00,0x00,0x00,
0x00,0x00,0x00,0x00,0x00,0x00,0x00,0x00,0x00,0x00,0x00,0x00,0x00,0x00,0x00,0x00,0x00,0x00,0x00,0x00,0x00,0x00,0x00,0x00,0x00,0x00,0x00,0x00,0x00,0x00,0x00,0x00,
0x00,0x00,0x00,0x00,0x00,0x00,0x00,0x00,0x00,0x00,0x00,0x00,0x00,0x00,0x00,0x00,0x00,0x00,0x00,0x00,0x00,0x00,0x00,0x00,0x00,0x00,0x00,0x00,0x00,0x00,0x00,0x00,
0x00,0x00,0x00,0x00,0x00,0x00,0x00,0x00,0x00,0x00,0x00,0x00,0x00,0x00,0x00,0x00,0x00,0x00,0x00,0x00,0x00,0x00,0x00,0x00,0x00,0x00,0x00,0x00,0x00,0x00,0x00,0x00,
0x00,0x00,0x00,0x00,0x00,0x00,0x00,0x00,0x00,0x00,0x00,0x00,0x00,0x00,0x00,0x00,0x00,0x00,0x00,0x00,0x00,0x00,0x00,0x00,0x00,0x00,0x00,0x00,0x00,0x00,0x00,0x00,
0x00,0x00,0x00,0x00,0x00,0x00,0x00,0x00,0x00,0x00,0x00,0x00,0x00,0x00,0x00,0x00,0xff,0x00,0xff,0x01,0x00,0x00,0x00,0x00,0x87,0x4b,0x69,0x11,0x8e,0x53,0x73,0xee,
0x90,0x54,0x75,0xff,0x8d,0x53,0x72,0xfe,0x8e,0x53,0x73,0xff,0x8e,0x53,0x73,0xff,0x8e,0x53,0x73,0xff,0x8e,0x53,0x73,0xff,0x8e,0x53,0x73,0xff,0x8e,0x53,0x73,0xff,
0x8e,0x53,0x73,0xff,0x8e,0x53,0x73,0xff,0x8e,0x53,0x73,0xff,0x8e,0x53,0x73,0xff,0x8e,0x53,0x73,0xff,0x8e,0x53,0x73,0xff,0x8e,0x53,0x73,0xff,0x8e,0x52,0x72,0xfd,
0x94,0x57,0x78,0xff,0x8d,0x52,0x71,0x41,0x00,0x00,0x00,0x00,0xaa,0x55,0x55,0x03,0x00,0x00,0x00,0x00,0x00,0x00,0x00,0x00,0x00,0x00,0x00,0x00,0x00,0x00,0x00,0x00,
0x00,0x00,0x00,0x00,0x00,0x00,0x00,0x00,0x00,0x00,0x00,0x00,0x00,0x00,0x00,0x00,0x00,0x00,0x00,0x00,0x00,0x00,0x00,0x00,0x00,0x00,0x00,0x00,0x00,0x00,0x00,0x00,
0x00,0x00,0x00,0x00,0x00,0x00,0x00,0x00,0x00,0x00,0x00,0x00,0x00,0x00,0x00,0x00,0x00,0x00,0x00,0x00,0x00,0x00,0x00,0x00,0x00,0x00,0x00,0x00,0x00,0x00,0x00,0x00,
0x00,0x00,0x00,0x00,0x00,0x00,0x00,0x00,0x00,0x00,0x00,0x00,0x00,0x00,0x00,0x00,0x00,0x00,0x00,0x00,0x00,0x00,0x00,0x00,0x00,0x00,0x00,0x00,0x00,0x00,0x00,0x00,
0x00,0x00,0x00,0x00,0x00,0x00,0x00,0x00,0x00,0x00,0x00,0x00,0x00,0x00,0x00,0x00,0x00,0x00,0x00,0x00,0x00,0x00,0x00,0x00,0x00,0x00,0x00,0x00,0x00,0x00,0x00,0x00,
0x00,0x00,0x00,0x00,0x00,0x00,0x00,0x00,0x00,0x00,0x00,0x00,0x00,0x00,0x00,0x00,0xff,0x7f,0xff,0x02,0xff,0xff,0xff,0x01,0x8d,0x55,0x71,0x12,0x8f,0x54,0x74,0xee,
0x90,0x55,0x76,0xff,0x8d,0x54,0x73,0xfe,0x8e,0x54,0x74,0xff,0x8e,0x54,0x74,0xff,0x8e,0x54,0x74,0xff,0x8e,0x54,0x74,0xff,0x8e,0x54,0x74,0xff,0x8e,0x54,0x74,0xff,
0x8e,0x54,0x74,0xff,0x8e,0x54,0x74,0xff,0x8e,0x54,0x74,0xff,0x8e,0x54,0x74,0xff,0x8e,0x54,0x74,0xff,0x8e,0x54,0x74,0xff,0x8e,0x54,0x74,0xff,0x8e,0x53,0x73,0xfd,
0x94,0x58,0x79,0xff,0x8e,0x55,0x73,0x42,0xff,0xff,0xff,0x01,0xbf,0x7f,0x7f,0x04,0x00,0x00,0x00,0x00,0x00,0x00,0x00,0x00,0x00,0x00,0x00,0x00,0x00,0x00,0x00,0x00,
0x00,0x00,0x00,0x00,0x00,0x00,0x00,0x00,0x00,0x00,0x00,0x00,0x00,0x00,0x00,0x00,0x00,0x00,0x00,0x00,0x00,0x00,0x00,0x00,0x00,0x00,0x00,0x00,0x00,0x00,0x00,0x00,
0x00,0x00,0x00,0x00,0x00,0x00,0x00,0x00,0x00,0x00,0x00,0x00,0x00,0x00,0x00,0x00,0x00,0x00,0x00,0x00,0x00,0x00,0x00,0x00,0x00,0x00,0x00,0x00,0x00,0x00,0x00,0x00,
0x00,0x00,0x00,0x00,0x00,0x00,0x00,0x00,0x00,0x00,0x00,0x00,0x00,0x00,0x00,0x00,0x00,0x00,0x00,0x00,0x00,0x00,0x00,0x00,0x00,0x00,0x00,0x00,0x00,0x00,0x00,0x00,
0x00,0x00,0x00,0x00,0x00,0x00,0x00,0x00,0x00,0x00,0x00,0x00,0x00,0x00,0x00,0x00,0x00,0x00,0x00,0x00,0x00,0x00,0x00,0x00,0x00,0x00,0x00,0x00,0x00,0x00,0x00,0x00,
0x00,0x00,0x00,0x00,0xff,0x7f,0xff,0x02,0xff,0xff,0xff,0x04,0xff,0xff,0xff,0x03,0x00,0x00,0x00,0x00,0x00,0x00,0x00,0x00,0x62,0x13,0x3a,0x0d,0x8c,0x50,0x70,0xee,
0x8e,0x51,0x73,0xff,0x8b,0x50,0x70,0xfe,0x8c,0x50,0x71,0xff,0x8c,0x50,0x71,0xff,0x8c,0x50,0x71,0xff,0x8c,0x50,0x71,0xff,0x8c,0x50,0x71,0xff,0x8c,0x50,0x71,0xff,
0x8c,0x50,0x71,0xff,0x8c,0x50,0x71,0xff,0x8c,0x50,0x71,0xff,0x8c,0x50,0x71,0xff,0x8c,0x50,0x71,0xff,0x8c,0x50,0x71,0xff,0x8c,0x50,0x71,0xff,0x8c,0x4f,0x70,0xfd,
0x92,0x54,0x76,0xff,0x83,0x45,0x66,0x3e,0x00,0x00,0x00,0x00,0x00,0x00,0x00,0x00,0xaa,0xaa,0xff,0x03,0xff,0xff,0xff,0x04,0xff,0xff,0xff,0x02,0x00,0x00,0x00,0x00,
0x00,0x00,0x00,0x00,0x00,0x00,0x00,0x00,0x00,0x00,0x00,0x00,0x00,0x00,0x00,0x00,0x00,0x00,0x00,0x00,0x00,0x00,0x00,0x00,0x00,0x00,0x00,0x00,0x00,0x00,0x00,0x00,
0x00,0x00,0x00,0x00,0x00,0x00,0x00,0x00,0x00,0x00,0x00,0x00,0x00,0x00,0x00,0x00,0x00,0x00,0x00,0x00,0x00,0x00,0x00,0x00,0x00,0x00,0x00,0x00,0x00,0x00,0x00,0x00,
0x00,0x00,0x00,0x00,0x00,0x00,0x00,0x00,0x00,0x00,0x00,0x00,0x00,0x00,0x00,0x00,0x00,0x00,0x00,0x00,0x00,0x00,0x00,0x00,0x00,0x00,0x00,0x00,0x00,0x00,0x00,0x00,
0x00,0x00,0x00,0x00,0x00,0x00,0x00,0x00,0x00,0x00,0x00,0x00,0x00,0x00,0x00,0x00,0x00,0x00,0x00,0x00,0x00,0x00,0x00,0x00,0x00,0x00,0x00,0x00,0xff,0xff,0xff,0x01,
0xff,0xff,0xff,0x03,0x00,0x00,0x00,0x00,0x00,0x00,0x00,0x00,0x00,0x00,0x00,0x00,0xff,0xbf,0xff,0x04,0xff,0xff,0xff,0x10,0xbf,0x9f,0xb7,0x20,0x96,0x5e,0x7d,0xef,
0x97,0x5e,0x7e,0xff,0x94,0x5d,0x7b,0xfe,0x95,0x5d,0x7c,0xff,0x95,0x5d,0x7c,0xff,0x95,0x5d,0x7c,0xff,0x95,0x5d,0x7c,0xff,0x95,0x5d,0x7c,0xff,0x95,0x5d,0x7c,0xff,
0x95,0x5d,0x7c,0xff,0x95,0x5d,0x7c,0xff,0x95,0x5d,0x7c,0xff,0x95,0x5d,0x7c,0xff,0x95,0x5d,0x7c,0xff,0x95,0x5d,0x7c,0xff,0x95,0x5d,0x7c,0xff,0x95,0x5c,0x7b,0xfd,
0x9b,0x61,0x81,0xff,0xa5,0x73,0x8e,0x4d,0xff,0xff,0xff,0x10,0xe9,0xd4,0xd4,0x0c,0x00,0x00,0x00,0x00,0x00,0x00,0x00,0x00,0x00,0x00,0x00,0x00,0xff,0xff,0xff,0x01,
0xff,0xff,0xff,0x02,0x00,0x00,0x00,0x00,0x00,0x00,0x00,0x00,0x00,0x00,0x00,0x00,0x00,0x00,0x00,0x00,0x00,0x00,0x00,0x00,0x00,0x00,0x00,0x00,0x00,0x00,0x00,0x00,
0x00,0x00,0x00,0x00,0x00,0x00,0x00,0x00,0x00,0x00,0x00,0x00,0x00,0x00,0x00,0x00,0x00,0x00,0x00,0x00,0x00,0x00,0x00,0x00,0x00,0x00,0x00,0x00,0x00,0x00,0x00,0x00,
0x00,0x00,0x00,0x00,0x00,0x00,0x00,0x00,0x00,0x00,0x00,0x00,0x00,0x00,0x00,0x00,0x00,0x00,0x00,0x00,0x00,0x00,0x00,0x00,0x00,0x00,0x00,0x00,0x00,0x00,0x00,0x00,
0x00,0x00,0x00,0x00,0x00,0x00,0x00,0x00,0x00,0x00,0x00,0x00,0x00,0x00,0x00,0x00,0x00,0x00,0x00,0x00,0x00,0x00,0x00,0x00,0xff,0xff,0xff,0x03,0x00,0x00,0x00,0x00,
0x00,0x00,0x00,0x00,0xf5,0xf5,0xff,0x1c,0xff,0xfa,0xff,0x70,0xfd,0xf7,0xff,0xad,0xfc,0xf7,0xff,0xd5,0xfb,0xf6,0xff,0xee,0xfa,0xf3,0xfd,0xef,0xf3,0xe9,0xf5,0xfe,
0xf4,0xea,0xf6,0xff,0xf4,0xea,0xf6,0xff,0xf4,0xea,0xf6,0xff,0xf4,0xea,0xf6,0xff,0xf4,0xea,0xf6,0xff,0xf4,0xea,0xf6,0xff,0xf4,0xea,0xf6,0xff,0xf4,0xea,0xf6,0xff,
0xf4,0xea,0xf6,0xff,0xf4,0xea,0xf6,0xff,0xf4,0xea,0xf6,0xff,0xf4,0xea,0xf6,0xff,0xf4,0xea,0xf6,0xff,0xf4,0xea,0xf6,0xff,0xf4,0xea,0xf6,0xff,0xf4,0xea,0xf6,0xff,
0xf4,0xea,0xf6,0xff,0xf9,0xf1,0xfc,0xf2,0xfb,0xf6,0xff,0xee,0xfb,0xf4,0xff,0xe2,0xfc,0xf5,0xff,0xb9,0xfb,0xf7,0xff,0x80,0xff,0xff,0xff,0x2d,0x00,0x00,0x00,0x00,
0x00,0x00,0x00,0x00,0xff,0xff,0xff,0x03,0x00,0x00,0x00,0x00,0x00,0x00,0x00,0x00,0x00,0x00,0x00,0x00,0x00,0x00,0x00,0x00,0x00,0x00,0x00,0x00,0x00,0x00,0x00,0x00,
0x00,0x00,0x00,0x00,0x00,0x00,0x00,0x00,0x00,0x00,0x00,0x00,0x00,0x00,0x00,0x00,0x00,0x00,0x00,0x00,0x00,0x00,0x00,0x00,0x00,0x00,0x00,0x00,0x00,0x00,0x00,0x00,
0x00,0x00,0x00,0x00,0x00,0x00,0x00,0x00,0x00,0x00,0x00,0x00,0x00,0x00,0x00,0x00,0x00,0x00,0x00,0x00,0x00,0x00,0x00,0x00,0x00,0x00,0x00,0x00,0x00,0x00,0x00,0x00,
0x00,0x00,0x00,0x00,0x00,0x00,0x00,0x00,0x00,0x00,0x00,0x00,0x00,0x00,0x00,0x00,0x00,0x00,0x00,0x00,0xff,0xff,0xff,0x03,0x00,0x00,0x00,0x00,0xf5,0xeb,0xff,0x1a,
0xfd,0xfa,0xff,0x9e,0xfc,0xf7,0xff,0xf2,0xff,0xff,0xff,0xff,0xff,0xff,0xff,0xff,0xff,0xfc,0xff,0xff,0xff,0xf8,0xff,0xff,0xff,0xf8,0xff,0xff,0xfd,0xf7,0xff,0xff,
0xfd,0xf7,0xff,0xff,0xfd,0xf7,0xff,0xff,0xfd,0xf7,0xff,0xff,0xfd,0xf7,0xff,0xff,0xfd,0xf7,0xff,0xff,0xfd,0xf7,0xff,0xff,0xfd,0xf7,0xff,0xff,0xfd,0xf7,0xff,0xff,
0xfd,0xf7,0xff,0xff,0xfd,0xf7,0xff,0xff,0xfd,0xf7,0xff,0xff,0xfd,0xf7,0xff,0xff,0xfd,0xf7,0xff,0xff,0xfd,0xf7,0xff,0xff,0xfd,0xf7,0xff,0xff,0xfd,0xf7,0xff,0xff,
0xfd,0xf7,0xff,0xff,0xff,0xf8,0xff,0xff,0xff,0xf8,0xff,0xff,0xff,0xfa,0xff,0xff,0xff,0xff,0xff,0xff,0xff,0xff,0xff,0xff,0xfb,0xf8,0xff,0xfc,0xff,0xfa,0xff,0xba,
0xfa,0xf1,0xff,0x38,0x00,0x00,0x00,0x00,0xff,0xff,0xff,0x02,0xff,0xff,0xff,0x01,0x00,0x00,0x00,0x00,0x00,0x00,0x00,0x00,0x00,0x00,0x00,0x00,0x00,0x00,0x00,0x00,
0x00,0x00,0x00,0x00,0x00,0x00,0x00,0x00,0x00,0x00,0x00,0x00,0x00,0x00,0x00,0x00,0x00,0x00,0x00,0x00,0x00,0x00,0x00,0x00,0x00,0x00,0x00,0x00,0x00,0x00,0x00,0x00,
0x00,0x00,0x00,0x00,0x00,0x00,0x00,0x00,0x00,0x00,0x00,0x00,0x00,0x00,0x00,0x00,0x00,0x00,0x00,0x00,0x00,0x00,0x00,0x00,0x00,0x00,0x00,0x00,0x00,0x00,0x00,0x00,
0x00,0x00,0x00,0x00,0x00,0x00,0x00,0x00,0x00,0x00,0x00,0x00,0x00,0x00,0x00,0x00,0xff,0xff,0xff,0x03,0x00,0x00,0x00,0x00,0xf7,0xf0,0xff,0x47,0xfc,0xf9,0xff,0xe6,
0xff,0xff,0xff,0xff,0xfd,0xf6,0xff,0xff,0xfa,0xf3,0xff,0xfb,0xfa,0xf3,0xff,0xfc,0xfa,0xf3,0xff,0xfd,0xfa,0xf3,0xff,0xfe,0xfa,0xf3,0xff,0xfe,0xfa,0xf2,0xfd,0xff,
0xfa,0xf3,0xfe,0xff,0xfa,0xf3,0xfe,0xff,0xfa,0xf3,0xfe,0xff,0xfa,0xf3,0xfe,0xff,0xfa,0xf3,0xfe,0xff,0xfa,0xf3,0xfe,0xff,0xfa,0xf3,0xfe,0xff,0xfa,0xf3,0xfe,0xff,
0xfa,0xf3,0xfe,0xff,0xfa,0xf3,0xfe,0xff,0xfa,0xf3,0xfe,0xff,0xfa,0xf3,0xfe,0xff,0xfa,0xf3,0xfe,0xff,0xfa,0xf3,0xfe,0xff,0xfa,0xf3,0xfe,0xff,0xfa,0xf3,0xfe,0xff,
0xfa,0xf2,0xfd,0xff,0xfa,0xf3,0xff,0xfe,0xfa,0xf3,0xff,0xfe,0xfa,0xf3,0xff,0xfd,0xfa,0xf3,0xff,0xfc,0xfa,0xf3,0xff,0xfb,0xfb,0xf3,0xff,0xff,0xff,0xff,0xff,0xff,
0xfd,0xf9,0xff,0xfb,0xfc,0xf8,0xff,0x70,0x00,0x00,0x00,0x00,0xff,0xff,0xff,0x02,0xff,0xff,0xff,0x01,0x00,0x00,0x00,0x00,0x00,0x00,0x00,0x00,0x00,0x00,0x00,0x00,
0x00,0x00,0x00,0x00,0x00,0x00,0x00,0x00,0x00,0x00,0x00,0x00,0x00,0x00,0x00,0x00,0x00,0x00,0x00,0x00,0x00,0x00,0x00,0x00,0x00,0x00,0x00,0x00,0x00,0x00,0x00,0x00,
0x00,0x00,0x00,0x00,0x00,0x00,0x00,0x00,0x00,0x00,0x00,0x00,0x00,0x00,0x00,0x00,0x00,0x00,0x00,0x00,0x00,0x00,0x00,0x00,0x00,0x00,0x00,0x00,0x00,0x00,0x00,0x00,
0x00,0x00,0x00,0x00,0x00,0x00,0x00,0x00,0x00,0x00,0x00,0x00,0xff,0xff,0xff,0x03,0x00,0x00,0x00,0x00,0xf9,0xf2,0xff,0x65,0xff,0xff,0xff,0xff,0xff,0xf9,0xff,0xff,
0xfa,0xf2,0xff,0xfb,0xfa,0xf3,0xff,0xfe,0xfb,0xf4,0xff,0xff,0xfb,0xf4,0xff,0xff,0xf9,0xf2,0xfd,0xff,0xf9,0xf1,0xfc,0xff,0xfb,0xf4,0xff,0xff,0xfe,0xf7,0xff,0xff,
0xfe,0xf7,0xff,0xff,0xfe,0xf7,0xff,0xff,0xfe,0xf7,0xff,0xff,0xfe,0xf7,0xff,0xff,0xfe,0xf7,0xff,0xff,0xfe,0xf7,0xff,0xff,0xfe,0xf7,0xff,0xff,0xfe,0xf7,0xff,0xff,
0xfe,0xf7,0xff,0xff,0xfe,0xf7,0xff,0xff,0xfe,0xf7,0xff,0xff,0xfe,0xf7,0xff,0xff,0xfe,0xf7,0xff,0xff,0xfe,0xf7,0xff,0xff,0xfe,0xf7,0xff,0xff,0xfe,0xf7,0xff,0xff,
0xfe,0xf7,0xff,0xff,0xfc,0xf5,0xff,0xff,0xf9,0xf2,0xfd,0xff,0xf9,0xf1,0xfc,0xff,0xfb,0xf4,0xfe,0xff,0xfb,0xf4,0xff,0xff,0xfb,0xf4,0xff,0xff,0xfa,0xf3,0xff,0xfc,
0xfa,0xf3,0xff,0xfe,0xff,0xff,0xff,0xff,0xfb,0xf5,0xff,0x9a,0xff,0xff,0xff,0x01,0xff,0xff,0xff,0x03,0x00,0x00,0x00,0x00,0x00,0x00,0x00,0x00,0x00,0x00,0x00,0x00,
0x00,0x00,0x00,0x00,0x00,0x00,0x00,0x00,0x00,0x00,0x00,0x00,0x00,0x00,0x00,0x00,0x00,0x00,0x00,0x00,0x00,0x00,0x00,0x00,0x00,0x00,0x00,0x00,0x00,0x00,0x00,0x00,
0x00,0x00,0x00,0x00,0x00,0x00,0x00,0x00,0x00,0x00,0x00,0x00,0x00,0x00,0x00,0x00,0x00,0x00,0x00,0x00,0x00,0x00,0x00,0x00,0x00,0x00,0x00,0x00,0x00,0x00,0x00,0x00,
0x00,0x00,0x00,0x00,0x00,0x00,0x00,0x00,0xff,0xff,0xff,0x03,0x00,0x00,0x00,0x00,0xf7,0xf0,0xff,0x45,0xff,0xff,0xff,0xff,0xfc,0xf6,0xff,0xfc,0xfa,0xf3,0xff,0xfd,
0xfb,0xf4,0xff,0xff,0xfb,0xf4,0xff,0xff,0xfa,0xf3,0xfe,0xff,0xfa,0xf3,0xfe,0xff,0xff,0xfd,0xff,0xff,0xff,0xff,0xff,0xff,0xfd,0xf7,0xff,0xff,0xf0,0xe8,0xf1,0xff,
0xf1,0xe9,0xf2,0xff,0xf1,0xe9,0xf2,0xff,0xf1,0xe9,0xf2,0xff,0xf1,0xe9,0xf2,0xff,0xf1,0xe9,0xf2,0xff,0xf1,0xe9,0xf2,0xff,0xf1,0xe9,0xf2,0xff,0xf1,0xe9,0xf2,0xff,
0xf1,0xe9,0xf2,0xff,0xf1,0xe9,0xf2,0xff,0xf1,0xe9,0xf2,0xff,0xf1,0xe9,0xf2,0xff,0xf1,0xe9,0xf2,0xff,0xf1,0xe9,0xf2,0xff,0xf1,0xe9,0xf2,0xff,0xf1,0xe9,0xf2,0xff,
0xef,0xe7,0xf1,0xff,0xf9,0xf2,0xfd,0xff,0xff,0xff,0xff,0xff,0xff,0xff,0xff,0xff,0xfc,0xf5,0xff,0xff,0xf9,0xf2,0xfd,0xff,0xfb,0xf4,0xff,0xff,0xfb,0xf4,0xff,0xff,
0xfa,0xf3,0xff,0xfe,0xfa,0xf3,0xff,0xfa,0xff,0xff,0xff,0xff,0xfb,0xf1,0xff,0x80,0x00,0x00,0x00,0x00,0xff,0xbf,0xff,0x04,0x00,0x00,0x00,0x00,0x00,0x00,0x00,0x00,
0x00,0x00,0x00,0x00,0x00,0x00,0x00,0x00,0x00,0x00,0x00,0x00,0x00,0x00,0x00,0x00,0x00,0x00,0x00,0x00,0x00,0x00,0x00,0x00,0x00,0x00,0x00,0x00,0x00,0x00,0x00,0x00,
0x00,0x00,0x00,0x00,0x00,0x00,0x00,0x00,0x00,0x00,0x00,0x00,0x00,0x00,0x00,0x00,0x00,0x00,0x00,0x00,0x00,0x00,0x00,0x00,0x00,0x00,0x00,0x00,0x00,0x00,0x00,0x00,
0x00,0x00,0x00,0x00,0xff,0xff,0xff,0x02,0xff,0xff,0xff,0x01,0xf4,0xf4,0xff,0x18,0xfb,0xf7,0xff,0xe8,0xfd,0xf8,0xff,0xfe,0xfa,0xf3,0xff,0xfd,0xfb,0xf4,0xff,0xff,
0xfb,0xf4,0xff,0xff,0xf9,0xf2,0xfd,0xff,0xfe,0xf8,0xff,0xff,0xff,0xfc,0xff,0xff,0xcf,0xc5,0xc8,0xff,0x95,0x84,0x7f,0xff,0x7a,0x65,0x5e,0xff,0x65,0x4e,0x44,0xff,
0x66,0x4f,0x45,0xff,0x65,0x4e,0x45,0xff,0x65,0x4e,0x45,0xff,0x65,0x4e,0x45,0xff,0x65,0x4e,0x45,0xff,0x65,0x4e,0x45,0xff,0x65,0x4e,0x45,0xff,0x65,0x4e,0x45,0xff,
0x65,0x4e,0x45,0xff,0x65,0x4e,0x45,0xff,0x65,0x4e,0x45,0xff,0x65,0x4e,0x45,0xff,0x65,0x4e,0x45,0xff,0x65,0x4e,0x45,0xff,0x65,0x4e,0x45,0xff,0x66,0x4f,0x45,0xff,
0x64,0x4c,0x42,0xff,0x73,0x5e,0x56,0xff,0x8c,0x7a,0x74,0xff,0xbf,0xb3,0xb4,0xff,0xf9,0xf3,0xfb,0xff,0xff,0xfc,0xff,0xff,0xf9,0xf1,0xfd,0xff,0xfb,0xf4,0xff,0xff,
0xfb,0xf4,0xff,0xff,0xfa,0xf3,0xff,0xfe,0xfb,0xf4,0xff,0xfb,0xff,0xfc,0xff,0xfe,0xfb,0xf3,0xff,0x44,0x00,0x00,0x00,0x00,0xff,0xff,0xff,0x03,0x00,0x00,0x00,0x00,
0x00,0x00,0x00,0x00,0x00,0x00,0x00,0x00,0x00,0x00,0x00,0x00,0x00,0x00,0x00,0x00,0x00,0x00,0x00,0x00,0x00,0x00,0x00,0x00,0x00,0x00,0x00,0x00,0x00,0x00,0x00,0x00,
0x00,0x00,0x00,0x00,0x00,0x00,0x00,0x00,0x00,0x00,0x00,0x00,0x00,0x00,0x00,0x00,0x00,0x00,0x00,0x00,0x00,0x00,0x00,0x00,0x00,0x00,0x00,0x00,0x00,0x00,0x00,0x00,
0x00,0x00,0x00,0x00,0xff,0xff,0xff,0x03,0x00,0x00,0x00,0x00,0xfb,0xf2,0xff,0xa0,0xff,0xff,0xff,0xff,0xfa,0xf3,0xff,0xfb,0xfb,0xf4,0xff,0xff,0xfb,0xf4,0xff,0xff,
0xf9,0xf2,0xfd,0xff,0xff,0xfc,0xff,0xff,0xed,0xe7,0xec,0xff,0x87,0x74,0x6e,0xff,0x53,0x3a,0x2f,0xff,0x50,0x37,0x2b,0xff,0x54,0x3c,0x30,0xff,0x58,0x40,0x35,0xff,
0x58,0x40,0x35,0xff,0x58,0x40,0x35,0xff,0x58,0x40,0x35,0xff,0x58,0x40,0x35,0xff,0x58,0x40,0x35,0xff,0x58,0x40,0x35,0xff,0x58,0x40,0x35,0xff,0x58,0x40,0x35,0xff,
0x58,0x40,0x35,0xff,0x58,0x40,0x35,0xff,0x58,0x40,0x35,0xff,0x58,0x40,0x35,0xff,0x58,0x40,0x35,0xff,0x58,0x40,0x35,0xff,0x58,0x40,0x35,0xff,0x58,0x40,0x35,0xff,
0x59,0x40,0x35,0xff,0x56,0x3d,0x31,0xff,0x51,0x38,0x2c,0xff,0x51,0x37,0x2b,0xff,0x72,0x5c,0x54,0xff,0xd7,0xce,0xd1,0xff,0xff,0xff,0xff,0xff,0xf9,0xf2,0xfd,0xff,
0xfb,0xf4,0xff,0xff,0xfb,0xf4,0xff,0xff,0xf9,0xf2,0xff,0xfd,0xff,0xfc,0xff,0xff,0xfb,0xf4,0xff,0xd9,0xe2,0xe2,0xff,0x09,0xff,0xff,0xff,0x01,0xff,0xff,0xff,0x01,
0x00,0x00,0x00,0x00,0x00,0x00,0x00,0x00,0x00,0x00,0x00,0x00,0x00,0x00,0x00,0x00,0x00,0x00,0x00,0x00,0x00,0x00,0x00,0x00,0x00,0x00,0x00,0x00,0x00,0x00,0x00,0x00,
0x00,0x00,0x00,0x00,0x00,0x00,0x00,0x00,0x00,0x00,0x00,0x00,0x00,0x00,0x00,0x00,0x00,0x00,0x00,0x00,0x00,0x00,0x00,0x00,0x00,0x00,0x00,0x00,0x00,0x00,0x00,0x00,
0xff,0xff,0xff,0x01,0x00,0x00,0x00,0x00,0xf5,0xf5,0xff,0x1a,0xfc,0xf7,0xff,0xf4,0xfd,0xf6,0xff,0xfe,0xfa,0xf3,0xff,0xfe,0xfb,0xf4,0xff,0xff,0xf9,0xf2,0xfd,0xff,
0xff,0xfc,0xff,0xff,0xdb,0xd3,0xd6,0xff,0x66,0x4e,0x45,0xff,0x51,0x38,0x2c,0xff,0x5d,0x45,0x3a,0xff,0x5e,0x46,0x3b,0xff,0x5c,0x45,0x3a,0xff,0x5c,0x44,0x39,0xff,
0x5c,0x44,0x39,0xff,0x5c,0x44,0x39,0xff,0x5c,0x44,0x39,0xff,0x5c,0x44,0x39,0xff,0x5c,0x44,0x39,0xff,0x5c,0x44,0x39,0xff,0x5c,0x44,0x39,0xff,0x5c,0x44,0x39,0xff,
0x5c,0x44,0x39,0xff,0x5c,0x44,0x39,0xff,0x5c,0x44,0x39,0xff,0x5c,0x44,0x39,0xff,0x5c,0x44,0x39,0xff,0x5c,0x44,0x39,0xff,0x5c,0x44,0x39,0xff,0x5c,0x44,0x39,0xff,
0x5c,0x44,0x39,0xff,0x5c,0x44,0x3a,0xff,0x5d,0x45,0x3b,0xff,0x5e,0x46,0x3b,0xff,0x55,0x3c,0x30,0xff,0x56,0x3e,0x33,0xff,0xbd,0xb0,0xb1,0xff,0xff,0xfe,0xff,0xff,
0xf9,0xf1,0xfd,0xff,0xfb,0xf4,0xff,0xff,0xfb,0xf4,0xff,0xff,0xfa,0xf3,0xff,0xfc,0xff,0xff,0xff,0xff,0xfb,0xf5,0xff,0x4d,0x00,0x00,0x00,0x00,0xff,0xff,0xff,0x03,
0x00,0x00,0x00,0x00,0x00,0x00,0x00,0x00,0x00,0x00,0x00,0x00,0x00,0x00,0x00,0x00,0x00,0x00,0x00,0x00,0x00,0x00,0x00,0x00,0x00,0x00,0x00,0x00,0x00,0x00,0x00,0x00,
0x00,0x00,0x00,0x00,0x00,0x00,0x00,0x00,0x00,0x00,0x00,0x00,0x00,0x00,0x00,0x00,0x00,0x00,0x00,0x00,0x00,0x00,0x00,0x00,0x00,0x00,0x00,0x00,0x00,0x00,0x00,0x00,
0xff,0xff,0xff,0x04,0x00,0x00,0x00,0x00,0xfc,0xf3,0xff,0x70,0xff,0xff,0xff,0xff,0xfa,0xf3,0xff,0xfb,0xfb,0xf4,0xff,0xff,0xfa,0xf3,0xfe,0xff,0xfd,0xf8,0xfe,0xff,
0xee,0xe7,0xed,0xff,0x65,0x4e,0x46,0xff,0x54,0x3b,0x2f,0xff,0x5f,0x47,0x3c,0xff,0x5b,0x43,0x38,0xff,0x5b,0x43,0x38,0xff,0x5b,0x43,0x38,0xff,0x5b,0x43,0x38,0xff,
0x5b,0x43,0x38,0xff,0x5b,0x43,0x38,0xff,0x5b,0x43,0x38,0xff,0x5b,0x43,0x38,0xff,0x5b,0x43,0x38,0xff,0x5b,0x43,0x38,0xff,0x5b,0x43,0x38,0xff,0x5b,0x43,0x38,0xff,
0x5b,0x43,0x38,0xff,0x5b,0x43,0x38,0xff,0x5b,0x43,0x38,0xff,0x5b,0x43,0x38,0xff,0x5b,0x43,0x38,0xff,0x5b,0x43,0x38,0xff,0x5b,0x43,0x38,0xff,0x5b,0x43,0x38,0xff,
0x5b,0x43,0x38,0xff,0x5b,0x43,0x38,0xff,0x5b,0x43,0x38,0xff,0x5b,0x43,0x38,0xff,0x5d,0x45,0x3b,0xff,0x5a,0x42,0x37,0xff,0x52,0x39,0x2d,0xff,0xd1,0xc6,0xca,0xff,
0xff,0xfe,0xff,0xff,0xf9,0xf2,0xfd,0xff,0xfb,0xf4,0xff,0xff,0xf9,0xf3,0xff,0xfc,0xff,0xff,0xff,0xfe,0xfa,0xf1,0xff,0xb0,0x00,0x00,0x00,0x00,0xff,0xff,0xff,0x03,
0x00,0x00,0x00,0x00,0x00,0x00,0x00,0x00,0x00,0x00,0x00,0x00,0x00,0x00,0x00,0x00,0x00,0x00,0x00,0x00,0x00,0x00,0x00,0x00,0x00,0x00,0x00,0x00,0x00,0x00,0x00,0x00,
0x00,0x00,0x00,0x00,0x00,0x00,0x00,0x00,0x00,0x00,0x00,0x00,0x00,0x00,0x00,0x00,0x00,0x00,0x00,0x00,0x00,0x00,0x00,0x00,0x00,0x00,0x00,0x00,0x00,0x00,0x00,0x00,
0xff,0xff,0xff,0x03,0x00,0x00,0x00,0x00,0xfc,0xf3,0xff,0xad,0xff,0xff,0xff,0xff,0xfa,0xf3,0xff,0xfc,0xfb,0xf4,0xff,0xff,0xfa,0xf3,0xfd,0xff,0xff,0xfc,0xff,0xff,
0x87,0x74,0x70,0xff,0x51,0x38,0x2c,0xff,0x5f,0x47,0x3c,0xff,0x5b,0x43,0x38,0xff,0x5b,0x43,0x38,0xff,0x5b,0x43,0x38,0xff,0x5b,0x43,0x38,0xff,0x5b,0x43,0x38,0xff,
0x5b,0x43,0x38,0xff,0x5b,0x43,0x38,0xff,0x5b,0x43,0x38,0xff,0x5b,0x43,0x38,0xff,0x5b,0x43,0x38,0xff,0x5b,0x43,0x38,0xff,0x5b,0x43,0x38,0xff,0x5b,0x43,0x38,0xff,
0x5b,0x43,0x38,0xff,0x5b,0x43,0x38,0xff,0x5b,0x43,0x38,0xff,0x5b,0x43,0x38,0xff,0x5b,0x43,0x38,0xff,0x5b,0x43,0x38,0xff,0x5b,0x43,0x38,0xff,0x5b,0x43,0x38,0xff,
0x5b,0x43,0x38,0xff,0x5d,0x44,0x3a,0xff,0x5d,0x45,0x3b,0xff,0x5b,0x43,0x38,0xff,0x5b,0x43,0x38,0xff,0x5d,0x45,0x3a,0xff,0x57,0x3f,0x34,0xff,0x68,0x51,0x48,0xff,
0xf0,0xea,0xf0,0xff,0xfd,0xf7,0xfe,0xff,0xfa,0xf3,0xfe,0xff,0xfa,0xf3,0xff,0xfd,0xff,0xfa,0xff,0xff,0xfb,0xf2,0xff,0xe3,0xe2,0xe2,0xff,0x09,0x00,0x00,0x00,0x00,
0xff,0xff,0xff,0x01,0x00,0x00,0x00,0x00,0x00,0x00,0x00,0x00,0x00,0x00,0x00,0x00,0x00,0x00,0x00,0x00,0x00,0x00,0x00,0x00,0x00,0x00,0x00,0x00,0x00,0x00,0x00,0x00,
0x00,0x00,0x00,0x00,0x00,0x00,0x00,0x00,0x00,0x00,0x00,0x00,0x00,0x00,0x00,0x00,0x00,0x00,0x00,0x00,0x00,0x00,0x00,0x00,0x00,0x00,0x00,0x00,0xff,0xff,0xff,0x01,
0xff,0xff,0xff,0x01,0xe2,0xe2,0xff,0x09,0xfb,0xf3,0xff,0xd9,0xff,0xfb,0xff,0xff,0xfa,0xf3,0xff,0xfd,0xf9,0xf2,0xfd,0xff,0xff,0xfd,0xff,0xff,0xd2,0xc6,0xcc,0xff,
0x53,0x3a,0x2e,0xff,0x5d,0x45,0x3a,0xff,0x5b,0x43,0x38,0xff,0x5b,0x43,0x38,0xff,0x5b,0x43,0x38,0xff,0x5b,0x43,0x38,0xff,0x5b,0x43,0x38,0xff,0x5b,0x43,0x38,0xff,
0x5b,0x43,0x38,0xff,0x5b,0x43,0x38,0xff,0x5b,0x43,0x38,0xff,0x5b,0x43,0x38,0xff,0x5b,0x43,0x38,0xff,0x5b,0x43,0x38,0xff,0x5b,0x43,0x38,0xff,0x5b,0x43,0x38,0xff,
0x5b,0x43,0x38,0xff,0x5b,0x43,0x38,0xff,0x5b,0x43,0x38,0xff,0x5b,0x43,0x38,0xff,0x5b,0x43,0x38,0xff,0x5b,0x43,0x38,0xff,0x5b,0x43,0x38,0xff,0x5b,0x43,0x38,0xff,
0x5c,0x44,0x3a,0xff,0x53,0x3d,0x2e,0xff,0x50,0x3c,0x2b,0xff,0x5b,0x43,0x38,0xff,0x5b,0x43,0x38,0xff,0x5b,0x43,0x38,0xff,0x5f,0x47,0x3c,0xff,0x4e,0x35,0x28,0xff,
0xab,0x9b,0x9c,0xff,0xff,0xff,0xff,0xff,0xf8,0xf1,0xfc,0xff,0xfb,0xf4,0xff,0xff,0xfc,0xf5,0xff,0xfe,0xfd,0xf9,0xff,0xf8,0xf8,0xf2,0xff,0x2a,0x00,0x00,0x00,0x00,
0xff,0xff,0xff,0x02,0x00,0x00,0x00,0x00,0x00,0x00,0x00,0x00,0x00,0x00,0x00,0x00,0x00,0x00,0x00,0x00,0x00,0x00,0x00,0x00,0x00,0x00,0x00,0x00,0x00,0x00,0x00,0x00,
0x00,0x00,0x00,0x00,0x00,0x00,0x00,0x00,0x00,0x00,0x00,0x00,0x00,0x00,0x00,0x00,0x00,0x00,0x00,0x00,0x00,0x00,0x00,0x00,0x00,0x00,0x00,0x00,0xff,0xff,0xff,0x01,
0x00,0x00,0x00,0x00,0xf0,0xf0,0xff,0x12,0xfb,0xf4,0xff,0xf1,0xff,0xf7,0xff,0xff,0xfa,0xf3,0xff,0xfe,0xf8,0xf1,0xfc,0xff,0xff,0xff,0xff,0xff,0x96,0x84,0x81,0xff,
0x50,0x37,0x2a,0xff,0x5e,0x46,0x3b,0xff,0x5b,0x43,0x38,0xff,0x5b,0x43,0x38,0xff,0x5b,0x43,0x38,0xff,0x5b,0x43,0x38,0xff,0x5b,0x43,0x38,0xff,0x5b,0x43,0x38,0xff,
0x5b,0x43,0x38,0xff,0x5b,0x43,0x38,0xff,0x5b,0x43,0x38,0xff,0x5b,0x43,0x38,0xff,0x5b,0x43,0x38,0xff,0x5b,0x43,0x38,0xff,0x5b,0x43,0x38,0xff,0x5b,0x43,0x38,0xff,
0x5b,0x43,0x38,0xff,0x5b,0x43,0x38,0xff,0x5b,0x43,0x38,0xff,0x5b,0x43,0x38,0xff,0x5b,0x43,0x38,0xff,0x5b,0x43,0x38,0xff,0x5b,0x43,0x38,0xff,0x5c,0x44,0x3a,0xff,
0x54,0x3e,0x2f,0xff,0x8d,0x65,0x74,0xff,0x9f,0x72,0x8b,0xff,0x58,0x41,0x34,0xff,0x5a,0x42,0x37,0xff,0x5b,0x43,0x38,0xff,0x5c,0x44,0x39,0xff,0x55,0x3d,0x31,0xff,
0x72,0x5c,0x55,0xff,0xfa,0xf4,0xfb,0xff,0xfb,0xf4,0xfe,0xff,0xfb,0xf4,0xff,0xff,0xfa,0xf3,0xff,0xfd,0xff,0xff,0xff,0xff,0xfb,0xf7,0xff,0x44,0x00,0x00,0x00,0x00,
0xff,0xff,0xff,0x03,0x00,0x00,0x00,0x00,0x00,0x00,0x00,0x00,0x00,0x00,0x00,0x00,0x00,0x00,0x00,0x00,0x00,0x00,0x00,0x00,0x00,0x00,0x00,0x00,0x00,0x00,0x00,0x00,
0x00,0x00,0x00,0x00,0x00,0x00,0x00,0x00,0x00,0x00,0x00,0x00,0x00,0x00,0x00,0x00,0x00,0x00,0x00,0x00,0x00,0x00,0x00,0x00,0x00,0x00,0x00,0x00,0xff,0xff,0xff,0x01,
0x00,0x00,0x00,0x00,0xf0,0xf0,0xff,0x11,0xfb,0xf4,0xff,0xed,0xff,0xf8,0xff,0xff,0xfa,0xf3,0xff,0xfe,0xfa,0xf3,0xfe,0xff,0xfb,0xf7,0xfc,0xff,0x7a,0x65,0x5e,0xff,
0x54,0x3b,0x30,0xff,0x5d,0x45,0x3a,0xff,0x5b,0x43,0x38,0xff,0x5b,0x43,0x38,0xff,0x5b,0x43,0x38,0xff,0x5b,0x43,0x38,0xff,0x5b,0x43,0x38,0xff,0x5b,0x43,0x38,0xff,
0x5b,0x43,0x38,0xff,0x5b,0x43,0x38,0xff,0x5b,0x43,0x38,0xff,0x5b,0x43,0x38,0xff,0x5b,0x43,0x38,0xff,0x5c,0x44,0x3a,0xff,0x5d,0x44,0x3a,0xff,0x5b,0x43,0x38,0xff,
0x5b,0x43,0x38,0xff,0x5b,0x43,0x38,0xff,0x5b,0x43,0x38,0xff,0x5b,0x43,0x38,0xff,0x5b,0x43,0x38,0xff,0x5b,0x43,0x38,0xff,0x5d,0x44,0x3a,0xff,0x53,0x3d,0x2e,0xff,
0x88,0x62,0x6e,0xff,0xf9,0xb1,0xf8,0xff,0xff,0xb5,0xff,0xff,0xae,0x7d,0x9d,0xff,0x53,0x3d,0x2f,0xff,0x5d,0x44,0x3a,0xff,0x5c,0x44,0x39,0xff,0x5a,0x42,0x37,0xff,
0x5f,0x48,0x3e,0xff,0xe8,0xdf,0xe7,0xff,0xff,0xf9,0xff,0xff,0xfa,0xf3,0xfe,0xff,0xfa,0xf3,0xff,0xfd,0xff,0xff,0xff,0xff,0xfb,0xf7,0xff,0x40,0x00,0x00,0x00,0x00,
0xff,0xff,0xff,0x03,0x00,0x00,0x00,0x00,0x00,0x00,0x00,0x00,0x00,0x00,0x00,0x00,0x00,0x00,0x00,0x00,0x00,0x00,0x00,0x00,0x00,0x00,0x00,0x00,0x00,0x00,0x00,0x00,
0x00,0x00,0x00,0x00,0x00,0x00,0x00,0x00,0x00,0x00,0x00,0x00,0x00,0x00,0x00,0x00,0x00,0x00,0x00,0x00,0x00,0x00,0x00,0x00,0x00,0x00,0x00,0x00,0xff,0xff,0xff,0x01,
0x00,0x00,0x00,0x00,0xf0,0xf0,0xff,0x11,0xfb,0xf4,0xff,0xee,0xff,0xf8,0xff,0xff,0xf9,0xf2,0xfd,0xfe,0xfe,0xf7,0xff,0xff,0xf0,0xe8,0xf1,0xff,0x64,0x4d,0x44,0xff,
0x58,0x40,0x35,0xff,0x5c,0x44,0x39,0xff,0x5b,0x43,0x38,0xff,0x5b,0x43,0x38,0xff,0x5b,0x43,0x38,0xff,0x5b,0x43,0x38,0xff,0x5b,0x43,0x38,0xff,0x5b,0x43,0x38,0xff,
0x5b,0x43,0x38,0xff,0x5b,0x43,0x38,0xff,0x5b,0x43,0x38,0xff,0x5b,0x43,0x38,0xff,0x5d,0x44,0x3a,0xff,0x56,0x3f,0x32,0xff,0x54,0x3e,0x30,0xff,0x5d,0x44,0x3a,0xff,
0x5b,0x43,0x38,0xff,0x5b,0x43,0x38,0xff,0x5b,0x43,0x38,0xff,0x5b,0x43,0x38,0xff,0x5b,0x43,0x38,0xff,0x5b,0x43,0x38,0xff,0x5c,0x44,0x3a,0xff,0x54,0x3e,0x30,0xff,
0xcc,0x91,0xc1,0xff,0xf5,0xad,0xf3,0xff,0xf7,0xaf,0xf6,0xff,0xc6,0x8d,0xba,0xff,0x53,0x3d,0x2e,0xff,0x5c,0x44,0x3a,0xff,0x5b,0x43,0x38,0xff,0x5d,0x45,0x3a,0xff,
0x54,0x3b,0x2f,0xff,0xd1,0xc6,0xcb,0xff,0xff,0xfe,0xff,0xff,0xf9,0xf2,0xfd,0xff,0xfa,0xf3,0xff,0xfd,0xff,0xff,0xff,0xff,0xfb,0xf7,0xff,0x41,0x00,0x00,0x00,0x00,
0xff,0xff,0xff,0x03,0x00,0x00,0x00,0x00,0x00,0x00,0x00,0x00,0x00,0x00,0x00,0x00,0x00,0x00,0x00,0x00,0x00,0x00,0x00,0x00,0x00,0x00,0x00,0x00,0x00,0x00,0x00,0x00,
0x00,0x00,0x00,0x00,0x00,0x00,0x00,0x00,0x00,0x00,0x00,0x00,0x00,0x00,0x00,0x00,0x00,0x00,0x00,0x00,0x00,0x00,0x00,0x00,0x00,0x00,0x00,0x00,0xff,0xff,0xff,0x01,
0x00,0x00,0x00,0x00,0xf0,0xf0,0xff,0x11,0xfb,0xf4,0xff,0xee,0xff,0xf8,0xff,0xff,0xf9,0xf2,0xfd,0xfe,0xfe,0xf7,0xff,0xff,0xf1,0xe9,0xf2,0xff,0x65,0x4e,0x45,0xff,
0x58,0x40,0x35,0xff,0x5c,0x44,0x39,0xff,0x5b,0x43,0x38,0xff,0x5b,0x43,0x38,0xff,0x5b,0x43,0x38,0xff,0x5b,0x43,0x38,0xff,0x5b,0x43,0x38,0xff,0x5b,0x43,0x38,0xff,
0x5b,0x43,0x38,0xff,0x5b,0x43,0x38,0xff,0x5b,0x43,0x38,0xff,0x5d,0x44,0x3a,0xff,0x53,0x3d,0x2e,0xff,0x73,0x54,0x55,0xff,0x7b,0x59,0x5f,0xff,0x54,0x3e,0x2f,0xff,
0x5c,0x44,0x39,0xff,0x5b,0x43,0x38,0xff,0x5b,0x43,0x38,0xff,0x5b,0x43,0x38,0xff,0x5b,0x43,0x38,0xff,0x5d,0x44,0x3b,0xff,0x52,0x3c,0x2d,0xff,0x80,0x5d,0x65,0xff,
0xf5,0xae,0xf3,0xff,0xf2,0xac,0xf0,0xff,0xdd,0x9d,0xd6,0xff,0x63,0x48,0x41,0xff,0x59,0x41,0x35,0xff,0x5c,0x43,0x39,0xff,0x5b,0x43,0x38,0xff,0x5d,0x45,0x3a,0xff,
0x54,0x3b,0x2f,0xff,0xd2,0xc7,0xcc,0xff,0xff,0xfe,0xff,0xff,0xf9,0xf2,0xfd,0xff,0xfa,0xf3,0xff,0xfd,0xff,0xff,0xff,0xff,0xfb,0xf7,0xff,0x41,0x00,0x00,0x00,0x00,
0xff,0xff,0xff,0x03,0x00,0x00,0x00,0x00,0x00,0x00,0x00,0x00,0x00,0x00,0x00,0x00,0x00,0x00,0x00,0x00,0x00,0x00,0x00,0x00,0x00,0x00,0x00,0x00,0x00,0x00,0x00,0x00,
0x00,0x00,0x00,0x00,0x00,0x00,0x00,0x00,0x00,0x00,0x00,0x00,0x00,0x00,0x00,0x00,0x00,0x00,0x00,0x00,0x00,0x00,0x00,0x00,0x00,0x00,0x00,0x00,0xff,0xff,0xff,0x01,
0x00,0x00,0x00,0x00,0xf0,0xf0,0xff,0x11,0xfb,0xf4,0xff,0xee,0xff,0xf8,0xff,0xff,0xf9,0xf2,0xfd,0xfe,0xfe,0xf7,0xff,0xff,0xf1,0xe9,0xf2,0xff,0x65,0x4e,0x45,0xff,
0x58,0x40,0x35,0xff,0x5c,0x44,0x39,0xff,0x5b,0x43,0x38,0xff,0x5b,0x43,0x38,0xff,0x5b,0x43,0x38,0xff,0x5b,0x43,0x38,0xff,0x5b,0x43,0x38,0xff,0x5b,0x43,0x38,0xff,
0x5b,0x43,0x38,0xff,0x5b,0x43,0x38,0xff,0x5e,0x45,0x3b,0xff,0x4f,0x3b,0x29,0xff,0x94,0x6b,0x7d,0xff,0xf3,0xac,0xf0,0xff,0xf8,0xaf,0xf6,0xff,0xa6,0x77,0x93,0xff,
0x51,0x3c,0x2d,0xff,0x5d,0x45,0x3b,0xff,0x5b,0x43,0x38,0xff,0x5b,0x43,0x38,0xff,0x5b,0x43,0x38,0xff,0x5b,0x43,0x38,0xff,0x5a,0x42,0x37,0xff,0xd3,0x96,0xc9,0xff,
0xf4,0xad,0xf1,0xff,0xfa,0xb1,0xf9,0xff,0x92,0x69,0x7b,0xff,0x4f,0x3a,0x29,0xff,0x5e,0x45,0x3b,0xff,0x5b,0x43,0x38,0xff,0x5b,0x43,0x38,0xff,0x5d,0x45,0x3a,0xff,
0x54,0x3b,0x2f,0xff,0xd2,0xc7,0xcc,0xff,0xff,0xfe,0xff,0xff,0xf9,0xf2,0xfd,0xff,0xfa,0xf3,0xff,0xfd,0xff,0xff,0xff,0xff,0xfb,0xf7,0xff,0x41,0x00,0x00,0x00,0x00,
0xff,0xff,0xff,0x03,0x00,0x00,0x00,0x00,0x00,0x00,0x00,0x00,0x00,0x00,0x00,0x00,0x00,0x00,0x00,0x00,0x00,0x00,0x00,0x00,0x00,0x00,0x00,0x00,0x00,0x00,0x00,0x00,
0x00,0x00,0x00,0x00,0x00,0x00,0x00,0x00,0x00,0x00,0x00,0x00,0x00,0x00,0x00,0x00,0x00,0x00,0x00,0x00,0x00,0x00,0x00,0x00,0x00,0x00,0x00,0x00,0xff,0xff,0xff,0x01,
0x00,0x00,0x00,0x00,0xf0,0xf0,0xff,0x11,0xfb,0xf4,0xff,0xee,0xff,0xf8,0xff,0xff,0xf9,0xf2,0xfd,0xfe,0xfe,0xf7,0xff,0xff,0xf1,0xe9,0xf2,0xff,0x65,0x4e,0x45,0xff,
0x58,0x40,0x35,0xff,0x5c,0x44,0x39,0xff,0x5b,0x43,0x38,0xff,0x5b,0x43,0x38,0xff,0x5b,0x43,0x38,0xff,0x5b,0x43,0x38,0xff,0x5b,0x43,0x38,0xff,0x5b,0x43,0x38,0xff,
0x5b,0x43,0x38,0xff,0x5e,0x45,0x3b,0xff,0x4f,0x3a,0x29,0xff,0x95,0x6b,0x7e,0xff,0xf9,0xb0,0xf8,0xff,0xef,0xa9,0xec,0xff,0xee,0xa8,0xea,0xff,0xfa,0xb1,0xfa,0xff,
0x8b,0x64,0x72,0xff,0x51,0x3c,0x2b,0xff,0x5e,0x45,0x3c,0xff,0x5b,0x43,0x38,0xff,0x5e,0x45,0x3b,0xff,0x51,0x3b,0x2b,0xff,0x93,0x6a,0x7c,0xff,0xfa,0xb1,0xf9,0xff,
0xf4,0xad,0xf1,0xff,0xd3,0x96,0xc9,0xff,0x5a,0x42,0x37,0xff,0x5b,0x43,0x39,0xff,0x5b,0x43,0x38,0xff,0x5b,0x43,0x38,0xff,0x5b,0x43,0x38,0xff,0x5d,0x45,0x3a,0xff,
0x54,0x3b,0x2f,0xff,0xd2,0xc7,0xcc,0xff,0xff,0xfe,0xff,0xff,0xf9,0xf2,0xfd,0xff,0xfa,0xf3,0xff,0xfd,0xff,0xff,0xff,0xff,0xfb,0xf7,0xff,0x41,0x00,0x00,0x00,0x00,
0xff,0xff,0xff,0x03,0x00,0x00,0x00,0x00,0x00,0x00,0x00,0x00,0x00,0x00,0x00,0x00,0x00,0x00,0x00,0x00,0x00,0x00,0x00,0x00,0x00,0x00,0x00,0x00,0x00,0x00,0x00,0x00,
0x00,0x00,0x00,0x00,0x00,0x00,0x00,0x00,0x00,0x00,0x00,0x00,0x00,0x00,0x00,0x00,0x00,0x00,0x00,0x00,0x00,0x00,0x00,0x00,0x00,0x00,0x00,0x00,0xff,0xff,0xff,0x01,
0x00,0x00,0x00,0x00,0xf0,0xf0,0xff,0x11,0xfb,0xf4,0xff,0xee,0xff,0xf8,0xff,0xff,0xf9,0xf2,0xfd,0xfe,0xfe,0xf7,0xff,0xff,0xf1,0xe9,0xf2,0xff,0x65,0x4e,0x45,0xff,
0x58,0x40,0x35,0xff,0x5c,0x44,0x39,0xff,0x5b,0x43,0x38,0xff,0x5b,0x43,0x38,0xff,0x5b,0x43,0x38,0xff,0x5b,0x43,0x38,0xff,0x5b,0x43,0x38,0xff,0x5b,0x43,0x38,0xff,
0x5e,0x45,0x3b,0xff,0x4f,0x3a,0x29,0xff,0x95,0x6b,0x7e,0xff,0xf9,0xb0,0xf7,0xff,0xee,0xa9,0xea,0xff,0xf4,0xad,0xf3,0xff,0xf2,0xac,0xf0,0xff,0xf1,0xab,0xee,0xff,
0xeb,0xa7,0xe7,0xff,0x6c,0x4f,0x4d,0xff,0x56,0x3f,0x32,0xff,0x5d,0x44,0x3a,0xff,0x5a,0x43,0x38,0xff,0x5b,0x43,0x38,0xff,0xda,0x9b,0xd2,0xff,0xf3,0xad,0xf1,0xff,
0xf5,0xae,0xf3,0xff,0x80,0x5d,0x65,0xff,0x52,0x3c,0x2d,0xff,0x5d,0x44,0x3b,0xff,0x5b,0x43,0x38,0xff,0x5b,0x43,0x38,0xff,0x5b,0x43,0x38,0xff,0x5d,0x45,0x3a,0xff,
0x54,0x3b,0x2f,0xff,0xd2,0xc7,0xcc,0xff,0xff,0xfe,0xff,0xff,0xf9,0xf2,0xfd,0xff,0xfa,0xf3,0xff,0xfd,0xff,0xff,0xff,0xff,0xfb,0xf7,0xff,0x41,0x00,0x00,0x00,0x00,
0xff,0xff,0xff,0x03,0x00,0x00,0x00,0x00,0x00,0x00,0x00,0x00,0x00,0x00,0x00,0x00,0x00,0x00,0x00,0x00,0x00,0x00,0x00,0x00,0x00,0x00,0x00,0x00,0x00,0x00,0x00,0x00,
0x00,0x00,0x00,0x00,0x00,0x00,0x00,0x00,0x00,0x00,0x00,0x00,0x00,0x00,0x00,0x00,0x00,0x00,0x00,0x00,0x00,0x00,0x00,0x00,0x00,0x00,0x00,0x00,0xff,0xff,0xff,0x01,
0x00,0x00,0x00,0x00,0xf0,0xf0,0xff,0x11,0xfb,0xf4,0xff,0xee,0xff,0xf8,0xff,0xff,0xf9,0xf2,0xfd,0xfe,0xfe,0xf7,0xff,0xff,0xf1,0xe9,0xf2,0xff,0x65,0x4e,0x45,0xff,
0x58,0x40,0x35,0xff,0x5c,0x44,0x39,0xff,0x5b,0x43,0x38,0xff,0x5b,0x43,0x38,0xff,0x5b,0x43,0x38,0xff,0x5b,0x43,0x38,0xff,0x5b,0x43,0x38,0xff,0x5e,0x45,0x3b,0xff,
0x4f,0x3a,0x29,0xff,0x95,0x6b,0x7e,0xff,0xf8,0xb0,0xf7,0xff,0xed,0xa8,0xe9,0xff,0xf9,0xb1,0xf8,0xff,0xd0,0x94,0xc6,0xff,0xda,0x9b,0xd2,0xff,0xf4,0xad,0xf2,0xff,
0xf6,0xaf,0xf5,0xff,0xd1,0x95,0xc7,0xff,0x58,0x41,0x34,0xff,0x5d,0x45,0x3b,0xff,0x51,0x3c,0x2c,0xff,0xa3,0x75,0x90,0xff,0xf8,0xb0,0xf7,0xff,0xf6,0xaf,0xf5,0xff,
0xcb,0x91,0xc0,0xff,0x54,0x3e,0x30,0xff,0x5c,0x44,0x3a,0xff,0x5b,0x43,0x38,0xff,0x5b,0x43,0x38,0xff,0x5b,0x43,0x38,0xff,0x5b,0x43,0x38,0xff,0x5d,0x45,0x3a,0xff,
0x54,0x3b,0x2f,0xff,0xd2,0xc7,0xcc,0xff,0xff,0xfe,0xff,0xff,0xf9,0xf2,0xfd,0xff,0xfa,0xf3,0xff,0xfd,0xff,0xff,0xff,0xff,0xfb,0xf7,0xff,0x41,0x00,0x00,0x00,0x00,
0xff,0xff,0xff,0x03,0x00,0x00,0x00,0x00,0x00,0x00,0x00,0x00,0x00,0x00,0x00,0x00,0x00,0x00,0x00,0x00,0x00,0x00,0x00,0x00,0x00,0x00,0x00,0x00,0x00,0x00,0x00,0x00,
0x00,0x00,0x00,0x00,0x00,0x00,0x00,0x00,0x00,0x00,0x00,0x00,0x00,0x00,0x00,0x00,0x00,0x00,0x00,0x00,0x00,0x00,0x00,0x00,0x00,0x00,0x00,0x00,0xff,0xff,0xff,0x01,
0x00,0x00,0x00,0x00,0xf0,0xf0,0xff,0x11,0xfb,0xf4,0xff,0xee,0xff,0xf8,0xff,0xff,0xf9,0xf2,0xfd,0xfe,0xfe,0xf7,0xff,0xff,0xf1,0xe9,0xf2,0xff,0x65,0x4e,0x45,0xff,
0x58,0x40,0x35,0xff,0x5c,0x44,0x39,0xff,0x5b,0x43,0x38,0xff,0x5b,0x43,0x38,0xff,0x5b,0x43,0x38,0xff,0x5b,0x43,0x38,0xff,0x5d,0x44,0x3b,0xff,0x4f,0x3b,0x29,0xff,
0x95,0x6b,0x7e,0xff,0xf8,0xb0,0xf7,0xff,0xed,0xa8,0xe9,0xff,0xf8,0xb0,0xf7,0xff,0xd6,0x98,0xcd,0xff,0x5a,0x43,0x37,0xff,0x78,0x57,0x5b,0xff,0xf4,0xad,0xf2,0xff,
0xed,0xa8,0xe9,0xff,0xfb,0xb2,0xfa,0xff,0xb0,0x7e,0x9f,0xff,0x4c,0x39,0x26,0xff,0x66,0x4b,0x45,0xff,0xe7,0xa4,0xe2,0xff,0xf2,0xac,0xf0,0xff,0xf0,0xaa,0xed,0xff,
0x79,0x58,0x5c,0xff,0x54,0x3e,0x30,0xff,0x5d,0x44,0x3a,0xff,0x5b,0x43,0x38,0xff,0x5b,0x43,0x38,0xff,0x5b,0x43,0x38,0xff,0x5b,0x43,0x38,0xff,0x5d,0x45,0x3a,0xff,
0x54,0x3b,0x2f,0xff,0xd2,0xc7,0xcc,0xff,0xff,0xfe,0xff,0xff,0xf9,0xf2,0xfd,0xff,0xfa,0xf3,0xff,0xfd,0xff,0xff,0xff,0xff,0xfb,0xf7,0xff,0x41,0x00,0x00,0x00,0x00,
0xff,0xff,0xff,0x03,0x00,0x00,0x00,0x00,0x00,0x00,0x00,0x00,0x00,0x00,0x00,0x00,0x00,0x00,0x00,0x00,0x00,0x00,0x00,0x00,0x00,0x00,0x00,0x00,0x00,0x00,0x00,0x00,
0x00,0x00,0x00,0x00,0x00,0x00,0x00,0x00,0x00,0x00,0x00,0x00,0x00,0x00,0x00,0x00,0x00,0x00,0x00,0x00,0x00,0x00,0x00,0x00,0x00,0x00,0x00,0x00,0xff,0xff,0xff,0x01,
0x00,0x00,0x00,0x00,0xf0,0xf0,0xff,0x11,0xfb,0xf4,0xff,0xee,0xff,0xf8,0xff,0xff,0xf9,0xf2,0xfd,0xfe,0xfe,0xf7,0xff,0xff,0xf1,0xe9,0xf2,0xff,0x65,0x4e,0x45,0xff,
0x58,0x40,0x35,0xff,0x5c,0x44,0x39,0xff,0x5b,0x43,0x38,0xff,0x5b,0x43,0x38,0xff,0x5b,0x43,0x38,0xff,0x5d,0x44,0x3a,0xff,0x51,0x3c,0x2b,0xff,0x95,0x6b,0x7e,0xff,
0xf9,0xb0,0xf8,0xff,0xed,0xa8,0xe9,0xff,0xf8,0xb0,0xf7,0xff,0xd5,0x97,0xcc,0xff,0x60,0x46,0x3d,0xff,0x59,0x41,0x35,0xff,0x51,0x3c,0x2c,0xff,0x9c,0x70,0x87,0xff,
0xfb,0xb2,0xfa,0xff,0xec,0xa7,0xe8,0xff,0xfa,0xb1,0xf9,0xff,0x83,0x5f,0x69,0xff,0xa1,0x74,0x8d,0xff,0xfa,0xb1,0xf9,0xff,0xf8,0xb0,0xf6,0xff,0xb8,0x84,0xa9,0xff,
0x4f,0x3b,0x2a,0xff,0x5e,0x45,0x3b,0xff,0x5b,0x43,0x38,0xff,0x5b,0x43,0x38,0xff,0x5b,0x43,0x38,0xff,0x5b,0x43,0x38,0xff,0x5b,0x43,0x38,0xff,0x5d,0x45,0x3a,0xff,
0x54,0x3b,0x2f,0xff,0xd2,0xc7,0xcc,0xff,0xff,0xfe,0xff,0xff,0xf9,0xf2,0xfd,0xff,0xfa,0xf3,0xff,0xfd,0xff,0xff,0xff,0xff,0xfb,0xf7,0xff,0x41,0x00,0x00,0x00,0x00,
0xff,0xff,0xff,0x03,0x00,0x00,0x00,0x00,0x00,0x00,0x00,0x00,0x00,0x00,0x00,0x00,0x00,0x00,0x00,0x00,0x00,0x00,0x00,0x00,0x00,0x00,0x00,0x00,0x00,0x00,0x00,0x00,
0x00,0x00,0x00,0x00,0x00,0x00,0x00,0x00,0x00,0x00,0x00,0x00,0x00,0x00,0x00,0x00,0x00,0x00,0x00,0x00,0x00,0x00,0x00,0x00,0x00,0x00,0x00,0x00,0xff,0xff,0xff,0x01,
0x00,0x00,0x00,0x00,0xf0,0xf0,0xff,0x11,0xfb,0xf4,0xff,0xee,0xff,0xf8,0xff,0xff,0xf9,0xf2,0xfd,0xfe,0xfe,0xf7,0xff,0xff,0xf1,0xe9,0xf2,0xff,0x65,0x4e,0x45,0xff,
0x58,0x40,0x35,0xff,0x5c,0x44,0x39,0xff,0x5b,0x43,0x38,0xff,0x5b,0x43,0x38,0xff,0x5d,0x44,0x3a,0xff,0x53,0x3d,0x2e,0xff,0x8d,0x66,0x75,0xff,0xf8,0xb0,0xf7,0xff,
0xec,0xa7,0xe8,0xff,0xf9,0xb0,0xf8,0xff,0xd5,0x97,0xcc,0xff,0x60,0x46,0x3e,0xff,0x57,0x40,0x33,0xff,0x5d,0x45,0x3b,0xff,0x5c,0x44,0x39,0xff,0x53,0x3d,0x2e,0xff,
0xc1,0x89,0xb3,0xff,0xf9,0xb1,0xf9,0xff,0xef,0xaa,0xec,0xff,0xea,0xa6,0xe6,0xff,0xec,0xa7,0xe8,0xff,0xf2,0xab,0xef,0xff,0xf0,0xaa,0xed,0xff,0x72,0x53,0x53,0xff,
0x56,0x3f,0x32,0xff,0x5d,0x44,0x39,0xff,0x5b,0x43,0x38,0xff,0x5b,0x43,0x38,0xff,0x5b,0x43,0x38,0xff,0x5b,0x43,0x38,0xff,0x5b,0x43,0x38,0xff,0x5d,0x45,0x3a,0xff,
0x54,0x3b,0x2f,0xff,0xd2,0xc7,0xcc,0xff,0xff,0xfe,0xff,0xff,0xf9,0xf2,0xfd,0xff,0xfa,0xf3,0xff,0xfd,0xff,0xff,0xff,0xff,0xfb,0xf7,0xff,0x41,0x00,0x00,0x00,0x00,
0xff,0xff,0xff,0x03,0x00,0x00,0x00,0x00,0x00,0x00,0x00,0x00,0x00,0x00,0x00,0x00,0x00,0x00,0x00,0x00,0x00,0x00,0x00,0x00,0x00,0x00,0x00,0x00,0x00,0x00,0x00,0x00,
0x00,0x00,0x00,0x00,0x00,0x00,0x00,0x00,0x00,0x00,0x00,0x00,0x00,0x00,0x00,0x00,0x00,0x00,0x00,0x00,0x00,0x00,0x00,0x00,0x00,0x00,0x00,0x00,0xff,0xff,0xff,0x01,
0x00,0x00,0x00,0x00,0xf0,0xf0,0xff,0x11,0xfb,0xf4,0xff,0xee,0xff,0xf8,0xff,0xff,0xf9,0xf2,0xfd,0xfe,0xfe,0xf7,0xff,0xff,0xf1,0xe9,0xf2,0xff,0x65,0x4e,0x45,0xff,
0x58,0x40,0x35,0xff,0x5c,0x44,0x39,0xff,0x5b,0x43,0x38,0xff,0x5b,0x43,0x38,0xff,0x5e,0x45,0x3b,0xff,0x50,0x3b,0x2b,0xff,0xa0,0x73,0x8c,0xff,0xff,0xb5,0xff,0xff,
0xfb,0xb1,0xfa,0xff,0xd4,0x97,0xcb,0xff,0x60,0x46,0x3e,0xff,0x57,0x40,0x33,0xff,0x5d,0x44,0x3b,0xff,0x5b,0x43,0x38,0xff,0x5c,0x44,0x39,0xff,0x58,0x41,0x35,0xff,
0x61,0x47,0x3f,0xff,0xdf,0x9f,0xd9,0xff,0xf4,0xad,0xf2,0xff,0xf0,0xaa,0xed,0xff,0xee,0xa9,0xeb,0xff,0xfa,0xb1,0xfa,0xff,0xa8,0x79,0x96,0xff,0x50,0x3b,0x2b,0xff,
0x5e,0x45,0x3b,0xff,0x5b,0x43,0x38,0xff,0x5b,0x43,0x38,0xff,0x5b,0x43,0x38,0xff,0x5b,0x43,0x38,0xff,0x5b,0x43,0x38,0xff,0x5b,0x43,0x38,0xff,0x5d,0x45,0x3a,0xff,
0x54,0x3b,0x2f,0xff,0xd2,0xc7,0xcc,0xff,0xff,0xfe,0xff,0xff,0xf9,0xf2,0xfd,0xff,0xfa,0xf3,0xff,0xfd,0xff,0xff,0xff,0xff,0xfb,0xf7,0xff,0x41,0x00,0x00,0x00,0x00,
0xff,0xff,0xff,0x03,0x00,0x00,0x00,0x00,0x00,0x00,0x00,0x00,0x00,0x00,0x00,0x00,0x00,0x00,0x00,0x00,0x00,0x00,0x00,0x00,0x00,0x00,0x00,0x00,0x00,0x00,0x00,0x00,
0x00,0x00,0x00,0x00,0x00,0x00,0x00,0x00,0x00,0x00,0x00,0x00,0x00,0x00,0x00,0x00,0x00,0x00,0x00,0x00,0x00,0x00,0x00,0x00,0x00,0x00,0x00,0x00,0xff,0xff,0xff,0x01,
0x00,0x00,0x00,0x00,0xf0,0xf0,0xff,0x11,0xfb,0xf4,0xff,0xee,0xff,0xf8,0xff,0xff,0xf9,0xf2,0xfd,0xfe,0xfe,0xf7,0xff,0xff,0xf1,0xe9,0xf2,0xff,0x65,0x4e,0x45,0xff,
0x58,0x40,0x35,0xff,0x5c,0x44,0x39,0xff,0x5b,0x43,0x38,0xff,0x5b,0x43,0x38,0xff,0x5b,0x43,0x38,0xff,0x5b,0x43,0x38,0xff,0x58,0x41,0x34,0xff,0xae,0x7c,0x9d,0xff,
0xc6,0x8d,0xba,0xff,0x62,0x48,0x40,0xff,0x56,0x3f,0x32,0xff,0x5d,0x44,0x3b,0xff,0x5b,0x43,0x38,0xff,0x5b,0x43,0x38,0xff,0x5b,0x43,0x38,0xff,0x5e,0x44,0x3b,0xff,
0x53,0x3d,0x2e,0xff,0x7a,0x59,0x5e,0xff,0xf3,0xac,0xf1,0xff,0xee,0xa8,0xea,0xff,0xf0,0xaa,0xed,0xff,0xe7,0xa4,0xe2,0xff,0x64,0x49,0x43,0xff,0x58,0x41,0x35,0xff,
0x5c,0x43,0x39,0xff,0x5b,0x43,0x38,0xff,0x5b,0x43,0x38,0xff,0x5b,0x43,0x38,0xff,0x5b,0x43,0x38,0xff,0x5b,0x43,0x38,0xff,0x5b,0x43,0x38,0xff,0x5d,0x45,0x3a,0xff,
0x54,0x3b,0x2f,0xff,0xd2,0xc7,0xcc,0xff,0xff,0xfe,0xff,0xff,0xf9,0xf2,0xfd,0xff,0xfa,0xf3,0xff,0xfd,0xff,0xff,0xff,0xff,0xfb,0xf7,0xff,0x41,0x00,0x00,0x00,0x00,
0xff,0xff,0xff,0x03,0x00,0x00,0x00,0x00,0x00,0x00,0x00,0x00,0x00,0x00,0x00,0x00,0x00,0x00,0x00,0x00,0x00,0x00,0x00,0x00,0x00,0x00,0x00,0x00,0x00,0x00,0x00,0x00,
0x00,0x00,0x00,0x00,0x00,0x00,0x00,0x00,0x00,0x00,0x00,0x00,0x00,0x00,0x00,0x00,0x00,0x00,0x00,0x00,0x00,0x00,0x00,0x00,0x00,0x00,0x00,0x00,0xff,0xff,0xff,0x01,
0x00,0x00,0x00,0x00,0xf0,0xf0,0xff,0x11,0xfb,0xf4,0xff,0xee,0xff,0xf8,0xff,0xff,0xf9,0xf2,0xfd,0xfe,0xfe,0xf7,0xff,0xff,0xf1,0xe9,0xf2,0xff,0x65,0x4e,0x45,0xff,
0x58,0x40,0x35,0xff,0x5c,0x44,0x39,0xff,0x5b,0x43,0x38,0xff,0x5b,0x43,0x38,0xff,0x5b,0x43,0x38,0xff,0x5b,0x43,0x38,0xff,0x5a,0x42,0x37,0xff,0x53,0x3e,0x2f,0xff,
0x53,0x3d,0x2e,0xff,0x59,0x42,0x35,0xff,0x5c,0x44,0x3a,0xff,0x5b,0x43,0x38,0xff,0x5b,0x43,0x38,0xff,0x5b,0x43,0x38,0xff,0x5b,0x43,0x38,0xff,0x5b,0x43,0x38,0xff,
0x5e,0x45,0x3b,0xff,0x50,0x3b,0x2a,0xff,0x9b,0x6f,0x86,0xff,0xfe,0xb4,0xfe,0xff,0xff,0xb6,0xff,0xff,0xa2,0x74,0x8e,0xff,0x51,0x3c,0x2b,0xff,0x5e,0x45,0x3b,0xff,
0x5b,0x43,0x38,0xff,0x5b,0x43,0x38,0xff,0x5b,0x43,0x38,0xff,0x5b,0x43,0x38,0xff,0x5b,0x43,0x38,0xff,0x5b,0x43,0x38,0xff,0x5b,0x43,0x38,0xff,0x5d,0x45,0x3a,0xff,
0x54,0x3b,0x2f,0xff,0xd2,0xc7,0xcc,0xff,0xff,0xfe,0xff,0xff,0xf9,0xf2,0xfd,0xff,0xfa,0xf3,0xff,0xfd,0xff,0xff,0xff,0xff,0xfb,0xf7,0xff,0x41,0x00,0x00,0x00,0x00,
0xff,0xff,0xff,0x03,0x00,0x00,0x00,0x00,0x00,0x00,0x00,0x00,0x00,0x00,0x00,0x00,0x00,0x00,0x00,0x00,0x00,0x00,0x00,0x00,0x00,0x00,0x00,0x00,0x00,0x00,0x00,0x00,
0x00,0x00,0x00,0x00,0x00,0x00,0x00,0x00,0x00,0x00,0x00,0x00,0x00,0x00,0x00,0x00,0x00,0x00,0x00,0x00,0x00,0x00,0x00,0x00,0x00,0x00,0x00,0x00,0xff,0xff,0xff,0x01,
0x00,0x00,0x00,0x00,0xf0,0xf0,0xff,0x11,0xfb,0xf4,0xff,0xee,0xff,0xf8,0xff,0xff,0xf9,0xf2,0xfd,0xfe,0xfe,0xf7,0xff,0xff,0xf1,0xe9,0xf2,0xff,0x66,0x4f,0x46,0xff,
0x58,0x40,0x35,0xff,0x5c,0x44,0x39,0xff,0x5b,0x43,0x38,0xff,0x5b,0x43,0x38,0xff,0x5b,0x43,0x38,0xff,0x5b,0x43,0x38,0xff,0x5b,0x43,0x38,0xff,0x5d,0x44,0x3a,0xff,
0x5d,0x44,0x3a,0xff,0x5c,0x44,0x39,0xff,0x5b,0x43,0x38,0xff,0x5b,0x43,0x38,0xff,0x5b,0x43,0x38,0xff,0x5b,0x43,0x38,0xff,0x5b,0x43,0x38,0xff,0x5c,0x44,0x38,0xff,
0x5c,0x44,0x39,0xff,0x5c,0x43,0x39,0xff,0x57,0x40,0x33,0xff,0x94,0x6b,0x7d,0xff,0x9e,0x71,0x89,0xff,0x5a,0x42,0x37,0xff,0x5b,0x43,0x38,0xff,0x5b,0x43,0x38,0xff,
0x5b,0x43,0x38,0xff,0x5b,0x43,0x38,0xff,0x5b,0x43,0x38,0xff,0x5b,0x43,0x38,0xff,0x5b,0x43,0x38,0xff,0x5b,0x43,0x38,0xff,0x5b,0x43,0x38,0xff,0x5d,0x45,0x3a,0xff,
0x54,0x3b,0x2f,0xff,0xd3,0xc8,0xcd,0xff,0xff,0xfe,0xff,0xff,0xf9,0xf2,0xfd,0xff,0xfa,0xf3,0xff,0xfd,0xff,0xff,0xff,0xff,0xfb,0xf7,0xff,0x41,0x00,0x00,0x00,0x00,
0xff,0xff,0xff,0x03,0x00,0x00,0x00,0x00,0x00,0x00,0x00,0x00,0x00,0x00,0x00,0x00,0x00,0x00,0x00,0x00,0x00,0x00,0x00,0x00,0x00,0x00,0x00,0x00,0x00,0x00,0x00,0x00,
0x00,0x00,0x00,0x00,0x00,0x00,0x00,0x00,0x00,0x00,0x00,0x00,0x00,0x00,0x00,0x00,0x00,0x00,0x00,0x00,0x00,0x00,0x00,0x00,0x00,0x00,0x00,0x00,0xff,0xff,0xff,0x01,
0x00,0x00,0x00,0x00,0xf0,0xf0,0xff,0x11,0xfb,0xf4,0xff,0xee,0xff,0xf8,0xff,0xff,0xf9,0xf2,0xfd,0xfe,0xfe,0xf7,0xff,0xff,0xf0,0xe8,0xf1,0xff,0x63,0x4c,0x43,0xff,
0x58,0x40,0x36,0xff,0x5c,0x44,0x39,0xff,0x5b,0x43,0x38,0xff,0x5b,0x43,0x38,0xff,0x5b,0x43,0x38,0xff,0x5b,0x43,0x38,0xff,0x5b,0x43,0x38,0xff,0x5b,0x43,0x38,0xff,
0x5b,0x43,0x38,0xff,0x5b,0x43,0x38,0xff,0x5b,0x43,0x38,0xff,0x5b,0x43,0x38,0xff,0x5b,0x43,0x38,0xff,0x5c,0x44,0x38,0xff,0x5c,0x45,0x39,0xff,0x59,0x41,0x37,0xff,
0x59,0x40,0x36,0xff,0x5c,0x44,0x39,0xff,0x5d,0x45,0x39,0xff,0x51,0x3c,0x2c,0xff,0x51,0x3c,0x2b,0xff,0x5b,0x43,0x38,0xff,0x5b,0x43,0x38,0xff,0x5b,0x43,0x38,0xff,
0x5b,0x43,0x38,0xff,0x5b,0x43,0x38,0xff,0x5b,0x43,0x38,0xff,0x5b,0x43,0x38,0xff,0x5b,0x43,0x38,0xff,0x5b,0x43,0x38,0xff,0x5b,0x43,0x38,0xff,0x5d,0x45,0x3a,0xff,
0x53,0x3a,0x2e,0xff,0xd0,0xc5,0xc9,0xff,0xff,0xfe,0xff,0xff,0xf9,0xf2,0xfd,0xff,0xfa,0xf3,0xff,0xfd,0xff,0xff,0xff,0xff,0xfb,0xf7,0xff,0x41,0x00,0x00,0x00,0x00,
0xff,0xff,0xff,0x03,0x00,0x00,0x00,0x00,0x00,0x00,0x00,0x00,0x00,0x00,0x00,0x00,0x00,0x00,0x00,0x00,0x00,0x00,0x00,0x00,0x00,0x00,0x00,0x00,0x00,0x00,0x00,0x00,
0x00,0x00,0x00,0x00,0x00,0x00,0x00,0x00,0x00,0x00,0x00,0x00,0x00,0x00,0x00,0x00,0x00,0x00,0x00,0x00,0x00,0x00,0x00,0x00,0x00,0x00,0x00,0x00,0xff,0xff,0xff,0x01,
0x00,0x00,0x00,0x00,0xf0,0xf0,0xff,0x11,0xfb,0xf4,0xff,0xed,0xff,0xf8,0xff,0xff,0xf9,0xf2,0xfd,0xfe,0xfc,0xf5,0xfe,0xff,0xf8,0xf2,0xf9,0xff,0x73,0x5e,0x56,0xff,
0x55,0x3d,0x31,0xff,0x5c,0x44,0x39,0xff,0x5b,0x43,0x38,0xff,0x5b,0x43,0x38,0xff,0x5b,0x43,0x38,0xff,0x5b,0x43,0x38,0xff,0x5b,0x43,0x38,0xff,0x5b,0x43,0x38,0xff,
0x5b,0x43,0x38,0xff,0x5b,0x43,0x38,0xff,0x5b,0x43,0x38,0xff,0x5b,0x43,0x38,0xff,0x5c,0x44,0x39,0xff,0x59,0x40,0x37,0xff,0x54,0x3a,0x33,0xff,0x62,0x4c,0x3d,0xff,
0x64,0x4f,0x3e,0xff,0x57,0x3e,0x35,0xff,0x56,0x3d,0x35,0xff,0x5e,0x46,0x3c,0xff,0x5d,0x44,0x3b,0xff,0x5b,0x43,0x38,0xff,0x5b,0x43,0x38,0xff,0x5b,0x43,0x38,0xff,
0x5b,0x43,0x38,0xff,0x5b,0x43,0x38,0xff,0x5b,0x43,0x38,0xff,0x5b,0x43,0x38,0xff,0x5b,0x43,0x38,0xff,0x5b,0x43,0x38,0xff,0x5b,0x43,0x38,0xff,0x5b,0x43,0x38,0xff,
0x5c,0x44,0x39,0xff,0xe1,0xd7,0xde,0xff,0xff,0xfb,0xff,0xff,0xf9,0xf2,0xfd,0xff,0xfa,0xf3,0xff,0xfd,0xff,0xff,0xff,0xff,0xfb,0xf7,0xff,0x40,0x00,0x00,0x00,0x00,
0xff,0xff,0xff,0x03,0x00,0x00,0x00,0x00,0x00,0x00,0x00,0x00,0x00,0x00,0x00,0x00,0x00,0x00,0x00,0x00,0x00,0x00,0x00,0x00,0x00,0x00,0x00,0x00,0x00,0x00,0x00,0x00,
0x00,0x00,0x00,0x00,0x00,0x00,0x00,0x00,0x00,0x00,0x00,0x00,0x00,0x00,0x00,0x00,0x00,0x00,0x00,0x00,0x00,0x00,0x00,0x00,0x00,0x00,0x00,0x00,0xff,0xff,0xff,0x01,
0x00,0x00,0x00,0x00,0xf0,0xf0,0xff,0x12,0xfb,0xf4,0xff,0xf0,0xff,0xf8,0xff,0xff,0xfa,0xf3,0xff,0xfe,0xf8,0xf1,0xfd,0xff,0xff,0xfe,0xff,0xff,0x8d,0x7a,0x76,0xff,
0x51,0x38,0x2b,0xff,0x5d,0x45,0x3a,0xff,0x5b,0x43,0x38,0xff,0x5b,0x43,0x38,0xff,0x5b,0x43,0x38,0xff,0x5b,0x43,0x38,0xff,0x5b,0x43,0x38,0xff,0x5b,0x43,0x38,0xff,
0x5b,0x43,0x38,0xff,0x5b,0x43,0x38,0xff,0x5b,0x43,0x38,0xff,0x5c,0x44,0x38,0xff,0x58,0x3f,0x36,0xff,0x61,0x4a,0x3c,0xff,0xa8,0xa6,0x6f,0xff,0xcd,0xd5,0x88,0xff,
0xce,0xd7,0x89,0xff,0xb7,0xba,0x7a,0xff,0x6f,0x5d,0x46,0xff,0x55,0x3b,0x34,0xff,0x5c,0x45,0x39,0xff,0x5b,0x43,0x38,0xff,0x5b,0x43,0x38,0xff,0x5b,0x43,0x38,0xff,
0x5b,0x43,0x38,0xff,0x5b,0x43,0x38,0xff,0x5b,0x43,0x38,0xff,0x5b,0x43,0x38,0xff,0x5b,0x43,0x38,0xff,0x5b,0x43,0x38,0xff,0x5c,0x44,0x39,0xff,0x57,0x3e,0x33,0xff,
0x6b,0x55,0x4d,0xff,0xf7,0xf0,0xf8,0xff,0xfd,0xf5,0xff,0xff,0xfa,0xf3,0xfe,0xff,0xfa,0xf3,0xff,0xfd,0xff,0xff,0xff,0xff,0xfb,0xf3,0xff,0x44,0x00,0x00,0x00,0x00,
0xff,0xff,0xff,0x03,0x00,0x00,0x00,0x00,0x00,0x00,0x00,0x00,0x00,0x00,0x00,0x00,0x00,0x00,0x00,0x00,0x00,0x00,0x00,0x00,0x00,0x00,0x00,0x00,0x00,0x00,0x00,0x00,
0x00,0x00,0x00,0x00,0x00,0x00,0x00,0x00,0x00,0x00,0x00,0x00,0x00,0x00,0x00,0x00,0x00,0x00,0x00,0x00,0x00,0x00,0x00,0x00,0x00,0x00,0x00,0x00,0xff,0xff,0xff,0x01,
0x00,0x00,0x00,0x00,0xeb,0xeb,0xff,0x0d,0xfb,0xf4,0xff,0xe2,0xff,0xfa,0xff,0xff,0xf9,0xf2,0xfd,0xfe,0xf9,0xf2,0xfc,0xff,0xff,0xfe,0xff,0xff,0xc1,0xb3,0xb7,0xff,
0x51,0x37,0x2b,0xff,0x5e,0x46,0x3b,0xff,0x5b,0x43,0x38,0xff,0x5b,0x43,0x38,0xff,0x5b,0x43,0x38,0xff,0x5b,0x43,0x38,0xff,0x5b,0x43,0x38,0xff,0x5b,0x43,0x38,0xff,
0x5b,0x43,0x38,0xff,0x5b,0x43,0x38,0xff,0x5c,0x44,0x38,0xff,0x5b,0x42,0x38,0xff,0x5c,0x44,0x39,0xff,0xba,0xbd,0x7b,0xff,0xdf,0xed,0x95,0xff,0xd5,0xe0,0x8f,0xff,
0xd5,0xe0,0x8f,0xff,0xdc,0xe9,0x93,0xff,0xcf,0xd8,0x8a,0xff,0x6c,0x58,0x44,0xff,0x57,0x3e,0x35,0xff,0x5c,0x44,0x39,0xff,0x5b,0x43,0x38,0xff,0x5b,0x43,0x38,0xff,
0x5b,0x43,0x38,0xff,0x5b,0x43,0x38,0xff,0x5b,0x43,0x38,0xff,0x5b,0x43,0x38,0xff,0x5b,0x43,0x38,0xff,0x5b,0x43,0x38,0xff,0x5e,0x46,0x3b,0xff,0x50,0x37,0x2a,0xff,
0x99,0x87,0x85,0xff,0xff,0xfe,0xff,0xff,0xf8,0xf1,0xfc,0xff,0xfb,0xf4,0xff,0xff,0xfb,0xf3,0xff,0xfe,0xfd,0xfc,0xff,0xfb,0xfa,0xf5,0xff,0x35,0x00,0x00,0x00,0x00,
0xff,0xff,0xff,0x03,0x00,0x00,0x00,0x00,0x00,0x00,0x00,0x00,0x00,0x00,0x00,0x00,0x00,0x00,0x00,0x00,0x00,0x00,0x00,0x00,0x00,0x00,0x00,0x00,0x00,0x00,0x00,0x00,
0x00,0x00,0x00,0x00,0x00,0x00,0x00,0x00,0x00,0x00,0x00,0x00,0x00,0x00,0x00,0x00,0x00,0x00,0x00,0x00,0x00,0x00,0x00,0x00,0x00,0x00,0x00,0x00,0x00,0x00,0x00,0x00,
0xff,0xff,0xff,0x02,0x00,0x00,0x00,0x00,0xfa,0xf2,0xff,0xb8,0xff,0xff,0xff,0xff,0xfa,0xf3,0xff,0xfc,0xfb,0xf4,0xff,0xff,0xfb,0xf5,0xfe,0xff,0xf9,0xf4,0xf9,0xff,
0x72,0x5c,0x55,0xff,0x54,0x3c,0x30,0xff,0x5d,0x46,0x3b,0xff,0x5b,0x43,0x38,0xff,0x5b,0x43,0x38,0xff,0x5b,0x43,0x38,0xff,0x5b,0x43,0x38,0xff,0x5b,0x43,0x38,0xff,
0x5b,0x43,0x38,0xff,0x5b,0x43,0x38,0xff,0x5c,0x44,0x38,0xff,0x5a,0x41,0x37,0xff,0x60,0x49,0x3c,0xff,0xcc,0xd4,0x88,0xff,0xda,0xe7,0x92,0xff,0xd1,0xdb,0x8c,0xff,
0xd2,0xdc,0x8d,0xff,0xd5,0xe0,0x8e,0xff,0xdc,0xe9,0x94,0xff,0x76,0x65,0x4b,0xff,0x55,0x3c,0x34,0xff,0x5c,0x45,0x39,0xff,0x5b,0x43,0x38,0xff,0x5b,0x43,0x38,0xff,
0x5b,0x43,0x38,0xff,0x5b,0x43,0x38,0xff,0x5b,0x43,0x38,0xff,0x5b,0x43,0x38,0xff,0x5b,0x43,0x38,0xff,0x5c,0x44,0x39,0xff,0x5b,0x43,0x38,0xff,0x59,0x41,0x36,0xff,
0xe2,0xd9,0xe0,0xff,0xfe,0xfa,0xff,0xff,0xf9,0xf2,0xfd,0xff,0xfa,0xf3,0xff,0xfe,0xff,0xf9,0xff,0xff,0xfb,0xf4,0xff,0xea,0xec,0xec,0xff,0x0e,0x00,0x00,0x00,0x00,
0xff,0xff,0xff,0x01,0x00,0x00,0x00,0x00,0x00,0x00,0x00,0x00,0x00,0x00,0x00,0x00,0x00,0x00,0x00,0x00,0x00,0x00,0x00,0x00,0x00,0x00,0x00,0x00,0x00,0x00,0x00,0x00,
0x00,0x00,0x00,0x00,0x00,0x00,0x00,0x00,0x00,0x00,0x00,0x00,0x00,0x00,0x00,0x00,0x00,0x00,0x00,0x00,0x00,0x00,0x00,0x00,0x00,0x00,0x00,0x00,0x00,0x00,0x00,0x00,
0xff,0xff,0xff,0x04,0x00,0x00,0x00,0x00,0xfb,0xf3,0xff,0x84,0xff,0xff,0xff,0xff,0xfa,0xf3,0xff,0xfb,0xfb,0xf4,0xff,0xff,0xf9,0xf2,0xfd,0xff,0xff,0xfb,0xff,0xff,
0xd9,0xcf,0xd4,0xff,0x56,0x3d,0x32,0xff,0x5a,0x42,0x37,0xff,0x5d,0x45,0x3a,0xff,0x5b,0x43,0x38,0xff,0x5b,0x43,0x38,0xff,0x5b,0x43,0x38,0xff,0x5b,0x43,0x38,0xff,
0x5b,0x43,0x38,0xff,0x5b,0x43,0x38,0xff,0x5b,0x43,0x38,0xff,0x5c,0x45,0x39,0xff,0x56,0x3d,0x35,0xff,0x72,0x61,0x49,0xff,0xc3,0xc9,0x82,0xff,0xda,0xe6,0x92,0xff,
0xda,0xe7,0x92,0xff,0xcf,0xd8,0x8a,0xff,0x87,0x7c,0x57,0xff,0x55,0x3c,0x34,0xff,0x5c,0x45,0x39,0xff,0x5b,0x43,0x38,0xff,0x5b,0x43,0x38,0xff,0x5b,0x43,0x38,0xff,
0x5b,0x43,0x38,0xff,0x5b,0x43,0x38,0xff,0x5b,0x43,0x38,0xff,0x5b,0x43,0x38,0xff,0x5c,0x44,0x39,0xff,0x5f,0x47,0x3c,0xff,0x4c,0x33,0x26,0xff,0xb5,0xa7,0xa9,0xff,
0xff,0xff,0xff,0xff,0xf9,0xf1,0xfd,0xff,0xfb,0xf4,0xff,0xff,0xfa,0xf3,0xff,0xfc,0xff,0xff,0xff,0xfe,0xfb,0xf3,0xff,0xc1,0xff,0xff,0xff,0x02,0xff,0xff,0xff,0x02,
0x00,0x00,0x00,0x00,0x00,0x00,0x00,0x00,0x00,0x00,0x00,0x00,0x00,0x00,0x00,0x00,0x00,0x00,0x00,0x00,0x00,0x00,0x00,0x00,0x00,0x00,0x00,0x00,0x00,0x00,0x00,0x00,
0x00,0x00,0x00,0x00,0x00,0x00,0x00,0x00,0x00,0x00,0x00,0x00,0x00,0x00,0x00,0x00,0x00,0x00,0x00,0x00,0x00,0x00,0x00,0x00,0x00,0x00,0x00,0x00,0x00,0x00,0x00,0x00,
0xff,0xff,0xff,0x02,0x00,0x00,0x00,0x00,0xf9,0xf3,0xff,0x2d,0xfc,0xf8,0xff,0xfb,0xfc,0xf5,0xff,0xfd,0xfb,0xf4,0xff,0xff,0xfb,0xf4,0xff,0xff,0xf9,0xf1,0xfd,0xff,
0xff,0xff,0xff,0xff,0xbd,0xb0,0xb2,0xff,0x52,0x39,0x2d,0xff,0x58,0x3f,0x33,0xff,0x5e,0x47,0x3c,0xff,0x5c,0x44,0x3a,0xff,0x5b,0x43,0x39,0xff,0x5b,0x43,0x38,0xff,
0x5b,0x43,0x38,0xff,0x5b,0x43,0x38,0xff,0x5b,0x43,0x38,0xff,0x5b,0x43,0x38,0xff,0x5c,0x44,0x39,0xff,0x56,0x3c,0x34,0xff,0x5d,0x45,0x39,0xff,0x79,0x6a,0x4e,0xff,
0x7c,0x6e,0x4f,0xff,0x65,0x50,0x3f,0xff,0x54,0x3a,0x33,0xff,0x5c,0x44,0x39,0xff,0x5b,0x43,0x38,0xff,0x5b,0x43,0x38,0xff,0x5b,0x43,0x38,0xff,0x5b,0x43,0x38,0xff,
0x5b,0x43,0x38,0xff,0x5b,0x43,0x38,0xff,0x5c,0x44,0x39,0xff,0x5e,0x46,0x3b,0xff,0x5b,0x43,0x38,0xff,0x4d,0x33,0x27,0xff,0x9a,0x89,0x87,0xff,0xff,0xfc,0xff,0xff,
0xfa,0xf3,0xfd,0xff,0xfb,0xf4,0xff,0xff,0xfb,0xf4,0xff,0xff,0xfa,0xf2,0xff,0xfc,0xff,0xff,0xff,0xff,0xfa,0xf5,0xff,0x67,0x00,0x00,0x00,0x00,0xff,0xff,0xff,0x04,
0x00,0x00,0x00,0x00,0x00,0x00,0x00,0x00,0x00,0x00,0x00,0x00,0x00,0x00,0x00,0x00,0x00,0x00,0x00,0x00,0x00,0x00,0x00,0x00,0x00,0x00,0x00,0x00,0x00,0x00,0x00,0x00,
0x00,0x00,0x00,0x00,0x00,0x00,0x00,0x00,0x00,0x00,0x00,0x00,0x00,0x00,0x00,0x00,0x00,0x00,0x00,0x00,0x00,0x00,0x00,0x00,0x00,0x00,0x00,0x00,0x00,0x00,0x00,0x00,
0x00,0x00,0x00,0x00,0xff,0xff,0xff,0x02,0x00,0x00,0x00,0x00,0xfb,0xf1,0xff,0xc0,0xff,0xff,0xff,0xff,0xfa,0xf2,0xff,0xfc,0xfb,0xf4,0xff,0xff,0xfb,0xf4,0xff,0xff,
0xf9,0xf2,0xfd,0xff,0xff,0xff,0xff,0xff,0xd0,0xc6,0xc8,0xff,0x67,0x51,0x48,0xff,0x4f,0x35,0x29,0xff,0x56,0x3d,0x32,0xff,0x5a,0x42,0x37,0xff,0x5d,0x45,0x3a,0xff,
0x5c,0x45,0x3a,0xff,0x5d,0x45,0x3a,0xff,0x5d,0x45,0x3a,0xff,0x5d,0x45,0x3a,0xff,0x5c,0x44,0x3a,0xff,0x5e,0x46,0x3b,0xff,0x5c,0x44,0x39,0xff,0x56,0x3c,0x35,0xff,
0x56,0x3c,0x35,0xff,0x5a,0x42,0x38,0xff,0x5e,0x47,0x3b,0xff,0x5c,0x45,0x3a,0xff,0x5d,0x45,0x3a,0xff,0x5d,0x45,0x3a,0xff,0x5d,0x45,0x3a,0xff,0x5c,0x45,0x3a,0xff,
0x5d,0x45,0x3a,0xff,0x5b,0x43,0x38,0xff,0x57,0x3f,0x33,0xff,0x50,0x37,0x2b,0xff,0x59,0x41,0x36,0xff,0xb4,0xa7,0xa6,0xff,0xff,0xfc,0xff,0xff,0xfa,0xf4,0xfd,0xff,
0xfa,0xf3,0xfe,0xff,0xfb,0xf4,0xff,0xff,0xfa,0xf3,0xff,0xfe,0xfd,0xf8,0xff,0xfd,0xfc,0xf7,0xff,0xee,0xff,0xff,0xff,0x13,0xff,0xff,0xff,0x01,0xff,0xff,0xff,0x01,
0x00,0x00,0x00,0x00,0x00,0x00,0x00,0x00,0x00,0x00,0x00,0x00,0x00,0x00,0x00,0x00,0x00,0x00,0x00,0x00,0x00,0x00,0x00,0x00,0x00,0x00,0x00,0x00,0x00,0x00,0x00,0x00,
0x00,0x00,0x00,0x00,0x00,0x00,0x00,0x00,0x00,0x00,0x00,0x00,0x00,0x00,0x00,0x00,0x00,0x00,0x00,0x00,0x00,0x00,0x00,0x00,0x00,0x00,0x00,0x00,0x00,0x00,0x00,0x00,
0x00,0x00,0x00,0x00,0xff,0xff,0xff,0x02,0x00,0x00,0x00,0x00,0xfa,0xf5,0xff,0x33,0xfc,0xf8,0xff,0xfc,0xfc,0xf6,0xff,0xfb,0xfa,0xf3,0xff,0xfe,0xfb,0xf4,0xff,0xff,
0xfb,0xf4,0xff,0xff,0xf9,0xf1,0xfd,0xff,0xff,0xfe,0xff,0xff,0xf0,0xea,0xee,0xff,0xa9,0x9b,0x98,0xff,0x72,0x5d,0x54,0xff,0x60,0x48,0x3d,0xff,0x54,0x3b,0x2f,0xff,
0x54,0x3b,0x2f,0xff,0x54,0x3b,0x2f,0xff,0x54,0x3b,0x2f,0xff,0x54,0x3b,0x2f,0xff,0x54,0x3b,0x2f,0xff,0x54,0x3b,0x2f,0xff,0x54,0x3b,0x2f,0xff,0x55,0x3d,0x30,0xff,
0x55,0x3d,0x30,0xff,0x54,0x3c,0x30,0xff,0x54,0x3b,0x2f,0xff,0x54,0x3b,0x2f,0xff,0x54,0x3b,0x2f,0xff,0x54,0x3b,0x2f,0xff,0x54,0x3b,0x2f,0xff,0x54,0x3b,0x2f,0xff,
0x53,0x3a,0x2e,0xff,0x5c,0x44,0x39,0xff,0x6b,0x55,0x4b,0xff,0x98,0x87,0x83,0xff,0xe1,0xd9,0xdd,0xff,0xff,0xff,0xff,0xff,0xfa,0xf3,0xfe,0xff,0xfa,0xf3,0xff,0xff,
0xfb,0xf4,0xff,0xff,0xfb,0xf4,0xff,0xff,0xfa,0xf3,0xff,0xfa,0xff,0xff,0xff,0xff,0xfa,0xf3,0xff,0x6b,0x00,0x00,0x00,0x00,0xff,0xff,0xff,0x03,0x00,0x00,0x00,0x00,
0x00,0x00,0x00,0x00,0x00,0x00,0x00,0x00,0x00,0x00,0x00,0x00,0x00,0x00,0x00,0x00,0x00,0x00,0x00,0x00,0x00,0x00,0x00,0x00,0x00,0x00,0x00,0x00,0x00,0x00,0x00,0x00,
0x00,0x00,0x00,0x00,0x00,0x00,0x00,0x00,0x00,0x00,0x00,0x00,0x00,0x00,0x00,0x00,0x00,0x00,0x00,0x00,0x00,0x00,0x00,0x00,0x00,0x00,0x00,0x00,0x00,0x00,0x00,0x00,
0x00,0x00,0x00,0x00,0x00,0x00,0x00,0x00,0xff,0xff,0xff,0x03,0x00,0x00,0x00,0x00,0xfa,0xf1,0xff,0x70,0xff,0xff,0xff,0xff,0xfb,0xf4,0xff,0xf9,0xfa,0xf3,0xff,0xfe,
0xfb,0xf4,0xff,0xff,0xfb,0xf4,0xff,0xff,0xf9,0xf2,0xfd,0xff,0xfe,0xf7,0xff,0xff,0xff,0xff,0xff,0xff,0xfa,0xf4,0xfd,0xff,0xe7,0xdf,0xe7,0xff,0xd1,0xc5,0xcb,0xff,
0xd2,0xc7,0xcc,0xff,0xd2,0xc7,0xcc,0xff,0xd2,0xc7,0xcc,0xff,0xd2,0xc7,0xcc,0xff,0xd2,0xc7,0xcc,0xff,0xd2,0xc7,0xcc,0xff,0xd2,0xc7,0xcc,0xff,0xd2,0xc7,0xcc,0xff,
0xd2,0xc7,0xcc,0xff,0xd2,0xc7,0xcc,0xff,0xd2,0xc7,0xcc,0xff,0xd2,0xc7,0xcc,0xff,0xd2,0xc7,0xcc,0xff,0xd2,0xc7,0xcc,0xff,0xd2,0xc7,0xcc,0xff,0xd3,0xc7,0xcd,0xff,
0xd0,0xc4,0xc9,0xff,0xe0,0xd7,0xde,0xff,0xf5,0xef,0xf7,0xff,0xff,0xff,0xff,0xff,0xff,0xfa,0xff,0xff,0xf9,0xf2,0xfd,0xff,0xfb,0xf4,0xff,0xff,0xfb,0xf4,0xff,0xff,
0xfb,0xf4,0xff,0xff,0xfa,0xf2,0xff,0xf9,0xff,0xff,0xff,0xff,0xfa,0xf4,0xff,0xac,0x00,0x00,0x00,0x00,0xff,0xff,0xff,0x03,0x00,0x00,0x00,0x00,0x00,0x00,0x00,0x00,
0x00,0x00,0x00,0x00,0x00,0x00,0x00,0x00,0x00,0x00,0x00,0x00,0x00,0x00,0x00,0x00,0x00,0x00,0x00,0x00,0x00,0x00,0x00,0x00,0x00,0x00,0x00,0x00,0x00,0x00,0x00,0x00,
0x00,0x00,0x00,0x00,0x00,0x00,0x00,0x00,0x00,0x00,0x00,0x00,0x00,0x00,0x00,0x00,0x00,0x00,0x00,0x00,0x00,0x00,0x00,0x00,0x00,0x00,0x00,0x00,0x00,0x00,0x00,0x00,
0x00,0x00,0x00,0x00,0x00,0x00,0x00,0x00,0x00,0x00,0x00,0x00,0xff,0xff,0xff,0x03,0x00,0x00,0x00,0x00,0xfb,0xf5,0xff,0x9a,0xff,0xff,0xff,0xff,0xfb,0xf4,0xff,0xfc,
0xf9,0xf2,0xff,0xfd,0xfb,0xf4,0xff,0xff,0xfb,0xf4,0xff,0xff,0xfa,0xf3,0xfe,0xff,0xf9,0xf1,0xfc,0xff,0xfb,0xf4,0xff,0xff,0xff,0xf9,0xff,0xff,0xff,0xfe,0xff,0xff,
0xff,0xfd,0xff,0xff,0xff,0xfe,0xff,0xff,0xff,0xfe,0xff,0xff,0xff,0xfe,0xff,0xff,0xff,0xfe,0xff,0xff,0xff,0xfe,0xff,0xff,0xff,0xfe,0xff,0xff,0xff,0xfe,0xff,0xff,
0xff,0xfe,0xff,0xff,0xff,0xfe,0xff,0xff,0xff,0xfe,0xff,0xff,0xff,0xfe,0xff,0xff,0xff,0xfe,0xff,0xff,0xff,0xfe,0xff,0xff,0xff,0xfe,0xff,0xff,0xff,0xfd,0xff,0xff,
0xff,0xfe,0xff,0xff,0xff,0xfb,0xff,0xff,0xfd,0xf6,0xff,0xff,0xf9,0xf1,0xfc,0xff,0xfa,0xf3,0xfd,0xff,0xfb,0xf4,0xff,0xff,0xfb,0xf4,0xff,0xff,0xfa,0xf3,0xff,0xfe,
0xfa,0xf3,0xff,0xfa,0xff,0xff,0xff,0xff,0xfc,0xf7,0xff,0xca,0xff,0xf0,0xff,0x11,0xff,0xff,0xff,0x02,0xff,0xff,0xff,0x01,0x00,0x00,0x00,0x00,0x00,0x00,0x00,0x00,
0x00,0x00,0x00,0x00,0x00,0x00,0x00,0x00,0x00,0x00,0x00,0x00,0x00,0x00,0x00,0x00,0x00,0x00,0x00,0x00,0x00,0x00,0x00,0x00,0x00,0x00,0x00,0x00,0x00,0x00,0x00,0x00,
0x00,0x00,0x00,0x00,0x00,0x00,0x00,0x00,0x00,0x00,0x00,0x00,0x00,0x00,0x00,0x00,0x00,0x00,0x00,0x00,0x00,0x00,0x00,0x00,0x00,0x00,0x00,0x00,0x00,0x00,0x00,0x00,
0x00,0x00,0x00,0x00,0x00,0x00,0x00,0x00,0x00,0x00,0x00,0x00,0xff,0xff,0xff,0x01,0xff,0xff,0xff,0x02,0x00,0x00,0x00,0x00,0xfc,0xf6,0xff,0x7f,0xff,0xfc,0xff,0xff,
0xff,0xfd,0xff,0xff,0xfa,0xf3,0xff,0xfc,0xfa,0xf3,0xff,0xfc,0xfa,0xf4,0xff,0xfd,0xfa,0xf3,0xff,0xfe,0xfb,0xf4,0xfe,0xff,0xfa,0xf3,0xfe,0xff,0xf9,0xf2,0xfc,0xff,
0xf9,0xf2,0xfd,0xff,0xf9,0xf2,0xfd,0xff,0xf9,0xf2,0xfd,0xff,0xf9,0xf2,0xfd,0xff,0xf9,0xf2,0xfd,0xff,0xf9,0xf2,0xfd,0xff,0xf9,0xf2,0xfd,0xff,0xf9,0xf2,0xfd,0xff,
0xf9,0xf2,0xfd,0xff,0xf9,0xf2,0xfd,0xff,0xf9,0xf2,0xfd,0xff,0xf9,0xf2,0xfd,0xff,0xf9,0xf2,0xfd,0xff,0xf9,0xf2,0xfd,0xff,0xf9,0xf2,0xfd,0xff,0xf9,0xf2,0xfd,0xff,
0xf9,0xf2,0xfc,0xff,0xfa,0xf2,0xfd,0xff,0xfa,0xf3,0xfe,0xff,0xfb,0xf4,0xff,0xff,0xfa,0xf3,0xff,0xfe,0xfa,0xf3,0xff,0xfc,0xf9,0xf2,0xff,0xfc,0xff,0xf8,0xff,0xff,
0xff,0xff,0xff,0xff,0xfd,0xf8,0xff,0xa9,0xf0,0xe2,0xff,0x12,0x00,0x00,0x00,0x00,0xff,0xff,0xff,0x02,0x00,0x00,0x00,0x00,0x00,0x00,0x00,0x00,0x00,0x00,0x00,0x00,
0x00,0x00,0x00,0x00,0x00,0x00,0x00,0x00,0x00,0x00,0x00,0x00,0x00,0x00,0x00,0x00,0x00,0x00,0x00,0x00,0x00,0x00,0x00,0x00,0x00,0x00,0x00,0x00,0x00,0x00,0x00,0x00,
0x00,0x00,0x00,0x00,0x00,0x00,0x00,0x00,0x00,0x00,0x00,0x00,0x00,0x00,0x00,0x00,0x00,0x00,0x00,0x00,0x00,0x00,0x00,0x00,0x00,0x00,0x00,0x00,0x00,0x00,0x00,0x00,
0x00,0x00,0x00,0x00,0x00,0x00,0x00,0x00,0x00,0x00,0x00,0x00,0x00,0x00,0x00,0x00,0xff,0xff,0xff,0x01,0xff,0xff,0xff,0x02,0x00,0x00,0x00,0x00,0xfb,0xf4,0xff,0x47,
0xfd,0xfa,0xff,0xd4,0xff,0xff,0xff,0xff,0xff,0xff,0xff,0xff,0xff,0xfa,0xff,0xff,0xfc,0xf5,0xff,0xff,0xfa,0xf3,0xff,0xfd,0xfa,0xf3,0xff,0xfd,0xfa,0xf2,0xfe,0xff,
0xfa,0xf2,0xfe,0xff,0xfa,0xf2,0xfe,0xff,0xfa,0xf2,0xfe,0xff,0xfa,0xf2,0xfe,0xff,0xfa,0xf2,0xfe,0xff,0xfa,0xf2,0xfe,0xff,0xfa,0xf2,0xfe,0xff,0xfa,0xf2,0xfe,0xff,
0xfa,0xf2,0xfe,0xff,0xfa,0xf2,0xfe,0xff,0xfa,0xf2,0xfe,0xff,0xfa,0xf2,0xfe,0xff,0xfa,0xf2,0xfe,0xff,0xfa,0xf2,0xfe,0xff,0xfa,0xf2,0xfe,0xff,0xfa,0xf2,0xfe,0xff,
0xfa,0xf3,0xfe,0xff,0xfa,0xf3,0xff,0xfd,0xfa,0xf2,0xff,0xfd,0xfa,0xf3,0xff,0xfe,0xff,0xf9,0xff,0xff,0xff,0xff,0xff,0xff,0xff,0xff,0xff,0xff,0xfd,0xfa,0xff,0xe9,
0xfc,0xf7,0xff,0x6d,0x00,0x00,0x00,0x00,0x00,0x00,0x00,0x00,0xff,0xff,0xff,0x02,0x00,0x00,0x00,0x00,0x00,0x00,0x00,0x00,0x00,0x00,0x00,0x00,0x00,0x00,0x00,0x00,
0x00,0x00,0x00,0x00,0x00,0x00,0x00,0x00,0x00,0x00,0x00,0x00,0x00,0x00,0x00,0x00,0x00,0x00,0x00,0x00,0x00,0x00,0x00,0x00,0x00,0x00,0x00,0x00,0x00,0x00,0x00,0x00,
0x00,0x00,0x00,0x00,0x00,0x00,0x00,0x00,0x00,0x00,0x00,0x00,0x00,0x00,0x00,0x00,0x00,0x00,0x00,0x00,0x00,0x00,0x00,0x00,0x00,0x00,0x00,0x00,0x00,0x00,0x00,0x00,
0x00,0x00,0x00,0x00,0x00,0x00,0x00,0x00,0x00,0x00,0x00,0x00,0x00,0x00,0x00,0x00,0x00,0x00,0x00,0x00,0x00,0x00,0x00,0x00,0xff,0xbf,0xff,0x04,0x00,0x00,0x00,0x00,
0xd4,0xd4,0xff,0x06,0xfb,0xf8,0xff,0x4f,0xfd,0xf9,0xff,0xae,0xfc,0xf7,0xff,0xe1,0xfb,0xf5,0xff,0xfc,0xff,0xff,0xff,0xff,0xff,0xfe,0xff,0xff,0xff,0xfb,0xff,0xff,
0xff,0xfb,0xff,0xff,0xff,0xfb,0xff,0xff,0xff,0xfb,0xff,0xff,0xff,0xfb,0xff,0xff,0xff,0xfb,0xff,0xff,0xff,0xfb,0xff,0xff,0xff,0xfb,0xff,0xff,0xff,0xfb,0xff,0xff,
0xff,0xfb,0xff,0xff,0xff,0xfb,0xff,0xff,0xff,0xfb,0xff,0xff,0xff,0xfb,0xff,0xff,0xff,0xfb,0xff,0xff,0xff,0xfb,0xff,0xff,0xff,0xfb,0xff,0xff,0xff,0xfb,0xff,0xff,
0xff,0xfb,0xff,0xff,0xff,0xfe,0xff,0xff,0xff,0xff,0xff,0xff,0xff,0xf9,0xff,0xff,0xfc,0xf5,0xff,0xea,0xfc,0xf8,0xff,0xbc,0xfc,0xfc,0xff,0x65,0xff,0xf3,0xff,0x16,
0x00,0x00,0x00,0x00,0xff,0xff,0xff,0x02,0xff,0xff,0xff,0x01,0x00,0x00,0x00,0x00,0x00,0x00,0x00,0x00,0x00,0x00,0x00,0x00,0x00,0x00,0x00,0x00,0x00,0x00,0x00,0x00,
0x00,0x00,0x00,0x00,0x00,0x00,0x00,0x00,0x00,0x00,0x00,0x00,0x00,0x00,0x00,0x00,0x00,0x00,0x00,0x00,0x00,0x00,0x00,0x00,0x00,0x00,0x00,0x00,0x00,0x00,0x00,0x00,
0x00,0x00,0x00,0x00,0x00,0x00,0x00,0x00,0x00,0x00,0x00,0x00,0x00,0x00,0x00,0x00,0x00,0x00,0x00,0x00,0x00,0x00,0x00,0x00,0x00,0x00,0x00,0x00,0x00,0x00,0x00,0x00,
0x00,0x00,0x00,0x00,0x00,0x00,0x00,0x00,0x00,0x00,0x00,0x00,0x00,0x00,0x00,0x00,0x00,0x00,0x00,0x00,0x00,0x00,0x00,0x00,0x00,0x00,0x00,0x00,0xff,0xff,0xff,0x03,
0x00,0x00,0x00,0x00,0x00,0x00,0x00,0x00,0x00,0x00,0x00,0x00,0xff,0xff,0xff,0x09,0xf8,0xf2,0xff,0x2a,0xff,0xfb,0xff,0x41,0xe7,0xda,0xe7,0x4d,0xab,0x7f,0x99,0xf2,
0xab,0x7d,0x98,0xff,0xa9,0x7c,0x96,0xfe,0xaa,0x7c,0x97,0xff,0xaa,0x7c,0x97,0xff,0xaa,0x7c,0x97,0xff,0xaa,0x7c,0x97,0xff,0xaa,0x7c,0x97,0xff,0xaa,0x7c,0x97,0xff,
0xaa,0x7c,0x97,0xff,0xaa,0x7c,0x97,0xff,0xaa,0x7c,0x97,0xff,0xaa,0x7c,0x97,0xff,0xaa,0x7c,0x97,0xff,0xaa,0x7c,0x97,0xff,0xaa,0x7c,0x97,0xff,0xa9,0x7c,0x96,0xfe,
0xae,0x7f,0x9b,0xff,0xcd,0xb0,0xc2,0x71,0xff,0xff,0xff,0x41,0xfa,0xf1,0xfa,0x37,0xff,0xee,0xff,0x0f,0x00,0x00,0x00,0x00,0x00,0x00,0x00,0x00,0x00,0x00,0x00,0x00,
0xff,0xff,0xff,0x03,0x00,0x00,0x00,0x00,0x00,0x00,0x00,0x00,0x00,0x00,0x00,0x00,0x00,0x00,0x00,0x00,0x00,0x00,0x00,0x00,0x00,0x00,0x00,0x00,0x00,0x00,0x00,0x00,
0x00,0x00,0x00,0x00,0x00,0x00,0x00,0x00,0x00,0x00,0x00,0x00,0x00,0x00,0x00,0x00,0x00,0x00,0x00,0x00,0x00,0x00,0x00,0x00,0x00,0x00,0x00,0x00,0x00,0x00,0x00,0x00,
0x00,0x00,0x00,0x00,0x00,0x00,0x00,0x00,0x00,0x00,0x00,0x00,0x00,0x00,0x00,0x00,0x00,0x00,0x00,0x00,0x00,0x00,0x00,0x00,0x00,0x00,0x00,0x00,0x00,0x00,0x00,0x00,
0x00,0x00,0x00,0x00,0x00,0x00,0x00,0x00,0x00,0x00,0x00,0x00,0x00,0x00,0x00,0x00,0x00,0x00,0x00,0x00,0x00,0x00,0x00,0x00,0x00,0x00,0x00,0x00,0x00,0x00,0x00,0x00,
0xff,0xff,0xff,0x01,0xff,0xff,0xff,0x03,0xff,0xff,0xff,0x03,0x00,0x00,0x00,0x00,0x00,0x00,0x00,0x00,0x00,0x00,0x00,0x00,0x00,0x00,0x00,0x04,0x88,0x4a,0x6b,0xed,
0x8a,0x4b,0x6e,0xff,0x87,0x4a,0x6a,0xfe,0x88,0x4a,0x6b,0xff,0x88,0x4a,0x6b,0xff,0x88,0x4a,0x6b,0xff,0x88,0x4a,0x6b,0xff,0x88,0x4a,0x6b,0xff,0x88,0x4a,0x6b,0xff,
0x88,0x4a,0x6b,0xff,0x88,0x4a,0x6b,0xff,0x88,0x4a,0x6b,0xff,0x88,0x4a,0x6b,0xff,0x88,0x4a,0x6b,0xff,0x88,0x4a,0x6b,0xff,0x88,0x4a,0x6b,0xff,0x88,0x49,0x6a,0xfd,
0x8e,0x4f,0x71,0xff,0x73,0x29,0x4e,0x37,0x00,0x00,0x00,0x00,0x00,0x00,0x00,0x00,0x00,0x00,0x00,0x00,0xff,0xff,0xff,0x02,0xff,0xff,0xff,0x04,0xff,0xff,0xff,0x01,
0x00,0x00,0x00,0x00,0x00,0x00,0x00,0x00,0x00,0x00,0x00,0x00,0x00,0x00,0x00,0x00,0x00,0x00,0x00,0x00,0x00,0x00,0x00,0x00,0x00,0x00,0x00,0x00,0x00,0x00,0x00,0x00,
0x00,0x00,0x00,0x00,0x00,0x00,0x00,0x00,0x00,0x00,0x00,0x00,0x00,0x00,0x00,0x00,0x00,0x00,0x00,0x00,0x00,0x00,0x00,0x00,0x00,0x00,0x00,0x00,0x00,0x00,0x00,0x00,
0x00,0x00,0x00,0x00,0x00,0x00,0x00,0x00,0x00,0x00,0x00,0x00,0x00,0x00,0x00,0x00,0x00,0x00,0x00,0x00,0x00,0x00,0x00,0x00,0x00,0x00,0x00,0x00,0x00,0x00,0x00,0x00,
0x00,0x00,0x00,0x00,0x00,0x00,0x00,0x00,0x00,0x00,0x00,0x00,0x00,0x00,0x00,0x00,0x00,0x00,0x00,0x00,0x00,0x00,0x00,0x00,0x00,0x00,0x00,0x00,0x00,0x00,0x00,0x00,
0x00,0x00,0x00,0x00,0x00,0x00,0x00,0x00,0x00,0x00,0x00,0x00,0xff,0xff,0xff,0x01,0xff,0xaa,0xff,0x03,0xff,0xff,0xff,0x03,0x99,0x66,0x7f,0x14,0x8f,0x55,0x75,0xee,
0x91,0x56,0x77,0xff,0x8e,0x55,0x74,0xfe,0x8f,0x55,0x75,0xff,0x8f,0x55,0x75,0xff,0x8f,0x55,0x75,0xff,0x8f,0x55,0x75,0xff,0x8f,0x55,0x75,0xff,0x8f,0x55,0x75,0xff,
0x8f,0x55,0x75,0xff,0x8f,0x55,0x75,0xff,0x8f,0x55,0x75,0xff,0x8f,0x55,0x75,0xff,0x8f,0x55,0x75,0xff,0x8f,0x55,0x75,0xff,0x8f,0x55,0x75,0xff,0x8f,0x54,0x74,0xfd,
0x95,0x59,0x7a,0xff,0x94,0x5b,0x79,0x43,0xff,0xff,0xff,0x03,0xd4,0x7f,0xaa,0x06,0xff,0xff,0xff,0x01,0x00,0x00,0x00,0x00,0x00,0x00,0x00,0x00,0x00,0x00,0x00,0x00,
0x00,0x00,0x00,0x00,0x00,0x00,0x00,0x00,0x00,0x00,0x00,0x00,0x00,0x00,0x00,0x00,0x00,0x00,0x00,0x00,0x00,0x00,0x00,0x00,0x00,0x00,0x00,0x00,0x00,0x00,0x00,0x00,
0x00,0x00,0x00,0x00,0x00,0x00,0x00,0x00,0x00,0x00,0x00,0x00,0x00,0x00,0x00,0x00,0x00,0x00,0x00,0x00,0x00,0x00,0x00,0x00,0x00,0x00,0x00,0x00,0x00,0x00,0x00,0x00,
0x00,0x00,0x00,0x00,0x00,0x00,0x00,0x00,0x00,0x00,0x00,0x00,0x00,0x00,0x00,0x00,0x00,0x00,0x00,0x00,0x00,0x00,0x00,0x00,0x00,0x00,0x00,0x00,0x00,0x00,0x00,0x00,
0x00,0x00,0x00,0x00,0x00,0x00,0x00,0x00,0x00,0x00,0x00,0x00,0x00,0x00,0x00,0x00,0x00,0x00,0x00,0x00,0x00,0x00,0x00,0x00,0x00,0x00,0x00,0x00,0x00,0x00,0x00,0x00,
0x00,0x00,0x00,0x00,0x00,0x00,0x00,0x00,0x00,0x00,0x00,0x00,0x00,0x00,0x00,0x00,0xff,0x00,0xff,0x01,0x00,0x00,0x00,0x00,0x87,0x4b,0x69,0x11,0x8e,0x53,0x73,0xee,
0x90,0x54,0x75,0xff,0x8d,0x53,0x72,0xfe,0x8e,0x53,0x73,0xff,0x8e,0x53,0x73,0xff,0x8e,0x53,0x73,0xff,0x8e,0x53,0x73,0xff,0x8e,0x53,0x73,0xff,0x8e,0x53,0x73,0xff,
0x8e,0x53,0x73,0xff,0x8e,0x53,0x73,0xff,0x8e,0x53,0x73,0xff,0x8e,0x53,0x73,0xff,0x8e,0x53,0x73,0xff,0x8e,0x53,0x73,0xff,0x8e,0x53,0x73,0xff,0x8e,0x52,0x72,0xfd,
0x94,0x57,0x78,0xff,0x8d,0x52,0x71,0x41,0x00,0x00,0x00,0x00,0xaa,0x55,0x55,0x03,0x00,0x00,0x00,0x00,0x00,0x00,0x00,0x00,0x00,0x00,0x00,0x00,0x00,0x00,0x00,0x00,
0x00,0x00,0x00,0x00,0x00,0x00,0x00,0x00,0x00,0x00,0x00,0x00,0x00,0x00,0x00,0x00,0x00,0x00,0x00,0x00,0x00,0x00,0x00,0x00,0x00,0x00,0x00,0x00,0x00,0x00,0x00,0x00,
0x00,0x00,0x00,0x00,0x00,0x00,0x00,0x00,0x00,0x00,0x00,0x00,0x00,0x00,0x00,0x00,0x00,0x00,0x00,0x00,0x00,0x00,0x00,0x00,0x00,0x00,0x00,0x00,0x00,0x00,0x00,0x00,
0x00,0x00,0x00,0x00,0x00,0x00,0x00,0x00,0x00,0x00,0x00,0x00,0x00,0x00,0x00,0x00,0x00,0x00,0x00,0x00,0x00,0x00,0x00,0x00,0x00,0x00,0x00,0x00,0x00,0x00,0x00,0x00,
0x00,0x00,0x00,0x00,0x00,0x00,0x00,0x00,0x00,0x00,0x00,0x00,0x00,0x00,0x00,0x00,0x00,0x00,0x00,0x00,0x00,0x00,0x00,0x00,0x00,0x00,0x00,0x00,0x00,0x00,0x00,0x00,
0x00,0x00,0x00,0x00,0x00,0x00,0x00,0x00,0x00,0x00,0x00,0x00,0x00,0x00,0x00,0x00,0xff,0x00,0xff,0x01,0x00,0x00,0x00,0x00,0x87,0x4b,0x69,0x11,0x8e,0x53,0x73,0xee,
0x90,0x54,0x75,0xff,0x8d,0x53,0x72,0xfe,0x8e,0x53,0x73,0xff,0x8e,0x53,0x73,0xff,0x8e,0x53,0x73,0xff,0x8e,0x53,0x73,0xff,0x8e,0x53,0x73,0xff,0x8e,0x53,0x73,0xff,
0x8e,0x53,0x73,0xff,0x8e,0x53,0x73,0xff,0x8e,0x53,0x73,0xff,0x8e,0x53,0x73,0xff,0x8e,0x53,0x73,0xff,0x8e,0x53,0x73,0xff,0x8e,0x53,0x73,0xff,0x8e,0x52,0x72,0xfd,
0x94,0x57,0x78,0xff,0x8d,0x52,0x71,0x41,0x00,0x00,0x00,0x00,0xaa,0x55,0x55,0x03,0x00,0x00,0x00,0x00,0x00,0x00,0x00,0x00,0x00,0x00,0x00,0x00,0x00,0x00,0x00,0x00,
0x00,0x00,0x00,0x00,0x00,0x00,0x00,0x00,0x00,0x00,0x00,0x00,0x00,0x00,0x00,0x00,0x00,0x00,0x00,0x00,0x00,0x00,0x00,0x00,0x00,0x00,0x00,0x00,0x00,0x00,0x00,0x00,
0x00,0x00,0x00,0x00,0x00,0x00,0x00,0x00,0x00,0x00,0x00,0x00,0x00,0x00,0x00,0x00,0x00,0x00,0x00,0x00,0x00,0x00,0x00,0x00,0x00,0x00,0x00,0x00,0x00,0x00,0x00,0x00,
0x00,0x00,0x00,0x00,0x00,0x00,0x00,0x00,0x00,0x00,0x00,0x00,0x00,0x00,0x00,0x00,0x00,0x00,0x00,0x00,0x00,0x00,0x00,0x00,0x00,0x00,0x00,0x00,0x00,0x00,0x00,0x00,
0x00,0x00,0x00,0x00,0x00,0x00,0x00,0x00,0x00,0x00,0x00,0x00,0x00,0x00,0x00,0x00,0x00,0x00,0x00,0x00,0x00,0x00,0x00,0x00,0x00,0x00,0x00,0x00,0x00,0x00,0x00,0x00,
0x00,0x00,0x00,0x00,0x00,0x00,0x00,0x00,0x00,0x00,0x00,0x00,0x00,0x00,0x00,0x00,0xff,0x00,0xff,0x01,0x00,0x00,0x00,0x00,0x7f,0x46,0x63,0x12,0x8d,0x53,0x73,0xef,
0x90,0x54,0x75,0xff,0x8d,0x53,0x72,0xfe,0x8e,0x53,0x73,0xff,0x8e,0x53,0x73,0xff,0x8e,0x53,0x73,0xff,0x8e,0x53,0x73,0xff,0x8e,0x53,0x73,0xff,0x8e,0x53,0x73,0xff,
0x8e,0x53,0x73,0xff,0x8e,0x53,0x73,0xff,0x8e,0x53,0x73,0xff,0x8e,0x53,0x73,0xff,0x8e,0x53,0x73,0xff,0x8e,0x53,0x73,0xff,0x8e,0x53,0x73,0xff,0x8e,0x52,0x72,0xfd,
0x94,0x57,0x78,0xff,0x8c,0x53,0x72,0x43,0x00,0x00,0x00,0x00,0xaa,0x55,0x55,0x03,0x00,0x00,0x00,0x00,0x00,0x00,0x00,0x00,0x00,0x00,0x00,0x00,0x00,0x00,0x00,0x00,
0x00,0x00,0x00,0x00,0x00,0x00,0x00,0x00,0x00,0x00,0x00,0x00,0x00,0x00,0x00,0x00,0x00,0x00,0x00,0x00,0x00,0x00,0x00,0x00,0x00,0x00,0x00,0x00,0x00,0x00,0x00,0x00,
0x00,0x00,0x00,0x00,0x00,0x00,0x00,0x00,0x00,0x00,0x00,0x00,0x00,0x00,0x00,0x00,0x00,0x00,0x00,0x00,0x00,0x00,0x00,0x00,0x00,0x00,0x00,0x00,0x00,0x00,0x00,0x00,
0x00,0x00,0x00,0x00,0x00,0x00,0x00,0x00,0x00,0x00,0x00,0x00,0x00,0x00,0x00,0x00,0x00,0x00,0x00,0x00,0x00,0x00,0x00,0x00,0x00,0x00,0x00,0x00,0x00,0x00,0x00,0x00,
0x00,0x00,0x00,0x00,0x00,0x00,0x00,0x00,0x00,0x00,0x00,0x00,0x00,0x00,0x00,0x00,0x00,0x00,0x00,0x00,0x00,0x00,0x00,0x00,0x00,0x00,0x00,0x00,0x00,0x00,0x00,0x00,
0x00,0x00,0x00,0x00,0x00,0x00,0x00,0x00,0x00,0x00,0x00,0x00,0x00,0x00,0x00,0x00,0x00,0x00,0x00,0x00,0xff,0xff,0xff,0x01,0x7f,0x3f,0x7f,0x04,0x8e,0x53,0x73,0xd0,
0x94,0x56,0x77,0xfe,0x8d,0x52,0x73,0xfc,0x8e,0x53,0x73,0xff,0x8e,0x53,0x73,0xff,0x8e,0x53,0x73,0xff,0x8e,0x53,0x73,0xff,0x8e,0x53,0x73,0xff,0x8e,0x53,0x73,0xff,
0x8e,0x53,0x73,0xff,0x8e,0x53,0x73,0xff,0x8e,0x53,0x73,0xff,0x8e,0x53,0x73,0xff,0x8e,0x53,0x73,0xff,0x8e,0x53,0x73,0xff,0x8d,0x53,0x72,0xfe,0x8e,0x53,0x74,0xfe,
0x90,0x55,0x75,0xf6,0x88,0x4c,0x6e,0x1e,0x00,0x00,0x00,0x00,0x7f,0x00,0x7f,0x02,0x00,0x00,0x00,0x00,0x00,0x00,0x00,0x00,0x00,0x00,0x00,0x00,0x00,0x00,0x00,0x00,
0x00,0x00,0x00,0x00,0x00,0x00,0x00,0x00,0x00,0x00,0x00,0x00,0x00,0x00,0x00,0x00,0x00,0x00,0x00,0x00,0x00,0x00,0x00,0x00,0x00,0x00,0x00,0x00,0x00,0x00,0x00,0x00,
0x00,0x00,0x00,0x00,0x00,0x00,0x00,0x00,0x00,0x00,0x00,0x00,0x00,0x00,0x00,0x00,0x00,0x00,0x00,0x00,0x00,0x00,0x00,0x00,0x00,0x00,0x00,0x00,0x00,0x00,0x00,0x00,
0x00,0x00,0x00,0x00,0x00,0x00,0x00,0x00,0x00,0x00,0x00,0x00,0x00,0x00,0x00,0x00,0x00,0x00,0x00,0x00,0x00,0x00,0x00,0x00,0x00,0x00,0x00,0x00,0x00,0x00,0x00,0x00,
0x00,0x00,0x00,0x00,0x00,0x00,0x00,0x00,0x00,0x00,0x00,0x00,0x00,0x00,0x00,0x00,0x00,0x00,0x00,0x00,0x00,0x00,0x00,0x00,0x00,0x00,0x00,0x00,0x00,0x00,0x00,0x00,
0x00,0x00,0x00,0x00,0x00,0x00,0x00,0x00,0x00,0x00,0x00,0x00,0x00,0x00,0x00,0x00,0x00,0x00,0x00,0x00,0x7f,0x3f,0x7f,0x04,0x00,0x00,0x00,0x00,0x8c,0x53,0x72,0x81,
0x9a,0x5a,0x7c,0xff,0x8d,0x52,0x72,0xfa,0x8e,0x53,0x73,0xff,0x8e,0x53,0x73,0xff,0x8e,0x53,0x73,0xff,0x8e,0x53,0x73,0xff,0x8e,0x53,0x73,0xff,0x8e,0x53,0x73,0xff,
0x8e,0x53,0x73,0xff,0x8e,0x53,0x73,0xff,0x8e,0x53,0x73,0xff,0x8e,0x53,0x73,0xff,0x8e,0x53,0x73,0xff,0x8e,0x53,0x73,0xff,0x8d,0x53,0x72,0xfb,0x96,0x57,0x79,0xff,
0x8e,0x53,0x73,0xc0,0x7f,0x00,0x7f,0x02,0x7f,0x7f,0x7f,0x02,0x00,0x00,0x00,0x00,0x00,0x00,0x00,0x00,0x00,0x00,0x00,0x00,0x00,0x00,0x00,0x00,0x00,0x00,0x00,0x00,
0x00,0x00,0x00,0x00,0x00,0x00,0x00,0x00,0x00,0x00,0x00,0x00,0x00,0x00,0x00,0x00,0x00,0x00,0x00,0x00,0x00,0x00,0x00,0x00,0x00,0x00,0x00,0x00,0x00,0x00,0x00,0x00,
0x00,0x00,0x00,0x00,0x00,0x00,0x00,0x00,0x00,0x00,0x00,0x00,0x00,0x00,0x00,0x00,0x00,0x00,0x00,0x00,0x00,0x00,0x00,0x00,0x00,0x00,0x00,0x00,0x00,0x00,0x00,0x00,
0x00,0x00,0x00,0x00,0x00,0x00,0x00,0x00,0x00,0x00,0x00,0x00,0x00,0x00,0x00,0x00,0x00,0x00,0x00,0x00,0x00,0x00,0x00,0x00,0x00,0x00,0x00,0x00,0x00,0x00,0x00,0x00,
0x00,0x00,0x00,0x00,0x00,0x00,0x00,0x00,0x00,0x00,0x00,0x00,0x00,0x00,0x00,0x00,0x00,0x00,0x00,0x00,0x00,0x00,0x00,0x00,0x00,0x00,0x00,0x00,0x00,0x00,0x00,0x00,
0x00,0x00,0x00,0x00,0x00,0x00,0x00,0x00,0x00,0x00,0x00,0x00,0x00,0x00,0x00,0x00,0x00,0x00,0x00,0x00,0xff,0x00,0x00,0x01,0x7f,0x7f,0x7f,0x02,0x88,0x55,0x77,0x0f,
0x8f,0x53,0x75,0xde,0x96,0x57,0x79,0xff,0x8c,0x52,0x72,0xfa,0x8e,0x53,0x73,0xfe,0x8e,0x53,0x73,0xff,0x8e,0x53,0x73,0xff,0x8e,0x53,0x73,0xff,0x8e,0x53,0x73,0xff,
0x8e,0x53,0x73,0xff,0x8e,0x53,0x73,0xff,0x8e,0x53,0x73,0xff,0x8e,0x53,0x73,0xff,0x8e,0x53,0x73,0xfe,0x8d,0x53,0x72,0xfb,0x90,0x54,0x74,0xfe,0x92,0x56,0x77,0xfe,
0x8c,0x50,0x73,0x33,0x00,0x00,0x00,0x00,0xff,0x7f,0x7f,0x02,0x00,0x00,0x00,0x00,0x00,0x00,0x00,0x00,0x00,0x00,0x00,0x00,0x00,0x00,0x00,0x00,0x00,0x00,0x00,0x00,
0x00,0x00,0x00,0x00,0x00,0x00,0x00,0x00,0x00,0x00,0x00,0x00,0x00,0x00,0x00,0x00,0x00,0x00,0x00,0x00,0x00,0x00,0x00,0x00,0x00,0x00,0x00,0x00,0x00,0x00,0x00,0x00,
0x00,0x00,0x00,0x00,0x00,0x00,0x00,0x00,0x00,0x00,0x00,0x00,0x00,0x00,0x00,0x00,0x00,0x00,0x00,0x00,0x00,0x00,0x00,0x00,0x00,0x00,0x00,0x00,0x00,0x00,0x00,0x00,
0x00,0x00,0x00,0x00,0x00,0x00,0x00,0x00,0x00,0x00,0x00,0x00,0x00,0x00,0x00,0x00,0x00,0x00,0x00,0x00,0x00,0x00,0x00,0x00,0x00,0x00,0x00,0x00,0x00,0x00,0x00,0x00,
0x00,0x00,0x00,0x00,0x00,0x00,0x00,0x00,0x00,0x00,0x00,0x00,0x00,0x00,0x00,0x00,0x00,0x00,0x00,0x00,0x00,0x00,0x00,0x00,0x00,0x00,0x00,0x00,0x00,0x00,0x00,0x00,
0x00,0x00,0x00,0x00,0x00,0x00,0x00,0x00,0x00,0x00,0x00,0x00,0x00,0x00,0x00,0x00,0x00,0x00,0x00,0x00,0x00,0x00,0x00,0x00,0x7f,0x7f,0x7f,0x02,0x00,0x00,0x00,0x00,
0x8e,0x53,0x70,0x34,0x92,0x56,0x77,0xe7,0x99,0x59,0x7c,0xff,0x90,0x54,0x75,0xff,0x8d,0x53,0x73,0xfe,0x8d,0x53,0x72,0xfe,0x8d,0x53,0x72,0xfe,0x8d,0x53,0x72,0xfe,
0x8d,0x53,0x72,0xfe,0x8d,0x53,0x72,0xfe,0x8d,0x53,0x72,0xfe,0x8d,0x53,0x72,0xfe,0x8f,0x54,0x74,0xff,0x96,0x58,0x7a,0xff,0x94,0x56,0x77,0xfd,0x8a,0x50,0x71,0x65,
0x00,0x00,0x00,0x00,0x7f,0x7f,0x7f,0x02,0x00,0x00,0x00,0x00,0x00,0x00,0x00,0x00,0x00,0x00,0x00,0x00,0x00,0x00,0x00,0x00,0x00,0x00,0x00,0x00,0x00,0x00,0x00,0x00,
0x00,0x00,0x00,0x00,0x00,0x00,0x00,0x00,0x00,0x00,0x00,0x00,0x00,0x00,0x00,0x00,0x00,0x00,0x00,0x00,0x00,0x00,0x00,0x00,0x00,0x00,0x00,0x00,0x00,0x00,0x00,0x00,
0x00,0x00,0x00,0x00,0x00,0x00,0x00,0x00,0x00,0x00,0x00,0x00,0x00,0x00,0x00,0x00,0x00,0x00,0x00,0x00,0x00,0x00,0x00,0x00,0x00,0x00,0x00,0x00,0x00,0x00,0x00,0x00,
0x00,0x00,0x00,0x00,0x00,0x00,0x00,0x00,0x00,0x00,0x00,0x00,0x00,0x00,0x00,0x00,0x00,0x00,0x00,0x00,0x00,0x00,0x00,0x00,0x00,0x00,0x00,0x00,0x00,0x00,0x00,0x00,
0x00,0x00,0x00,0x00,0x00,0x00,0x00,0x00,0x00,0x00,0x00,0x00,0x00,0x00,0x00,0x00,0x00,0x00,0x00,0x00,0x00,0x00,0x00,0x00,0x00,0x00,0x00,0x00,0x00,0x00,0x00,0x00,
0x00,0x00,0x00,0x00,0x00,0x00,0x00,0x00,0x00,0x00,0x00,0x00,0x00,0x00,0x00,0x00,0x00,0x00,0x00,0x00,0x00,0x00,0x00,0x00,0x00,0x00,0x00,0x00,0x7f,0x7f,0x7f,0x02,
0x00,0x00,0x00,0x00,0x84,0x51,0x70,0x19,0x92,0x55,0x76,0x9b,0x92,0x54,0x76,0xe8,0x91,0x55,0x75,0xff,0x92,0x55,0x76,0xff,0x92,0x55,0x76,0xff,0x92,0x55,0x76,0xff,
0x92,0x55,0x76,0xff,0x92,0x55,0x76,0xff,0x92,0x55,0x76,0xff,0x92,0x55,0x76,0xff,0x91,0x55,0x75,0xf0,0x93,0x56,0x77,0xb7,0x8d,0x55,0x71,0x36,0x00,0x00,0x00,0x00,
0xaa,0x55,0x55,0x03,0x00,0x00,0x00,0x00,0x00,0x00,0x00,0x00,0x00,0x00,0x00,0x00,0x00,0x00,0x00,0x00,0x00,0x00,0x00,0x00,0x00,0x00,0x00,0x00,0x00,0x00,0x00,0x00,
0x00,0x00,0x00,0x00,0x00,0x00,0x00,0x00,0x00,0x00,0x00,0x00,0x00,0x00,0x00,0x00,0x00,0x00,0x00,0x00,0x00,0x00,0x00,0x00,0x00,0x00,0x00,0x00,0x00,0x00,0x00,0x00,
0x00,0x00,0x00,0x00,0x00,0x00,0x00,0x00,0x00,0x00,0x00,0x00,0x00,0x00,0x00,0x00,0x00,0x00,0x00,0x00,0x00,0x00,0x00,0x00,0x00,0x00,0x00,0x00,0x00,0x00,0x00,0x00,
0x00,0x00,0x00,0x00,0x00,0x00,0x00,0x00,0x00,0x00,0x00,0x00,0x00,0x00,0x00,0x00,0x00,0x00,0x00,0x00,0x00,0x00,0x00,0x00,0x00,0x00,0x00,0x00,0x00,0x00,0x00,0x00,
0x00,0x00,0x00,0x00,0x00,0x00,0x00,0x00,0x00,0x00,0x00,0x00,0x00,0x00,0x00,0x00,0x00,0x00,0x00,0x00,0x00,0x00,0x00,0x00,0x00,0x00,0x00,0x00,0x00,0x00,0x00,0x00,
0x00,0x00,0x00,0x00,0x00,0x00,0x00,0x00,0x00,0x00,0x00,0x00,0x00,0x00,0x00,0x00,0x00,0x00,0x00,0x00,0x00,0x00,0x00,0x00,0x00,0x00,0x00,0x00,0x00,0x00,0x00,0x00,
0x7f,0x7f,0x7f,0x02,0x00,0x00,0x00,0x00,0x00,0x00,0x00,0x00,0x93,0x50,0x78,0x13,0x8e,0x55,0x73,0x42,0x8e,0x53,0x74,0x46,0x8e,0x53,0x70,0x46,0x8e,0x53,0x74,0x46,
0x8e,0x53,0x74,0x46,0x8e,0x53,0x74,0x46,0x90,0x55,0x72,0x45,0x91,0x53,0x74,0x46,0x94,0x5a,0x7b,0x1f,0x00,0x00,0x00,0x00,0x00,0x00,0x00,0x00,0xaa,0x55,0x55,0x03,
0x00,0x00,0x00,0x00,0x00,0x00,0x00,0x00,0x00,0x00,0x00,0x00,0x00,0x00,0x00,0x00,0x00,0x00,0x00,0x00,0x00,0x00,0x00,0x00,0x00,0x00,0x00,0x00,0x00,0x00,0x00,0x00,
0x00,0x00,0x00,0x00,0x00,0x00,0x00,0x00,0x00,0x00,0x00,0x00,0x00,0x00,0x00,0x00,0x00,0x00,0x00,0x00,0x00,0x00,0x00,0x00,0x00,0x00,0x00,0x00,0x00,0x00,0x00,0x00,
0x00,0x00,0x00,0x00,0x00,0x00,0x00,0x00,0x00,0x00,0x00,0x00,0x00,0x00,0x00,0x00,0x00,0x00,0x00,0x00,0x00,0x00,0x00,0x00,0x00,0x00,0x00,0x00,0x00,0x00,0x00,0x00,
};
const lv_image_dsc_t icon_faces = {
.header = {.magic = LV_IMAGE_HEADER_MAGIC, .cf = LV_COLOR_FORMAT_ARGB8888, .w = 64, .h = 64, .stride = 256},
.data_size = sizeof icon_faces_pixels, .data = icon_faces_pixels
};
static const uint8_t icon_water_pixels[] = {
0x00,0x00,0x00,0x00,0x00,0x00,0x00,0x00,0x00,0x00,0x00,0x00,0x00,0x00,0x00,0x00,0x00,0x00,0x00,0x00,0x00,0x00,0x00,0x00,0x00,0x00,0x00,0x00,0x00,0x00,0x00,0x00,
0x00,0x00,0x00,0x00,0x00,0x00,0x00,0x00,0x00,0x00,0x00,0x00,0x00,0x00,0x00,0x00,0x00,0x00,0x00,0x00,0x00,0x00,0x00,0x00,0x00,0x00,0x00,0x00,0x00,0x00,0x00,0x00,
0x00,0x00,0x00,0x00,0x00,0x00,0x00,0x00,0x00,0x00,0x00,0x00,0x00,0x00,0x00,0x00,0x00,0x00,0x00,0x00,0x00,0x00,0x00,0x00,0x00,0x00,0x00,0x00,0x00,0x00,0x00,0x00,
0x00,0x00,0x00,0x00,0x00,0x00,0x00,0x00,0x00,0x00,0x00,0x00,0x00,0x00,0x00,0x00,0x00,0x00,0x00,0x00,0x00,0x00,0x00,0x00,0x00,0x00,0x00,0x00,0x00,0x00,0x00,0x00,
0x00,0x00,0x00,0x00,0x00,0x00,0x00,0x00,0x00,0x00,0x00,0x00,0x00,0x00,0x00,0x00,0x00,0x00,0x00,0x00,0x00,0x00,0x00,0x00,0x00,0x00,0x00,0x00,0x00,0x00,0x00,0x00,
0x00,0x00,0x00,0x00,0x00,0x00,0x00,0x00,0x00,0x00,0x00,0x00,0x00,0x00,0x00,0x00,0x00,0x00,0x00,0x00,0x00,0x00,0x00,0x00,0x00,0x00,0x00,0x00,0x00,0x00,0x00,0x00,
0x00,0x00,0x00,0x00,0x00,0x00,0x00,0x00,0x00,0x00,0x00,0x00,0x00,0x00,0x00,0x00,0x00,0x00,0x00,0x00,0x00,0x00,0x00,0x00,0x00,0x00,0x00,0x00,0x00,0x00,0x00,0x00,
0x00,0x00,0x00,0x00,0x00,0x00,0x00,0x00,0x00,0x00,0x00,0x00,0x00,0x00,0x00,0x00,0x00,0x00,0x00,0x00,0x00,0x00,0x00,0x00,0x00,0x00,0x00,0x00,0x00,0x00,0x00,0x00,
0x00,0x00,0x00,0x00,0x00,0x00,0x00,0x00,0x00,0x00,0x00,0x00,0x00,0x00,0x00,0x00,0x00,0x00,0x00,0x00,0x00,0x00,0x00,0x00,0x00,0x00,0x00,0x00,0x00,0x00,0x00,0x00,
0x00,0x00,0x00,0x00,0x00,0x00,0x00,0x00,0x00,0x00,0x00,0x00,0x00,0x00,0x00,0x00,0x00,0x00,0x00,0x00,0x00,0x00,0x00,0x00,0x00,0x00,0x00,0x00,0x00,0x00,0x00,0x00,
0x00,0x00,0x00,0x00,0x00,0x00,0x00,0x00,0x00,0x00,0x00,0x00,0x00,0x00,0x00,0x00,0x00,0x00,0x00,0x00,0x00,0x00,0x00,0x00,0x00,0x00,0x00,0x00,0x00,0x00,0x00,0x00,
0x00,0x00,0x00,0x00,0x00,0x00,0x00,0x00,0x00,0x00,0x00,0x00,0x00,0x00,0x00,0x00,0x00,0x00,0x00,0x00,0x00,0x00,0x00,0x00,0x00,0x00,0x00,0x00,0x00,0x00,0x00,0x00,
0x00,0x00,0x00,0x00,0x00,0x00,0x00,0x00,0x00,0x00,0x00,0x00,0x00,0x00,0x00,0x00,0x00,0x00,0x00,0x00,0x00,0x00,0x00,0x00,0x00,0x00,0x00,0x00,0x00,0x00,0x00,0x00,
0x00,0x00,0x00,0x00,0x00,0x00,0x00,0x00,0x00,0x00,0x00,0x00,0x00,0x00,0x00,0x00,0x00,0x00,0x00,0x00,0x00,0x00,0x00,0x00,0x00,0x00,0x00,0x00,0x00,0x00,0x00,0x00,
0x00,0x00,0x00,0x00,0x00,0x00,0x00,0x00,0x00,0x00,0x00,0x00,0x00,0x00,0x00,0x00,0x00,0x00,0x00,0x00,0x00,0x00,0x00,0x00,0x00,0x00,0x00,0x00,0x00,0x00,0x00,0x00,
0x00,0x00,0x00,0x00,0x00,0x00,0x00,0x00,0x00,0x00,0x00,0x00,0x00,0x00,0x00,0x00,0x00,0x00,0x00,0x00,0x00,0x00,0x00,0x00,0x00,0x00,0x00,0x00,0x00,0x00,0x00,0x00,
0x00,0x00,0x00,0x00,0x00,0x00,0x00,0x00,0x00,0x00,0x00,0x00,0x00,0x00,0x00,0x00,0x00,0x00,0x00,0x00,0x00,0x00,0x00,0x00,0x00,0x00,0x00,0x00,0x00,0x00,0x00,0x00,
0x00,0x00,0x00,0x00,0x00,0x00,0x00,0x00,0x00,0x00,0x00,0x00,0x00,0x00,0x00,0x00,0x00,0x00,0x00,0x00,0x00,0x00,0x00,0x00,0x00,0x00,0x00,0x00,0x00,0x00,0x00,0x00,
0x00,0x00,0x00,0x00,0x00,0x00,0x00,0x00,0x00,0x00,0x00,0x00,0x00,0x00,0x00,0x00,0x00,0x00,0x00,0x00,0x00,0x00,0x00,0x00,0x00,0x00,0x00,0x00,0x00,0x00,0x00,0x00,
0x00,0x00,0x00,0x00,0x00,0x00,0x00,0x00,0x00,0x00,0x00,0x00,0x00,0x00,0x00,0x00,0x00,0x00,0x00,0x00,0x00,0x00,0x00,0x00,0x00,0x00,0x00,0x00,0x00,0x00,0x00,0x00,
0x00,0x00,0x00,0x00,0x00,0x00,0x00,0x00,0x00,0x00,0x00,0x00,0x00,0x00,0x00,0x00,0x00,0x00,0x00,0x00,0x00,0x00,0x00,0x00,0x00,0x00,0x00,0x00,0x00,0x00,0x00,0x00,
0x00,0x00,0x00,0x00,0x00,0x00,0x00,0x00,0x00,0x00,0x00,0x00,0x00,0x00,0x00,0x00,0x00,0x00,0x00,0x00,0x00,0x00,0x00,0x00,0x00,0x00,0x00,0x00,0x00,0x00,0x00,0x00,
0x00,0x00,0x00,0x00,0x00,0x00,0x00,0x00,0x00,0x00,0x00,0x00,0x00,0x00,0x00,0x00,0x00,0x00,0x00,0x00,0x00,0x00,0x00,0x00,0x00,0x00,0x00,0x00,0x00,0x00,0x00,0x00,
0x00,0x00,0x00,0x00,0x00,0x00,0x00,0x00,0x00,0x00,0x00,0x00,0x00,0x00,0x00,0x00,0x00,0x00,0x00,0x00,0x00,0x00,0x00,0x00,0x00,0x00,0x00,0x00,0x00,0x00,0x00,0x00,
0x00,0x00,0x00,0x00,0x00,0x00,0x00,0x00,0x00,0x00,0x00,0x00,0x00,0x00,0x00,0x00,0x00,0x00,0x00,0x00,0x00,0x00,0x00,0x00,0x00,0x00,0x00,0x00,0x00,0x00,0x00,0x00,
0x00,0x00,0x00,0x00,0x00,0x00,0x00,0x00,0x00,0x00,0x00,0x00,0x00,0x00,0x00,0x00,0x00,0x00,0x00,0x00,0x00,0x00,0x00,0x00,0x00,0x00,0x00,0x00,0x00,0x00,0x00,0x00,
0x00,0x00,0x00,0x00,0x00,0x00,0x00,0x00,0x00,0x00,0x00,0x00,0x00,0x00,0x00,0x00,0x00,0x00,0x00,0x00,0x00,0x00,0x00,0x00,0x00,0x00,0x00,0x00,0x00,0x00,0x00,0x00,
0x00,0x00,0x00,0x00,0x00,0x00,0x00,0x00,0x00,0x00,0x00,0x00,0x00,0x00,0x00,0x00,0x00,0x00,0x00,0x00,0x00,0x00,0x00,0x00,0x00,0x00,0x00,0x00,0xff,0xff,0xff,0x01,
0xff,0xff,0xff,0x01,0x00,0x00,0x00,0x00,0x00,0x00,0x00,0x00,0x00,0x00,0x00,0x00,0x00,0x00,0x00,0x00,0x00,0x00,0x00,0x00,0x00,0x00,0x00,0x00,0x00,0x00,0x00,0x00,
0x00,0x00,0x00,0x00,0x00,0x00,0x00,0x00,0x00,0x00,0x00,0x00,0x00,0x00,0x00,0x00,0x00,0x00,0x00,0x00,0x00,0x00,0x00,0x00,0x00,0x00,0x00,0x00,0x00,0x00,0x00,0x00,
0x00,0x00,0x00,0x00,0x00,0x00,0x00,0x00,0x00,0x00,0x00,0x00,0x00,0x00,0x00,0x00,0x00,0x00,0x00,0x00,0x00,0x00,0x00,0x00,0x00,0x00,0x00,0x00,0x00,0x00,0x00,0x00,
0x00,0x00,0x00,0x00,0x00,0x00,0x00,0x00,0x00,0x00,0x00,0x00,0x00,0x00,0x00,0x00,0x00,0x00,0x00,0x00,0x00,0x00,0x00,0x00,0x00,0x00,0x00,0x00,0x00,0x00,0x00,0x00,
0x00,0x00,0x00,0x00,0x00,0x00,0x00,0x00,0x00,0x00,0x00,0x00,0x00,0x00,0x00,0x00,0x00,0x00,0x00,0x00,0x00,0x00,0x00,0x00,0x00,0x00,0x00,0x00,0x00,0x00,0x00,0x00,
0x00,0x00,0x00,0x00,0x00,0x00,0x00,0x00,0x00,0x00,0x00,0x00,0x00,0x00,0x00,0x00,0x00,0x00,0x00,0x00,0x00,0x00,0x00,0x00,0x00,0x00,0x00,0x00,0x00,0x00,0x00,0x00,
0x00,0x00,0x00,0x00,0x00,0x00,0x00,0x00,0x00,0x00,0x00,0x00,0x00,0x00,0x00,0x00,0x00,0x00,0x00,0x00,0x00,0x00,0x00,0x00,0x00,0x00,0x00,0x00,0x00,0x00,0x00,0x00,
0x00,0x00,0x00,0x00,0x00,0x00,0x00,0x00,0x00,0x00,0x00,0x00,0x00,0x00,0x00,0x00,0x00,0x00,0x00,0x00,0x00,0x00,0x00,0x00,0xff,0xff,0xff,0x01,0x00,0x00,0x00,0x00,
0x00,0x00,0x00,0x00,0xff,0xff,0xff,0x02,0x00,0x00,0x00,0x00,0x00,0x00,0x00,0x00,0x00,0x00,0x00,0x00,0x00,0x00,0x00,0x00,0x00,0x00,0x00,0x00,0x00,0x00,0x00,0x00,
0x00,0x00,0x00,0x00,0x00,0x00,0x00,0x00,0x00,0x00,0x00,0x00,0x00,0x00,0x00,0x00,0x00,0x00,0x00,0x00,0x00,0x00,0x00,0x00,0x00,0x00,0x00,0x00,0x00,0x00,0x00,0x00,
0x00,0x00,0x00,0x00,0x00,0x00,0x00,0x00,0x00,0x00,0x00,0x00,0x00,0x00,0x00,0x00,0x00,0x00,0x00,0x00,0x00,0x00,0x00,0x00,0x00,0x00,0x00,0x00,0x00,0x00,0x00,0x00,
0x00,0x00,0x00,0x00,0x00,0x00,0x00,0x00,0x00,0x00,0x00,0x00,0x00,0x00,0x00,0x00,0x00,0x00,0x00,0x00,0x00,0x00,0x00,0x00,0x00,0x00,0x00,0x00,0x00,0x00,0x00,0x00,
0x00,0x00,0x00,0x00,0x00,0x00,0x00,0x00,0x00,0x00,0x00,0x00,0x00,0x00,0x00,0x00,0x00,0x00,0x00,0x00,0x00,0x00,0x00,0x00,0x00,0x00,0x00,0x00,0x00,0x00,0x00,0x00,
0x00,0x00,0x00,0x00,0x00,0x00,0x00,0x00,0x00,0x00,0x00,0x00,0x00,0x00,0x00,0x00,0x00,0x00,0x00,0x00,0x00,0x00,0x00,0x00,0x00,0x00,0x00,0x00,0x00,0x00,0x00,0x00,
0x00,0x00,0x00,0x00,0x00,0x00,0x00,0x00,0x00,0x00,0x00,0x00,0x00,0x00,0x00,0x00,0x00,0x00,0x00,0x00,0x00,0x00,0x00,0x00,0x00,0x00,0x00,0x00,0x00,0x00,0x00,0x00,
0x00,0x00,0x00,0x00,0x00,0x00,0x00,0x00,0x00,0x00,0x00,0x00,0x00,0x00,0x00,0x00,0x00,0x00,0x00,0x00,0xff,0xff,0xff,0x03,0x00,0x00,0x00,0x00,0xff,0xfc,0xec,0x61,
0xff,0xfb,0xef,0x96,0x00,0x00,0x00,0x00,0xff,0xff,0xbf,0x04,0x00,0x00,0x00,0x00,0x00,0x00,0x00,0x00,0x00,0x00,0x00,0x00,0x00,0x00,0x00,0x00,0x00,0x00,0x00,0x00,
0x00,0x00,0x00,0x00,0x00,0x00,0x00,0x00,0x00,0x00,0x00,0x00,0x00,0x00,0x00,0x00,0x00,0x00,0x00,0x00,0x00,0x00,0x00,0x00,0x00,0x00,0x00,0x00,0x00,0x00,0x00,0x00,
0x00,0x00,0x00,0x00,0x00,0x00,0x00,0x00,0x00,0x00,0x00,0x00,0x00,0x00,0x00,0x00,0x00,0x00,0x00,0x00,0x00,0x00,0x00,0x00,0x00,0x00,0x00,0x00,0x00,0x00,0x00,0x00,
0x00,0x00,0x00,0x00,0x00,0x00,0x00,0x00,0x00,0x00,0x00,0x00,0x00,0x00,0x00,0x00,0x00,0x00,0x00,0x00,0x00,0x00,0x00,0x00,0x00,0x00,0x00,0x00,0x00,0x00,0x00,0x00,
0x00,0x00,0x00,0x00,0x00,0x00,0x00,0x00,0x00,0x00,0x00,0x00,0x00,0x00,0x00,0x00,0x00,0x00,0x00,0x00,0x00,0x00,0x00,0x00,0x00,0x00,0x00,0x00,0x00,0x00,0x00,0x00,
0x00,0x00,0x00,0x00,0x00,0x00,0x00,0x00,0x00,0x00,0x00,0x00,0x00,0x00,0x00,0x00,0x00,0x00,0x00,0x00,0x00,0x00,0x00,0x00,0x00,0x00,0x00,0x00,0x00,0x00,0x00,0x00,
0x00,0x00,0x00,0x00,0x00,0x00,0x00,0x00,0x00,0x00,0x00,0x00,0x00,0x00,0x00,0x00,0x00,0x00,0x00,0x00,0x00,0x00,0x00,0x00,0x00,0x00,0x00,0x00,0x00,0x00,0x00,0x00,
0x00,0x00,0x00,0x00,0x00,0x00,0x00,0x00,0x00,0x00,0x00,0x00,0x00,0x00,0x00,0x00,0xff,0xff,0xff,0x02,0xff,0xff,0xff,0x01,0xff,0xff,0xf0,0x22,0xff,0xfd,0xf6,0xef,
0xff,0xff,0xff,0xff,0xff,0xfb,0xef,0x52,0x00,0x00,0x00,0x00,0xff,0xff,0xff,0x03,0x00,0x00,0x00,0x00,0x00,0x00,0x00,0x00,0x00,0x00,0x00,0x00,0x00,0x00,0x00,0x00,
0x00,0x00,0x00,0x00,0x00,0x00,0x00,0x00,0x00,0x00,0x00,0x00,0x00,0x00,0x00,0x00,0x00,0x00,0x00,0x00,0x00,0x00,0x00,0x00,0x00,0x00,0x00,0x00,0x00,0x00,0x00,0x00,
0x00,0x00,0x00,0x00,0x00,0x00,0x00,0x00,0x00,0x00,0x00,0x00,0x00,0x00,0x00,0x00,0x00,0x00,0x00,0x00,0x00,0x00,0x00,0x00,0x00,0x00,0x00,0x00,0x00,0x00,0x00,0x00,
0x00,0x00,0x00,0x00,0x00,0x00,0x00,0x00,0x00,0x00,0x00,0x00,0x00,0x00,0x00,0x00,0x00,0x00,0x00,0x00,0x00,0x00,0x00,0x00,0x00,0x00,0x00,0x00,0x00,0x00,0x00,0x00,
0x00,0x00,0x00,0x00,0x00,0x00,0x00,0x00,0x00,0x00,0x00,0x00,0x00,0x00,0x00,0x00,0x00,0x00,0x00,0x00,0x00,0x00,0x00,0x00,0x00,0x00,0x00,0x00,0x00,0x00,0x00,0x00,
0x00,0x00,0x00,0x00,0x00,0x00,0x00,0x00,0x00,0x00,0x00,0x00,0x00,0x00,0x00,0x00,0x00,0x00,0x00,0x00,0x00,0x00,0x00,0x00,0x00,0x00,0x00,0x00,0x00,0x00,0x00,0x00,
0x00,0x00,0x00,0x00,0x00,0x00,0x00,0x00,0x00,0x00,0x00,0x00,0x00,0x00,0x00,0x00,0x00,0x00,0x00,0x00,0x00,0x00,0x00,0x00,0x00,0x00,0x00,0x00,0x00,0x00,0x00,0x00,
0x00,0x00,0x00,0x00,0x00,0x00,0x00,0x00,0x00,0x00,0x00,0x00,0xff,0xff,0xff,0x01,0xff,0xff,0xff,0x03,0xff,0xff,0xff,0x03,0xff,0xfc,0xf0,0xc8,0xff,0xff,0xfc,0xff,
0xff,0xfd,0xf4,0xfb,0xff,0xfd,0xf7,0xee,0xff,0xff,0xf0,0x22,0xff,0xff,0xff,0x01,0xff,0xff,0xff,0x02,0x00,0x00,0x00,0x00,0x00,0x00,0x00,0x00,0x00,0x00,0x00,0x00,
0x00,0x00,0x00,0x00,0x00,0x00,0x00,0x00,0x00,0x00,0x00,0x00,0x00,0x00,0x00,0x00,0x00,0x00,0x00,0x00,0x00,0x00,0x00,0x00,0x00,0x00,0x00,0x00,0x00,0x00,0x00,0x00,
0x00,0x00,0x00,0x00,0x00,0x00,0x00,0x00,0x00,0x00,0x00,0x00,0x00,0x00,0x00,0x00,0x00,0x00,0x00,0x00,0x00,0x00,0x00,0x00,0x00,0x00,0x00,0x00,0x00,0x00,0x00,0x00,
0x00,0x00,0x00,0x00,0x00,0x00,0x00,0x00,0x00,0x00,0x00,0x00,0x00,0x00,0x00,0x00,0x00,0x00,0x00,0x00,0x00,0x00,0x00,0x00,0x00,0x00,0x00,0x00,0x00,0x00,0x00,0x00,
0x00,0x00,0x00,0x00,0x00,0x00,0x00,0x00,0x00,0x00,0x00,0x00,0x00,0x00,0x00,0x00,0x00,0x00,0x00,0x00,0x00,0x00,0x00,0x00,0x00,0x00,0x00,0x00,0x00,0x00,0x00,0x00,
0x00,0x00,0x00,0x00,0x00,0x00,0x00,0x00,0x00,0x00,0x00,0x00,0x00,0x00,0x00,0x00,0x00,0x00,0x00,0x00,0x00,0x00,0x00,0x00,0x00,0x00,0x00,0x00,0x00,0x00,0x00,0x00,
0x00,0x00,0x00,0x00,0x00,0x00,0x00,0x00,0x00,0x00,0x00,0x00,0x00,0x00,0x00,0x00,0x00,0x00,0x00,0x00,0x00,0x00,0x00,0x00,0x00,0x00,0x00,0x00,0x00,0x00,0x00,0x00,
0x00,0x00,0x00,0x00,0x00,0x00,0x00,0x00,0x00,0x00,0x00,0x00,0xff,0xff,0xff,0x04,0x00,0x00,0x00,0x00,0xff,0xfb,0xee,0x8f,0xff,0xff,0xff,0xff,0xff,0xfb,0xf0,0xfb,
0xff,0xfb,0xf0,0xfc,0xff,0xff,0xfd,0xff,0xff,0xfc,0xf0,0xc8,0xff,0xff,0xff,0x03,0xff,0xff,0xff,0x04,0xff,0xff,0xff,0x01,0x00,0x00,0x00,0x00,0x00,0x00,0x00,0x00,
0x00,0x00,0x00,0x00,0x00,0x00,0x00,0x00,0x00,0x00,0x00,0x00,0x00,0x00,0x00,0x00,0x00,0x00,0x00,0x00,0x00,0x00,0x00,0x00,0x00,0x00,0x00,0x00,0x00,0x00,0x00,0x00,
0x00,0x00,0x00,0x00,0x00,0x00,0x00,0x00,0x00,0x00,0x00,0x00,0x00,0x00,0x00,0x00,0x00,0x00,0x00,0x00,0x00,0x00,0x00,0x00,0x00,0x00,0x00,0x00,0x00,0x00,0x00,0x00,
0x00,0x00,0x00,0x00,0x00,0x00,0x00,0x00,0x00,0x00,0x00,0x00,0x00,0x00,0x00,0x00,0x00,0x00,0x00,0x00,0x00,0x00,0x00,0x00,0x00,0x00,0x00,0x00,0x00,0x00,0x00,0x00,
0x00,0x00,0x00,0x00,0x00,0x00,0x00,0x00,0x00,0x00,0x00,0x00,0x00,0x00,0x00,0x00,0x00,0x00,0x00,0x00,0x00,0x00,0x00,0x00,0x00,0x00,0x00,0x00,0x00,0x00,0x00,0x00,
0x00,0x00,0x00,0x00,0x00,0x00,0x00,0x00,0x00,0x00,0x00,0x00,0x00,0x00,0x00,0x00,0x00,0x00,0x00,0x00,0x00,0x00,0x00,0x00,0x00,0x00,0x00,0x00,0x00,0x00,0x00,0x00,
0x00,0x00,0x00,0x00,0x00,0x00,0x00,0x00,0x00,0x00,0x00,0x00,0x00,0x00,0x00,0x00,0x00,0x00,0x00,0x00,0x00,0x00,0x00,0x00,0x00,0x00,0x00,0x00,0x00,0x00,0x00,0x00,
0x00,0x00,0x00,0x00,0x00,0x00,0x00,0x00,0xff,0xff,0xff,0x04,0x00,0x00,0x00,0x00,0xff,0xf8,0xec,0x54,0xff,0xff,0xfd,0xff,0xff,0xfc,0xf2,0xfb,0xff,0xfb,0xf1,0xff,
0xff,0xfc,0xf1,0xff,0xff,0xfb,0xf0,0xfb,0xff,0xff,0xff,0xff,0xff,0xfb,0xf0,0x8f,0x00,0x00,0x00,0x00,0xff,0xff,0xff,0x04,0x00,0x00,0x00,0x00,0x00,0x00,0x00,0x00,
0x00,0x00,0x00,0x00,0x00,0x00,0x00,0x00,0x00,0x00,0x00,0x00,0x00,0x00,0x00,0x00,0x00,0x00,0x00,0x00,0x00,0x00,0x00,0x00,0x00,0x00,0x00,0x00,0x00,0x00,0x00,0x00,
0x00,0x00,0x00,0x00,0x00,0x00,0x00,0x00,0x00,0x00,0x00,0x00,0x00,0x00,0x00,0x00,0x00,0x00,0x00,0x00,0x00,0x00,0x00,0x00,0x00,0x00,0x00,0x00,0x00,0x00,0x00,0x00,
0x00,0x00,0x00,0x00,0x00,0x00,0x00,0x00,0x00,0x00,0x00,0x00,0x00,0x00,0x00,0x00,0x00,0x00,0x00,0x00,0x00,0x00,0x00,0x00,0x00,0x00,0x00,0x00,0x00,0x00,0x00,0x00,
0x00,0x00,0x00,0x00,0x00,0x00,0x00,0x00,0x00,0x00,0x00,0x00,0x00,0x00,0x00,0x00,0x00,0x00,0x00,0x00,0x00,0x00,0x00,0x00,0x00,0x00,0x00,0x00,0x00,0x00,0x00,0x00,
0x00,0x00,0x00,0x00,0x00,0x00,0x00,0x00,0x00,0x00,0x00,0x00,0x00,0x00,0x00,0x00,0x00,0x00,0x00,0x00,0x00,0x00,0x00,0x00,0x00,0x00,0x00,0x00,0x00,0x00,0x00,0x00,
0x00,0x00,0x00,0x00,0x00,0x00,0x00,0x00,0x00,0x00,0x00,0x00,0x00,0x00,0x00,0x00,0x00,0x00,0x00,0x00,0x00,0x00,0x00,0x00,0x00,0x00,0x00,0x00,0x00,0x00,0x00,0x00,
0x00,0x00,0x00,0x00,0xff,0xff,0xff,0x02,0x00,0x00,0x00,0x00,0xff,0xff,0xee,0x2d,0xff,0xfd,0xf8,0xee,0xff,0xfd,0xf5,0xfd,0xff,0xfa,0xef,0xfe,0xff,0xfc,0xf1,0xff,
0xff,0xfc,0xf1,0xff,0xff,0xfb,0xf1,0xff,0xff,0xfc,0xf2,0xfb,0xff,0xff,0xfc,0xff,0xff,0xf9,0xec,0x60,0x00,0x00,0x00,0x00,0xff,0xff,0xff,0x03,0x00,0x00,0x00,0x00,
0x00,0x00,0x00,0x00,0x00,0x00,0x00,0x00,0x00,0x00,0x00,0x00,0x00,0x00,0x00,0x00,0x00,0x00,0x00,0x00,0x00,0x00,0x00,0x00,0x00,0x00,0x00,0x00,0x00,0x00,0x00,0x00,
0x00,0x00,0x00,0x00,0x00,0x00,0x00,0x00,0x00,0x00,0x00,0x00,0x00,0x00,0x00,0x00,0x00,0x00,0x00,0x00,0x00,0x00,0x00,0x00,0x00,0x00,0x00,0x00,0x00,0x00,0x00,0x00,
0x00,0x00,0x00,0x00,0x00,0x00,0x00,0x00,0x00,0x00,0x00,0x00,0x00,0x00,0x00,0x00,0x00,0x00,0x00,0x00,0x00,0x00,0x00,0x00,0x00,0x00,0x00,0x00,0x00,0x00,0x00,0x00,
0x00,0x00,0x00,0x00,0x00,0x00,0x00,0x00,0x00,0x00,0x00,0x00,0x00,0x00,0x00,0x00,0x00,0x00,0x00,0x00,0x00,0x00,0x00,0x00,0x00,0x00,0x00,0x00,0x00,0x00,0x00,0x00,
0x00,0x00,0x00,0x00,0x00,0x00,0x00,0x00,0x00,0x00,0x00,0x00,0x00,0x00,0x00,0x00,0x00,0x00,0x00,0x00,0x00,0x00,0x00,0x00,0x00,0x00,0x00,0x00,0x00,0x00,0x00,0x00,
0x00,0x00,0x00,0x00,0x00,0x00,0x00,0x00,0x00,0x00,0x00,0x00,0x00,0x00,0x00,0x00,0x00,0x00,0x00,0x00,0x00,0x00,0x00,0x00,0x00,0x00,0x00,0x00,0x00,0x00,0x00,0x00,
0xff,0xff,0xff,0x01,0xff,0xff,0xff,0x03,0xff,0xff,0xe7,0x0b,0xff,0xfc,0xf4,0xd2,0xff,0xff,0xfc,0xff,0xff,0xfb,0xef,0xfc,0xff,0xfc,0xf1,0xff,0xff,0xfc,0xf1,0xff,
0xff,0xfc,0xf1,0xff,0xff,0xfc,0xf1,0xff,0xff,0xfb,0xef,0xfe,0xff,0xfd,0xf5,0xfd,0xff,0xfc,0xf7,0xf5,0xff,0xff,0xee,0x2d,0x00,0x00,0x00,0x00,0xff,0xff,0xff,0x02,
0x00,0x00,0x00,0x00,0x00,0x00,0x00,0x00,0x00,0x00,0x00,0x00,0x00,0x00,0x00,0x00,0x00,0x00,0x00,0x00,0x00,0x00,0x00,0x00,0x00,0x00,0x00,0x00,0x00,0x00,0x00,0x00,
0x00,0x00,0x00,0x00,0x00,0x00,0x00,0x00,0x00,0x00,0x00,0x00,0x00,0x00,0x00,0x00,0x00,0x00,0x00,0x00,0x00,0x00,0x00,0x00,0x00,0x00,0x00,0x00,0x00,0x00,0x00,0x00,
0x00,0x00,0x00,0x00,0x00,0x00,0x00,0x00,0x00,0x00,0x00,0x00,0x00,0x00,0x00,0x00,0x00,0x00,0x00,0x00,0x00,0x00,0x00,0x00,0x00,0x00,0x00,0x00,0x00,0x00,0x00,0x00,
0x00,0x00,0x00,0x00,0x00,0x00,0x00,0x00,0x00,0x00,0x00,0x00,0x00,0x00,0x00,0x00,0x00,0x00,0x00,0x00,0x00,0x00,0x00,0x00,0x00,0x00,0x00,0x00,0x00,0x00,0x00,0x00,
0x00,0x00,0x00,0x00,0x00,0x00,0x00,0x00,0x00,0x00,0x00,0x00,0x00,0x00,0x00,0x00,0x00,0x00,0x00,0x00,0x00,0x00,0x00,0x00,0x00,0x00,0x00,0x00,0x00,0x00,0x00,0x00,
0x00,0x00,0x00,0x00,0x00,0x00,0x00,0x00,0x00,0x00,0x00,0x00,0x00,0x00,0x00,0x00,0x00,0x00,0x00,0x00,0x00,0x00,0x00,0x00,0x00,0x00,0x00,0x00,0x00,0x00,0x00,0x00,
0xff,0xff,0xff,0x04,0x00,0x00,0x00,0x00,0xff,0xfb,0xee,0x9e,0xff,0xff,0xff,0xff,0xff,0xfb,0xef,0xfb,0xff,0xfc,0xf1,0xff,0xff,0xfc,0xf1,0xff,0xff,0xfc,0xf1,0xff,
0xff,0xfc,0xf1,0xff,0xff,0xfc,0xf1,0xff,0xff,0xfc,0xf1,0xff,0xff,0xfb,0xef,0xfc,0xff,0xff,0xfb,0xff,0xff,0xfc,0xf4,0xd2,0xff,0xff,0xe7,0x0b,0xff,0xff,0xff,0x03,
0xff,0xff,0xff,0x01,0x00,0x00,0x00,0x00,0x00,0x00,0x00,0x00,0x00,0x00,0x00,0x00,0x00,0x00,0x00,0x00,0x00,0x00,0x00,0x00,0x00,0x00,0x00,0x00,0x00,0x00,0x00,0x00,
0x00,0x00,0x00,0x00,0x00,0x00,0x00,0x00,0x00,0x00,0x00,0x00,0x00,0x00,0x00,0x00,0x00,0x00,0x00,0x00,0x00,0x00,0x00,0x00,0x00,0x00,0x00,0x00,0x00,0x00,0x00,0x00,
0x00,0x00,0x00,0x00,0x00,0x00,0x00,0x00,0x00,0x00,0x00,0x00,0x00,0x00,0x00,0x00,0x00,0x00,0x00,0x00,0x00,0x00,0x00,0x00,0x00,0x00,0x00,0x00,0x00,0x00,0x00,0x00,
0x00,0x00,0x00,0x00,0x00,0x00,0x00,0x00,0x00,0x00,0x00,0x00,0x00,0x00,0x00,0x00,0x00,0x00,0x00,0x00,0x00,0x00,0x00,0x00,0x00,0x00,0x00,0x00,0x00,0x00,0x00,0x00,
0x00,0x00,0x00,0x00,0x00,0x00,0x00,0x00,0x00,0x00,0x00,0x00,0x00,0x00,0x00,0x00,0x00,0x00,0x00,0x00,0x00,0x00,0x00,0x00,0x00,0x00,0x00,0x00,0x00,0x00,0x00,0x00,
0x00,0x00,0x00,0x00,0x00,0x00,0x00,0x00,0x00,0x00,0x00,0x00,0x00,0x00,0x00,0x00,0x00,0x00,0x00,0x00,0x00,0x00,0x00,0x00,0x00,0x00,0x00,0x00,0xff,0xff,0xff,0x04,
0x00,0x00,0x00,0x00,0xff,0xfc,0xef,0x61,0xff,0xff,0xff,0xff,0xff,0xfc,0xf1,0xfb,0xff,0xfc,0xf1,0xff,0xff,0xfc,0xf1,0xff,0xff,0xfc,0xf1,0xff,0xff,0xfc,0xf1,0xff,
0xff,0xfc,0xf1,0xff,0xff,0xfc,0xf1,0xff,0xff,0xfc,0xf1,0xff,0xff,0xfc,0xf1,0xff,0xff,0xfb,0xef,0xfb,0xff,0xff,0xff,0xff,0xff,0xfb,0xee,0x9e,0x00,0x00,0x00,0x00,
0xff,0xff,0xff,0x04,0x00,0x00,0x00,0x00,0x00,0x00,0x00,0x00,0x00,0x00,0x00,0x00,0x00,0x00,0x00,0x00,0x00,0x00,0x00,0x00,0x00,0x00,0x00,0x00,0x00,0x00,0x00,0x00,
0x00,0x00,0x00,0x00,0x00,0x00,0x00,0x00,0x00,0x00,0x00,0x00,0x00,0x00,0x00,0x00,0x00,0x00,0x00,0x00,0x00,0x00,0x00,0x00,0x00,0x00,0x00,0x00,0x00,0x00,0x00,0x00,
0x00,0x00,0x00,0x00,0x00,0x00,0x00,0x00,0x00,0x00,0x00,0x00,0x00,0x00,0x00,0x00,0x00,0x00,0x00,0x00,0x00,0x00,0x00,0x00,0x00,0x00,0x00,0x00,0x00,0x00,0x00,0x00,
0x00,0x00,0x00,0x00,0x00,0x00,0x00,0x00,0x00,0x00,0x00,0x00,0x00,0x00,0x00,0x00,0x00,0x00,0x00,0x00,0x00,0x00,0x00,0x00,0x00,0x00,0x00,0x00,0x00,0x00,0x00,0x00,
0x00,0x00,0x00,0x00,0x00,0x00,0x00,0x00,0x00,0x00,0x00,0x00,0x00,0x00,0x00,0x00,0x00,0x00,0x00,0x00,0x00,0x00,0x00,0x00,0x00,0x00,0x00,0x00,0x00,0x00,0x00,0x00,
0x00,0x00,0x00,0x00,0x00,0x00,0x00,0x00,0x00,0x00,0x00,0x00,0x00,0x00,0x00,0x00,0x00,0x00,0x00,0x00,0x00,0x00,0x00,0x00,0xff,0xff,0xff,0x03,0x00,0x00,0x00,0x00,
0xff,0xf9,0xe8,0x2e,0xff,0xfd,0xf8,0xf4,0xff,0xfd,0xf5,0xfc,0xff,0xfb,0xf0,0xfe,0xff,0xfc,0xf1,0xff,0xff,0xfc,0xf1,0xff,0xff,0xfc,0xf1,0xff,0xff,0xfc,0xf1,0xff,
0xff,0xfc,0xf1,0xff,0xff,0xfc,0xf1,0xff,0xff,0xfc,0xf1,0xff,0xff,0xfc,0xf1,0xff,0xff,0xfc,0xf1,0xff,0xff,0xfc,0xf1,0xfb,0xff,0xff,0xff,0xff,0xff,0xfc,0xef,0x61,
0x00,0x00,0x00,0x00,0xff,0xff,0xff,0x04,0x00,0x00,0x00,0x00,0x00,0x00,0x00,0x00,0x00,0x00,0x00,0x00,0x00,0x00,0x00,0x00,0x00,0x00,0x00,0x00,0x00,0x00,0x00,0x00,
0x00,0x00,0x00,0x00,0x00,0x00,0x00,0x00,0x00,0x00,0x00,0x00,0x00,0x00,0x00,0x00,0x00,0x00,0x00,0x00,0x00,0x00,0x00,0x00,0x00,0x00,0x00,0x00,0x00,0x00,0x00,0x00,
0x00,0x00,0x00,0x00,0x00,0x00,0x00,0x00,0x00,0x00,0x00,0x00,0x00,0x00,0x00,0x00,0x00,0x00,0x00,0x00,0x00,0x00,0x00,0x00,0x00,0x00,0x00,0x00,0x00,0x00,0x00,0x00,
0x00,0x00,0x00,0x00,0x00,0x00,0x00,0x00,0x00,0x00,0x00,0x00,0x00,0x00,0x00,0x00,0x00,0x00,0x00,0x00,0x00,0x00,0x00,0x00,0x00,0x00,0x00,0x00,0x00,0x00,0x00,0x00,
0x00,0x00,0x00,0x00,0x00,0x00,0x00,0x00,0x00,0x00,0x00,0x00,0x00,0x00,0x00,0x00,0x00,0x00,0x00,0x00,0x00,0x00,0x00,0x00,0x00,0x00,0x00,0x00,0x00,0x00,0x00,0x00,
0x00,0x00,0x00,0x00,0x00,0x00,0x00,0x00,0x00,0x00,0x00,0x00,0x00,0x00,0x00,0x00,0x00,0x00,0x00,0x00,0xff,0xff,0xff,0x01,0xff,0xff,0xff,0x02,0xff,0xff,0xf0,0x11,
0xff,0xfc,0xf5,0xd2,0xff,0xff,0xfa,0xff,0xff,0xfa,0xef,0xfd,0xff,0xfc,0xf1,0xff,0xff,0xfc,0xf1,0xff,0xff,0xfc,0xf1,0xff,0xff,0xfc,0xf1,0xff,0xff,0xfc,0xf1,0xff,
0xff,0xfc,0xf1,0xff,0xff,0xfc,0xf1,0xff,0xff,0xfc,0xf1,0xff,0xff,0xfc,0xf1,0xff,0xff,0xfc,0xf1,0xff,0xff,0xfb,0xf0,0xfe,0xff,0xfd,0xf5,0xfc,0xff,0xfd,0xf8,0xf4,
0xff,0xfa,0xf0,0x34,0x00,0x00,0x00,0x00,0xff,0xff,0xff,0x02,0x00,0x00,0x00,0x00,0x00,0x00,0x00,0x00,0x00,0x00,0x00,0x00,0x00,0x00,0x00,0x00,0x00,0x00,0x00,0x00,
0x00,0x00,0x00,0x00,0x00,0x00,0x00,0x00,0x00,0x00,0x00,0x00,0x00,0x00,0x00,0x00,0x00,0x00,0x00,0x00,0x00,0x00,0x00,0x00,0x00,0x00,0x00,0x00,0x00,0x00,0x00,0x00,
0x00,0x00,0x00,0x00,0x00,0x00,0x00,0x00,0x00,0x00,0x00,0x00,0x00,0x00,0x00,0x00,0x00,0x00,0x00,0x00,0x00,0x00,0x00,0x00,0x00,0x00,0x00,0x00,0x00,0x00,0x00,0x00,
0x00,0x00,0x00,0x00,0x00,0x00,0x00,0x00,0x00,0x00,0x00,0x00,0x00,0x00,0x00,0x00,0x00,0x00,0x00,0x00,0x00,0x00,0x00,0x00,0x00,0x00,0x00,0x00,0x00,0x00,0x00,0x00,
0x00,0x00,0x00,0x00,0x00,0x00,0x00,0x00,0x00,0x00,0x00,0x00,0x00,0x00,0x00,0x00,0x00,0x00,0x00,0x00,0x00,0x00,0x00,0x00,0x00,0x00,0x00,0x00,0x00,0x00,0x00,0x00,
0x00,0x00,0x00,0x00,0x00,0x00,0x00,0x00,0x00,0x00,0x00,0x00,0x00,0x00,0x00,0x00,0x00,0x00,0x00,0x00,0xff,0xff,0xff,0x04,0x00,0x00,0x00,0x00,0xff,0xfc,0xf1,0xac,
0xff,0xff,0xff,0xff,0xff,0xfb,0xef,0xfb,0xff,0xfc,0xf1,0xff,0xff,0xfc,0xf1,0xff,0xff,0xfc,0xf1,0xff,0xff,0xfc,0xf1,0xff,0xff,0xfc,0xf1,0xff,0xff,0xfc,0xf1,0xff,
0xff,0xfc,0xf1,0xff,0xff,0xfc,0xf1,0xff,0xff,0xfc,0xf1,0xff,0xff,0xfc,0xf1,0xff,0xff,0xfc,0xf1,0xff,0xff,0xfc,0xf1,0xff,0xff,0xfa,0xef,0xfd,0xff,0xff,0xfa,0xff,
0xff,0xfc,0xf4,0xde,0xff,0xff,0xf0,0x11,0xff,0xff,0xff,0x02,0xff,0xff,0xff,0x01,0x00,0x00,0x00,0x00,0x00,0x00,0x00,0x00,0x00,0x00,0x00,0x00,0x00,0x00,0x00,0x00,
0x00,0x00,0x00,0x00,0x00,0x00,0x00,0x00,0x00,0x00,0x00,0x00,0x00,0x00,0x00,0x00,0x00,0x00,0x00,0x00,0x00,0x00,0x00,0x00,0x00,0x00,0x00,0x00,0x00,0x00,0x00,0x00,
0x00,0x00,0x00,0x00,0x00,0x00,0x00,0x00,0x00,0x00,0x00,0x00,0x00,0x00,0x00,0x00,0x00,0x00,0x00,0x00,0x00,0x00,0x00,0x00,0x00,0x00,0x00,0x00,0x00,0x00,0x00,0x00,
0x00,0x00,0x00,0x00,0x00,0x00,0x00,0x00,0x00,0x00,0x00,0x00,0x00,0x00,0x00,0x00,0x00,0x00,0x00,0x00,0x00,0x00,0x00,0x00,0x00,0x00,0x00,0x00,0x00,0x00,0x00,0x00,
0x00,0x00,0x00,0x00,0x00,0x00,0x00,0x00,0x00,0x00,0x00,0x00,0x00,0x00,0x00,0x00,0x00,0x00,0x00,0x00,0x00,0x00,0x00,0x00,0x00,0x00,0x00,0x00,0x00,0x00,0x00,0x00,
0x00,0x00,0x00,0x00,0x00,0x00,0x00,0x00,0x00,0x00,0x00,0x00,0x00,0x00,0x00,0x00,0xff,0xff,0xff,0x04,0x00,0x00,0x00,0x00,0xff,0xfa,0xef,0x70,0xff,0xff,0xff,0xff,
0xff,0xfb,0xf0,0xfb,0xff,0xfc,0xf1,0xff,0xff,0xfc,0xf1,0xff,0xff,0xfc,0xf1,0xff,0xff,0xfc,0xf1,0xff,0xff,0xfc,0xf1,0xff,0xff,0xfc,0xf1,0xff,0xff,0xfc,0xf1,0xff,
0xff,0xfc,0xf1,0xff,0xff,0xfc,0xf1,0xff,0xff,0xfc,0xf1,0xff,0xff,0xfc,0xf1,0xff,0xff,0xfc,0xf1,0xff,0xff,0xfc,0xf1,0xff,0xff,0xfc,0xf1,0xff,0xff,0xfb,0xef,0xfb,
0xff,0xff,0xff,0xff,0xff,0xfc,0xf1,0xac,0x00,0x00,0x00,0x00,0xff,0xff,0xff,0x04,0x00,0x00,0x00,0x00,0x00,0x00,0x00,0x00,0x00,0x00,0x00,0x00,0x00,0x00,0x00,0x00,
0x00,0x00,0x00,0x00,0x00,0x00,0x00,0x00,0x00,0x00,0x00,0x00,0x00,0x00,0x00,0x00,0x00,0x00,0x00,0x00,0x00,0x00,0x00,0x00,0x00,0x00,0x00,0x00,0x00,0x00,0x00,0x00,
0x00,0x00,0x00,0x00,0x00,0x00,0x00,0x00,0x00,0x00,0x00,0x00,0x00,0x00,0x00,0x00,0x00,0x00,0x00,0x00,0x00,0x00,0x00,0x00,0x00,0x00,0x00,0x00,0x00,0x00,0x00,0x00,
0x00,0x00,0x00,0x00,0x00,0x00,0x00,0x00,0x00,0x00,0x00,0x00,0x00,0x00,0x00,0x00,0x00,0x00,0x00,0x00,0x00,0x00,0x00,0x00,0x00,0x00,0x00,0x00,0x00,0x00,0x00,0x00,
0x00,0x00,0x00,0x00,0x00,0x00,0x00,0x00,0x00,0x00,0x00,0x00,0x00,0x00,0x00,0x00,0x00,0x00,0x00,0x00,0x00,0x00,0x00,0x00,0x00,0x00,0x00,0x00,0x00,0x00,0x00,0x00,
0x00,0x00,0x00,0x00,0x00,0x00,0x00,0x00,0x00,0x00,0x00,0x00,0xff,0xff,0xff,0x03,0x00,0x00,0x00,0x00,0xff,0xf5,0xec,0x38,0xff,0xfd,0xf7,0xfc,0xff,0xfc,0xf3,0xfc,
0xff,0xfb,0xf0,0xfe,0xff,0xfc,0xf1,0xff,0xff,0xfc,0xf1,0xff,0xff,0xfc,0xf1,0xff,0xff,0xfc,0xf1,0xff,0xff,0xfc,0xf1,0xff,0xff,0xfc,0xf1,0xff,0xff,0xfc,0xf1,0xff,
0xff,0xfc,0xf1,0xff,0xff,0xfc,0xf1,0xff,0xff,0xfc,0xf1,0xff,0xff,0xfc,0xf1,0xff,0xff,0xfc,0xf1,0xff,0xff,0xfc,0xf1,0xff,0xff,0xfc,0xf1,0xff,0xff,0xfc,0xf1,0xff,
0xff,0xfb,0xf0,0xfb,0xff,0xff,0xff,0xff,0xff,0xfa,0xef,0x70,0x00,0x00,0x00,0x00,0xff,0xff,0xff,0x04,0x00,0x00,0x00,0x00,0x00,0x00,0x00,0x00,0x00,0x00,0x00,0x00,
0x00,0x00,0x00,0x00,0x00,0x00,0x00,0x00,0x00,0x00,0x00,0x00,0x00,0x00,0x00,0x00,0x00,0x00,0x00,0x00,0x00,0x00,0x00,0x00,0x00,0x00,0x00,0x00,0x00,0x00,0x00,0x00,
0x00,0x00,0x00,0x00,0x00,0x00,0x00,0x00,0x00,0x00,0x00,0x00,0x00,0x00,0x00,0x00,0x00,0x00,0x00,0x00,0x00,0x00,0x00,0x00,0x00,0x00,0x00,0x00,0x00,0x00,0x00,0x00,
0x00,0x00,0x00,0x00,0x00,0x00,0x00,0x00,0x00,0x00,0x00,0x00,0x00,0x00,0x00,0x00,0x00,0x00,0x00,0x00,0x00,0x00,0x00,0x00,0x00,0x00,0x00,0x00,0x00,0x00,0x00,0x00,
0x00,0x00,0x00,0x00,0x00,0x00,0x00,0x00,0x00,0x00,0x00,0x00,0x00,0x00,0x00,0x00,0x00,0x00,0x00,0x00,0x00,0x00,0x00,0x00,0x00,0x00,0x00,0x00,0x00,0x00,0x00,0x00,
0x00,0x00,0x00,0x00,0x00,0x00,0x00,0x00,0xff,0xff,0xff,0x01,0xff,0xff,0xff,0x01,0xff,0xff,0xf0,0x11,0xff,0xfc,0xf4,0xdd,0xff,0xff,0xf9,0xfe,0xff,0xfb,0xef,0xfd,
0xff,0xfc,0xf1,0xff,0xff,0xfc,0xf1,0xff,0xff,0xfc,0xf1,0xff,0xff,0xfc,0xf1,0xff,0xff,0xfc,0xf1,0xff,0xff,0xfc,0xf1,0xff,0xff,0xfc,0xf1,0xff,0xff,0xfc,0xf1,0xff,
0xff,0xfc,0xf1,0xff,0xff,0xfc,0xf1,0xff,0xff,0xfc,0xf1,0xff,0xff,0xfc,0xf1,0xff,0xff,0xfc,0xf1,0xff,0xff,0xfc,0xf1,0xff,0xff,0xfc,0xf1,0xff,0xff,0xfc,0xf1,0xff,
0xff,0xfb,0xf0,0xfe,0xff,0xfc,0xf3,0xfc,0xff,0xfd,0xf7,0xfc,0xff,0xf5,0xec,0x38,0x00,0x00,0x00,0x00,0xff,0xff,0xff,0x03,0x00,0x00,0x00,0x00,0x00,0x00,0x00,0x00,
0x00,0x00,0x00,0x00,0x00,0x00,0x00,0x00,0x00,0x00,0x00,0x00,0x00,0x00,0x00,0x00,0x00,0x00,0x00,0x00,0x00,0x00,0x00,0x00,0x00,0x00,0x00,0x00,0x00,0x00,0x00,0x00,
0x00,0x00,0x00,0x00,0x00,0x00,0x00,0x00,0x00,0x00,0x00,0x00,0x00,0x00,0x00,0x00,0x00,0x00,0x00,0x00,0x00,0x00,0x00,0x00,0x00,0x00,0x00,0x00,0x00,0x00,0x00,0x00,
0x00,0x00,0x00,0x00,0x00,0x00,0x00,0x00,0x00,0x00,0x00,0x00,0x00,0x00,0x00,0x00,0x00,0x00,0x00,0x00,0x00,0x00,0x00,0x00,0x00,0x00,0x00,0x00,0x00,0x00,0x00,0x00,
0x00,0x00,0x00,0x00,0x00,0x00,0x00,0x00,0x00,0x00,0x00,0x00,0x00,0x00,0x00,0x00,0x00,0x00,0x00,0x00,0x00,0x00,0x00,0x00,0x00,0x00,0x00,0x00,0x00,0x00,0x00,0x00,
0x00,0x00,0x00,0x00,0x00,0x00,0x00,0x00,0xff,0xff,0xff,0x04,0x00,0x00,0x01,0x00,0xff,0xfc,0xf1,0xac,0xff,0xff,0xff,0xff,0xff,0xfa,0xef,0xfc,0xff,0xfc,0xf1,0xff,
0xff,0xfc,0xf1,0xff,0xff,0xfc,0xf1,0xff,0xff,0xfc,0xf1,0xff,0xff,0xfc,0xf1,0xff,0xff,0xfc,0xf1,0xff,0xff,0xfc,0xf1,0xff,0xff,0xfc,0xf1,0xff,0xff,0xfc,0xf1,0xff,
0xff,0xfc,0xf1,0xff,0xff,0xfc,0xf1,0xff,0xff,0xfc,0xf1,0xff,0xff,0xfc,0xf1,0xff,0xff,0xfc,0xf1,0xff,0xff,0xfc,0xf1,0xff,0xff,0xfc,0xf1,0xff,0xff,0xfc,0xf1,0xff,
0xff,0xfc,0xf1,0xff,0xff,0xfb,0xef,0xfd,0xff,0xff,0xf9,0xfe,0xff,0xfc,0xf4,0xdd,0xff,0xff,0xf1,0x13,0xff,0xff,0xff,0x01,0xff,0xff,0xff,0x01,0x00,0x00,0x00,0x00,
0x00,0x00,0x00,0x00,0x00,0x00,0x00,0x00,0x00,0x00,0x00,0x00,0x00,0x00,0x00,0x00,0x00,0x00,0x00,0x00,0x00,0x00,0x00,0x00,0x00,0x00,0x00,0x00,0x00,0x00,0x00,0x00,
0x00,0x00,0x00,0x00,0x00,0x00,0x00,0x00,0x00,0x00,0x00,0x00,0x00,0x00,0x00,0x00,0x00,0x00,0x00,0x00,0x00,0x00,0x00,0x00,0x00,0x00,0x00,0x00,0x00,0x00,0x00,0x00,
0x00,0x00,0x00,0x00,0x00,0x00,0x00,0x00,0x00,0x00,0x00,0x00,0x00,0x00,0x00,0x00,0x00,0x00,0x00,0x00,0x00,0x00,0x00,0x00,0x00,0x00,0x00,0x00,0x00,0x00,0x00,0x00,
0x00,0x00,0x00,0x00,0x00,0x00,0x00,0x00,0x00,0x00,0x00,0x00,0x00,0x00,0x00,0x00,0x00,0x00,0x00,0x00,0x00,0x00,0x00,0x00,0x00,0x00,0x00,0x00,0x00,0x00,0x00,0x00,
0x00,0x00,0x00,0x00,0xff,0xff,0xff,0x04,0x00,0x00,0x00,0x00,0xff,0xfb,0xef,0x80,0xff,0xff,0xff,0xff,0xff,0xfb,0xef,0xfb,0xff,0xfc,0xf1,0xff,0xff,0xfc,0xf1,0xff,
0xff,0xfc,0xf1,0xff,0xff,0xfc,0xf1,0xff,0xff,0xfc,0xf1,0xff,0xff,0xfc,0xf1,0xff,0xff,0xfc,0xf1,0xff,0xff,0xfc,0xf1,0xff,0xff,0xfc,0xf1,0xff,0xff,0xfc,0xf1,0xff,
0xff,0xfc,0xf1,0xff,0xff,0xfc,0xf1,0xff,0xff,0xfc,0xf1,0xff,0xff,0xfc,0xf1,0xff,0xff,0xfc,0xf1,0xff,0xff,0xfc,0xf1,0xff,0xff,0xfc,0xf1,0xff,0xff,0xfc,0xf1,0xff,
0xff,0xfc,0xf1,0xff,0xff,0xfc,0xf1,0xff,0xff,0xfb,0xef,0xfc,0xff,0xff,0xff,0xff,0xff,0xfc,0xf1,0xbb,0x00,0x00,0x01,0x00,0xff,0xff,0xff,0x03,0x00,0x00,0x00,0x00,
0x00,0x00,0x00,0x00,0x00,0x00,0x00,0x00,0x00,0x00,0x00,0x00,0x00,0x00,0x00,0x00,0x00,0x00,0x00,0x00,0x00,0x00,0x00,0x00,0x00,0x00,0x00,0x00,0x00,0x00,0x00,0x00,
0x00,0x00,0x00,0x00,0x00,0x00,0x00,0x00,0x00,0x00,0x00,0x00,0x00,0x00,0x00,0x00,0x00,0x00,0x00,0x00,0x00,0x00,0x00,0x00,0x00,0x00,0x00,0x00,0x00,0x00,0x00,0x00,
0x00,0x00,0x00,0x00,0x00,0x00,0x00,0x00,0x00,0x00,0x00,0x00,0x00,0x00,0x00,0x00,0x00,0x00,0x00,0x00,0x00,0x00,0x00,0x00,0x00,0x00,0x00,0x00,0x00,0x00,0x00,0x00,
0x00,0x00,0x00,0x00,0x00,0x00,0x00,0x00,0x00,0x00,0x00,0x00,0x00,0x00,0x00,0x00,0x00,0x00,0x00,0x00,0x00,0x00,0x00,0x00,0x00,0x00,0x00,0x00,0x00,0x00,0x00,0x00,
0xff,0xff,0xff,0x03,0x00,0x00,0x00,0x00,0xff,0xfb,0xec,0x45,0xff,0xfe,0xfa,0xff,0xff,0xfc,0xf2,0xfb,0xff,0xfb,0xf1,0xff,0xff,0xfc,0xf1,0xff,0xff,0xfc,0xf1,0xff,
0xff,0xfc,0xf1,0xff,0xff,0xfc,0xf1,0xff,0xff,0xfc,0xf1,0xff,0xff,0xfc,0xf1,0xff,0xff,0xfc,0xf1,0xff,0xff,0xfc,0xf1,0xff,0xff,0xfc,0xf1,0xff,0xff,0xfc,0xf1,0xff,
0xff,0xfc,0xf1,0xff,0xff,0xfc,0xf1,0xff,0xff,0xfc,0xf1,0xff,0xff,0xfc,0xf1,0xff,0xff,0xfc,0xf1,0xff,0xff,0xfc,0xf1,0xff,0xff,0xfc,0xf1,0xff,0xff,0xfc,0xf1,0xff,
0xff,0xfc,0xf1,0xff,0xff,0xfc,0xf1,0xff,0xff,0xfc,0xf1,0xff,0xff,0xfb,0xf0,0xfb,0xff,0xff,0xff,0xff,0xff,0xfb,0xef,0x80,0x00,0x00,0x00,0x00,0xff,0xff,0xff,0x04,
0x00,0x00,0x00,0x00,0x00,0x00,0x00,0x00,0x00,0x00,0x00,0x00,0x00,0x00,0x00,0x00,0x00,0x00,0x00,0x00,0x00,0x00,0x00,0x00,0x00,0x00,0x00,0x00,0x00,0x00,0x00,0x00,
0x00,0x00,0x00,0x00,0x00,0x00,0x00,0x00,0x00,0x00,0x00,0x00,0x00,0x00,0x00,0x00,0x00,0x00,0x00,0x00,0x00,0x00,0x00,0x00,0x00,0x00,0x00,0x00,0x00,0x00,0x00,0x00,
0x00,0x00,0x00,0x00,0x00,0x00,0x00,0x00,0x00,0x00,0x00,0x00,0x00,0x00,0x00,0x00,0x00,0x00,0x00,0x00,0x00,0x00,0x00,0x00,0x00,0x00,0x00,0x00,0x00,0x00,0x00,0x00,
0x00,0x00,0x00,0x00,0x00,0x00,0x00,0x00,0x00,0x00,0x00,0x00,0x00,0x00,0x00,0x00,0x00,0x00,0x00,0x00,0x00,0x00,0x00,0x00,0x00,0x00,0x00,0x00,0xff,0xff,0xff,0x02,
0xff,0xff,0xff,0x01,0xff,0xff,0xf3,0x17,0xff,0xfc,0xf5,0xe8,0xff,0xff,0xf6,0xfe,0xff,0xfb,0xf0,0xfd,0xff,0xfc,0xf1,0xff,0xff,0xfc,0xf1,0xff,0xff,0xfc,0xf1,0xff,
0xff,0xfc,0xf1,0xff,0xff,0xfc,0xf1,0xff,0xff,0xfc,0xf1,0xff,0xff,0xfc,0xf1,0xff,0xff,0xfc,0xf1,0xff,0xff,0xfc,0xf1,0xff,0xff,0xfc,0xf1,0xff,0xff,0xfc,0xf1,0xff,
0xff,0xfc,0xf1,0xff,0xff,0xfc,0xf1,0xff,0xff,0xfc,0xf1,0xff,0xff,0xfc,0xf1,0xff,0xff,0xfc,0xf1,0xff,0xff,0xfc,0xf1,0xff,0xff,0xfc,0xf1,0xff,0xff,0xfc,0xf1,0xff,
0xff,0xfc,0xf1,0xff,0xff,0xfc,0xf1,0xff,0xff,0xfc,0xf1,0xff,0xff,0xfb,0xf1,0xff,0xff,0xfc,0xf2,0xfc,0xff,0xfe,0xfa,0xff,0xff,0xfb,0xec,0x45,0x00,0x00,0x00,0x00,
0xff,0xff,0xff,0x03,0x00,0x00,0x00,0x00,0x00,0x00,0x00,0x00,0x00,0x00,0x00,0x00,0x00,0x00,0x00,0x00,0x00,0x00,0x00,0x00,0x00,0x00,0x00,0x00,0x00,0x00,0x00,0x00,
0x00,0x00,0x00,0x00,0x00,0x00,0x00,0x00,0x00,0x00,0x00,0x00,0x00,0x00,0x00,0x00,0x00,0x00,0x00,0x00,0x00,0x00,0x00,0x00,0x00,0x00,0x00,0x00,0x00,0x00,0x00,0x00,
0x00,0x00,0x00,0x00,0x00,0x00,0x00,0x00,0x00,0x00,0x00,0x00,0x00,0x00,0x00,0x00,0x00,0x00,0x00,0x00,0x00,0x00,0x00,0x00,0x00,0x00,0x00,0x00,0x00,0x00,0x00,0x00,
0x00,0x00,0x00,0x00,0x00,0x00,0x00,0x00,0x00,0x00,0x00,0x00,0x00,0x00,0x00,0x00,0x00,0x00,0x00,0x00,0x00,0x00,0x00,0x00,0x00,0x00,0x00,0x00,0xff,0xff,0xff,0x02,
0x00,0x00,0x01,0x00,0xff,0xfc,0xf2,0xba,0xff,0xff,0xff,0xff,0xff,0xfb,0xef,0xfc,0xff,0xfc,0xf1,0xff,0xff,0xfc,0xf1,0xff,0xff,0xfc,0xf1,0xff,0xff,0xfc,0xf1,0xff,
0xff,0xfc,0xf1,0xff,0xff,0xfc,0xf1,0xff,0xff,0xfc,0xf1,0xff,0xff,0xfc,0xf1,0xff,0xff,0xfc,0xf1,0xff,0xff,0xfc,0xf1,0xff,0xff,0xfc,0xf1,0xff,0xff,0xfc,0xf1,0xff,
0xff,0xfc,0xf1,0xff,0xff,0xfc,0xf1,0xff,0xff,0xfc,0xf1,0xff,0xff,0xfc,0xf1,0xff,0xff,0xfc,0xf1,0xff,0xff,0xfc,0xf1,0xff,0xff,0xfc,0xf1,0xff,0xff,0xfc,0xf1,0xff,
0xff,0xfc,0xf1,0xff,0xff,0xfc,0xf1,0xff,0xff,0xfc,0xf1,0xff,0xff,0xfc,0xf1,0xff,0xff,0xfb,0xf0,0xfd,0xff,0xff,0xf6,0xfe,0xff,0xfc,0xf5,0xe8,0xff,0xff,0xf3,0x17,
0x00,0x00,0x00,0x00,0xff,0xff,0xff,0x02,0x00,0x00,0x00,0x00,0x00,0x00,0x00,0x00,0x00,0x00,0x00,0x00,0x00,0x00,0x00,0x00,0x00,0x00,0x00,0x00,0x00,0x00,0x00,0x00,
0x00,0x00,0x00,0x00,0x00,0x00,0x00,0x00,0x00,0x00,0x00,0x00,0x00,0x00,0x00,0x00,0x00,0x00,0x00,0x00,0x00,0x00,0x00,0x00,0x00,0x00,0x00,0x00,0x00,0x00,0x00,0x00,
0x00,0x00,0x00,0x00,0x00,0x00,0x00,0x00,0x00,0x00,0x00,0x00,0x00,0x00,0x00,0x00,0x00,0x00,0x00,0x00,0x00,0x00,0x00,0x00,0x00,0x00,0x00,0x00,0x00,0x00,0x00,0x00,
0x00,0x00,0x00,0x00,0x00,0x00,0x00,0x00,0x00,0x00,0x00,0x00,0x00,0x00,0x00,0x00,0x00,0x00,0x00,0x00,0x00,0x00,0x00,0x00,0xff,0xff,0xff,0x03,0x00,0x00,0x00,0x00,
0xff,0xfb,0xef,0x80,0xff,0xff,0xff,0xff,0xff,0xfb,0xf0,0xfb,0xff,0xfc,0xf1,0xff,0xff,0xfc,0xf1,0xff,0xff,0xfc,0xf1,0xff,0xff,0xfc,0xf1,0xff,0xff,0xfc,0xf1,0xff,
0xff,0xfc,0xf1,0xff,0xff,0xfc,0xf1,0xff,0xff,0xfc,0xf1,0xff,0xff,0xfc,0xf1,0xff,0xff,0xfc,0xf1,0xff,0xff,0xfc,0xf1,0xff,0xff,0xfc,0xf1,0xff,0xff,0xfc,0xf1,0xff,
0xff,0xfc,0xf1,0xff,0xff,0xfc,0xf1,0xff,0xff,0xfc,0xf1,0xff,0xff,0xfc,0xf1,0xff,0xff,0xfc,0xf1,0xff,0xff,0xfc,0xf1,0xff,0xff,0xfc,0xf1,0xff,0xff,0xfc,0xf1,0xff,
0xff,0xfc,0xf1,0xff,0xff,0xfc,0xf1,0xff,0xff,0xfc,0xf1,0xff,0xff,0xfc,0xf1,0xff,0xff,0xfc,0xf1,0xff,0xff,0xfb,0xef,0xfc,0xff,0xff,0xff,0xff,0xff,0xfa,0xf1,0xbb,
0xff,0xff,0xcc,0x05,0xff,0xff,0xff,0x02,0x00,0x00,0x00,0x00,0x00,0x00,0x00,0x00,0x00,0x00,0x00,0x00,0x00,0x00,0x00,0x00,0x00,0x00,0x00,0x00,0x00,0x00,0x00,0x00,
0x00,0x00,0x00,0x00,0x00,0x00,0x00,0x00,0x00,0x00,0x00,0x00,0x00,0x00,0x00,0x00,0x00,0x00,0x00,0x00,0x00,0x00,0x00,0x00,0x00,0x00,0x00,0x00,0x00,0x00,0x00,0x00,
0x00,0x00,0x00,0x00,0x00,0x00,0x00,0x00,0x00,0x00,0x00,0x00,0x00,0x00,0x00,0x00,0x00,0x00,0x00,0x00,0x00,0x00,0x00,0x00,0x00,0x00,0x00,0x00,0x00,0x00,0x00,0x00,
0x00,0x00,0x00,0x00,0x00,0x00,0x00,0x00,0x00,0x00,0x00,0x00,0x00,0x00,0x00,0x00,0x00,0x00,0x00,0x00,0xff,0xff,0xff,0x01,0x00,0x00,0x00,0x00,0xff,0xf5,0xeb,0x1a,
0xff,0xfc,0xf3,0xf6,0xff,0xff,0xf4,0xfd,0xff,0xfb,0xf0,0xfe,0xff,0xfc,0xf1,0xff,0xff,0xfc,0xf1,0xff,0xff,0xfc,0xf1,0xff,0xff,0xfc,0xf1,0xff,0xff,0xfc,0xf1,0xff,
0xff,0xfc,0xf1,0xff,0xff,0xfc,0xf1,0xff,0xff,0xfc,0xf1,0xff,0xff,0xfc,0xf1,0xff,0xff,0xfc,0xf1,0xff,0xff,0xfc,0xf1,0xff,0xff,0xfc,0xf1,0xff,0xff,0xfc,0xf1,0xff,
0xff,0xfc,0xf1,0xff,0xff,0xfc,0xf1,0xff,0xff,0xfc,0xf1,0xff,0xff,0xfc,0xf1,0xff,0xff,0xfc,0xf1,0xff,0xff,0xfc,0xf1,0xff,0xff,0xfc,0xf1,0xff,0xff,0xfc,0xf1,0xff,
0xff,0xfc,0xf1,0xff,0xff,0xfc,0xf1,0xff,0xff,0xfc,0xf1,0xff,0xff,0xfc,0xf1,0xff,0xff,0xfc,0xf1,0xff,0xff,0xfc,0xf1,0xff,0xff,0xfb,0xef,0xfc,0xff,0xff,0xff,0xff,
0xff,0xff,0xf1,0x4c,0x00,0x00,0x00,0x00,0xff,0xff,0xff,0x03,0x00,0x00,0x00,0x00,0x00,0x00,0x00,0x00,0x00,0x00,0x00,0x00,0x00,0x00,0x00,0x00,0x00,0x00,0x00,0x00,
0x00,0x00,0x00,0x00,0x00,0x00,0x00,0x00,0x00,0x00,0x00,0x00,0x00,0x00,0x00,0x00,0x00,0x00,0x00,0x00,0x00,0x00,0x00,0x00,0x00,0x00,0x00,0x00,0x00,0x00,0x00,0x00,
0x00,0x00,0x00,0x00,0x00,0x00,0x00,0x00,0x00,0x00,0x00,0x00,0x00,0x00,0x00,0x00,0x00,0x00,0x00,0x00,0x00,0x00,0x00,0x00,0x00,0x00,0x00,0x00,0x00,0x00,0x00,0x00,
0x00,0x00,0x00,0x00,0x00,0x00,0x00,0x00,0x00,0x00,0x00,0x00,0x00,0x00,0x00,0x00,0x00,0x00,0x00,0x00,0xff,0xff,0xff,0x03,0x00,0x00,0x00,0x00,0xff,0xfb,0xf2,0x51,
0xff,0xff,0xfd,0xff,0xff,0xfb,0xf0,0xfc,0xff,0xfc,0xf1,0xff,0xff,0xfc,0xf1,0xff,0xff,0xfc,0xf1,0xff,0xff,0xfc,0xf1,0xff,0xff,0xfc,0xf1,0xff,0xff,0xfc,0xf1,0xff,
0xff,0xfc,0xf1,0xff,0xff,0xfc,0xf1,0xff,0xff,0xfc,0xf1,0xff,0xff,0xfc,0xf1,0xff,0xff,0xfc,0xf1,0xff,0xff,0xfc,0xf1,0xff,0xff,0xfc,0xf1,0xff,0xff,0xfc,0xf1,0xff,
0xff,0xfc,0xf1,0xff,0xff,0xfc,0xf1,0xff,0xff,0xfc,0xf1,0xff,0xff,0xfc,0xf1,0xff,0xff,0xfc,0xf1,0xff,0xff,0xfc,0xf1,0xff,0xff,0xfc,0xf1,0xff,0xff,0xfc,0xf1,0xff,
0xff,0xfc,0xf1,0xff,0xff,0xfc,0xf1,0xff,0xff,0xfc,0xf1,0xff,0xff,0xfc,0xf1,0xff,0xff,0xfc,0xf1,0xff,0xff,0xfc,0xf1,0xff,0xff,0xfb,0xf0,0xfb,0xff,0xff,0xff,0xfe,
0xff,0xfb,0xf0,0x91,0x00,0x00,0x00,0x00,0xff,0xff,0xff,0x04,0x00,0x00,0x00,0x00,0x00,0x00,0x00,0x00,0x00,0x00,0x00,0x00,0x00,0x00,0x00,0x00,0x00,0x00,0x00,0x00,
0x00,0x00,0x00,0x00,0x00,0x00,0x00,0x00,0x00,0x00,0x00,0x00,0x00,0x00,0x00,0x00,0x00,0x00,0x00,0x00,0x00,0x00,0x00,0x00,0x00,0x00,0x00,0x00,0x00,0x00,0x00,0x00,
0x00,0x00,0x00,0x00,0x00,0x00,0x00,0x00,0x00,0x00,0x00,0x00,0x00,0x00,0x00,0x00,0x00,0x00,0x00,0x00,0x00,0x00,0x00,0x00,0x00,0x00,0x00,0x00,0x00,0x00,0x00,0x00,
0x00,0x00,0x00,0x00,0x00,0x00,0x00,0x00,0x00,0x00,0x00,0x00,0x00,0x00,0x00,0x00,0x00,0x00,0x00,0x00,0xff,0xff,0xff,0x04,0x00,0x00,0x00,0x00,0xff,0xf9,0xf0,0x90,
0xff,0xff,0xff,0xff,0xff,0xfb,0xf0,0xfb,0xff,0xfc,0xf1,0xff,0xff,0xfc,0xf1,0xff,0xff,0xfc,0xf1,0xff,0xff,0xfc,0xf1,0xff,0xff,0xfc,0xf1,0xff,0xff,0xfc,0xf1,0xff,
0xff,0xfc,0xf1,0xff,0xff,0xfc,0xf1,0xff,0xff,0xfc,0xf1,0xff,0xff,0xfc,0xf1,0xff,0xff,0xfc,0xf1,0xff,0xff,0xfc,0xf1,0xff,0xff,0xfc,0xf1,0xff,0xff,0xfc,0xf1,0xff,
0xff,0xfc,0xf1,0xff,0xff,0xfc,0xf1,0xff,0xff,0xfc,0xf1,0xff,0xff,0xfc,0xf1,0xff,0xff,0xfc,0xf1,0xff,0xff,0xfc,0xf1,0xff,0xff,0xfc,0xf1,0xff,0xff,0xfc,0xf1,0xff,
0xff,0xfc,0xf1,0xff,0xff,0xfc,0xf1,0xff,0xff,0xfc,0xf1,0xff,0xff,0xfc,0xf1,0xff,0xff,0xfc,0xf1,0xff,0xff,0xfc,0xf1,0xff,0xff,0xfb,0xf0,0xfd,0xff,0xff,0xfc,0xff,
0xff,0xfb,0xef,0xcb,0xff,0xaa,0xaa,0x03,0xff,0xff,0xff,0x01,0x00,0x00,0x00,0x00,0x00,0x00,0x00,0x00,0x00,0x00,0x00,0x00,0x00,0x00,0x00,0x00,0x00,0x00,0x00,0x00,
0x00,0x00,0x00,0x00,0x00,0x00,0x00,0x00,0x00,0x00,0x00,0x00,0x00,0x00,0x00,0x00,0x00,0x00,0x00,0x00,0x00,0x00,0x00,0x00,0x00,0x00,0x00,0x00,0x00,0x00,0x00,0x00,
0x00,0x00,0x00,0x00,0x00,0x00,0x00,0x00,0x00,0x00,0x00,0x00,0x00,0x00,0x00,0x00,0x00,0x00,0x00,0x00,0x00,0x00,0x00,0x00,0x00,0x00,0x00,0x00,0x00,0x00,0x00,0x00,
0x00,0x00,0x00,0x00,0x00,0x00,0x00,0x00,0x00,0x00,0x00,0x00,0x00,0x00,0x00,0x00,0x00,0x00,0x00,0x00,0xff,0xff,0xff,0x01,0xff,0xaa,0xaa,0x03,0xff,0xfb,0xee,0xcc,
0xff,0xff,0xfc,0xff,0xff,0xfb,0xf0,0xfd,0xff,0xfc,0xf1,0xff,0xff,0xfc,0xf1,0xff,0xff,0xfc,0xf1,0xff,0xff,0xfc,0xf1,0xff,0xff,0xfc,0xf1,0xff,0xff,0xfc,0xf1,0xff,
0xff,0xfc,0xf1,0xff,0xff,0xfc,0xf1,0xff,0xff,0xfc,0xf1,0xff,0xff,0xfc,0xf1,0xff,0xff,0xfc,0xf1,0xff,0xff,0xfc,0xf1,0xff,0xff,0xfc,0xf1,0xff,0xff,0xfc,0xf1,0xff,
0xff,0xfc,0xf1,0xff,0xff,0xfc,0xf1,0xff,0xff,0xfc,0xf1,0xff,0xff,0xfc,0xf1,0xff,0xff,0xfc,0xf1,0xff,0xff,0xfc,0xf1,0xff,0xff,0xfc,0xf1,0xff,0xff,0xfc,0xf1,0xff,
0xff,0xfc,0xf1,0xff,0xff,0xfc,0xf1,0xff,0xff,0xfc,0xf1,0xff,0xff,0xfc,0xf1,0xff,0xff,0xfc,0xf1,0xff,0xff,0xfc,0xf1,0xff,0xff,0xfb,0xf0,0xfe,0xff,0xfe,0xf3,0xff,
0xff,0xfc,0xf3,0xf4,0xff,0xff,0xf5,0x1b,0x00,0x00,0x00,0x00,0xff,0xff,0xff,0x01,0x00,0x00,0x00,0x00,0x00,0x00,0x00,0x00,0x00,0x00,0x00,0x00,0x00,0x00,0x00,0x00,
0x00,0x00,0x00,0x00,0x00,0x00,0x00,0x00,0x00,0x00,0x00,0x00,0x00,0x00,0x00,0x00,0x00,0x00,0x00,0x00,0x00,0x00,0x00,0x00,0x00,0x00,0x00,0x00,0x00,0x00,0x00,0x00,
0x00,0x00,0x00,0x00,0x00,0x00,0x00,0x00,0x00,0x00,0x00,0x00,0x00,0x00,0x00,0x00,0x00,0x00,0x00,0x00,0x00,0x00,0x00,0x00,0x00,0x00,0x00,0x00,0x00,0x00,0x00,0x00,
0x00,0x00,0x00,0x00,0x00,0x00,0x00,0x00,0x00,0x00,0x00,0x00,0x00,0x00,0x00,0x00,0xff,0xff,0xff,0x01,0x00,0x00,0x00,0x00,0xff,0xff,0xf5,0x1b,0xff,0xfc,0xf3,0xf4,
0xff,0xfe,0xf3,0xff,0xff,0xfb,0xf0,0xfe,0xff,0xfc,0xf1,0xff,0xff,0xfc,0xf1,0xff,0xff,0xfc,0xf1,0xff,0xff,0xfc,0xf1,0xff,0xff,0xfc,0xf0,0xff,0xff,0xfc,0xf1,0xff,
0xff,0xfc,0xf1,0xff,0xff,0xfc,0xf1,0xff,0xff,0xfc,0xf1,0xff,0xff,0xfc,0xf1,0xff,0xff,0xfc,0xf1,0xff,0xff,0xfc,0xf1,0xff,0xff,0xfc,0xf1,0xff,0xff,0xfc,0xf1,0xff,
0xff,0xfc,0xf1,0xff,0xff,0xfc,0xf1,0xff,0xff,0xfc,0xf1,0xff,0xff,0xfc,0xf1,0xff,0xff,0xfc,0xf1,0xff,0xff,0xfc,0xf1,0xff,0xff,0xfc,0xf1,0xff,0xff,0xfc,0xf1,0xff,
0xff,0xfc,0xf1,0xff,0xff,0xfc,0xf1,0xff,0xff,0xfc,0xf1,0xff,0xff,0xfc,0xf1,0xff,0xff,0xfc,0xf1,0xff,0xff,0xfc,0xf1,0xff,0xff,0xfc,0xf1,0xff,0xff,0xfb,0xf0,0xfc,
0xff,0xff,0xfd,0xff,0xff,0xff,0xf2,0x50,0x00,0x00,0x00,0x00,0xff,0xff,0xff,0x03,0x00,0x00,0x00,0x00,0x00,0x00,0x00,0x00,0x00,0x00,0x00,0x00,0x00,0x00,0x00,0x00,
0x00,0x00,0x00,0x00,0x00,0x00,0x00,0x00,0x00,0x00,0x00,0x00,0x00,0x00,0x00,0x00,0x00,0x00,0x00,0x00,0x00,0x00,0x00,0x00,0x00,0x00,0x00,0x00,0x00,0x00,0x00,0x00,
0x00,0x00,0x00,0x00,0x00,0x00,0x00,0x00,0x00,0x00,0x00,0x00,0x00,0x00,0x00,0x00,0x00,0x00,0x00,0x00,0x00,0x00,0x00,0x00,0x00,0x00,0x00,0x00,0x00,0x00,0x00,0x00,
0x00,0x00,0x00,0x00,0x00,0x00,0x00,0x00,0x00,0x00,0x00,0x00,0x00,0x00,0x00,0x00,0xff,0xff,0xff,0x03,0x00,0x00,0x00,0x00,0xff,0xff,0xf2,0x50,0xff,0xff,0xfd,0xff,
0xff,0xfb,0xf0,0xfc,0xff,0xfc,0xf1,0xff,0xff,0xfc,0xf1,0xff,0xff,0xfc,0xf1,0xff,0xff,0xfb,0xef,0xff,0xff,0xfc,0xf2,0xff,0xff,0xfd,0xf3,0xff,0xff,0xfb,0xef,0xff,
0xff,0xfc,0xf1,0xff,0xff,0xfc,0xf1,0xff,0xff,0xfc,0xf1,0xff,0xff,0xfc,0xf1,0xff,0xff,0xfc,0xf1,0xff,0xff,0xfc,0xf1,0xff,0xff,0xfc,0xf1,0xff,0xff,0xfc,0xf1,0xff,
0xff,0xfc,0xf1,0xff,0xff,0xfc,0xf1,0xff,0xff,0xfc,0xf1,0xff,0xff,0xfc,0xf1,0xff,0xff,0xfc,0xf1,0xff,0xff,0xfc,0xf1,0xff,0xff,0xfc,0xf1,0xff,0xff,0xfc,0xf1,0xff,
0xff,0xfc,0xf1,0xff,0xff,0xfc,0xf1,0xff,0xff,0xfc,0xf1,0xff,0xff,0xfc,0xf1,0xff,0xff,0xfc,0xf1,0xff,0xff,0xfc,0xf1,0xff,0xff,0xfc,0xf1,0xff,0xff,0xfb,0xf0,0xfb,
0xff,0xff,0xff,0xff,0xff,0xf9,0xf0,0x90,0x00,0x00,0x00,0x00,0xff,0xff,0xff,0x04,0x00,0x00,0x00,0x00,0x00,0x00,0x00,0x00,0x00,0x00,0x00,0x00,0x00,0x00,0x00,0x00,
0x00,0x00,0x00,0x00,0x00,0x00,0x00,0x00,0x00,0x00,0x00,0x00,0x00,0x00,0x00,0x00,0x00,0x00,0x00,0x00,0x00,0x00,0x00,0x00,0x00,0x00,0x00,0x00,0x00,0x00,0x00,0x00,
0x00,0x00,0x00,0x00,0x00,0x00,0x00,0x00,0x00,0x00,0x00,0x00,0x00,0x00,0x00,0x00,0x00,0x00,0x00,0x00,0x00,0x00,0x00,0x00,0x00,0x00,0x00,0x00,0x00,0x00,0x00,0x00,
0x00,0x00,0x00,0x00,0x00,0x00,0x00,0x00,0x00,0x00,0x00,0x00,0x00,0x00,0x00,0x00,0xff,0xff,0xff,0x04,0x00,0x00,0x00,0x00,0xff,0xf9,0xf0,0x90,0xff,0xff,0xff,0xff,
0xff,0xfb,0xf0,0xfb,0xff,0xfc,0xf1,0xff,0xff,0xfc,0xf1,0xff,0xff,0xfc,0xf0,0xff,0xff,0xff,0xf7,0xff,0xff,0xfb,0xf0,0xff,0xfd,0xf9,0xeb,0xff,0xff,0xff,0xf9,0xff,
0xff,0xfc,0xf0,0xff,0xff,0xfc,0xf1,0xff,0xff,0xfc,0xf1,0xff,0xff,0xfc,0xf1,0xff,0xff,0xfc,0xf1,0xff,0xff,0xfc,0xf1,0xff,0xff,0xfc,0xf1,0xff,0xff,0xfc,0xf1,0xff,
0xff,0xfc,0xf1,0xff,0xff,0xfc,0xf1,0xff,0xff,0xfc,0xf1,0xff,0xff,0xfc,0xf1,0xff,0xff,0xfc,0xf1,0xff,0xff,0xfc,0xf1,0xff,0xff,0xfc,0xf1,0xff,0xff,0xfc,0xf1,0xff,
0xff,0xfc,0xf1,0xff,0xff,0xfc,0xf1,0xff,0xff,0xfc,0xf1,0xff,0xff,0xfc,0xf1,0xff,0xff,0xfc,0xf1,0xff,0xff,0xfc,0xf1,0xff,0xff,0xfc,0xf1,0xff,0xff,0xfb,0xf0,0xfd,
0xff,0xff,0xfc,0xff,0xff,0xfb,0xee,0xcc,0xff,0xaa,0xaa,0x03,0xff,0xff,0xff,0x01,0x00,0x00,0x00,0x00,0x00,0x00,0x00,0x00,0x00,0x00,0x00,0x00,0x00,0x00,0x00,0x00,
0x00,0x00,0x00,0x00,0x00,0x00,0x00,0x00,0x00,0x00,0x00,0x00,0x00,0x00,0x00,0x00,0x00,0x00,0x00,0x00,0x00,0x00,0x00,0x00,0x00,0x00,0x00,0x00,0x00,0x00,0x00,0x00,
0x00,0x00,0x00,0x00,0x00,0x00,0x00,0x00,0x00,0x00,0x00,0x00,0x00,0x00,0x00,0x00,0x00,0x00,0x00,0x00,0x00,0x00,0x00,0x00,0x00,0x00,0x00,0x00,0x00,0x00,0x00,0x00,
0x00,0x00,0x00,0x00,0x00,0x00,0x00,0x00,0x00,0x00,0x00,0x00,0x00,0x00,0x00,0x00,0xff,0xff,0xff,0x01,0xff,0xaa,0xaa,0x03,0xff,0xfb,0xee,0xcc,0xff,0xff,0xfc,0xff,
0xff,0xfb,0xf0,0xfd,0xff,0xfc,0xf1,0xff,0xff,0xfb,0xef,0xff,0xff,0xfe,0xf7,0xff,0xf6,0xed,0xd5,0xff,0xdb,0xba,0x71,0xff,0xd7,0xb4,0x65,0xff,0xef,0xe0,0xba,0xff,
0xff,0xff,0xf8,0xff,0xff,0xfb,0xef,0xff,0xff,0xfc,0xf1,0xff,0xff,0xfc,0xf1,0xff,0xff,0xfc,0xf1,0xff,0xff,0xfc,0xf1,0xff,0xff,0xfc,0xf1,0xff,0xff,0xfc,0xf1,0xff,
0xff,0xfc,0xf1,0xff,0xff,0xfc,0xf1,0xff,0xff,0xfc,0xf1,0xff,0xff,0xfc,0xf1,0xff,0xff,0xfc,0xf1,0xff,0xff,0xfc,0xf1,0xff,0xff,0xfc,0xf1,0xff,0xff,0xfc,0xf1,0xff,
0xff,0xfc,0xf1,0xff,0xff,0xfc,0xf1,0xff,0xff,0xfc,0xf1,0xff,0xff,0xfc,0xf1,0xff,0xff,0xfc,0xf1,0xff,0xff,0xfc,0xf1,0xff,0xff,0xfc,0xf1,0xff,0xff,0xfb,0xf0,0xfe,
0xff,0xfe,0xf3,0xff,0xff,0xfc,0xf3,0xf4,0xff,0xff,0xf5,0x1b,0x00,0x00,0x00,0x00,0xff,0xff,0xff,0x01,0x00,0x00,0x00,0x00,0x00,0x00,0x00,0x00,0x00,0x00,0x00,0x00,
0x00,0x00,0x00,0x00,0x00,0x00,0x00,0x00,0x00,0x00,0x00,0x00,0x00,0x00,0x00,0x00,0x00,0x00,0x00,0x00,0x00,0x00,0x00,0x00,0x00,0x00,0x00,0x00,0x00,0x00,0x00,0x00,
0x00,0x00,0x00,0x00,0x00,0x00,0x00,0x00,0x00,0x00,0x00,0x00,0x00,0x00,0x00,0x00,0x00,0x00,0x00,0x00,0x00,0x00,0x00,0x00,0x00,0x00,0x00,0x00,0x00,0x00,0x00,0x00,
0x00,0x00,0x00,0x00,0x00,0x00,0x00,0x00,0x00,0x00,0x00,0x00,0xff,0xff,0xff,0x01,0x00,0x00,0x00,0x00,0xff,0xff,0xf5,0x1b,0xff,0xfc,0xf3,0xf4,0xff,0xfe,0xf3,0xff,
0xff,0xfb,0xf0,0xfe,0xff,0xfc,0xf0,0xff,0xff,0xfc,0xf2,0xff,0xfd,0xfb,0xf0,0xff,0xdb,0xba,0x70,0xff,0xd2,0xaa,0x52,0xff,0xd4,0xad,0x58,0xff,0xd4,0xae,0x59,0xff,
0xf8,0xf0,0xdb,0xff,0xff,0xfe,0xf6,0xff,0xff,0xfc,0xf0,0xff,0xff,0xfc,0xf1,0xff,0xff,0xfc,0xf1,0xff,0xff,0xfc,0xf1,0xff,0xff,0xfc,0xf1,0xff,0xff,0xfc,0xf1,0xff,
0xff,0xfc,0xf1,0xff,0xff,0xfc,0xf1,0xff,0xff,0xfc,0xf1,0xff,0xff,0xfc,0xf1,0xff,0xff,0xfc,0xf1,0xff,0xff,0xfc,0xf1,0xff,0xff,0xfc,0xf1,0xff,0xff,0xfc,0xf1,0xff,
0xff,0xfc,0xf1,0xff,0xff,0xfc,0xf1,0xff,0xff,0xfc,0xf1,0xff,0xff,0xfc,0xf1,0xff,0xff,0xfc,0xf1,0xff,0xff,0xfc,0xf1,0xff,0xff,0xfc,0xf1,0xff,0xff,0xfc,0xf1,0xff,
0xff,0xfb,0xf0,0xfc,0xff,0xff,0xfd,0xff,0xff,0xff,0xf2,0x50,0x00,0x00,0x00,0x00,0xff,0xff,0xff,0x03,0x00,0x00,0x00,0x00,0x00,0x00,0x00,0x00,0x00,0x00,0x00,0x00,
0x00,0x00,0x00,0x00,0x00,0x00,0x00,0x00,0x00,0x00,0x00,0x00,0x00,0x00,0x00,0x00,0x00,0x00,0x00,0x00,0x00,0x00,0x00,0x00,0x00,0x00,0x00,0x00,0x00,0x00,0x00,0x00,
0x00,0x00,0x00,0x00,0x00,0x00,0x00,0x00,0x00,0x00,0x00,0x00,0x00,0x00,0x00,0x00,0x00,0x00,0x00,0x00,0x00,0x00,0x00,0x00,0x00,0x00,0x00,0x00,0x00,0x00,0x00,0x00,
0x00,0x00,0x00,0x00,0x00,0x00,0x00,0x00,0x00,0x00,0x00,0x00,0xff,0xff,0xff,0x03,0x00,0x00,0x00,0x00,0xff,0xff,0xf2,0x50,0xff,0xff,0xfd,0xff,0xff,0xfb,0xf0,0xfc,
0xff,0xfc,0xf1,0xff,0xff,0xfc,0xf0,0xff,0xff,0xfd,0xf3,0xff,0xfd,0xf8,0xea,0xff,0xda,0xb7,0x6b,0xff,0xd4,0xae,0x5a,0xff,0xd6,0xb1,0x5f,0xff,0xd3,0xac,0x55,0xff,
0xf3,0xe7,0xc8,0xff,0xff,0xff,0xf9,0xff,0xfe,0xfb,0xef,0xff,0xff,0xfc,0xf1,0xff,0xff,0xfc,0xf1,0xff,0xff,0xfc,0xf1,0xff,0xff,0xfc,0xf1,0xff,0xff,0xfc,0xf1,0xff,
0xff,0xfc,0xf1,0xff,0xff,0xfc,0xf1,0xff,0xff,0xfc,0xf1,0xff,0xff,0xfc,0xf1,0xff,0xff,0xfc,0xf1,0xff,0xff,0xfc,0xf1,0xff,0xff,0xfc,0xf1,0xff,0xff,0xfc,0xf1,0xff,
0xff,0xfc,0xf1,0xff,0xff,0xfc,0xf1,0xff,0xff,0xfc,0xf1,0xff,0xff,0xfc,0xf1,0xff,0xff,0xfc,0xf1,0xff,0xff,0xfc,0xf1,0xff,0xff,0xfc,0xf1,0xff,0xff,0xfc,0xf1,0xff,
0xff,0xfb,0xf0,0xfb,0xff,0xff,0xff,0xff,0xff,0xf9,0xf0,0x90,0x00,0x00,0x00,0x00,0xff,0xff,0xff,0x04,0x00,0x00,0x00,0x00,0x00,0x00,0x00,0x00,0x00,0x00,0x00,0x00,
0x00,0x00,0x00,0x00,0x00,0x00,0x00,0x00,0x00,0x00,0x00,0x00,0x00,0x00,0x00,0x00,0x00,0x00,0x00,0x00,0x00,0x00,0x00,0x00,0x00,0x00,0x00,0x00,0x00,0x00,0x00,0x00,
0x00,0x00,0x00,0x00,0x00,0x00,0x00,0x00,0x00,0x00,0x00,0x00,0x00,0x00,0x00,0x00,0x00,0x00,0x00,0x00,0x00,0x00,0x00,0x00,0x00,0x00,0x00,0x00,0x00,0x00,0x00,0x00,
0x00,0x00,0x00,0x00,0x00,0x00,0x00,0x00,0x00,0x00,0x00,0x00,0xff,0xff,0xff,0x04,0x00,0x00,0x00,0x00,0xff,0xfb,0xf0,0x8f,0xff,0xff,0xff,0xff,0xff,0xfb,0xf0,0xfb,
0xff,0xfc,0xf1,0xff,0xff,0xfc,0xf1,0xff,0xff,0xfb,0xf0,0xff,0xff,0xff,0xf9,0xff,0xe1,0xc4,0x84,0xff,0xd3,0xab,0x54,0xff,0xd6,0xb1,0x5f,0xff,0xd3,0xac,0x55,0xff,
0xf4,0xe8,0xcc,0xff,0xff,0xff,0xf9,0xff,0xfe,0xfb,0xef,0xff,0xff,0xfc,0xf1,0xff,0xff,0xfc,0xf1,0xff,0xff,0xfc,0xf1,0xff,0xff,0xfc,0xf1,0xff,0xff,0xfc,0xf1,0xff,
0xff,0xfc,0xf1,0xff,0xff,0xfc,0xf1,0xff,0xff,0xfc,0xf1,0xff,0xff,0xfc,0xf1,0xff,0xff,0xfc,0xf1,0xff,0xff,0xfc,0xf1,0xff,0xff,0xfc,0xf1,0xff,0xff,0xfc,0xf1,0xff,
0xff,0xfc,0xf1,0xff,0xff,0xfc,0xf1,0xff,0xff,0xfc,0xf1,0xff,0xff,0xfc,0xf1,0xff,0xff,0xfc,0xf1,0xff,0xff,0xfc,0xf1,0xff,0xff,0xfc,0xf1,0xff,0xff,0xfc,0xf1,0xff,
0xff,0xfb,0xf0,0xfd,0xff,0xff,0xfc,0xff,0xff,0xfc,0xef,0xcb,0xff,0x7f,0x7f,0x02,0xff,0xff,0xff,0x01,0x00,0x00,0x00,0x00,0x00,0x00,0x00,0x00,0x00,0x00,0x00,0x00,
0x00,0x00,0x00,0x00,0x00,0x00,0x00,0x00,0x00,0x00,0x00,0x00,0x00,0x00,0x00,0x00,0x00,0x00,0x00,0x00,0x00,0x00,0x00,0x00,0x00,0x00,0x00,0x00,0x00,0x00,0x00,0x00,
0x00,0x00,0x00,0x00,0x00,0x00,0x00,0x00,0x00,0x00,0x00,0x00,0x00,0x00,0x00,0x00,0x00,0x00,0x00,0x00,0x00,0x00,0x00,0x00,0x00,0x00,0x00,0x00,0x00,0x00,0x00,0x00,
0x00,0x00,0x00,0x00,0x00,0x00,0x00,0x00,0x00,0x00,0x00,0x00,0xff,0xff,0xff,0x01,0xff,0xcc,0xcc,0x05,0xff,0xfb,0xf0,0xce,0xff,0xff,0xfb,0xff,0xff,0xfb,0xf0,0xfd,
0xff,0xfc,0xf1,0xff,0xff,0xfc,0xf1,0xff,0xff,0xfb,0xf0,0xff,0xff,0xff,0xf8,0xff,0xe0,0xc3,0x82,0xff,0xd3,0xab,0x54,0xff,0xd6,0xb1,0x5f,0xff,0xd3,0xac,0x55,0xff,
0xf4,0xe8,0xcb,0xff,0xff,0xff,0xf9,0xff,0xfe,0xfb,0xef,0xff,0xff,0xfc,0xf1,0xff,0xff,0xfc,0xf1,0xff,0xff,0xfc,0xf1,0xff,0xff,0xfc,0xf1,0xff,0xff,0xfc,0xf1,0xff,
0xff,0xfc,0xf1,0xff,0xff,0xfc,0xf1,0xff,0xff,0xfc,0xf1,0xff,0xff,0xfc,0xf1,0xff,0xff,0xfc,0xf1,0xff,0xff,0xfc,0xf1,0xff,0xff,0xfc,0xf1,0xff,0xff,0xfc,0xf1,0xff,
0xff,0xfc,0xf1,0xff,0xff,0xfc,0xf1,0xff,0xff,0xfc,0xf1,0xff,0xff,0xfc,0xf1,0xff,0xff,0xfc,0xf1,0xff,0xff,0xfc,0xf1,0xff,0xff,0xfc,0xf1,0xff,0xff,0xfc,0xf1,0xff,
0xff,0xfb,0xf0,0xfe,0xff,0xff,0xf3,0xfe,0xff,0xfd,0xf4,0xf4,0xff,0xf6,0xee,0x1f,0x00,0x00,0x00,0x00,0xff,0xff,0xff,0x02,0x00,0x00,0x00,0x00,0x00,0x00,0x00,0x00,
0x00,0x00,0x00,0x00,0x00,0x00,0x00,0x00,0x00,0x00,0x00,0x00,0x00,0x00,0x00,0x00,0x00,0x00,0x00,0x00,0x00,0x00,0x00,0x00,0x00,0x00,0x00,0x00,0x00,0x00,0x00,0x00,
0x00,0x00,0x00,0x00,0x00,0x00,0x00,0x00,0x00,0x00,0x00,0x00,0x00,0x00,0x00,0x00,0x00,0x00,0x00,0x00,0x00,0x00,0x00,0x00,0x00,0x00,0x00,0x00,0x00,0x00,0x00,0x00,
0x00,0x00,0x00,0x00,0x00,0x00,0x00,0x00,0xff,0xff,0xff,0x01,0x00,0x00,0x00,0x00,0xff,0xec,0xec,0x0e,0xff,0xfc,0xf0,0xe4,0xff,0xff,0xf7,0xff,0xff,0xfb,0xf0,0xfe,
0xff,0xfc,0xf1,0xff,0xff,0xfc,0xf1,0xff,0xff,0xfb,0xf0,0xff,0xff,0xff,0xf8,0xff,0xe0,0xc3,0x82,0xff,0xd3,0xab,0x54,0xff,0xd6,0xb1,0x5f,0xff,0xd3,0xac,0x55,0xff,
0xf4,0xe8,0xcb,0xff,0xff,0xff,0xf9,0xff,0xfe,0xfb,0xef,0xff,0xff,0xfc,0xf1,0xff,0xff,0xfc,0xf1,0xff,0xff,0xfc,0xf1,0xff,0xff,0xfc,0xf1,0xff,0xff,0xfc,0xf1,0xff,
0xff,0xfc,0xf1,0xff,0xff,0xfc,0xf1,0xff,0xff,0xfc,0xf1,0xff,0xff,0xfc,0xf1,0xff,0xff,0xfc,0xf1,0xff,0xff,0xfc,0xf1,0xff,0xff,0xfc,0xf1,0xff,0xff,0xfc,0xf1,0xff,
0xff,0xfc,0xf1,0xff,0xff,0xfc,0xf1,0xff,0xff,0xfc,0xf1,0xff,0xff,0xfc,0xf1,0xff,0xff,0xfc,0xf1,0xff,0xff,0xfc,0xf1,0xff,0xff,0xfc,0xf1,0xff,0xff,0xfc,0xf1,0xff,
0xff,0xfc,0xf1,0xff,0xff,0xfc,0xf1,0xfd,0xff,0xff,0xf9,0xfb,0xff,0xff,0xf5,0x37,0x00,0x00,0x00,0x00,0xff,0xff,0xff,0x03,0x00,0x00,0x00,0x00,0x00,0x00,0x00,0x00,
0x00,0x00,0x00,0x00,0x00,0x00,0x00,0x00,0x00,0x00,0x00,0x00,0x00,0x00,0x00,0x00,0x00,0x00,0x00,0x00,0x00,0x00,0x00,0x00,0x00,0x00,0x00,0x00,0x00,0x00,0x00,0x00,
0x00,0x00,0x00,0x00,0x00,0x00,0x00,0x00,0x00,0x00,0x00,0x00,0x00,0x00,0x00,0x00,0x00,0x00,0x00,0x00,0x00,0x00,0x00,0x00,0x00,0x00,0x00,0x00,0x00,0x00,0x00,0x00,
0x00,0x00,0x00,0x00,0x00,0x00,0x00,0x00,0xff,0xff,0xff,0x01,0x00,0x00,0x00,0x00,0xff,0xef,0xef,0x10,0xff,0xfc,0xf0,0xec,0xff,0xff,0xf5,0xff,0xff,0xfb,0xf0,0xfe,
0xff,0xfc,0xf1,0xff,0xff,0xfc,0xf1,0xff,0xff,0xfb,0xf0,0xff,0xff,0xff,0xf8,0xff,0xe0,0xc3,0x82,0xff,0xd3,0xab,0x54,0xff,0xd6,0xb1,0x5f,0xff,0xd3,0xac,0x55,0xff,
0xf4,0xe7,0xca,0xff,0xff,0xff,0xf9,0xff,0xfe,0xfb,0xef,0xff,0xff,0xfc,0xf1,0xff,0xff,0xfc,0xf1,0xff,0xff,0xfc,0xf1,0xff,0xff,0xfc,0xf1,0xff,0xff,0xfc,0xf1,0xff,
0xff,0xfc,0xf1,0xff,0xff,0xfc,0xf1,0xff,0xff,0xfc,0xf1,0xff,0xff,0xfc,0xf1,0xff,0xff,0xfc,0xf1,0xff,0xff,0xfc,0xf1,0xff,0xff,0xfc,0xf1,0xff,0xff,0xfc,0xf1,0xff,
0xff,0xfc,0xf1,0xff,0xff,0xfc,0xf1,0xff,0xff,0xfc,0xf1,0xff,0xff,0xfc,0xf1,0xff,0xff,0xfc,0xf1,0xff,0xff,0xfc,0xf1,0xff,0xff,0xfc,0xf1,0xff,0xff,0xfc,0xf1,0xff,
0xff,0xfc,0xf1,0xff,0xff,0xfb,0xf0,0xfd,0xff,0xff,0xfb,0xfe,0xff,0xff,0xf2,0x3f,0x00,0x00,0x00,0x00,0xff,0xff,0xff,0x03,0x00,0x00,0x00,0x00,0x00,0x00,0x00,0x00,
0x00,0x00,0x00,0x00,0x00,0x00,0x00,0x00,0x00,0x00,0x00,0x00,0x00,0x00,0x00,0x00,0x00,0x00,0x00,0x00,0x00,0x00,0x00,0x00,0x00,0x00,0x00,0x00,0x00,0x00,0x00,0x00,
0x00,0x00,0x00,0x00,0x00,0x00,0x00,0x00,0x00,0x00,0x00,0x00,0x00,0x00,0x00,0x00,0x00,0x00,0x00,0x00,0x00,0x00,0x00,0x00,0x00,0x00,0x00,0x00,0x00,0x00,0x00,0x00,
0x00,0x00,0x00,0x00,0x00,0x00,0x00,0x00,0xff,0xff,0xff,0x01,0x00,0x00,0x00,0x00,0xff,0xf0,0xf0,0x11,0xff,0xfc,0xf1,0xee,0xff,0xff,0xf5,0xff,0xff,0xfb,0xf0,0xfe,
0xff,0xfc,0xf1,0xff,0xff,0xfc,0xf1,0xff,0xff,0xfb,0xf0,0xff,0xff,0xff,0xf8,0xff,0xe0,0xc3,0x82,0xff,0xd3,0xab,0x54,0xff,0xd6,0xb1,0x5f,0xff,0xd3,0xac,0x55,0xff,
0xf5,0xeb,0xd0,0xff,0xff,0xfe,0xf8,0xff,0xfe,0xfb,0xef,0xff,0xff,0xfc,0xf1,0xff,0xff,0xfc,0xf1,0xff,0xff,0xfc,0xf1,0xff,0xff,0xfc,0xf1,0xff,0xff,0xfc,0xf1,0xff,
0xff,0xfc,0xf1,0xff,0xff,0xfc,0xf1,0xff,0xff,0xfc,0xf1,0xff,0xff,0xfc,0xf1,0xff,0xff,0xfc,0xf1,0xff,0xff,0xfc,0xf1,0xff,0xff,0xfc,0xf1,0xff,0xff,0xfc,0xf1,0xff,
0xff,0xfc,0xf1,0xff,0xff,0xfc,0xf1,0xff,0xff,0xfc,0xf1,0xff,0xff,0xfc,0xf1,0xff,0xff,0xfc,0xf1,0xff,0xff,0xfc,0xf1,0xff,0xff,0xfc,0xf1,0xff,0xff,0xfc,0xf1,0xff,
0xff,0xfc,0xf1,0xff,0xff,0xfb,0xf0,0xfd,0xff,0xff,0xfc,0xff,0xff,0xff,0xf3,0x41,0x00,0x00,0x00,0x00,0xff,0xff,0xff,0x03,0x00,0x00,0x00,0x00,0x00,0x00,0x00,0x00,
0x00,0x00,0x00,0x00,0x00,0x00,0x00,0x00,0x00,0x00,0x00,0x00,0x00,0x00,0x00,0x00,0x00,0x00,0x00,0x00,0x00,0x00,0x00,0x00,0x00,0x00,0x00,0x00,0x00,0x00,0x00,0x00,
0x00,0x00,0x00,0x00,0x00,0x00,0x00,0x00,0x00,0x00,0x00,0x00,0x00,0x00,0x00,0x00,0x00,0x00,0x00,0x00,0x00,0x00,0x00,0x00,0x00,0x00,0x00,0x00,0x00,0x00,0x00,0x00,
0x00,0x00,0x00,0x00,0x00,0x00,0x00,0x00,0xff,0xff,0xff,0x01,0x00,0x00,0x00,0x00,0xff,0xf0,0xf0,0x12,0xff,0xfc,0xf1,0xf1,0xff,0xff,0xf4,0xff,0xff,0xfb,0xf0,0xfe,
0xff,0xfc,0xf1,0xff,0xff,0xfc,0xf1,0xff,0xff,0xfb,0xf0,0xff,0xff,0xff,0xf8,0xff,0xe0,0xc2,0x81,0xff,0xd3,0xab,0x55,0xff,0xd6,0xb1,0x5f,0xff,0xd3,0xab,0x54,0xff,
0xec,0xda,0xaf,0xff,0xff,0xff,0xff,0xff,0xfe,0xfa,0xee,0xff,0xff,0xfc,0xf1,0xff,0xff,0xfc,0xf1,0xff,0xff,0xfc,0xf1,0xff,0xff,0xfc,0xf1,0xff,0xff,0xfc,0xf1,0xff,
0xff,0xfc,0xf1,0xff,0xff,0xfc,0xf1,0xff,0xff,0xfc,0xf1,0xff,0xff,0xfc,0xf1,0xff,0xff,0xfc,0xf1,0xff,0xff,0xfc,0xf1,0xff,0xff,0xfc,0xf1,0xff,0xff,0xfc,0xf1,0xff,
0xff,0xfc,0xf1,0xff,0xff,0xfc,0xf1,0xff,0xff,0xfc,0xf1,0xff,0xff,0xfc,0xf1,0xff,0xff,0xfc,0xf1,0xff,0xff,0xfc,0xf1,0xff,0xff,0xfc,0xf1,0xff,0xff,0xfc,0xf1,0xff,
0xff,0xfc,0xf1,0xff,0xff,0xfb,0xf0,0xfd,0xff,0xff,0xfe,0xff,0xff,0xff,0xf0,0x45,0x00,0x00,0x00,0x00,0xff,0xff,0xff,0x03,0x00,0x00,0x00,0x00,0x00,0x00,0x00,0x00,
0x00,0x00,0x00,0x00,0x00,0x00,0x00,0x00,0x00,0x00,0x00,0x00,0x00,0x00,0x00,0x00,0x00,0x00,0x00,0x00,0x00,0x00,0x00,0x00,0x00,0x00,0x00,0x00,0x00,0x00,0x00,0x00,
0x00,0x00,0x00,0x00,0x00,0x00,0x00,0x00,0x00,0x00,0x00,0x00,0x00,0x00,0x00,0x00,0x00,0x00,0x00,0x00,0x00,0x00,0x00,0x00,0x00,0x00,0x00,0x00,0x00,0x00,0x00,0x00,
0x00,0x00,0x00,0x00,0x00,0x00,0x00,0x00,0xff,0xff,0xff,0x01,0xff,0xff,0xff,0x01,0xff,0xe2,0xe2,0x09,0xff,0xfc,0xf0,0xd6,0xff,0xff,0xf9,0xff,0xff,0xfb,0xf0,0xfd,
0xff,0xfc,0xf1,0xff,0xff,0xfc,0xf1,0xff,0xff,0xfb,0xef,0xff,0xff,0xff,0xfa,0xff,0xe2,0xc6,0x88,0xff,0xd3,0xaa,0x53,0xff,0xd6,0xb0,0x5f,0xff,0xd5,0xaf,0x5c,0xff,
0xd3,0xac,0x56,0xff,0xee,0xde,0xb7,0xff,0xff,0xff,0xfd,0xff,0xfe,0xfb,0xee,0xff,0xff,0xfc,0xf1,0xff,0xff,0xfc,0xf1,0xff,0xff,0xfc,0xf1,0xff,0xff,0xfc,0xf1,0xff,
0xff,0xfc,0xf1,0xff,0xff,0xfc,0xf1,0xff,0xff,0xfc,0xf1,0xff,0xff,0xfc,0xf1,0xff,0xff,0xfc,0xf1,0xff,0xff,0xfc,0xf1,0xff,0xff,0xfc,0xf1,0xff,0xff,0xfc,0xf1,0xff,
0xff,0xfc,0xf1,0xff,0xff,0xfc,0xf1,0xff,0xff,0xfc,0xf1,0xff,0xff,0xfc,0xf1,0xff,0xff,0xfc,0xf1,0xff,0xff,0xfc,0xf1,0xff,0xff,0xfc,0xf1,0xff,0xff,0xfc,0xf1,0xff,
0xff,0xfc,0xf1,0xff,0xff,0xfd,0xf2,0xfe,0xff,0xfd,0xf6,0xf7,0xff,0xff,0xf2,0x29,0x00,0x00,0x00,0x00,0xff,0xff,0xff,0x02,0x00,0x00,0x00,0x00,0x00,0x00,0x00,0x00,
0x00,0x00,0x00,0x00,0x00,0x00,0x00,0x00,0x00,0x00,0x00,0x00,0x00,0x00,0x00,0x00,0x00,0x00,0x00,0x00,0x00,0x00,0x00,0x00,0x00,0x00,0x00,0x00,0x00,0x00,0x00,0x00,
0x00,0x00,0x00,0x00,0x00,0x00,0x00,0x00,0x00,0x00,0x00,0x00,0x00,0x00,0x00,0x00,0x00,0x00,0x00,0x00,0x00,0x00,0x00,0x00,0x00,0x00,0x00,0x00,0x00,0x00,0x00,0x00,
0x00,0x00,0x00,0x00,0x00,0x00,0x00,0x00,0x00,0x00,0x00,0x00,0xff,0xff,0xff,0x02,0x00,0x00,0x00,0x00,0xff,0xfa,0xef,0xb9,0xff,0xff,0xfe,0xff,0xff,0xfb,0xf0,0xfc,
0xff,0xfc,0xf1,0xff,0xff,0xfc,0xf1,0xff,0xfe,0xfb,0xef,0xff,0xff,0xfe,0xf8,0xff,0xf4,0xe9,0xcc,0xff,0xd3,0xab,0x54,0xff,0xd5,0xaf,0x5c,0xff,0xd6,0xb0,0x5e,0xff,
0xd5,0xaf,0x5c,0xff,0xd3,0xab,0x54,0xff,0xee,0xde,0xb7,0xff,0xff,0xff,0xfd,0xff,0xfe,0xfb,0xee,0xff,0xff,0xfc,0xf1,0xff,0xff,0xfc,0xf1,0xff,0xff,0xfc,0xf1,0xff,
0xff,0xfc,0xf1,0xff,0xff,0xfc,0xf1,0xff,0xff,0xfc,0xf1,0xff,0xff,0xfc,0xf1,0xff,0xff,0xfc,0xf1,0xff,0xff,0xfc,0xf1,0xff,0xff,0xfc,0xf1,0xff,0xff,0xfc,0xf1,0xff,
0xff,0xfc,0xf1,0xff,0xff,0xfc,0xf1,0xff,0xff,0xfc,0xf1,0xff,0xff,0xfc,0xf1,0xff,0xff,0xfc,0xf1,0xff,0xff,0xfc,0xf1,0xff,0xff,0xfc,0xf1,0xff,0xff,0xfc,0xf1,0xff,
0xff,0xfb,0xf0,0xfe,0xff,0xff,0xf6,0xff,0xff,0xfc,0xef,0xec,0xff,0xe9,0xff,0x0c,0x00,0x00,0x00,0x00,0xff,0xff,0xff,0x01,0x00,0x00,0x00,0x00,0x00,0x00,0x00,0x00,
0x00,0x00,0x00,0x00,0x00,0x00,0x00,0x00,0x00,0x00,0x00,0x00,0x00,0x00,0x00,0x00,0x00,0x00,0x00,0x00,0x00,0x00,0x00,0x00,0x00,0x00,0x00,0x00,0x00,0x00,0x00,0x00,
0x00,0x00,0x00,0x00,0x00,0x00,0x00,0x00,0x00,0x00,0x00,0x00,0x00,0x00,0x00,0x00,0x00,0x00,0x00,0x00,0x00,0x00,0x00,0x00,0x00,0x00,0x00,0x00,0x00,0x00,0x00,0x00,
0x00,0x00,0x00,0x00,0x00,0x00,0x00,0x00,0x00,0x00,0x00,0x00,0xff,0xff,0xff,0x04,0x00,0x00,0x00,0x00,0xff,0xfc,0xf2,0x78,0xff,0xff,0xff,0xff,0xff,0xfb,0xf0,0xfb,
0xff,0xfc,0xf1,0xff,0xff,0xfc,0xf1,0xff,0xff,0xfc,0xf1,0xff,0xff,0xfb,0xef,0xff,0xff,0xff,0xfa,0xff,0xee,0xde,0xb7,0xff,0xd3,0xab,0x54,0xff,0xd5,0xaf,0x5c,0xff,
0xd6,0xb0,0x5e,0xff,0xd5,0xaf,0x5c,0xff,0xd3,0xab,0x54,0xff,0xee,0xde,0xb7,0xff,0xff,0xff,0xfd,0xff,0xfe,0xfb,0xef,0xff,0xff,0xfc,0xf1,0xff,0xff,0xfc,0xf1,0xff,
0xff,0xfc,0xf1,0xff,0xff,0xfc,0xf1,0xff,0xff,0xfc,0xf1,0xff,0xff,0xfc,0xf1,0xff,0xff,0xfc,0xf1,0xff,0xff,0xfc,0xf1,0xff,0xff,0xfc,0xf1,0xff,0xff,0xfc,0xf1,0xff,
0xff,0xfc,0xf1,0xff,0xff,0xfc,0xf1,0xff,0xff,0xfc,0xf1,0xff,0xff,0xfc,0xf1,0xff,0xff,0xfc,0xf1,0xff,0xff,0xfc,0xf1,0xff,0xff,0xfc,0xf1,0xff,0xff,0xfc,0xf1,0xff,
0xff,0xfb,0xf0,0xfc,0xff,0xff,0xfd,0xfe,0xff,0xfa,0xef,0xb6,0xff,0xff,0xff,0x02,0xff,0xff,0xff,0x02,0x00,0x00,0x00,0x00,0x00,0x00,0x00,0x00,0x00,0x00,0x00,0x00,
0x00,0x00,0x00,0x00,0x00,0x00,0x00,0x00,0x00,0x00,0x00,0x00,0x00,0x00,0x00,0x00,0x00,0x00,0x00,0x00,0x00,0x00,0x00,0x00,0x00,0x00,0x00,0x00,0x00,0x00,0x00,0x00,
0x00,0x00,0x00,0x00,0x00,0x00,0x00,0x00,0x00,0x00,0x00,0x00,0x00,0x00,0x00,0x00,0x00,0x00,0x00,0x00,0x00,0x00,0x00,0x00,0x00,0x00,0x00,0x00,0x00,0x00,0x00,0x00,
0x00,0x00,0x00,0x00,0x00,0x00,0x00,0x00,0x00,0x00,0x00,0x00,0xff,0xff,0xff,0x02,0x00,0x00,0x00,0x00,0xff,0xf8,0xf1,0x26,0xff,0xfd,0xf5,0xfb,0xff,0xfc,0xf1,0xfe,
0xff,0xfc,0xf1,0xff,0xff,0xfc,0xf1,0xff,0xff,0xfc,0xf1,0xff,0xff,0xfc,0xf1,0xff,0xfe,0xfb,0xef,0xff,0xff,0xff,0xfd,0xff,0xee,0xde,0xb7,0xff,0xd3,0xab,0x54,0xff,
0xd5,0xaf,0x5c,0xff,0xd6,0xb0,0x5e,0xff,0xd5,0xaf,0x5c,0xff,0xd3,0xab,0x54,0xff,0xef,0xde,0xb8,0xff,0xff,0xff,0xf9,0xff,0xff,0xfb,0xef,0xff,0xff,0xfc,0xf1,0xff,
0xff,0xfc,0xf1,0xff,0xff,0xfc,0xf1,0xff,0xff,0xfc,0xf1,0xff,0xff,0xfc,0xf1,0xff,0xff,0xfc,0xf1,0xff,0xff,0xfc,0xf1,0xff,0xff,0xfc,0xf1,0xff,0xff,0xfc,0xf1,0xff,
0xff,0xfc,0xf1,0xff,0xff,0xfc,0xf1,0xff,0xff,0xfc,0xf1,0xff,0xff,0xfc,0xf1,0xff,0xff,0xfc,0xf1,0xff,0xff,0xfc,0xf1,0xff,0xff,0xfc,0xf1,0xff,0xff,0xfc,0xf1,0xff,
0xff,0xfb,0xef,0xfc,0xff,0xff,0xff,0xff,0xff,0xfc,0xf1,0x60,0x00,0x00,0x00,0x00,0xff,0xff,0xff,0x04,0x00,0x00,0x00,0x00,0x00,0x00,0x00,0x00,0x00,0x00,0x00,0x00,
0x00,0x00,0x00,0x00,0x00,0x00,0x00,0x00,0x00,0x00,0x00,0x00,0x00,0x00,0x00,0x00,0x00,0x00,0x00,0x00,0x00,0x00,0x00,0x00,0x00,0x00,0x00,0x00,0x00,0x00,0x00,0x00,
0x00,0x00,0x00,0x00,0x00,0x00,0x00,0x00,0x00,0x00,0x00,0x00,0x00,0x00,0x00,0x00,0x00,0x00,0x00,0x00,0x00,0x00,0x00,0x00,0x00,0x00,0x00,0x00,0x00,0x00,0x00,0x00,
0x00,0x00,0x00,0x00,0x00,0x00,0x00,0x00,0x00,0x00,0x00,0x00,0x00,0x00,0x00,0x00,0xff,0xff,0xff,0x02,0xff,0x7f,0x7f,0x02,0xff,0xfc,0xf0,0xbe,0xff,0xff,0xfc,0xfe,
0xff,0xfb,0xf0,0xfc,0xff,0xfc,0xf1,0xff,0xff,0xfc,0xf1,0xff,0xff,0xfc,0xf1,0xff,0xff,0xfc,0xf1,0xff,0xfe,0xfb,0xee,0xff,0xff,0xff,0xfd,0xff,0xee,0xde,0xb7,0xff,
0xd3,0xab,0x54,0xff,0xd5,0xaf,0x5c,0xff,0xd6,0xb0,0x5f,0xff,0xd4,0xaf,0x5b,0xff,0xd4,0xae,0x5a,0xff,0xf8,0xef,0xd9,0xff,0xff,0xfe,0xf6,0xff,0xfe,0xfb,0xf0,0xff,
0xff,0xfc,0xf1,0xff,0xff,0xfc,0xf1,0xff,0xff,0xfc,0xf1,0xff,0xff,0xfc,0xf1,0xff,0xff,0xfc,0xf1,0xff,0xff,0xfc,0xf1,0xff,0xff,0xfc,0xf1,0xff,0xff,0xfc,0xf1,0xff,
0xff,0xfc,0xf1,0xff,0xff,0xfc,0xf1,0xff,0xff,0xfc,0xf1,0xff,0xff,0xfc,0xf1,0xff,0xff,0xfc,0xf1,0xff,0xff,0xfc,0xf1,0xff,0xff,0xfc,0xf1,0xff,0xff,0xfb,0xf0,0xfe,
0xff,0xff,0xf6,0xfd,0xff,0xfd,0xf4,0xeb,0xff,0xff,0xf2,0x15,0xff,0xff,0xff,0x01,0xff,0xff,0xff,0x01,0x00,0x00,0x00,0x00,0x00,0x00,0x00,0x00,0x00,0x00,0x00,0x00,
0x00,0x00,0x00,0x00,0x00,0x00,0x00,0x00,0x00,0x00,0x00,0x00,0x00,0x00,0x00,0x00,0x00,0x00,0x00,0x00,0x00,0x00,0x00,0x00,0x00,0x00,0x00,0x00,0x00,0x00,0x00,0x00,
0x00,0x00,0x00,0x00,0x00,0x00,0x00,0x00,0x00,0x00,0x00,0x00,0x00,0x00,0x00,0x00,0x00,0x00,0x00,0x00,0x00,0x00,0x00,0x00,0x00,0x00,0x00,0x00,0x00,0x00,0x00,0x00,
0x00,0x00,0x00,0x00,0x00,0x00,0x00,0x00,0x00,0x00,0x00,0x00,0x00,0x00,0x00,0x00,0xff,0xff,0xff,0x03,0x00,0x00,0x00,0x00,0xff,0xfb,0xef,0x41,0xff,0xff,0xfd,0xff,
0xff,0xfc,0xf0,0xfc,0xff,0xfc,0xf1,0xff,0xff,0xfc,0xf1,0xff,0xff,0xfc,0xf1,0xff,0xff,0xfc,0xf1,0xff,0xff,0xfc,0xf1,0xff,0xfe,0xfb,0xee,0xff,0xff,0xff,0xfd,0xff,
0xee,0xde,0xb7,0xff,0xd3,0xab,0x54,0xff,0xd5,0xae,0x5b,0xff,0xd5,0xb1,0x5e,0xff,0xd2,0xaa,0x52,0xff,0xf5,0xea,0xcf,0xff,0xff,0xff,0xf8,0xff,0xfe,0xfb,0xef,0xff,
0xff,0xfc,0xf1,0xff,0xff,0xfc,0xf1,0xff,0xff,0xfc,0xf1,0xff,0xff,0xfc,0xf1,0xff,0xff,0xfc,0xf1,0xff,0xff,0xfc,0xf1,0xff,0xff,0xfc,0xf1,0xff,0xff,0xfc,0xf1,0xff,
0xff,0xfc,0xf1,0xff,0xff,0xfc,0xf1,0xff,0xff,0xfc,0xf1,0xff,0xff,0xfc,0xf1,0xff,0xff,0xfc,0xf1,0xff,0xff,0xfc,0xf1,0xff,0xff,0xfc,0xf1,0xff,0xff,0xfb,0xef,0xfb,
0xff,0xff,0xff,0xff,0xff,0xfb,0xf1,0x80,0x00,0x00,0x00,0x00,0xff,0xff,0xff,0x03,0x00,0x00,0x00,0x00,0x00,0x00,0x00,0x00,0x00,0x00,0x00,0x00,0x00,0x00,0x00,0x00,
0x00,0x00,0x00,0x00,0x00,0x00,0x00,0x00,0x00,0x00,0x00,0x00,0x00,0x00,0x00,0x00,0x00,0x00,0x00,0x00,0x00,0x00,0x00,0x00,0x00,0x00,0x00,0x00,0x00,0x00,0x00,0x00,
0x00,0x00,0x00,0x00,0x00,0x00,0x00,0x00,0x00,0x00,0x00,0x00,0x00,0x00,0x00,0x00,0x00,0x00,0x00,0x00,0x00,0x00,0x00,0x00,0x00,0x00,0x00,0x00,0x00,0x00,0x00,0x00,
0x00,0x00,0x00,0x00,0x00,0x00,0x00,0x00,0x00,0x00,0x00,0x00,0x00,0x00,0x00,0x00,0x00,0x00,0x00,0x00,0xff,0xff,0xff,0x03,0x00,0x00,0x00,0x00,0xff,0xfa,0xee,0xaa,
0xff,0xff,0xff,0xff,0xff,0xfb,0xf0,0xfb,0xff,0xfc,0xf1,0xff,0xff,0xfc,0xf1,0xff,0xff,0xfc,0xf1,0xff,0xff,0xfc,0xf1,0xff,0xff,0xfc,0xf1,0xff,0xfe,0xfb,0xee,0xff,
0xff,0xff,0xfd,0xff,0xee,0xde,0xb8,0xff,0xd4,0xae,0x5a,0xff,0xd2,0xaa,0x52,0xff,0xe7,0xd0,0x9b,0xff,0xff,0xfe,0xf6,0xff,0xff,0xfb,0xf0,0xff,0xff,0xfc,0xf1,0xff,
0xff,0xfc,0xf1,0xff,0xff,0xfc,0xf1,0xff,0xff,0xfc,0xf1,0xff,0xff,0xfc,0xf1,0xff,0xff,0xfc,0xf1,0xff,0xff,0xfc,0xf1,0xff,0xff,0xfc,0xf1,0xff,0xff,0xfc,0xf1,0xff,
0xff,0xfc,0xf1,0xff,0xff,0xfc,0xf1,0xff,0xff,0xfc,0xf1,0xff,0xff,0xfc,0xf1,0xff,0xff,0xfc,0xf1,0xff,0xff,0xfc,0xf1,0xff,0xff,0xfb,0xef,0xfd,0xff,0xff,0xf9,0xfe,
0xff,0xfc,0xf3,0xdc,0xff,0xff,0xff,0x0f,0xff,0xff,0xff,0x02,0xff,0xff,0xff,0x01,0x00,0x00,0x00,0x00,0x00,0x00,0x00,0x00,0x00,0x00,0x00,0x00,0x00,0x00,0x00,0x00,
0x00,0x00,0x00,0x00,0x00,0x00,0x00,0x00,0x00,0x00,0x00,0x00,0x00,0x00,0x00,0x00,0x00,0x00,0x00,0x00,0x00,0x00,0x00,0x00,0x00,0x00,0x00,0x00,0x00,0x00,0x00,0x00,
0x00,0x00,0x00,0x00,0x00,0x00,0x00,0x00,0x00,0x00,0x00,0x00,0x00,0x00,0x00,0x00,0x00,0x00,0x00,0x00,0x00,0x00,0x00,0x00,0x00,0x00,0x00,0x00,0x00,0x00,0x00,0x00,
0x00,0x00,0x00,0x00,0x00,0x00,0x00,0x00,0x00,0x00,0x00,0x00,0x00,0x00,0x00,0x00,0x00,0x00,0x00,0x00,0xff,0xff,0xff,0x02,0xff,0xff,0xff,0x01,0xff,0xf3,0xf3,0x16,
0xff,0xfc,0xf4,0xe9,0xff,0xfd,0xf6,0xfe,0xff,0xfb,0xef,0xfd,0xff,0xfc,0xf1,0xff,0xff,0xfc,0xf1,0xff,0xff,0xfc,0xf1,0xff,0xff,0xfc,0xf1,0xff,0xff,0xfc,0xf1,0xff,
0xfe,0xfb,0xef,0xff,0xff,0xff,0xf9,0xff,0xf8,0xf0,0xd9,0xff,0xf5,0xea,0xcf,0xff,0xff,0xfe,0xf6,0xff,0xff,0xfc,0xf2,0xff,0xff,0xfc,0xf1,0xff,0xff,0xfc,0xf1,0xff,
0xff,0xfc,0xf1,0xff,0xff,0xfc,0xf1,0xff,0xff,0xfc,0xf1,0xff,0xff,0xfc,0xf1,0xff,0xff,0xfc,0xf1,0xff,0xff,0xfc,0xf1,0xff,0xff,0xfc,0xf1,0xff,0xff,0xfc,0xf1,0xff,
0xff,0xfc,0xf1,0xff,0xff,0xfc,0xf1,0xff,0xff,0xfc,0xf1,0xff,0xff,0xfc,0xf1,0xff,0xff,0xfc,0xf1,0xff,0xff,0xfb,0xf0,0xfe,0xff,0xfb,0xf2,0xfb,0xff,0xff,0xfb,0xff,
0xff,0xfb,0xef,0x43,0x00,0x00,0x00,0x00,0xff,0xff,0xff,0x03,0x00,0x00,0x00,0x00,0x00,0x00,0x00,0x00,0x00,0x00,0x00,0x00,0x00,0x00,0x00,0x00,0x00,0x00,0x00,0x00,
0x00,0x00,0x00,0x00,0x00,0x00,0x00,0x00,0x00,0x00,0x00,0x00,0x00,0x00,0x00,0x00,0x00,0x00,0x00,0x00,0x00,0x00,0x00,0x00,0x00,0x00,0x00,0x00,0x00,0x00,0x00,0x00,
0x00,0x00,0x00,0x00,0x00,0x00,0x00,0x00,0x00,0x00,0x00,0x00,0x00,0x00,0x00,0x00,0x00,0x00,0x00,0x00,0x00,0x00,0x00,0x00,0x00,0x00,0x00,0x00,0x00,0x00,0x00,0x00,
0x00,0x00,0x00,0x00,0x00,0x00,0x00,0x00,0x00,0x00,0x00,0x00,0x00,0x00,0x00,0x00,0x00,0x00,0x00,0x00,0x00,0x00,0x00,0x00,0xff,0xff,0xff,0x02,0x00,0x00,0x00,0x00,
0xff,0xfa,0xed,0x39,0xff,0xfd,0xf7,0xfe,0xff,0xfd,0xf3,0xfd,0xff,0xfb,0xef,0xfd,0xff,0xfc,0xf1,0xff,0xff,0xfc,0xf1,0xff,0xff,0xfc,0xf1,0xff,0xff,0xfc,0xf1,0xff,
0xff,0xfc,0xf1,0xff,0xff,0xfb,0xef,0xff,0xff,0xff,0xf6,0xff,0xff,0xff,0xf8,0xff,0xff,0xfc,0xf0,0xff,0xff,0xfc,0xf1,0xff,0xff,0xfc,0xf1,0xff,0xff,0xfc,0xf1,0xff,
0xff,0xfc,0xf1,0xff,0xff,0xfc,0xf1,0xff,0xff,0xfc,0xf1,0xff,0xff,0xfc,0xf1,0xff,0xff,0xfc,0xf1,0xff,0xff,0xfc,0xf1,0xff,0xff,0xfc,0xf1,0xff,0xff,0xfc,0xf1,0xff,
0xff,0xfc,0xf1,0xff,0xff,0xfc,0xf1,0xff,0xff,0xfc,0xf1,0xff,0xff,0xfc,0xf1,0xff,0xff,0xfb,0xf0,0xfe,0xff,0xfb,0xf0,0xfa,0xff,0xff,0xff,0xff,0xff,0xfc,0xef,0x70,
0x00,0x00,0x00,0x00,0xff,0xff,0xff,0x04,0x00,0x00,0x00,0x00,0x00,0x00,0x00,0x00,0x00,0x00,0x00,0x00,0x00,0x00,0x00,0x00,0x00,0x00,0x00,0x00,0x00,0x00,0x00,0x00,
0x00,0x00,0x00,0x00,0x00,0x00,0x00,0x00,0x00,0x00,0x00,0x00,0x00,0x00,0x00,0x00,0x00,0x00,0x00,0x00,0x00,0x00,0x00,0x00,0x00,0x00,0x00,0x00,0x00,0x00,0x00,0x00,
0x00,0x00,0x00,0x00,0x00,0x00,0x00,0x00,0x00,0x00,0x00,0x00,0x00,0x00,0x00,0x00,0x00,0x00,0x00,0x00,0x00,0x00,0x00,0x00,0x00,0x00,0x00,0x00,0x00,0x00,0x00,0x00,
0x00,0x00,0x00,0x00,0x00,0x00,0x00,0x00,0x00,0x00,0x00,0x00,0x00,0x00,0x00,0x00,0x00,0x00,0x00,0x00,0x00,0x00,0x00,0x00,0x00,0x00,0x00,0x00,0xff,0xff,0xff,0x03,
0x00,0x00,0x00,0x00,0xff,0xf9,0xed,0x65,0xff,0xff,0xfd,0xff,0xff,0xfe,0xf5,0xff,0xff,0xfb,0xef,0xfc,0xff,0xfc,0xf1,0xff,0xff,0xfc,0xf1,0xff,0xff,0xfc,0xf1,0xff,
0xff,0xfc,0xf1,0xff,0xff,0xfc,0xf1,0xff,0xff,0xfb,0xf0,0xff,0xff,0xfb,0xef,0xff,0xff,0xfc,0xf1,0xff,0xff,0xfc,0xf1,0xff,0xff,0xfc,0xf1,0xff,0xff,0xfc,0xf1,0xff,
0xff,0xfc,0xf1,0xff,0xff,0xfc,0xf1,0xff,0xff,0xfc,0xf1,0xff,0xff,0xfc,0xf1,0xff,0xff,0xfc,0xf1,0xff,0xff,0xfc,0xf1,0xff,0xff,0xfc,0xf1,0xff,0xff,0xfc,0xf1,0xff,
0xff,0xfc,0xf1,0xff,0xff,0xfc,0xf1,0xff,0xff,0xfc,0xf1,0xff,0xff,0xfb,0xf0,0xfd,0xff,0xfc,0xf1,0xfc,0xff,0xff,0xff,0xff,0xff,0xfb,0xf1,0x9a,0x00,0x00,0x00,0x00,
0xff,0xff,0xff,0x03,0x00,0x00,0x00,0x00,0x00,0x00,0x00,0x00,0x00,0x00,0x00,0x00,0x00,0x00,0x00,0x00,0x00,0x00,0x00,0x00,0x00,0x00,0x00,0x00,0x00,0x00,0x00,0x00,
0x00,0x00,0x00,0x00,0x00,0x00,0x00,0x00,0x00,0x00,0x00,0x00,0x00,0x00,0x00,0x00,0x00,0x00,0x00,0x00,0x00,0x00,0x00,0x00,0x00,0x00,0x00,0x00,0x00,0x00,0x00,0x00,
0x00,0x00,0x00,0x00,0x00,0x00,0x00,0x00,0x00,0x00,0x00,0x00,0x00,0x00,0x00,0x00,0x00,0x00,0x00,0x00,0x00,0x00,0x00,0x00,0x00,0x00,0x00,0x00,0x00,0x00,0x00,0x00,
0x00,0x00,0x00,0x00,0x00,0x00,0x00,0x00,0x00,0x00,0x00,0x00,0x00,0x00,0x00,0x00,0x00,0x00,0x00,0x00,0x00,0x00,0x00,0x00,0x00,0x00,0x00,0x00,0x00,0x00,0x00,0x00,
0xff,0xff,0xff,0x03,0x00,0x00,0x00,0x00,0xff,0xfb,0xed,0x47,0xff,0xfc,0xf6,0xed,0xff,0xff,0xfe,0xff,0xff,0xfb,0xf0,0xfb,0xff,0xfb,0xf0,0xfe,0xff,0xfc,0xf1,0xff,
0xff,0xfc,0xf1,0xff,0xff,0xfc,0xf1,0xff,0xff,0xfc,0xf1,0xff,0xff,0xfc,0xf1,0xff,0xff,0xfc,0xf1,0xff,0xff,0xfc,0xf1,0xff,0xff,0xfc,0xf1,0xff,0xff,0xfc,0xf1,0xff,
0xff,0xfc,0xf1,0xff,0xff,0xfc,0xf1,0xff,0xff,0xfc,0xf1,0xff,0xff,0xfc,0xf1,0xff,0xff,0xfc,0xf1,0xff,0xff,0xfc,0xf1,0xff,0xff,0xfc,0xf1,0xff,0xff,0xfc,0xf1,0xff,
0xff,0xfc,0xf1,0xff,0xff,0xfb,0xf0,0xfe,0xff,0xfb,0xf0,0xfb,0xff,0xff,0xf7,0xff,0xff,0xff,0xfa,0xff,0xff,0xfc,0xf3,0x70,0x00,0x00,0x00,0x00,0xff,0xff,0xff,0x02,
0xff,0xff,0xff,0x01,0x00,0x00,0x00,0x00,0x00,0x00,0x00,0x00,0x00,0x00,0x00,0x00,0x00,0x00,0x00,0x00,0x00,0x00,0x00,0x00,0x00,0x00,0x00,0x00,0x00,0x00,0x00,0x00,
0x00,0x00,0x00,0x00,0x00,0x00,0x00,0x00,0x00,0x00,0x00,0x00,0x00,0x00,0x00,0x00,0x00,0x00,0x00,0x00,0x00,0x00,0x00,0x00,0x00,0x00,0x00,0x00,0x00,0x00,0x00,0x00,
0x00,0x00,0x00,0x00,0x00,0x00,0x00,0x00,0x00,0x00,0x00,0x00,0x00,0x00,0x00,0x00,0x00,0x00,0x00,0x00,0x00,0x00,0x00,0x00,0x00,0x00,0x00,0x00,0x00,0x00,0x00,0x00,
0x00,0x00,0x00,0x00,0x00,0x00,0x00,0x00,0x00,0x00,0x00,0x00,0x00,0x00,0x00,0x00,0x00,0x00,0x00,0x00,0x00,0x00,0x00,0x00,0x00,0x00,0x00,0x00,0x00,0x00,0x00,0x00,
0x00,0x00,0x00,0x00,0xff,0xff,0xff,0x03,0x00,0x00,0x00,0x00,0xff,0xf8,0xea,0x26,0xff,0xfd,0xf5,0xc4,0xff,0xff,0xff,0xff,0xff,0xff,0xf5,0xff,0xff,0xfb,0xef,0xfb,
0xff,0xfb,0xf0,0xfd,0xff,0xfc,0xf1,0xff,0xff,0xfc,0xf1,0xff,0xff,0xfc,0xf1,0xff,0xff,0xfc,0xf1,0xff,0xff,0xfc,0xf1,0xff,0xff,0xfc,0xf1,0xff,0xff,0xfc,0xf1,0xff,
0xff,0xfc,0xf1,0xff,0xff,0xfc,0xf1,0xff,0xff,0xfc,0xf1,0xff,0xff,0xfc,0xf1,0xff,0xff,0xfc,0xf1,0xff,0xff,0xfc,0xf1,0xff,0xff,0xfc,0xf1,0xff,0xff,0xfb,0xf0,0xfe,
0xff,0xfb,0xf0,0xfb,0xff,0xfc,0xf1,0xff,0xff,0xff,0xff,0xff,0xff,0xfd,0xf7,0xe5,0xff,0xfb,0xf0,0x47,0x00,0x00,0x00,0x00,0xff,0xff,0xff,0x02,0xff,0xff,0xff,0x01,
0x00,0x00,0x00,0x00,0x00,0x00,0x00,0x00,0x00,0x00,0x00,0x00,0x00,0x00,0x00,0x00,0x00,0x00,0x00,0x00,0x00,0x00,0x00,0x00,0x00,0x00,0x00,0x00,0x00,0x00,0x00,0x00,
0x00,0x00,0x00,0x00,0x00,0x00,0x00,0x00,0x00,0x00,0x00,0x00,0x00,0x00,0x00,0x00,0x00,0x00,0x00,0x00,0x00,0x00,0x00,0x00,0x00,0x00,0x00,0x00,0x00,0x00,0x00,0x00,
0x00,0x00,0x00,0x00,0x00,0x00,0x00,0x00,0x00,0x00,0x00,0x00,0x00,0x00,0x00,0x00,0x00,0x00,0x00,0x00,0x00,0x00,0x00,0x00,0x00,0x00,0x00,0x00,0x00,0x00,0x00,0x00,
0x00,0x00,0x00,0x00,0x00,0x00,0x00,0x00,0x00,0x00,0x00,0x00,0x00,0x00,0x00,0x00,0x00,0x00,0x00,0x00,0x00,0x00,0x00,0x00,0x00,0x00,0x00,0x00,0x00,0x00,0x00,0x00,
0x00,0x00,0x00,0x00,0x00,0x00,0x00,0x00,0xff,0xff,0xff,0x03,0x00,0x00,0x00,0x00,0xff,0xcc,0xcc,0x05,0xff,0xff,0xf5,0x6d,0xff,0xfd,0xf8,0xe9,0xff,0xff,0xff,0xff,
0xff,0xff,0xf9,0xff,0xff,0xfb,0xf0,0xfe,0xff,0xfb,0xf0,0xfb,0xff,0xfb,0xf0,0xfc,0xff,0xfb,0xf0,0xfe,0xff,0xfb,0xf0,0xfe,0xff,0xfc,0xf1,0xff,0xff,0xfc,0xf1,0xff,
0xff,0xfc,0xf1,0xff,0xff,0xfc,0xf1,0xff,0xff,0xfb,0xf0,0xfe,0xff,0xfb,0xf0,0xfe,0xff,0xfc,0xf1,0xfc,0xff,0xfb,0xf0,0xfb,0xff,0xfa,0xef,0xfd,0xff,0xff,0xf6,0xff,
0xff,0xff,0xff,0xff,0xff,0xfd,0xf7,0xf9,0xff,0xfd,0xf8,0x92,0xff,0xf3,0xe7,0x16,0x00,0x00,0x00,0x00,0xff,0xff,0xff,0x03,0x00,0x00,0x00,0x00,0x00,0x00,0x00,0x00,
0x00,0x00,0x00,0x00,0x00,0x00,0x00,0x00,0x00,0x00,0x00,0x00,0x00,0x00,0x00,0x00,0x00,0x00,0x00,0x00,0x00,0x00,0x00,0x00,0x00,0x00,0x00,0x00,0x00,0x00,0x00,0x00,
0x00,0x00,0x00,0x00,0x00,0x00,0x00,0x00,0x00,0x00,0x00,0x00,0x00,0x00,0x00,0x00,0x00,0x00,0x00,0x00,0x00,0x00,0x00,0x00,0x00,0x00,0x00,0x00,0x00,0x00,0x00,0x00,
0x00,0x00,0x00,0x00,0x00,0x00,0x00,0x00,0x00,0x00,0x00,0x00,0x00,0x00,0x00,0x00,0x00,0x00,0x00,0x00,0x00,0x00,0x00,0x00,0x00,0x00,0x00,0x00,0x00,0x00,0x00,0x00,
0x00,0x00,0x00,0x00,0x00,0x00,0x00,0x00,0x00,0x00,0x00,0x00,0x00,0x00,0x00,0x00,0x00,0x00,0x00,0x00,0x00,0x00,0x00,0x00,0x00,0x00,0x00,0x00,0x00,0x00,0x00,0x00,
0x00,0x00,0x00,0x00,0x00,0x00,0x00,0x00,0x00,0x00,0x00,0x00,0xff,0xff,0xff,0x02,0x00,0x00,0x00,0x00,0x00,0x00,0x00,0x00,0xff,0xf3,0xe8,0x17,0xff,0xfc,0xf8,0x74,
0xff,0xfd,0xf5,0xd1,0xff,0xff,0xf8,0xff,0xff,0xff,0xff,0xff,0xff,0xff,0xfd,0xff,0xff,0xff,0xf6,0xff,0xff,0xfe,0xf3,0xff,0xff,0xfb,0xef,0xfd,0xff,0xfb,0xf0,0xfd,
0xff,0xfb,0xf0,0xfd,0xff,0xfb,0xef,0xfd,0xff,0xfd,0xf2,0xff,0xff,0xff,0xf5,0xff,0xff,0xff,0xfb,0xff,0xff,0xff,0xff,0xff,0xff,0xff,0xfe,0xff,0xff,0xfd,0xf4,0xe3,
0xff,0xff,0xf7,0x8b,0xff,0xf9,0xf3,0x2c,0x00,0x00,0x00,0x00,0x00,0x00,0x00,0x00,0xff,0xff,0xff,0x03,0x00,0x00,0x00,0x00,0x00,0x00,0x00,0x00,0x00,0x00,0x00,0x00,
0x00,0x00,0x00,0x00,0x00,0x00,0x00,0x00,0x00,0x00,0x00,0x00,0x00,0x00,0x00,0x00,0x00,0x00,0x00,0x00,0x00,0x00,0x00,0x00,0x00,0x00,0x00,0x00,0x00,0x00,0x00,0x00,
0x00,0x00,0x00,0x00,0x00,0x00,0x00,0x00,0x00,0x00,0x00,0x00,0x00,0x00,0x00,0x00,0x00,0x00,0x00,0x00,0x00,0x00,0x00,0x00,0x00,0x00,0x00,0x00,0x00,0x00,0x00,0x00,
0x00,0x00,0x00,0x00,0x00,0x00,0x00,0x00,0x00,0x00,0x00,0x00,0x00,0x00,0x00,0x00,0x00,0x00,0x00,0x00,0x00,0x00,0x00,0x00,0x00,0x00,0x00,0x00,0x00,0x00,0x00,0x00,
0x00,0x00,0x00,0x00,0x00,0x00,0x00,0x00,0x00,0x00,0x00,0x00,0x00,0x00,0x00,0x00,0x00,0x00,0x00,0x00,0x00,0x00,0x00,0x00,0x00,0x00,0x00,0x00,0x00,0x00,0x00,0x00,
0x00,0x00,0x00,0x00,0x00,0x00,0x00,0x00,0x00,0x00,0x00,0x00,0x00,0x00,0x00,0x00,0xff,0xff,0xff,0x01,0xff,0xff,0xff,0x03,0x00,0x00,0x00,0x00,0x00,0x00,0x00,0x00,
0xff,0xff,0xff,0x02,0xff,0xff,0xfa,0x39,0xff,0xfc,0xf6,0x7f,0xff,0xfd,0xf2,0xbc,0xff,0xfc,0xf1,0xeb,0xff,0xfc,0xf2,0xf5,0xff,0xff,0xfd,0xff,0xff,0xff,0xfc,0xff,
0xff,0xff,0xfb,0xff,0xff,0xff,0xfd,0xff,0xff,0xfb,0xf0,0xfc,0xff,0xfc,0xf3,0xee,0xff,0xfc,0xf4,0xca,0xff,0xff,0xf7,0x8f,0xff,0xff,0xf8,0x4e,0xff,0xec,0xec,0x0e,
0x00,0x00,0x00,0x00,0x00,0x00,0x00,0x00,0xff,0xff,0xff,0x03,0xff,0xff,0xff,0x01,0x00,0x00,0x00,0x00,0x00,0x00,0x00,0x00,0x00,0x00,0x00,0x00,0x00,0x00,0x00,0x00,
0x00,0x00,0x00,0x00,0x00,0x00,0x00,0x00,0x00,0x00,0x00,0x00,0x00,0x00,0x00,0x00,0x00,0x00,0x00,0x00,0x00,0x00,0x00,0x00,0x00,0x00,0x00,0x00,0x00,0x00,0x00,0x00,
0x00,0x00,0x00,0x00,0x00,0x00,0x00,0x00,0x00,0x00,0x00,0x00,0x00,0x00,0x00,0x00,0x00,0x00,0x00,0x00,0x00,0x00,0x00,0x00,0x00,0x00,0x00,0x00,0x00,0x00,0x00,0x00,
0x00,0x00,0x00,0x00,0x00,0x00,0x00,0x00,0x00,0x00,0x00,0x00,0x00,0x00,0x00,0x00,0x00,0x00,0x00,0x00,0x00,0x00,0x00,0x00,0x00,0x00,0x00,0x00,0x00,0x00,0x00,0x00,
0x00,0x00,0x00,0x00,0x00,0x00,0x00,0x00,0x00,0x00,0x00,0x00,0x00,0x00,0x00,0x00,0x00,0x00,0x00,0x00,0x00,0x00,0x00,0x00,0x00,0x00,0x00,0x00,0x00,0x00,0x00,0x00,
0x00,0x00,0x00,0x00,0x00,0x00,0x00,0x00,0x00,0x00,0x00,0x00,0x00,0x00,0x00,0x00,0x00,0x00,0x00,0x00,0x00,0x00,0x00,0x00,0xff,0xff,0xff,0x01,0xff,0xff,0xff,0x04,
0x00,0x00,0x00,0x00,0x00,0x00,0x00,0x00,0x00,0x00,0x00,0x00,0x00,0x00,0x00,0x00,0xff,0xff,0xee,0x0f,0xff,0xff,0xf6,0x1d,0xff,0xff,0xfb,0x41,0xff,0xfb,0xef,0x41,
0xff,0xfb,0xef,0x41,0xff,0xff,0xfb,0x41,0xff,0xf8,0xf2,0x29,0xff,0xff,0xff,0x10,0x00,0x00,0x00,0x00,0x00,0x00,0x00,0x00,0x00,0x00,0x00,0x00,0x00,0x00,0x00,0x00,
0xff,0xff,0xff,0x04,0xff,0xff,0xff,0x02,0x00,0x00,0x00,0x00,0x00,0x00,0x00,0x00,0x00,0x00,0x00,0x00,0x00,0x00,0x00,0x00,0x00,0x00,0x00,0x00,0x00,0x00,0x00,0x00,
0x00,0x00,0x00,0x00,0x00,0x00,0x00,0x00,0x00,0x00,0x00,0x00,0x00,0x00,0x00,0x00,0x00,0x00,0x00,0x00,0x00,0x00,0x00,0x00,0x00,0x00,0x00,0x00,0x00,0x00,0x00,0x00,
0x00,0x00,0x00,0x00,0x00,0x00,0x00,0x00,0x00,0x00,0x00,0x00,0x00,0x00,0x00,0x00,0x00,0x00,0x00,0x00,0x00,0x00,0x00,0x00,0x00,0x00,0x00,0x00,0x00,0x00,0x00,0x00,
0x00,0x00,0x00,0x00,0x00,0x00,0x00,0x00,0x00,0x00,0x00,0x00,0x00,0x00,0x00,0x00,0x00,0x00,0x00,0x00,0x00,0x00,0x00,0x00,0x00,0x00,0x00,0x00,0x00,0x00,0x00,0x00,
0x00,0x00,0x00,0x00,0x00,0x00,0x00,0x00,0x00,0x00,0x00,0x00,0x00,0x00,0x00,0x00,0x00,0x00,0x00,0x00,0x00,0x00,0x00,0x00,0x00,0x00,0x00,0x00,0x00,0x00,0x00,0x00,
0x00,0x00,0x00,0x00,0x00,0x00,0x00,0x00,0x00,0x00,0x00,0x00,0x00,0x00,0x00,0x00,0x00,0x00,0x00,0x00,0x00,0x00,0x00,0x00,0x00,0x00,0x00,0x00,0x00,0x00,0x00,0x00,
0xff,0xff,0xff,0x01,0xff,0xff,0xff,0x03,0xff,0xff,0xff,0x04,0xff,0xff,0xff,0x02,0x00,0x00,0x00,0x00,0x00,0x00,0x00,0x00,0x00,0x00,0x00,0x00,0x00,0x00,0x00,0x00,
0x00,0x00,0x00,0x00,0x00,0x00,0x00,0x00,0x00,0x00,0x00,0x00,0x00,0x00,0x00,0x00,0xff,0x00,0x00,0x01,0xff,0xff,0xff,0x04,0xff,0xff,0xff,0x03,0xff,0xff,0xff,0x01,
0x00,0x00,0x00,0x00,0x00,0x00,0x00,0x00,0x00,0x00,0x00,0x00,0x00,0x00,0x00,0x00,0x00,0x00,0x00,0x00,0x00,0x00,0x00,0x00,0x00,0x00,0x00,0x00,0x00,0x00,0x00,0x00,
0x00,0x00,0x00,0x00,0x00,0x00,0x00,0x00,0x00,0x00,0x00,0x00,0x00,0x00,0x00,0x00,0x00,0x00,0x00,0x00,0x00,0x00,0x00,0x00,0x00,0x00,0x00,0x00,0x00,0x00,0x00,0x00,
0x00,0x00,0x00,0x00,0x00,0x00,0x00,0x00,0x00,0x00,0x00,0x00,0x00,0x00,0x00,0x00,0x00,0x00,0x00,0x00,0x00,0x00,0x00,0x00,0x00,0x00,0x00,0x00,0x00,0x00,0x00,0x00,
0x00,0x00,0x00,0x00,0x00,0x00,0x00,0x00,0x00,0x00,0x00,0x00,0x00,0x00,0x00,0x00,0x00,0x00,0x00,0x00,0x00,0x00,0x00,0x00,0x00,0x00,0x00,0x00,0x00,0x00,0x00,0x00,
0x00,0x00,0x00,0x00,0x00,0x00,0x00,0x00,0x00,0x00,0x00,0x00,0x00,0x00,0x00,0x00,0x00,0x00,0x00,0x00,0x00,0x00,0x00,0x00,0x00,0x00,0x00,0x00,0x00,0x00,0x00,0x00,
0x00,0x00,0x00,0x00,0x00,0x00,0x00,0x00,0x00,0x00,0x00,0x00,0x00,0x00,0x00,0x00,0x00,0x00,0x00,0x00,0x00,0x00,0x00,0x00,0x00,0x00,0x00,0x00,0x00,0x00,0x00,0x00,
0x00,0x00,0x00,0x00,0x00,0x00,0x00,0x00,0x00,0x00,0x00,0x00,0x00,0x00,0x00,0x00,0xff,0xff,0xff,0x01,0xff,0xff,0xff,0x02,0xff,0xff,0xff,0x03,0xff,0xff,0xff,0x03,
0xff,0xff,0xff,0x03,0xff,0xff,0xff,0x03,0xff,0xff,0xff,0x02,0xff,0xff,0xff,0x01,0x00,0x00,0x00,0x00,0x00,0x00,0x00,0x00,0x00,0x00,0x00,0x00,0x00,0x00,0x00,0x00,
0x00,0x00,0x00,0x00,0x00,0x00,0x00,0x00,0x00,0x00,0x00,0x00,0x00,0x00,0x00,0x00,0x00,0x00,0x00,0x00,0x00,0x00,0x00,0x00,0x00,0x00,0x00,0x00,0x00,0x00,0x00,0x00,
0x00,0x00,0x00,0x00,0x00,0x00,0x00,0x00,0x00,0x00,0x00,0x00,0x00,0x00,0x00,0x00,0x00,0x00,0x00,0x00,0x00,0x00,0x00,0x00,0x00,0x00,0x00,0x00,0x00,0x00,0x00,0x00,
0x00,0x00,0x00,0x00,0x00,0x00,0x00,0x00,0x00,0x00,0x00,0x00,0x00,0x00,0x00,0x00,0x00,0x00,0x00,0x00,0x00,0x00,0x00,0x00,0x00,0x00,0x00,0x00,0x00,0x00,0x00,0x00,
0x00,0x00,0x00,0x00,0x00,0x00,0x00,0x00,0x00,0x00,0x00,0x00,0x00,0x00,0x00,0x00,0x00,0x00,0x00,0x00,0x00,0x00,0x00,0x00,0x00,0x00,0x00,0x00,0x00,0x00,0x00,0x00,
0x00,0x00,0x00,0x00,0x00,0x00,0x00,0x00,0x00,0x00,0x00,0x00,0x00,0x00,0x00,0x00,0x00,0x00,0x00,0x00,0x00,0x00,0x00,0x00,0x00,0x00,0x00,0x00,0x00,0x00,0x00,0x00,
0x00,0x00,0x00,0x00,0x00,0x00,0x00,0x00,0x00,0x00,0x00,0x00,0x00,0x00,0x00,0x00,0x00,0x00,0x00,0x00,0x00,0x00,0x00,0x00,0x00,0x00,0x00,0x00,0x00,0x00,0x00,0x00,
0x00,0x00,0x00,0x00,0x00,0x00,0x00,0x00,0x00,0x00,0x00,0x00,0x00,0x00,0x00,0x00,0x00,0x00,0x00,0x00,0x00,0x00,0x00,0x00,0x00,0x00,0x00,0x00,0x00,0x00,0x00,0x00,
0x00,0x00,0x00,0x00,0x00,0x00,0x00,0x00,0x00,0x00,0x00,0x00,0x00,0x00,0x00,0x00,0x00,0x00,0x00,0x00,0x00,0x00,0x00,0x00,0x00,0x00,0x00,0x00,0x00,0x00,0x00,0x00,
0x00,0x00,0x00,0x00,0x00,0x00,0x00,0x00,0x00,0x00,0x00,0x00,0x00,0x00,0x00,0x00,0x00,0x00,0x00,0x00,0x00,0x00,0x00,0x00,0x00,0x00,0x00,0x00,0x00,0x00,0x00,0x00,
0x00,0x00,0x00,0x00,0x00,0x00,0x00,0x00,0x00,0x00,0x00,0x00,0x00,0x00,0x00,0x00,0x00,0x00,0x00,0x00,0x00,0x00,0x00,0x00,0x00,0x00,0x00,0x00,0x00,0x00,0x00,0x00,
0x00,0x00,0x00,0x00,0x00,0x00,0x00,0x00,0x00,0x00,0x00,0x00,0x00,0x00,0x00,0x00,0x00,0x00,0x00,0x00,0x00,0x00,0x00,0x00,0x00,0x00,0x00,0x00,0x00,0x00,0x00,0x00,
0x00,0x00,0x00,0x00,0x00,0x00,0x00,0x00,0x00,0x00,0x00,0x00,0x00,0x00,0x00,0x00,0x00,0x00,0x00,0x00,0x00,0x00,0x00,0x00,0x00,0x00,0x00,0x00,0x00,0x00,0x00,0x00,
0x00,0x00,0x00,0x00,0x00,0x00,0x00,0x00,0x00,0x00,0x00,0x00,0x00,0x00,0x00,0x00,0x00,0x00,0x00,0x00,0x00,0x00,0x00,0x00,0x00,0x00,0x00,0x00,0x00,0x00,0x00,0x00,
0x00,0x00,0x00,0x00,0x00,0x00,0x00,0x00,0x00,0x00,0x00,0x00,0x00,0x00,0x00,0x00,0x00,0x00,0x00,0x00,0x00,0x00,0x00,0x00,0x00,0x00,0x00,0x00,0x00,0x00,0x00,0x00,
0x00,0x00,0x00,0x00,0x00,0x00,0x00,0x00,0x00,0x00,0x00,0x00,0x00,0x00,0x00,0x00,0x00,0x00,0x00,0x00,0x00,0x00,0x00,0x00,0x00,0x00,0x00,0x00,0x00,0x00,0x00,0x00,
0x00,0x00,0x00,0x00,0x00,0x00,0x00,0x00,0x00,0x00,0x00,0x00,0x00,0x00,0x00,0x00,0x00,0x00,0x00,0x00,0x00,0x00,0x00,0x00,0x00,0x00,0x00,0x00,0x00,0x00,0x00,0x00,
0x00,0x00,0x00,0x00,0x00,0x00,0x00,0x00,0x00,0x00,0x00,0x00,0x00,0x00,0x00,0x00,0x00,0x00,0x00,0x00,0x00,0x00,0x00,0x00,0x00,0x00,0x00,0x00,0x00,0x00,0x00,0x00,
0x00,0x00,0x00,0x00,0x00,0x00,0x00,0x00,0x00,0x00,0x00,0x00,0x00,0x00,0x00,0x00,0x00,0x00,0x00,0x00,0x00,0x00,0x00,0x00,0x00,0x00,0x00,0x00,0x00,0x00,0x00,0x00,
0x00,0x00,0x00,0x00,0x00,0x00,0x00,0x00,0x00,0x00,0x00,0x00,0x00,0x00,0x00,0x00,0x00,0x00,0x00,0x00,0x00,0x00,0x00,0x00,0x00,0x00,0x00,0x00,0x00,0x00,0x00,0x00,
0x00,0x00,0x00,0x00,0x00,0x00,0x00,0x00,0x00,0x00,0x00,0x00,0x00,0x00,0x00,0x00,0x00,0x00,0x00,0x00,0x00,0x00,0x00,0x00,0x00,0x00,0x00,0x00,0x00,0x00,0x00,0x00,
0x00,0x00,0x00,0x00,0x00,0x00,0x00,0x00,0x00,0x00,0x00,0x00,0x00,0x00,0x00,0x00,0x00,0x00,0x00,0x00,0x00,0x00,0x00,0x00,0x00,0x00,0x00,0x00,0x00,0x00,0x00,0x00,
0x00,0x00,0x00,0x00,0x00,0x00,0x00,0x00,0x00,0x00,0x00,0x00,0x00,0x00,0x00,0x00,0x00,0x00,0x00,0x00,0x00,0x00,0x00,0x00,0x00,0x00,0x00,0x00,0x00,0x00,0x00,0x00,
0x00,0x00,0x00,0x00,0x00,0x00,0x00,0x00,0x00,0x00,0x00,0x00,0x00,0x00,0x00,0x00,0x00,0x00,0x00,0x00,0x00,0x00,0x00,0x00,0x00,0x00,0x00,0x00,0x00,0x00,0x00,0x00,
0x00,0x00,0x00,0x00,0x00,0x00,0x00,0x00,0x00,0x00,0x00,0x00,0x00,0x00,0x00,0x00,0x00,0x00,0x00,0x00,0x00,0x00,0x00,0x00,0x00,0x00,0x00,0x00,0x00,0x00,0x00,0x00,
0x00,0x00,0x00,0x00,0x00,0x00,0x00,0x00,0x00,0x00,0x00,0x00,0x00,0x00,0x00,0x00,0x00,0x00,0x00,0x00,0x00,0x00,0x00,0x00,0x00,0x00,0x00,0x00,0x00,0x00,0x00,0x00,
0x00,0x00,0x00,0x00,0x00,0x00,0x00,0x00,0x00,0x00,0x00,0x00,0x00,0x00,0x00,0x00,0x00,0x00,0x00,0x00,0x00,0x00,0x00,0x00,0x00,0x00,0x00,0x00,0x00,0x00,0x00,0x00,
0x00,0x00,0x00,0x00,0x00,0x00,0x00,0x00,0x00,0x00,0x00,0x00,0x00,0x00,0x00,0x00,0x00,0x00,0x00,0x00,0x00,0x00,0x00,0x00,0x00,0x00,0x00,0x00,0x00,0x00,0x00,0x00,
0x00,0x00,0x00,0x00,0x00,0x00,0x00,0x00,0x00,0x00,0x00,0x00,0x00,0x00,0x00,0x00,0x00,0x00,0x00,0x00,0x00,0x00,0x00,0x00,0x00,0x00,0x00,0x00,0x00,0x00,0x00,0x00,
0x00,0x00,0x00,0x00,0x00,0x00,0x00,0x00,0x00,0x00,0x00,0x00,0x00,0x00,0x00,0x00,0x00,0x00,0x00,0x00,0x00,0x00,0x00,0x00,0x00,0x00,0x00,0x00,0x00,0x00,0x00,0x00,
0x00,0x00,0x00,0x00,0x00,0x00,0x00,0x00,0x00,0x00,0x00,0x00,0x00,0x00,0x00,0x00,0x00,0x00,0x00,0x00,0x00,0x00,0x00,0x00,0x00,0x00,0x00,0x00,0x00,0x00,0x00,0x00,
0x00,0x00,0x00,0x00,0x00,0x00,0x00,0x00,0x00,0x00,0x00,0x00,0x00,0x00,0x00,0x00,0x00,0x00,0x00,0x00,0x00,0x00,0x00,0x00,0x00,0x00,0x00,0x00,0x00,0x00,0x00,0x00,
0x00,0x00,0x00,0x00,0x00,0x00,0x00,0x00,0x00,0x00,0x00,0x00,0x00,0x00,0x00,0x00,0x00,0x00,0x00,0x00,0x00,0x00,0x00,0x00,0x00,0x00,0x00,0x00,0x00,0x00,0x00,0x00,
0x00,0x00,0x00,0x00,0x00,0x00,0x00,0x00,0x00,0x00,0x00,0x00,0x00,0x00,0x00,0x00,0x00,0x00,0x00,0x00,0x00,0x00,0x00,0x00,0x00,0x00,0x00,0x00,0x00,0x00,0x00,0x00,
0x00,0x00,0x00,0x00,0x00,0x00,0x00,0x00,0x00,0x00,0x00,0x00,0x00,0x00,0x00,0x00,0x00,0x00,0x00,0x00,0x00,0x00,0x00,0x00,0x00,0x00,0x00,0x00,0x00,0x00,0x00,0x00,
0x00,0x00,0x00,0x00,0x00,0x00,0x00,0x00,0x00,0x00,0x00,0x00,0x00,0x00,0x00,0x00,0x00,0x00,0x00,0x00,0x00,0x00,0x00,0x00,0x00,0x00,0x00,0x00,0x00,0x00,0x00,0x00,
};
const lv_image_dsc_t icon_water = {
.header = {.magic = LV_IMAGE_HEADER_MAGIC, .cf = LV_COLOR_FORMAT_ARGB8888, .w = 64, .h = 64, .stride = 256},
.data_size = sizeof icon_water_pixels, .data = icon_water_pixels
};
static const uint8_t icon_calendar_pixels[] = {
0x00,0x00,0x00,0x00,0x00,0x00,0x00,0x00,0x00,0x00,0x00,0x00,0x00,0x00,0x00,0x00,0x00,0x00,0x00,0x00,0x00,0x00,0x00,0x00,0x00,0x00,0x00,0x00,0x00,0x00,0x00,0x00,
0x00,0x00,0x00,0x00,0x00,0x00,0x00,0x00,0x00,0x00,0x00,0x00,0x00,0x00,0x00,0x00,0x00,0x00,0x00,0x00,0x00,0x00,0x00,0x00,0x00,0x00,0x00,0x00,0x00,0x00,0x00,0x00,
0x00,0x00,0x00,0x00,0x00,0x00,0x00,0x00,0x00,0x00,0x00,0x00,0x00,0x00,0x00,0x00,0x00,0x00,0x00,0x00,0x00,0x00,0x00,0x00,0x00,0x00,0x00,0x00,0x00,0x00,0x00,0x00,
0x00,0x00,0x00,0x00,0x00,0x00,0x00,0x00,0x00,0x00,0x00,0x00,0x00,0x00,0x00,0x00,0x00,0x00,0x00,0x00,0x00,0x00,0x00,0x00,0x00,0x00,0x00,0x00,0x00,0x00,0x00,0x00,
0x00,0x00,0x00,0x00,0x00,0x00,0x00,0x00,0x00,0x00,0x00,0x00,0x00,0x00,0x00,0x00,0x00,0x00,0x00,0x00,0x00,0x00,0x00,0x00,0x00,0x00,0x00,0x00,0x00,0x00,0x00,0x00,
0x00,0x00,0x00,0x00,0x00,0x00,0x00,0x00,0x00,0x00,0x00,0x00,0x00,0x00,0x00,0x00,0x00,0x00,0x00,0x00,0x00,0x00,0x00,0x00,0x00,0x00,0x00,0x00,0x00,0x00,0x00,0x00,
0x00,0x00,0x00,0x00,0x00,0x00,0x00,0x00,0x00,0x00,0x00,0x00,0x00,0x00,0x00,0x00,0x00,0x00,0x00,0x00,0x00,0x00,0x00,0x00,0x00,0x00,0x00,0x00,0x00,0x00,0x00,0x00,
0x00,0x00,0x00,0x00,0x00,0x00,0x00,0x00,0x00,0x00,0x00,0x00,0x00,0x00,0x00,0x00,0x00,0x00,0x00,0x00,0x00,0x00,0x00,0x00,0x00,0x00,0x00,0x00,0x00,0x00,0x00,0x00,
0x00,0x00,0x00,0x00,0x00,0x00,0x00,0x00,0x00,0x00,0x00,0x00,0x00,0x00,0x00,0x00,0x00,0x00,0x00,0x00,0x00,0x00,0x00,0x00,0x00,0x00,0x00,0x00,0x00,0x00,0x00,0x00,
0x00,0x00,0x00,0x00,0x00,0x00,0x00,0x00,0x00,0x00,0x00,0x00,0x00,0x00,0x00,0x00,0x00,0x00,0x00,0x00,0x00,0x00,0x00,0x00,0x00,0x00,0x00,0x00,0x00,0x00,0x00,0x00,
0x00,0x00,0x00,0x00,0x00,0x00,0x00,0x00,0x00,0x00,0x00,0x00,0x00,0x00,0x00,0x00,0x00,0x00,0x00,0x00,0x00,0x00,0x00,0x00,0x00,0x00,0x00,0x00,0x00,0x00,0x00,0x00,
0x00,0x00,0x00,0x00,0x00,0x00,0x00,0x00,0x00,0x00,0x00,0x00,0x00,0x00,0x00,0x00,0x00,0x00,0x00,0x00,0x00,0x00,0x00,0x00,0x00,0x00,0x00,0x00,0x00,0x00,0x00,0x00,
0x00,0x00,0x00,0x00,0x00,0x00,0x00,0x00,0x00,0x00,0x00,0x00,0x00,0x00,0x00,0x00,0x00,0x00,0x00,0x00,0x00,0x00,0x00,0x00,0x00,0x00,0x00,0x00,0x00,0x00,0x00,0x00,
0x00,0x00,0x00,0x00,0x00,0x00,0x00,0x00,0x00,0x00,0x00,0x00,0x00,0x00,0x00,0x00,0x00,0x00,0x00,0x00,0x00,0x00,0x00,0x00,0x00,0x00,0x00,0x00,0x00,0x00,0x00,0x00,
0x00,0x00,0x00,0x00,0x00,0x00,0x00,0x00,0x00,0x00,0x00,0x00,0x00,0x00,0x00,0x00,0x00,0x00,0x00,0x00,0x00,0x00,0x00,0x00,0x00,0x00,0x00,0x00,0x00,0x00,0x00,0x00,
0x00,0x00,0x00,0x00,0x00,0x00,0x00,0x00,0x00,0x00,0x00,0x00,0x00,0x00,0x00,0x00,0x00,0x00,0x00,0x00,0x00,0x00,0x00,0x00,0x00,0x00,0x00,0x00,0x00,0x00,0x00,0x00,
0x00,0x00,0x00,0x00,0x00,0x00,0x00,0x00,0x00,0x00,0x00,0x00,0x00,0x00,0x00,0x00,0x00,0x00,0x00,0x00,0x00,0x00,0x00,0x00,0x00,0x00,0x00,0x00,0x00,0x00,0x00,0x00,
0x00,0x00,0x00,0x00,0x00,0x00,0x00,0x00,0x00,0x00,0x00,0x00,0x00,0x00,0x00,0x00,0x00,0x00,0x00,0x00,0x00,0x00,0x00,0x00,0x00,0x00,0x00,0x00,0x00,0x00,0x00,0x00,
0x00,0x00,0x00,0x00,0x00,0x00,0x00,0x00,0x00,0x00,0x00,0x00,0x00,0x00,0x00,0x00,0x00,0x00,0x00,0x01,0x00,0x00,0x00,0x01,0x00,0x00,0x00,0x00,0x00,0x00,0x00,0x00,
0x00,0x00,0x00,0x00,0x00,0x00,0x00,0x00,0x00,0x00,0x00,0x00,0x00,0x00,0x00,0x00,0x00,0x00,0x00,0x00,0x00,0x00,0x00,0x00,0x00,0x00,0x00,0x00,0x00,0x00,0x00,0x00,
0x00,0x00,0x00,0x00,0x00,0x00,0x00,0x00,0x00,0x00,0x00,0x00,0x00,0x00,0x00,0x00,0x00,0x00,0x00,0x00,0x00,0x00,0x00,0x00,0x00,0x00,0x00,0x00,0x00,0x00,0x00,0x00,
0x00,0x00,0x00,0x00,0x00,0x00,0x00,0x00,0x00,0x00,0x00,0x01,0x00,0x00,0x00,0x01,0x00,0x00,0x00,0x00,0x00,0x00,0x00,0x00,0x00,0x00,0x00,0x00,0x00,0x00,0x00,0x00,
0x00,0x00,0x00,0x00,0x00,0x00,0x00,0x00,0x00,0x00,0x00,0x00,0x00,0x00,0x00,0x00,0x00,0x00,0x00,0x00,0x00,0x00,0x00,0x00,0x00,0x00,0x00,0x00,0x00,0x00,0x00,0x00,
0x00,0x00,0x00,0x00,0x00,0x00,0x00,0x00,0x00,0x00,0x00,0x00,0x00,0x00,0x00,0x00,0x00,0x00,0x00,0x00,0x00,0x00,0x00,0x00,0x00,0x00,0x00,0x00,0x00,0x00,0x00,0x00,
0x00,0x00,0x00,0x00,0x00,0x00,0x00,0x00,0x00,0x00,0x00,0x00,0x00,0x00,0x00,0x00,0x00,0x00,0x00,0x00,0x00,0x00,0x00,0x00,0x00,0x00,0x00,0x00,0x00,0x00,0x00,0x00,
0x00,0x00,0x00,0x00,0x00,0x00,0x00,0x00,0x00,0x00,0x00,0x00,0x00,0x00,0x00,0x00,0x00,0x00,0x00,0x00,0x00,0x00,0x00,0x00,0x00,0x00,0x00,0x00,0x00,0x00,0x00,0x00,
0x00,0x00,0x00,0x00,0x00,0x00,0x00,0x00,0x00,0x00,0x00,0x00,0x7f,0x7f,0x00,0x02,0x00,0x00,0x00,0x00,0x00,0x00,0x00,0x00,0x55,0x55,0x55,0x03,0x00,0x00,0x00,0x00,
0x00,0x00,0x00,0x00,0x00,0x00,0x00,0x00,0x00,0x00,0x00,0x00,0x00,0x00,0x00,0x00,0x00,0x00,0x00,0x00,0x00,0x00,0x00,0x00,0x00,0x00,0x00,0x00,0x00,0x00,0x00,0x00,
0x00,0x00,0x00,0x00,0x00,0x00,0x00,0x00,0x00,0x00,0x00,0x00,0x00,0x00,0x00,0x00,0x00,0x00,0x00,0x00,0x00,0x00,0x00,0x00,0x00,0x00,0x00,0x00,0x00,0x00,0x00,0x00,
0x00,0x00,0x00,0x00,0x7f,0x7f,0x00,0x02,0x00,0x00,0x00,0x00,0x00,0x00,0x00,0x00,0x55,0x55,0x55,0x03,0x00,0x00,0x00,0x00,0x00,0x00,0x00,0x00,0x00,0x00,0x00,0x00,
0x00,0x00,0x00,0x00,0x00,0x00,0x00,0x00,0x00,0x00,0x00,0x00,0x00,0x00,0x00,0x00,0x00,0x00,0x00,0x00,0x00,0x00,0x00,0x00,0x00,0x00,0x00,0x00,0x00,0x00,0x00,0x00,
0x00,0x00,0x00,0x00,0x00,0x00,0x00,0x00,0x00,0x00,0x00,0x00,0x00,0x00,0x00,0x00,0x00,0x00,0x00,0x00,0x00,0x00,0x00,0x00,0x00,0x00,0x00,0x00,0x00,0x00,0x00,0x00,
0x00,0x00,0x00,0x00,0x00,0x00,0x00,0x00,0x00,0x00,0x00,0x00,0x00,0x00,0x00,0x00,0x00,0x00,0x00,0x00,0x00,0x00,0x00,0x00,0x00,0x00,0x00,0x00,0x00,0x00,0x00,0x00,
0x00,0x00,0x00,0x00,0x00,0x00,0x00,0x00,0x00,0x00,0x00,0x00,0x00,0x00,0x00,0x00,0x00,0x00,0x00,0x00,0x00,0x00,0x00,0x00,0x00,0x00,0x00,0x00,0x00,0x00,0x00,0x00,
0x00,0x00,0x00,0x00,0x00,0x00,0x00,0x00,0x00,0x00,0x00,0x01,0x00,0x00,0x00,0x00,0x55,0x55,0x00,0x03,0x5c,0x45,0x2e,0x0b,0x00,0x00,0x00,0x00,0x00,0x00,0x00,0x01,
0x00,0x00,0x00,0x00,0x00,0x00,0x00,0x00,0x00,0x00,0x00,0x00,0x00,0x00,0x00,0x00,0x00,0x00,0x00,0x00,0x00,0x00,0x00,0x00,0x00,0x00,0x00,0x00,0x00,0x00,0x00,0x00,
0x00,0x00,0x00,0x00,0x00,0x00,0x00,0x00,0x00,0x00,0x00,0x00,0x00,0x00,0x00,0x00,0x00,0x00,0x00,0x00,0x00,0x00,0x00,0x00,0x00,0x00,0x00,0x00,0x00,0x00,0x00,0x00,
0x00,0x00,0x00,0x01,0x00,0x00,0x00,0x00,0x55,0x55,0x00,0x03,0x5c,0x45,0x2e,0x0b,0x00,0x00,0x00,0x00,0x00,0x00,0x00,0x01,0x00,0x00,0x00,0x00,0x00,0x00,0x00,0x00,
0x00,0x00,0x00,0x00,0x00,0x00,0x00,0x00,0x00,0x00,0x00,0x00,0x00,0x00,0x00,0x00,0x00,0x00,0x00,0x00,0x00,0x00,0x00,0x00,0x00,0x00,0x00,0x00,0x00,0x00,0x00,0x00,
0x00,0x00,0x00,0x00,0x00,0x00,0x00,0x00,0x00,0x00,0x00,0x00,0x00,0x00,0x00,0x00,0x00,0x00,0x00,0x00,0x00,0x00,0x00,0x00,0x00,0x00,0x00,0x00,0x00,0x00,0x00,0x00,
0x00,0x00,0x00,0x00,0x00,0x00,0x00,0x00,0x00,0x00,0x00,0x00,0x00,0x00,0x00,0x00,0x00,0x00,0x00,0x00,0x00,0x00,0x00,0x00,0x00,0x00,0x00,0x00,0x00,0x00,0x00,0x00,
0x00,0x00,0x00,0x00,0x00,0x00,0x00,0x00,0x00,0x00,0x00,0x00,0x00,0x00,0x00,0x00,0x00,0x00,0x00,0x00,0x00,0x00,0x00,0x00,0x00,0x00,0x00,0x00,0x00,0x00,0x00,0x00,
0x00,0x00,0x00,0x00,0x7f,0x7f,0x7f,0x02,0x00,0x00,0x00,0x00,0x5d,0x44,0x3a,0x34,0x5d,0x44,0x39,0xd4,0x5f,0x45,0x3a,0xe6,0x59,0x41,0x37,0x61,0x00,0x00,0x00,0x00,
0x7f,0x7f,0x7f,0x02,0x00,0x00,0x00,0x00,0x00,0x00,0x00,0x00,0x00,0x00,0x00,0x00,0x00,0x00,0x00,0x00,0x00,0x00,0x00,0x00,0x00,0x00,0x00,0x00,0x00,0x00,0x00,0x00,
0x00,0x00,0x00,0x00,0x00,0x00,0x00,0x00,0x00,0x00,0x00,0x00,0x00,0x00,0x00,0x00,0x00,0x00,0x00,0x00,0x00,0x00,0x00,0x00,0x00,0x00,0x00,0x00,0x7f,0x7f,0x7f,0x02,
0x00,0x00,0x00,0x00,0x5d,0x44,0x3a,0x34,0x5d,0x44,0x39,0xd4,0x5f,0x45,0x3a,0xe6,0x59,0x41,0x37,0x61,0x00,0x00,0x00,0x00,0x7f,0x7f,0x7f,0x02,0x00,0x00,0x00,0x00,
0x00,0x00,0x00,0x00,0x00,0x00,0x00,0x00,0x00,0x00,0x00,0x00,0x00,0x00,0x00,0x00,0x00,0x00,0x00,0x00,0x00,0x00,0x00,0x00,0x00,0x00,0x00,0x00,0x00,0x00,0x00,0x00,
0x00,0x00,0x00,0x00,0x00,0x00,0x00,0x00,0x00,0x00,0x00,0x00,0x00,0x00,0x00,0x00,0x00,0x00,0x00,0x00,0x00,0x00,0x00,0x00,0x00,0x00,0x00,0x00,0x00,0x00,0x00,0x00,
0x00,0x00,0x00,0x00,0x00,0x00,0x00,0x00,0x00,0x00,0x00,0x00,0x00,0x00,0x00,0x00,0x00,0x00,0x00,0x00,0x00,0x00,0x00,0x00,0x00,0x00,0x00,0x00,0x00,0x00,0x00,0x00,
0x00,0x00,0x00,0x00,0x00,0x00,0x00,0x00,0x00,0x00,0x00,0x00,0x00,0x00,0x00,0x00,0x00,0x00,0x00,0x00,0x00,0x00,0x00,0x00,0x00,0x00,0x00,0x00,0x00,0x00,0x00,0x00,
0x00,0x00,0x00,0x01,0xff,0xff,0xff,0x01,0x55,0x38,0x38,0x09,0x5b,0x43,0x37,0xdc,0x62,0x47,0x3c,0xff,0x5d,0x44,0x39,0xff,0x5d,0x45,0x39,0xfe,0x59,0x3f,0x39,0x28,
0x00,0x00,0x00,0x00,0x7f,0x7f,0x7f,0x02,0x00,0x00,0x00,0x00,0x00,0x00,0x00,0x00,0x00,0x00,0x00,0x00,0x00,0x00,0x00,0x00,0x00,0x00,0x00,0x00,0x00,0x00,0x00,0x00,
0x00,0x00,0x00,0x00,0x00,0x00,0x00,0x00,0x00,0x00,0x00,0x00,0x00,0x00,0x00,0x00,0x00,0x00,0x00,0x00,0x00,0x00,0x00,0x00,0x00,0x00,0x00,0x01,0xff,0xff,0xff,0x01,
0x55,0x38,0x38,0x09,0x5b,0x43,0x37,0xdc,0x62,0x47,0x3c,0xff,0x5d,0x44,0x39,0xff,0x5d,0x45,0x39,0xfe,0x59,0x3f,0x39,0x28,0x00,0x00,0x00,0x00,0x7f,0x7f,0x7f,0x02,
0x00,0x00,0x00,0x00,0x00,0x00,0x00,0x00,0x00,0x00,0x00,0x00,0x00,0x00,0x00,0x00,0x00,0x00,0x00,0x00,0x00,0x00,0x00,0x00,0x00,0x00,0x00,0x00,0x00,0x00,0x00,0x00,
0x00,0x00,0x00,0x00,0x00,0x00,0x00,0x00,0x00,0x00,0x00,0x00,0x00,0x00,0x00,0x00,0x00,0x00,0x00,0x00,0x00,0x00,0x00,0x00,0x00,0x00,0x00,0x00,0x00,0x00,0x00,0x00,
0x00,0x00,0x00,0x00,0x00,0x00,0x00,0x00,0x00,0x00,0x00,0x00,0x00,0x00,0x00,0x00,0x00,0x00,0x00,0x00,0x00,0x00,0x00,0x00,0x00,0x00,0x00,0x00,0x00,0x00,0x00,0x00,
0x00,0x00,0x00,0x00,0x00,0x00,0x00,0x00,0x00,0x00,0x00,0x00,0x00,0x00,0x00,0x00,0x00,0x00,0x00,0x00,0x00,0x00,0x00,0x00,0x00,0x00,0x00,0x00,0x00,0x00,0x00,0x00,
0x00,0x00,0x00,0x01,0x00,0x00,0x00,0x00,0x5b,0x36,0x36,0x0e,0x5b,0x42,0x37,0xe5,0x5d,0x44,0x39,0xfd,0x5b,0x42,0x38,0xf9,0x5f,0x46,0x3b,0xff,0x58,0x42,0x37,0x45,
0x00,0x00,0x00,0x00,0x55,0x55,0x55,0x03,0x00,0x00,0x00,0x00,0x00,0x00,0x00,0x00,0x00,0x00,0x00,0x00,0x00,0x00,0x00,0x00,0x00,0x00,0x00,0x00,0x00,0x00,0x00,0x00,
0x00,0x00,0x00,0x00,0x00,0x00,0x00,0x00,0x00,0x00,0x00,0x00,0x00,0x00,0x00,0x00,0x00,0x00,0x00,0x00,0x00,0x00,0x00,0x00,0x00,0x00,0x00,0x01,0x00,0x00,0x00,0x00,
0x5b,0x36,0x36,0x0e,0x5b,0x42,0x37,0xe5,0x5d,0x44,0x39,0xfd,0x5b,0x42,0x38,0xf9,0x5f,0x46,0x3b,0xff,0x58,0x42,0x37,0x45,0x00,0x00,0x00,0x00,0x55,0x55,0x55,0x03,
0x00,0x00,0x00,0x00,0x00,0x00,0x00,0x00,0x00,0x00,0x00,0x00,0x00,0x00,0x00,0x00,0x00,0x00,0x00,0x00,0x00,0x00,0x00,0x00,0x00,0x00,0x00,0x00,0x00,0x00,0x00,0x00,
0x00,0x00,0x00,0x00,0x00,0x00,0x00,0x00,0x00,0x00,0x00,0x00,0x00,0x00,0x00,0x00,0x00,0x00,0x00,0x00,0x00,0x00,0x00,0x00,0x00,0x00,0x00,0x00,0x00,0x00,0x00,0x00,
0x00,0x00,0x00,0x00,0x00,0x00,0x00,0x00,0x00,0x00,0x00,0x00,0x00,0x00,0x00,0x00,0x00,0x00,0x00,0x00,0x00,0x00,0x00,0x00,0x00,0x00,0x00,0x00,0x00,0x00,0x00,0x00,
0x00,0x00,0x00,0x00,0x00,0x00,0x00,0x00,0x00,0x00,0x00,0x00,0x00,0x00,0x00,0x00,0x00,0x00,0x00,0x00,0xff,0xff,0xff,0x01,0xff,0xff,0xff,0x01,0xff,0xff,0xff,0x01,
0xff,0xff,0xff,0x01,0xaa,0xaa,0xaa,0x03,0x00,0x00,0x01,0x00,0x5b,0x42,0x39,0xbb,0x60,0x47,0x3b,0xff,0x5a,0x43,0x38,0xfa,0x5f,0x46,0x3b,0xfe,0x5a,0x42,0x3a,0x41,
0xff,0xff,0xff,0x01,0x7f,0x7f,0x7f,0x04,0xff,0xff,0xff,0x01,0xff,0xff,0xff,0x01,0xff,0xff,0xff,0x01,0xff,0xff,0xff,0x01,0xff,0xff,0xff,0x01,0xff,0xff,0xff,0x01,
0xff,0xff,0xff,0x01,0xff,0xff,0xff,0x01,0xff,0xff,0xff,0x01,0xff,0xff,0xff,0x01,0xff,0xff,0xff,0x01,0xff,0xff,0xff,0x01,0xff,0xff,0xff,0x01,0xaa,0xaa,0xaa,0x03,
0x00,0x00,0x01,0x00,0x5b,0x42,0x39,0xbb,0x60,0x47,0x3b,0xff,0x5a,0x43,0x38,0xfa,0x5f,0x46,0x3b,0xfe,0x5a,0x42,0x3a,0x41,0xff,0xff,0xff,0x01,0x7f,0x7f,0x7f,0x04,
0xff,0xff,0xff,0x01,0xff,0xff,0xff,0x01,0xff,0xff,0xff,0x01,0x00,0x00,0x00,0x00,0x00,0x00,0x00,0x00,0x00,0x00,0x00,0x00,0x00,0x00,0x00,0x00,0x00,0x00,0x00,0x00,
0x00,0x00,0x00,0x00,0x00,0x00,0x00,0x00,0x00,0x00,0x00,0x00,0x00,0x00,0x00,0x00,0x00,0x00,0x00,0x00,0x00,0x00,0x00,0x00,0x00,0x00,0x00,0x00,0x00,0x00,0x00,0x00,
0x00,0x00,0x00,0x00,0x00,0x00,0x00,0x00,0x00,0x00,0x00,0x00,0x00,0x00,0x00,0x00,0x00,0x00,0x00,0x00,0x00,0x00,0x00,0x00,0x00,0x00,0x00,0x00,0x00,0x00,0x00,0x00,
0x00,0x00,0x00,0x00,0x00,0x00,0x00,0x00,0x00,0x00,0x00,0x00,0xaa,0x55,0xff,0x03,0xff,0x7f,0xff,0x02,0x00,0x00,0x00,0x00,0x00,0x00,0x00,0x00,0x00,0x00,0x00,0x00,
0x00,0x00,0x00,0x00,0x00,0x00,0x00,0x00,0x00,0x00,0x00,0x00,0x5b,0x43,0x37,0xbd,0x60,0x47,0x3b,0xff,0x5a,0x43,0x38,0xfa,0x5f,0x46,0x3b,0xff,0x56,0x3d,0x2d,0x3e,
0x00,0x00,0x00,0x00,0x00,0x00,0x00,0x00,0x00,0x00,0x00,0x00,0x00,0x00,0x00,0x00,0x00,0x00,0x00,0x00,0x00,0x00,0x00,0x00,0x00,0x00,0x00,0x00,0x00,0x00,0x00,0x00,
0x00,0x00,0x00,0x00,0x00,0x00,0x00,0x00,0x00,0x00,0x00,0x00,0x00,0x00,0x00,0x00,0x00,0x00,0x00,0x00,0x00,0x00,0x00,0x00,0x00,0x00,0x00,0x00,0x00,0x00,0x00,0x00,
0x00,0x00,0x00,0x00,0x5b,0x43,0x37,0xbd,0x60,0x47,0x3b,0xff,0x5a,0x43,0x38,0xfa,0x5f,0x46,0x3b,0xff,0x56,0x3d,0x2d,0x3e,0x00,0x00,0x00,0x00,0x00,0x00,0x00,0x00,
0x00,0x00,0x00,0x00,0x00,0x00,0x00,0x00,0x00,0x00,0x00,0x00,0xff,0x00,0xff,0x01,0xaa,0xaa,0xff,0x03,0x00,0x00,0x00,0x00,0x00,0x00,0x00,0x00,0x00,0x00,0x00,0x00,
0x00,0x00,0x00,0x00,0x00,0x00,0x00,0x00,0x00,0x00,0x00,0x00,0x00,0x00,0x00,0x00,0x00,0x00,0x00,0x00,0x00,0x00,0x00,0x00,0x00,0x00,0x00,0x00,0x00,0x00,0x00,0x00,
0x00,0x00,0x00,0x00,0x00,0x00,0x00,0x00,0x00,0x00,0x00,0x00,0x00,0x00,0x00,0x00,0x00,0x00,0x00,0x00,0x00,0x00,0x00,0x00,0x00,0x00,0x00,0x00,0x00,0x00,0x00,0x00,
0x00,0x00,0x00,0x00,0x00,0x00,0x00,0x00,0x7f,0x7f,0xff,0x02,0x00,0x00,0x00,0x00,0x00,0x00,0x00,0x00,0x99,0x88,0xee,0x0f,0x9f,0x8f,0xef,0x10,0x9f,0x7f,0xef,0x10,
0x96,0x78,0xe1,0x11,0x9b,0x7f,0xe2,0x12,0x96,0x87,0xe1,0x11,0x5c,0x44,0x3c,0xc2,0x5f,0x47,0x3a,0xff,0x5a,0x43,0x38,0xfa,0x5f,0x46,0x3a,0xff,0x63,0x4c,0x52,0x4d,
0x96,0x87,0xe1,0x11,0x93,0x78,0xd6,0x13,0x96,0x78,0xe1,0x11,0x96,0x78,0xe1,0x11,0x96,0x78,0xe1,0x11,0x96,0x78,0xe1,0x11,0x96,0x78,0xe1,0x11,0x96,0x78,0xe1,0x11,
0x96,0x78,0xe1,0x11,0x96,0x78,0xe1,0x11,0x96,0x78,0xe1,0x11,0x96,0x78,0xe1,0x11,0x96,0x78,0xe1,0x11,0x96,0x78,0xe1,0x11,0x96,0x78,0xe1,0x11,0x9b,0x7f,0xe2,0x12,
0x96,0x87,0xe1,0x11,0x5c,0x44,0x3c,0xc2,0x5f,0x47,0x3a,0xff,0x5a,0x43,0x38,0xfa,0x5f,0x46,0x3a,0xff,0x63,0x4c,0x52,0x4d,0x96,0x87,0xe1,0x11,0x93,0x78,0xd6,0x13,
0x96,0x78,0xe1,0x11,0x9f,0x7f,0xef,0x10,0xa5,0x87,0xf0,0x11,0x00,0x00,0x00,0x00,0x00,0x00,0x00,0x00,0xff,0xff,0xff,0x01,0x00,0x00,0x00,0x00,0x00,0x00,0x00,0x00,
0x00,0x00,0x00,0x00,0x00,0x00,0x00,0x00,0x00,0x00,0x00,0x00,0x00,0x00,0x00,0x00,0x00,0x00,0x00,0x00,0x00,0x00,0x00,0x00,0x00,0x00,0x00,0x00,0x00,0x00,0x00,0x00,
0x00,0x00,0x00,0x00,0x00,0x00,0x00,0x00,0x00,0x00,0x00,0x00,0x00,0x00,0x00,0x00,0x00,0x00,0x00,0x00,0x00,0x00,0x00,0x00,0x00,0x00,0x00,0x00,0x00,0x00,0x00,0x00,
0x00,0x00,0x00,0x00,0x7f,0x7f,0xff,0x02,0x00,0x00,0x00,0x00,0x94,0x81,0xe0,0x43,0x9b,0x87,0xec,0xb1,0x98,0x84,0xe8,0xea,0x96,0x82,0xe5,0xee,0x96,0x82,0xe5,0xee,
0x96,0x83,0xe5,0xee,0x94,0x82,0xe2,0xef,0x99,0x85,0xed,0xee,0x69,0x52,0x61,0xfb,0x59,0x40,0x30,0xff,0x5c,0x44,0x3c,0xff,0x58,0x40,0x31,0xff,0x86,0x72,0xb6,0xf3,
0x99,0x85,0xee,0xee,0x94,0x82,0xe2,0xef,0x96,0x83,0xe5,0xee,0x96,0x83,0xe5,0xee,0x96,0x83,0xe5,0xee,0x96,0x83,0xe5,0xee,0x96,0x83,0xe5,0xee,0x96,0x83,0xe5,0xee,
0x96,0x83,0xe5,0xee,0x96,0x83,0xe5,0xee,0x96,0x83,0xe5,0xee,0x96,0x83,0xe5,0xee,0x96,0x83,0xe5,0xee,0x96,0x83,0xe5,0xee,0x96,0x83,0xe5,0xee,0x94,0x82,0xe2,0xef,
0x99,0x85,0xed,0xee,0x69,0x52,0x61,0xfb,0x59,0x40,0x30,0xff,0x5c,0x44,0x3c,0xff,0x58,0x40,0x31,0xff,0x86,0x72,0xb6,0xf3,0x99,0x85,0xee,0xee,0x94,0x82,0xe2,0xef,
0x96,0x83,0xe5,0xee,0x96,0x82,0xe5,0xee,0x97,0x84,0xe8,0xed,0x9a,0x87,0xeb,0xc6,0x98,0x86,0xe9,0x61,0x00,0x00,0x00,0x00,0xff,0xff,0xff,0x01,0x00,0x00,0xff,0x01,
0x00,0x00,0x00,0x00,0x00,0x00,0x00,0x00,0x00,0x00,0x00,0x00,0x00,0x00,0x00,0x00,0x00,0x00,0x00,0x00,0x00,0x00,0x00,0x00,0x00,0x00,0x00,0x00,0x00,0x00,0x00,0x00,
0x00,0x00,0x00,0x00,0x00,0x00,0x00,0x00,0x00,0x00,0x00,0x00,0x00,0x00,0x00,0x00,0x00,0x00,0x00,0x00,0x00,0x00,0x00,0x00,0x00,0x00,0x00,0x00,0x00,0x00,0x00,0x00,
0xff,0x7f,0xff,0x02,0x00,0x00,0x00,0x00,0x94,0x80,0xe3,0x65,0x9e,0x8a,0xf1,0xff,0x9f,0x8b,0xf2,0xff,0x98,0x85,0xe9,0xff,0x98,0x85,0xe9,0xff,0x99,0x85,0xe9,0xff,
0x99,0x85,0xe9,0xff,0x98,0x84,0xe7,0xff,0x9c,0x88,0xf1,0xff,0x6b,0x54,0x65,0xff,0x58,0x40,0x2f,0xff,0x5c,0x44,0x3c,0xff,0x58,0x40,0x30,0xff,0x89,0x75,0xbc,0xff,
0x9c,0x88,0xf2,0xff,0x98,0x84,0xe7,0xff,0x99,0x85,0xe9,0xff,0x99,0x85,0xe9,0xff,0x99,0x85,0xe9,0xff,0x99,0x85,0xe9,0xff,0x99,0x85,0xe9,0xff,0x99,0x85,0xe9,0xff,
0x99,0x85,0xe9,0xff,0x99,0x85,0xe9,0xff,0x99,0x85,0xe9,0xff,0x99,0x85,0xe9,0xff,0x99,0x85,0xe9,0xff,0x99,0x85,0xe9,0xff,0x99,0x85,0xe9,0xff,0x98,0x84,0xe7,0xff,
0x9c,0x88,0xf1,0xff,0x6b,0x54,0x65,0xff,0x58,0x40,0x2f,0xff,0x5c,0x44,0x3c,0xff,0x58,0x40,0x30,0xff,0x89,0x75,0xbc,0xff,0x9c,0x88,0xf2,0xff,0x98,0x84,0xe7,0xff,
0x99,0x85,0xe9,0xff,0x99,0x85,0xe9,0xff,0x98,0x85,0xe8,0xff,0x9c,0x88,0xee,0xff,0xa4,0x90,0xfa,0xff,0x96,0x82,0xe6,0x9a,0x7f,0x7f,0xff,0x02,0xaa,0x55,0xaa,0x03,
0x00,0x00,0x00,0x00,0x00,0x00,0x00,0x00,0x00,0x00,0x00,0x00,0x00,0x00,0x00,0x00,0x00,0x00,0x00,0x00,0x00,0x00,0x00,0x00,0x00,0x00,0x00,0x00,0x00,0x00,0x00,0x00,
0x00,0x00,0x00,0x00,0x00,0x00,0x00,0x00,0x00,0x00,0x00,0x00,0x00,0x00,0x00,0x00,0x00,0x00,0x00,0x00,0x00,0x00,0x00,0x00,0x00,0x00,0x00,0x00,0xaa,0xaa,0xff,0x03,
0x00,0x00,0x00,0x00,0x93,0x83,0xe7,0x40,0x9e,0x8a,0xf1,0xff,0x97,0x84,0xe7,0xfc,0x95,0x83,0xe4,0xfb,0x95,0x82,0xe4,0xfe,0x95,0x82,0xe4,0xfe,0x95,0x82,0xe4,0xfe,
0x95,0x82,0xe4,0xfe,0x94,0x81,0xe2,0xfe,0x98,0x85,0xec,0xfe,0x6a,0x53,0x64,0xff,0x58,0x40,0x2f,0xff,0x5c,0x44,0x3c,0xff,0x58,0x40,0x30,0xff,0x87,0x73,0xb8,0xfe,
0x98,0x85,0xed,0xfe,0x94,0x81,0xe2,0xfe,0x95,0x82,0xe4,0xfe,0x95,0x82,0xe4,0xfe,0x95,0x82,0xe4,0xfe,0x95,0x82,0xe4,0xfe,0x95,0x82,0xe4,0xfe,0x95,0x82,0xe4,0xfe,
0x95,0x82,0xe4,0xfe,0x95,0x82,0xe4,0xfe,0x95,0x82,0xe4,0xfe,0x95,0x82,0xe4,0xfe,0x95,0x82,0xe4,0xfe,0x95,0x82,0xe4,0xfe,0x95,0x82,0xe4,0xfe,0x94,0x81,0xe2,0xfe,
0x98,0x85,0xec,0xfe,0x6a,0x53,0x64,0xff,0x58,0x40,0x2f,0xff,0x5c,0x44,0x3c,0xff,0x58,0x40,0x30,0xff,0x87,0x73,0xb8,0xfe,0x98,0x85,0xed,0xfe,0x94,0x81,0xe2,0xfe,
0x95,0x82,0xe4,0xfe,0x95,0x82,0xe4,0xfe,0x95,0x83,0xe4,0xfe,0x95,0x82,0xe4,0xfc,0x95,0x83,0xe4,0xf9,0xa5,0x90,0xfc,0xff,0x95,0x82,0xe4,0x7b,0x00,0x00,0x00,0x00,
0xaa,0xaa,0xff,0x03,0x00,0x00,0x00,0x00,0x00,0x00,0x00,0x00,0x00,0x00,0x00,0x00,0x00,0x00,0x00,0x00,0x00,0x00,0x00,0x00,0x00,0x00,0x00,0x00,0x00,0x00,0x00,0x00,
0x00,0x00,0x00,0x00,0x00,0x00,0x00,0x00,0x00,0x00,0x00,0x00,0x00,0x00,0x00,0x00,0x00,0x00,0x00,0x00,0x00,0x00,0x00,0x00,0x00,0x00,0x00,0x00,0xaa,0x55,0xff,0x03,
0xff,0x00,0xff,0x01,0x96,0x82,0xe4,0xb7,0x9f,0x8b,0xf2,0xfe,0x95,0x82,0xe4,0xfb,0x96,0x83,0xe5,0xff,0x96,0x83,0xe5,0xff,0x96,0x83,0xe5,0xff,0x96,0x83,0xe5,0xff,
0x96,0x83,0xe5,0xff,0x95,0x82,0xe3,0xff,0x99,0x86,0xed,0xff,0x6a,0x53,0x63,0xff,0x58,0x40,0x2f,0xff,0x5c,0x44,0x3c,0xff,0x58,0x40,0x30,0xff,0x87,0x73,0xb9,0xff,
0x99,0x86,0xee,0xff,0x95,0x82,0xe3,0xff,0x96,0x83,0xe5,0xff,0x96,0x83,0xe5,0xff,0x96,0x83,0xe5,0xff,0x96,0x83,0xe5,0xff,0x96,0x83,0xe5,0xff,0x96,0x83,0xe5,0xff,
0x96,0x83,0xe5,0xff,0x96,0x83,0xe5,0xff,0x96,0x83,0xe5,0xff,0x96,0x83,0xe5,0xff,0x96,0x83,0xe5,0xff,0x96,0x83,0xe5,0xff,0x96,0x83,0xe5,0xff,0x95,0x82,0xe3,0xff,
0x99,0x86,0xed,0xff,0x6a,0x53,0x63,0xff,0x58,0x40,0x2f,0xff,0x5c,0x44,0x3c,0xff,0x58,0x40,0x30,0xff,0x87,0x73,0xb9,0xff,0x99,0x86,0xee,0xff,0x95,0x82,0xe3,0xff,
0x96,0x83,0xe5,0xff,0x96,0x83,0xe5,0xff,0x96,0x83,0xe5,0xff,0x96,0x83,0xe5,0xff,0x96,0x83,0xe4,0xfd,0x9a,0x86,0xea,0xfd,0x96,0x83,0xe4,0xea,0x8f,0x7f,0xdf,0x10,
0x00,0x00,0xff,0x01,0xff,0xff,0xff,0x01,0x00,0x00,0x00,0x00,0x00,0x00,0x00,0x00,0x00,0x00,0x00,0x00,0x00,0x00,0x00,0x00,0x00,0x00,0x00,0x00,0x00,0x00,0x00,0x00,
0x00,0x00,0x00,0x00,0x00,0x00,0x00,0x00,0x00,0x00,0x00,0x00,0x00,0x00,0x00,0x00,0x00,0x00,0x00,0x00,0x00,0x00,0x00,0x00,0xff,0xff,0xff,0x01,0x00,0x00,0x00,0x00,
0x8f,0x6f,0xdf,0x10,0x95,0x83,0xe5,0xed,0x99,0x85,0xe9,0xff,0x95,0x82,0xe4,0xfe,0x96,0x83,0xe5,0xff,0x96,0x83,0xe5,0xff,0x96,0x83,0xe5,0xff,0x96,0x83,0xe5,0xff,
0x96,0x83,0xe5,0xff,0x95,0x82,0xe3,0xff,0x9a,0x87,0xef,0xff,0x6b,0x54,0x67,0xff,0x58,0x40,0x2e,0xff,0x5c,0x44,0x3c,0xff,0x58,0x40,0x30,0xff,0x87,0x73,0xb9,0xff,
0x99,0x86,0xee,0xff,0x95,0x82,0xe3,0xff,0x96,0x83,0xe5,0xff,0x96,0x83,0xe5,0xff,0x96,0x83,0xe5,0xff,0x96,0x83,0xe5,0xff,0x96,0x83,0xe5,0xff,0x96,0x83,0xe5,0xff,
0x96,0x83,0xe5,0xff,0x96,0x83,0xe5,0xff,0x96,0x83,0xe5,0xff,0x96,0x83,0xe5,0xff,0x96,0x83,0xe5,0xff,0x96,0x83,0xe5,0xff,0x96,0x83,0xe5,0xff,0x95,0x82,0xe3,0xff,
0x9a,0x87,0xef,0xff,0x6b,0x54,0x67,0xff,0x58,0x40,0x2e,0xff,0x5c,0x44,0x3c,0xff,0x58,0x40,0x30,0xff,0x87,0x73,0xb9,0xff,0x99,0x86,0xee,0xff,0x95,0x82,0xe3,0xff,
0x96,0x83,0xe5,0xff,0x96,0x83,0xe5,0xff,0x96,0x83,0xe5,0xff,0x96,0x83,0xe5,0xff,0x96,0x83,0xe5,0xff,0x96,0x83,0xe4,0xfd,0x9c,0x89,0xee,0xff,0x95,0x85,0xe6,0x3f,
0x00,0x00,0x00,0x00,0xaa,0xaa,0xff,0x03,0x00,0x00,0x00,0x00,0x00,0x00,0x00,0x00,0x00,0x00,0x00,0x00,0x00,0x00,0x00,0x00,0x00,0x00,0x00,0x00,0x00,0x00,0x00,0x00,
0x00,0x00,0x00,0x00,0x00,0x00,0x00,0x00,0x00,0x00,0x00,0x00,0x00,0x00,0x00,0x00,0x00,0x00,0x00,0x00,0x00,0x00,0x00,0x00,0xff,0xff,0xff,0x01,0x00,0x00,0x00,0x00,
0x96,0x78,0xe1,0x11,0x96,0x83,0xe5,0xee,0x99,0x85,0xe9,0xff,0x95,0x82,0xe4,0xfe,0x96,0x83,0xe5,0xff,0x96,0x83,0xe5,0xff,0x96,0x83,0xe5,0xff,0x96,0x83,0xe5,0xff,
0x96,0x83,0xe4,0xff,0x96,0x83,0xe6,0xff,0x95,0x82,0xe2,0xff,0x64,0x4d,0x53,0xff,0x59,0x41,0x33,0xff,0x5c,0x44,0x3b,0xff,0x58,0x40,0x31,0xff,0x86,0x72,0xb7,0xff,
0x99,0x86,0xee,0xff,0x95,0x82,0xe3,0xff,0x96,0x83,0xe5,0xff,0x96,0x83,0xe5,0xff,0x96,0x83,0xe5,0xff,0x96,0x83,0xe5,0xff,0x96,0x83,0xe5,0xff,0x96,0x83,0xe5,0xff,
0x96,0x83,0xe5,0xff,0x96,0x83,0xe5,0xff,0x96,0x83,0xe5,0xff,0x96,0x83,0xe5,0xff,0x96,0x83,0xe5,0xff,0x96,0x83,0xe5,0xff,0x96,0x83,0xe4,0xff,0x96,0x83,0xe6,0xff,
0x95,0x82,0xe2,0xff,0x64,0x4d,0x53,0xff,0x59,0x41,0x33,0xff,0x5c,0x44,0x3b,0xff,0x58,0x40,0x31,0xff,0x86,0x72,0xb7,0xff,0x99,0x86,0xee,0xff,0x95,0x82,0xe3,0xff,
0x96,0x83,0xe5,0xff,0x96,0x83,0xe5,0xff,0x96,0x83,0xe5,0xff,0x96,0x83,0xe5,0xff,0x96,0x83,0xe5,0xff,0x96,0x83,0xe4,0xfd,0x9d,0x89,0xef,0xff,0x92,0x83,0xe7,0x42,
0x00,0x00,0x00,0x00,0xaa,0xaa,0xff,0x03,0x00,0x00,0x00,0x00,0x00,0x00,0x00,0x00,0x00,0x00,0x00,0x00,0x00,0x00,0x00,0x00,0x00,0x00,0x00,0x00,0x00,0x00,0x00,0x00,
0x00,0x00,0x00,0x00,0x00,0x00,0x00,0x00,0x00,0x00,0x00,0x00,0x00,0x00,0x00,0x00,0x00,0x00,0x00,0x00,0x00,0x00,0x00,0x00,0xff,0xff,0xff,0x01,0x00,0x00,0x00,0x00,
0x96,0x78,0xe1,0x11,0x96,0x83,0xe5,0xee,0x99,0x85,0xe9,0xff,0x95,0x82,0xe4,0xfe,0x96,0x83,0xe5,0xff,0x96,0x83,0xe5,0xff,0x96,0x83,0xe5,0xff,0x96,0x83,0xe5,0xff,
0x96,0x83,0xe4,0xff,0x97,0x84,0xe7,0xff,0x93,0x80,0xde,0xff,0x5e,0x46,0x42,0xff,0x59,0x41,0x32,0xff,0x5c,0x44,0x3a,0xff,0x57,0x3f,0x2d,0xff,0x8a,0x76,0xc1,0xff,
0x99,0x86,0xed,0xff,0x95,0x82,0xe3,0xff,0x96,0x83,0xe5,0xff,0x96,0x83,0xe5,0xff,0x96,0x83,0xe5,0xff,0x96,0x83,0xe5,0xff,0x96,0x83,0xe5,0xff,0x96,0x83,0xe5,0xff,
0x96,0x83,0xe5,0xff,0x96,0x83,0xe5,0xff,0x96,0x83,0xe5,0xff,0x96,0x83,0xe5,0xff,0x96,0x83,0xe5,0xff,0x96,0x83,0xe5,0xff,0x96,0x83,0xe4,0xff,0x97,0x84,0xe7,0xff,
0x93,0x80,0xde,0xff,0x5e,0x46,0x42,0xff,0x59,0x41,0x32,0xff,0x5c,0x44,0x3a,0xff,0x57,0x3f,0x2d,0xff,0x8a,0x76,0xc1,0xff,0x99,0x86,0xed,0xff,0x95,0x82,0xe3,0xff,
0x96,0x83,0xe5,0xff,0x96,0x83,0xe5,0xff,0x96,0x83,0xe5,0xff,0x96,0x83,0xe5,0xff,0x96,0x83,0xe5,0xff,0x96,0x83,0xe4,0xfd,0x9d,0x89,0xef,0xff,0x95,0x85,0xe7,0x41,
0x00,0x00,0x00,0x00,0xaa,0xaa,0xff,0x03,0x00,0x00,0x00,0x00,0x00,0x00,0x00,0x00,0x00,0x00,0x00,0x00,0x00,0x00,0x00,0x00,0x00,0x00,0x00,0x00,0x00,0x00,0x00,0x00,
0x00,0x00,0x00,0x00,0x00,0x00,0x00,0x00,0x00,0x00,0x00,0x00,0x00,0x00,0x00,0x00,0x00,0x00,0x00,0x00,0x00,0x00,0x00,0x00,0xff,0xff,0xff,0x01,0x00,0x00,0x00,0x00,
0x96,0x78,0xe1,0x11,0x96,0x83,0xe5,0xee,0x99,0x85,0xe9,0xff,0x95,0x82,0xe4,0xfe,0x96,0x83,0xe5,0xff,0x96,0x83,0xe5,0xff,0x96,0x83,0xe5,0xff,0x96,0x83,0xe5,0xff,
0x96,0x83,0xe5,0xff,0x95,0x82,0xe3,0xff,0x99,0x86,0xee,0xff,0x80,0x6c,0xa6,0xff,0x5a,0x42,0x35,0xff,0x57,0x3f,0x2d,0xff,0x74,0x5e,0x81,0xff,0x98,0x85,0xea,0xff,
0x95,0x82,0xe4,0xff,0x96,0x83,0xe5,0xff,0x96,0x83,0xe5,0xff,0x96,0x83,0xe5,0xff,0x96,0x83,0xe5,0xff,0x96,0x83,0xe5,0xff,0x96,0x83,0xe5,0xff,0x96,0x83,0xe5,0xff,
0x96,0x83,0xe5,0xff,0x96,0x83,0xe5,0xff,0x96,0x83,0xe5,0xff,0x96,0x83,0xe5,0xff,0x96,0x83,0xe5,0xff,0x96,0x83,0xe5,0xff,0x96,0x83,0xe5,0xff,0x95,0x82,0xe3,0xff,
0x99,0x86,0xee,0xff,0x80,0x6c,0xa6,0xff,0x5a,0x42,0x35,0xff,0x57,0x3f,0x2d,0xff,0x74,0x5e,0x81,0xff,0x98,0x85,0xea,0xff,0x95,0x82,0xe4,0xff,0x96,0x83,0xe5,0xff,
0x96,0x83,0xe5,0xff,0x96,0x83,0xe5,0xff,0x96,0x83,0xe5,0xff,0x96,0x83,0xe5,0xff,0x96,0x83,0xe5,0xff,0x96,0x83,0xe4,0xfd,0x9d,0x89,0xef,0xff,0x95,0x85,0xe7,0x41,
0x00,0x00,0x00,0x00,0xaa,0xaa,0xff,0x03,0x00,0x00,0x00,0x00,0x00,0x00,0x00,0x00,0x00,0x00,0x00,0x00,0x00,0x00,0x00,0x00,0x00,0x00,0x00,0x00,0x00,0x00,0x00,0x00,
0x00,0x00,0x00,0x00,0x00,0x00,0x00,0x00,0x00,0x00,0x00,0x00,0x00,0x00,0x00,0x00,0x00,0x00,0x00,0x00,0x00,0x00,0x00,0x00,0xff,0xff,0xff,0x01,0x00,0x00,0x00,0x00,
0x96,0x78,0xe1,0x11,0x96,0x83,0xe5,0xee,0x99,0x85,0xe9,0xff,0x95,0x82,0xe4,0xfe,0x96,0x83,0xe5,0xff,0x96,0x83,0xe5,0xff,0x96,0x83,0xe5,0xff,0x96,0x83,0xe5,0xff,
0x96,0x83,0xe5,0xff,0x96,0x83,0xe5,0xff,0x96,0x83,0xe4,0xff,0x99,0x86,0xee,0xff,0x8d,0x79,0xc9,0xff,0x88,0x74,0xbd,0xff,0x98,0x85,0xeb,0xff,0x96,0x83,0xe6,0xff,
0x96,0x83,0xe5,0xff,0x96,0x83,0xe5,0xff,0x96,0x83,0xe5,0xff,0x96,0x83,0xe5,0xff,0x96,0x83,0xe5,0xff,0x96,0x83,0xe5,0xff,0x96,0x83,0xe5,0xff,0x96,0x83,0xe5,0xff,
0x96,0x83,0xe5,0xff,0x96,0x83,0xe5,0xff,0x96,0x83,0xe5,0xff,0x96,0x83,0xe5,0xff,0x96,0x83,0xe5,0xff,0x96,0x83,0xe5,0xff,0x96,0x83,0xe5,0xff,0x96,0x83,0xe5,0xff,
0x96,0x83,0xe4,0xff,0x99,0x86,0xee,0xff,0x8d,0x79,0xc9,0xff,0x88,0x74,0xbd,0xff,0x98,0x85,0xeb,0xff,0x96,0x83,0xe6,0xff,0x96,0x83,0xe5,0xff,0x96,0x83,0xe5,0xff,
0x96,0x83,0xe5,0xff,0x96,0x83,0xe5,0xff,0x96,0x83,0xe5,0xff,0x96,0x83,0xe5,0xff,0x96,0x83,0xe5,0xff,0x96,0x83,0xe4,0xfd,0x9d,0x89,0xef,0xff,0x95,0x85,0xe7,0x41,
0x00,0x00,0x00,0x00,0xaa,0xaa,0xff,0x03,0x00,0x00,0x00,0x00,0x00,0x00,0x00,0x00,0x00,0x00,0x00,0x00,0x00,0x00,0x00,0x00,0x00,0x00,0x00,0x00,0x00,0x00,0x00,0x00,
0x00,0x00,0x00,0x00,0x00,0x00,0x00,0x00,0x00,0x00,0x00,0x00,0x00,0x00,0x00,0x00,0x00,0x00,0x00,0x00,0x00,0x00,0x00,0x00,0xff,0xff,0xff,0x01,0x00,0x00,0x00,0x00,
0x87,0x69,0xe1,0x11,0x94,0x82,0xe5,0xee,0x99,0x85,0xe9,0xff,0x95,0x82,0xe4,0xfe,0x96,0x83,0xe5,0xff,0x96,0x83,0xe5,0xff,0x96,0x83,0xe5,0xff,0x96,0x83,0xe5,0xff,
0x96,0x83,0xe5,0xff,0x96,0x83,0xe5,0xff,0x96,0x83,0xe5,0xff,0x95,0x82,0xe3,0xff,0x98,0x85,0xeb,0xff,0x99,0x86,0xee,0xff,0x96,0x83,0xe4,0xff,0x96,0x83,0xe5,0xff,
0x96,0x83,0xe5,0xff,0x96,0x83,0xe5,0xff,0x96,0x83,0xe5,0xff,0x96,0x83,0xe5,0xff,0x96,0x83,0xe5,0xff,0x96,0x83,0xe5,0xff,0x96,0x83,0xe5,0xff,0x96,0x83,0xe5,0xff,
0x96,0x83,0xe5,0xff,0x96,0x83,0xe5,0xff,0x96,0x83,0xe5,0xff,0x96,0x83,0xe5,0xff,0x96,0x83,0xe5,0xff,0x96,0x83,0xe5,0xff,0x96,0x83,0xe5,0xff,0x96,0x83,0xe5,0xff,
0x96,0x83,0xe5,0xff,0x95,0x82,0xe3,0xff,0x98,0x85,0xeb,0xff,0x99,0x86,0xee,0xff,0x96,0x83,0xe4,0xff,0x96,0x83,0xe5,0xff,0x96,0x83,0xe5,0xff,0x96,0x83,0xe5,0xff,
0x96,0x83,0xe5,0xff,0x96,0x83,0xe5,0xff,0x96,0x83,0xe5,0xff,0x96,0x83,0xe5,0xff,0x96,0x83,0xe5,0xff,0x96,0x83,0xe4,0xfd,0x9d,0x89,0xef,0xff,0x91,0x81,0xe7,0x41,
0x00,0x00,0x00,0x00,0xaa,0xaa,0xff,0x03,0x00,0x00,0x00,0x00,0x00,0x00,0x00,0x00,0x00,0x00,0x00,0x00,0x00,0x00,0x00,0x00,0x00,0x00,0x00,0x00,0x00,0x00,0x00,0x00,
0x00,0x00,0x00,0x00,0x00,0x00,0x00,0x00,0x00,0x00,0x00,0x00,0x00,0x00,0x00,0x00,0x00,0x00,0x00,0x00,0x00,0x00,0x00,0x00,0xff,0xff,0xff,0x01,0x00,0x00,0x00,0x00,
0xff,0xff,0xff,0x11,0xa2,0x94,0xe9,0xee,0x96,0x82,0xe8,0xff,0x96,0x83,0xe4,0xfe,0x96,0x83,0xe5,0xff,0x96,0x83,0xe5,0xff,0x96,0x83,0xe5,0xff,0x96,0x83,0xe5,0xff,
0x96,0x83,0xe5,0xff,0x96,0x83,0xe5,0xff,0x96,0x83,0xe5,0xff,0x96,0x83,0xe5,0xff,0x96,0x82,0xe4,0xff,0x95,0x82,0xe3,0xff,0x96,0x83,0xe5,0xff,0x96,0x83,0xe5,0xff,
0x96,0x83,0xe5,0xff,0x96,0x83,0xe5,0xff,0x96,0x83,0xe5,0xff,0x96,0x83,0xe5,0xff,0x96,0x83,0xe5,0xff,0x96,0x83,0xe5,0xff,0x96,0x83,0xe5,0xff,0x96,0x83,0xe5,0xff,
0x96,0x83,0xe5,0xff,0x96,0x83,0xe5,0xff,0x96,0x83,0xe5,0xff,0x96,0x83,0xe5,0xff,0x96,0x83,0xe5,0xff,0x96,0x83,0xe5,0xff,0x96,0x83,0xe5,0xff,0x96,0x83,0xe5,0xff,
0x96,0x83,0xe5,0xff,0x96,0x83,0xe5,0xff,0x96,0x82,0xe4,0xff,0x95,0x82,0xe3,0xff,0x96,0x83,0xe5,0xff,0x96,0x83,0xe5,0xff,0x96,0x83,0xe5,0xff,0x96,0x83,0xe5,0xff,
0x96,0x83,0xe5,0xff,0x96,0x83,0xe5,0xff,0x96,0x83,0xe5,0xff,0x96,0x83,0xe5,0xff,0x96,0x83,0xe5,0xff,0x94,0x82,0xe3,0xfd,0xa4,0x92,0xf1,0xff,0xcc,0xc8,0xf7,0x41,
0x00,0x00,0x00,0x00,0xaa,0xaa,0xff,0x03,0x00,0x00,0x00,0x00,0x00,0x00,0x00,0x00,0x00,0x00,0x00,0x00,0x00,0x00,0x00,0x00,0x00,0x00,0x00,0x00,0x00,0x00,0x00,0x00,
0x00,0x00,0x00,0x00,0x00,0x00,0x00,0x00,0x00,0x00,0x00,0x00,0x00,0x00,0x00,0x00,0x00,0x00,0x00,0x00,0x00,0x00,0x00,0x00,0xff,0xff,0xff,0x01,0x00,0x00,0x00,0x00,
0xff,0xff,0xff,0x11,0xcb,0xc8,0xf5,0xee,0x91,0x7c,0xe7,0xff,0x97,0x85,0xe4,0xfe,0x97,0x84,0xe5,0xff,0x96,0x83,0xe5,0xff,0x96,0x83,0xe5,0xff,0x96,0x83,0xe5,0xff,
0x96,0x83,0xe5,0xff,0x96,0x83,0xe5,0xff,0x96,0x83,0xe5,0xff,0x96,0x83,0xe5,0xff,0x96,0x83,0xe5,0xff,0x96,0x83,0xe5,0xff,0x96,0x83,0xe5,0xff,0x96,0x83,0xe5,0xff,
0x96,0x83,0xe5,0xff,0x96,0x83,0xe5,0xff,0x96,0x83,0xe5,0xff,0x96,0x83,0xe5,0xff,0x96,0x83,0xe5,0xff,0x96,0x83,0xe5,0xff,0x96,0x83,0xe5,0xff,0x96,0x83,0xe5,0xff,
0x96,0x83,0xe5,0xff,0x96,0x83,0xe5,0xff,0x96,0x83,0xe5,0xff,0x96,0x83,0xe5,0xff,0x96,0x83,0xe5,0xff,0x96,0x83,0xe5,0xff,0x96,0x83,0xe5,0xff,0x96,0x83,0xe5,0xff,
0x96,0x83,0xe5,0xff,0x96,0x83,0xe5,0xff,0x96,0x83,0xe5,0xff,0x96,0x83,0xe5,0xff,0x96,0x83,0xe5,0xff,0x96,0x83,0xe5,0xff,0x96,0x83,0xe5,0xff,0x96,0x83,0xe5,0xff,
0x96,0x83,0xe5,0xff,0x96,0x83,0xe5,0xff,0x96,0x83,0xe5,0xff,0x96,0x83,0xe5,0xff,0x99,0x87,0xe5,0xff,0x8c,0x75,0xe1,0xfd,0xc2,0xba,0xfa,0xff,0xff,0xff,0xff,0x41,
0x00,0x00,0x00,0x00,0xff,0xff,0xff,0x03,0x00,0x00,0x00,0x00,0x00,0x00,0x00,0x00,0x00,0x00,0x00,0x00,0x00,0x00,0x00,0x00,0x00,0x00,0x00,0x00,0x00,0x00,0x00,0x00,
0x00,0x00,0x00,0x00,0x00,0x00,0x00,0x00,0x00,0x00,0x00,0x00,0x00,0x00,0x00,0x00,0x00,0x00,0x00,0x00,0x00,0x00,0x00,0x00,0xff,0xff,0xff,0x01,0x00,0x00,0x00,0x00,
0xe1,0xe1,0xf0,0x11,0xf3,0xfb,0xff,0xee,0xbd,0xb5,0xf4,0xff,0x8c,0x76,0xe1,0xfe,0x94,0x81,0xe4,0xff,0x97,0x84,0xe5,0xff,0x97,0x84,0xe5,0xff,0x97,0x84,0xe5,0xff,
0x97,0x84,0xe5,0xff,0x97,0x84,0xe5,0xff,0x97,0x84,0xe5,0xff,0x97,0x84,0xe5,0xff,0x97,0x84,0xe5,0xff,0x97,0x84,0xe5,0xff,0x97,0x84,0xe5,0xff,0x97,0x84,0xe5,0xff,
0x97,0x84,0xe5,0xff,0x97,0x84,0xe5,0xff,0x97,0x84,0xe5,0xff,0x97,0x84,0xe5,0xff,0x97,0x84,0xe5,0xff,0x97,0x84,0xe5,0xff,0x97,0x84,0xe5,0xff,0x97,0x84,0xe5,0xff,
0x97,0x84,0xe5,0xff,0x97,0x84,0xe5,0xff,0x97,0x84,0xe5,0xff,0x97,0x84,0xe5,0xff,0x97,0x84,0xe5,0xff,0x97,0x84,0xe5,0xff,0x97,0x84,0xe5,0xff,0x97,0x84,0xe5,0xff,
0x97,0x84,0xe5,0xff,0x97,0x84,0xe5,0xff,0x97,0x84,0xe5,0xff,0x97,0x84,0xe5,0xff,0x97,0x84,0xe5,0xff,0x97,0x84,0xe5,0xff,0x97,0x84,0xe5,0xff,0x97,0x84,0xe5,0xff,
0x97,0x84,0xe5,0xff,0x97,0x84,0xe5,0xff,0x97,0x84,0xe5,0xff,0x96,0x83,0xe5,0xff,0x8d,0x78,0xe2,0xff,0xa6,0x98,0xe9,0xfd,0xf6,0xf8,0xff,0xff,0xf7,0xff,0xff,0x41,
0x00,0x00,0x00,0x00,0xff,0xff,0xff,0x03,0x00,0x00,0x00,0x00,0x00,0x00,0x00,0x00,0x00,0x00,0x00,0x00,0x00,0x00,0x00,0x00,0x00,0x00,0x00,0x00,0x00,0x00,0x00,0x00,
0x00,0x00,0x00,0x00,0x00,0x00,0x00,0x00,0x00,0x00,0x00,0x00,0x00,0x00,0x00,0x00,0x00,0x00,0x00,0x00,0x00,0x00,0x00,0x00,0xff,0xff,0xff,0x01,0x00,0x00,0x00,0x00,
0xe1,0xf0,0xf0,0x11,0xf0,0xf8,0xff,0xee,0xf6,0xfe,0xff,0xff,0xc3,0xbe,0xf1,0xfe,0x9d,0x8c,0xe7,0xff,0x92,0x7e,0xe4,0xff,0x92,0x7e,0xe4,0xff,0x92,0x7e,0xe4,0xff,
0x92,0x7e,0xe4,0xff,0x92,0x7e,0xe4,0xff,0x92,0x7e,0xe4,0xff,0x92,0x7e,0xe4,0xff,0x92,0x7e,0xe4,0xff,0x92,0x7e,0xe4,0xff,0x92,0x7e,0xe4,0xff,0x92,0x7e,0xe4,0xff,
0x92,0x7e,0xe4,0xff,0x92,0x7e,0xe4,0xff,0x92,0x7e,0xe4,0xff,0x92,0x7e,0xe4,0xff,0x92,0x7e,0xe4,0xff,0x92,0x7e,0xe4,0xff,0x92,0x7e,0xe4,0xff,0x92,0x7e,0xe4,0xff,
0x92,0x7e,0xe4,0xff,0x92,0x7e,0xe4,0xff,0x92,0x7e,0xe4,0xff,0x92,0x7e,0xe4,0xff,0x92,0x7e,0xe4,0xff,0x92,0x7e,0xe4,0xff,0x92,0x7e,0xe4,0xff,0x92,0x7e,0xe4,0xff,
0x92,0x7e,0xe4,0xff,0x92,0x7e,0xe4,0xff,0x92,0x7e,0xe4,0xff,0x92,0x7e,0xe4,0xff,0x92,0x7e,0xe4,0xff,0x92,0x7e,0xe4,0xff,0x92,0x7e,0xe4,0xff,0x92,0x7e,0xe4,0xff,
0x92,0x7e,0xe4,0xff,0x92,0x7e,0xe4,0xff,0x92,0x7e,0xe4,0xff,0x99,0x86,0xe6,0xff,0xb7,0xae,0xee,0xff,0xea,0xf0,0xfd,0xfd,0xfd,0xff,0xff,0xff,0xeb,0xf3,0xff,0x41,
0x00,0x00,0x00,0x00,0xff,0xff,0xff,0x03,0x00,0x00,0x00,0x00,0x00,0x00,0x00,0x00,0x00,0x00,0x00,0x00,0x00,0x00,0x00,0x00,0x00,0x00,0x00,0x00,0x00,0x00,0x00,0x00,
0x00,0x00,0x00,0x00,0x00,0x00,0x00,0x00,0x00,0x00,0x00,0x00,0x00,0x00,0x00,0x00,0x00,0x00,0x00,0x00,0x00,0x00,0x00,0x00,0xff,0xff,0xff,0x01,0x00,0x00,0x00,0x00,
0xe1,0xf0,0xff,0x11,0xf0,0xf7,0xff,0xee,0xf3,0xfb,0xff,0xff,0xf4,0xff,0xff,0xfe,0xeb,0xf1,0xfe,0xff,0xd9,0xda,0xf9,0xff,0xd8,0xd9,0xf8,0xff,0xd8,0xd9,0xf8,0xff,
0xd8,0xd9,0xf8,0xff,0xd8,0xd9,0xf8,0xff,0xd8,0xd9,0xf8,0xff,0xd8,0xd9,0xf8,0xff,0xd8,0xd9,0xf8,0xff,0xd8,0xd9,0xf8,0xff,0xd8,0xd9,0xf8,0xff,0xd8,0xd9,0xf8,0xff,
0xd8,0xd9,0xf8,0xff,0xd8,0xd9,0xf8,0xff,0xd8,0xd9,0xf8,0xff,0xd8,0xd9,0xf8,0xff,0xd8,0xd9,0xf8,0xff,0xd8,0xd9,0xf8,0xff,0xd8,0xd9,0xf8,0xff,0xd8,0xd9,0xf8,0xff,
0xd8,0xd9,0xf8,0xff,0xd8,0xd9,0xf8,0xff,0xd8,0xd9,0xf8,0xff,0xd8,0xd9,0xf8,0xff,0xd8,0xd9,0xf8,0xff,0xd8,0xd9,0xf8,0xff,0xd8,0xd9,0xf8,0xff,0xd8,0xd9,0xf8,0xff,
0xd8,0xd9,0xf8,0xff,0xd8,0xd9,0xf8,0xff,0xd8,0xd9,0xf8,0xff,0xd8,0xd9,0xf8,0xff,0xd8,0xd9,0xf8,0xff,0xd8,0xd9,0xf8,0xff,0xd8,0xd9,0xf8,0xff,0xd8,0xd9,0xf8,0xff,
0xd8,0xd9,0xf8,0xff,0xd8,0xda,0xf8,0xff,0xd7,0xd8,0xf8,0xff,0xe5,0xea,0xfc,0xff,0xf5,0xff,0xff,0xff,0xef,0xf8,0xff,0xfd,0xf9,0xff,0xff,0xff,0xef,0xf7,0xff,0x41,
0x00,0x00,0x00,0x00,0xff,0xff,0xff,0x03,0x00,0x00,0x00,0x00,0x00,0x00,0x00,0x00,0x00,0x00,0x00,0x00,0x00,0x00,0x00,0x00,0x00,0x00,0x00,0x00,0x00,0x00,0x00,0x00,
0x00,0x00,0x00,0x00,0x00,0x00,0x00,0x00,0x00,0x00,0x00,0x00,0x00,0x00,0x00,0x00,0x00,0x00,0x00,0x00,0x00,0x00,0x00,0x00,0xff,0xff,0xff,0x01,0x00,0x00,0x00,0x00,
0xe1,0xf0,0xff,0x11,0xf0,0xf7,0xff,0xee,0xf3,0xfb,0xff,0xff,0xed,0xf4,0xff,0xfe,0xf0,0xf8,0xff,0xff,0xf4,0xfd,0xff,0xff,0xf4,0xfd,0xff,0xff,0xf4,0xfd,0xff,0xff,
0xf4,0xfd,0xff,0xff,0xf4,0xfd,0xff,0xff,0xf4,0xfd,0xff,0xff,0xf4,0xfd,0xff,0xff,0xf4,0xfd,0xff,0xff,0xf4,0xfd,0xff,0xff,0xf4,0xfd,0xff,0xff,0xf4,0xfd,0xff,0xff,
0xf4,0xfd,0xff,0xff,0xf4,0xfd,0xff,0xff,0xf4,0xfd,0xff,0xff,0xf4,0xfd,0xff,0xff,0xf4,0xfd,0xff,0xff,0xf4,0xfd,0xff,0xff,0xf4,0xfd,0xff,0xff,0xf4,0xfd,0xff,0xff,
0xf4,0xfd,0xff,0xff,0xf4,0xfd,0xff,0xff,0xf4,0xfd,0xff,0xff,0xf4,0xfd,0xff,0xff,0xf4,0xfd,0xff,0xff,0xf4,0xfd,0xff,0xff,0xf4,0xfd,0xff,0xff,0xf4,0xfd,0xff,0xff,
0xf4,0xfd,0xff,0xff,0xf4,0xfd,0xff,0xff,0xf4,0xfd,0xff,0xff,0xf4,0xfd,0xff,0xff,0xf4,0xfd,0xff,0xff,0xf4,0xfd,0xff,0xff,0xf4,0xfd,0xff,0xff,0xf4,0xfd,0xff,0xff,
0xf4,0xfd,0xff,0xff,0xf4,0xfd,0xff,0xff,0xf4,0xfd,0xff,0xff,0xf1,0xfa,0xff,0xff,0xee,0xf5,0xff,0xff,0xee,0xf5,0xff,0xfd,0xfa,0xff,0xff,0xff,0xef,0xf7,0xff,0x41,
0x00,0x00,0x00,0x00,0xff,0xff,0xff,0x03,0x00,0x00,0x00,0x00,0x00,0x00,0x00,0x00,0x00,0x00,0x00,0x00,0x00,0x00,0x00,0x00,0x00,0x00,0x00,0x00,0x00,0x00,0x00,0x00,
0x00,0x00,0x00,0x00,0x00,0x00,0x00,0x00,0x00,0x00,0x00,0x00,0x00,0x00,0x00,0x00,0x00,0x00,0x00,0x00,0x00,0x00,0x00,0x00,0xff,0xff,0xff,0x01,0x00,0x00,0x00,0x00,
0xe1,0xf0,0xff,0x11,0xf0,0xf7,0xff,0xee,0xf3,0xfb,0xff,0xff,0xee,0xf6,0xff,0xfe,0xef,0xf7,0xff,0xff,0xee,0xf6,0xff,0xff,0xee,0xf6,0xff,0xff,0xee,0xf6,0xff,0xff,
0xee,0xf6,0xff,0xff,0xee,0xf6,0xff,0xff,0xee,0xf6,0xff,0xff,0xee,0xf6,0xff,0xff,0xee,0xf6,0xff,0xff,0xee,0xf6,0xff,0xff,0xee,0xf6,0xff,0xff,0xee,0xf6,0xff,0xff,
0xee,0xf6,0xff,0xff,0xee,0xf6,0xff,0xff,0xee,0xf6,0xff,0xff,0xee,0xf6,0xff,0xff,0xee,0xf6,0xff,0xff,0xee,0xf6,0xff,0xff,0xee,0xf6,0xff,0xff,0xee,0xf6,0xff,0xff,
0xee,0xf6,0xff,0xff,0xee,0xf6,0xff,0xff,0xee,0xf6,0xff,0xff,0xee,0xf6,0xff,0xff,0xee,0xf6,0xff,0xff,0xee,0xf6,0xff,0xff,0xee,0xf6,0xff,0xff,0xee,0xf6,0xff,0xff,
0xee,0xf6,0xff,0xff,0xee,0xf6,0xff,0xff,0xee,0xf6,0xff,0xff,0xee,0xf6,0xff,0xff,0xee,0xf6,0xff,0xff,0xee,0xf6,0xff,0xff,0xee,0xf6,0xff,0xff,0xee,0xf6,0xff,0xff,
0xee,0xf6,0xff,0xff,0xee,0xf6,0xff,0xff,0xee,0xf6,0xff,0xff,0xee,0xf6,0xff,0xff,0xef,0xf7,0xff,0xff,0xee,0xf6,0xff,0xfd,0xfa,0xff,0xff,0xff,0xef,0xf7,0xff,0x41,
0x00,0x00,0x00,0x00,0xff,0xff,0xff,0x03,0x00,0x00,0x00,0x00,0x00,0x00,0x00,0x00,0x00,0x00,0x00,0x00,0x00,0x00,0x00,0x00,0x00,0x00,0x00,0x00,0x00,0x00,0x00,0x00,
0x00,0x00,0x00,0x00,0x00,0x00,0x00,0x00,0x00,0x00,0x00,0x00,0x00,0x00,0x00,0x00,0x00,0x00,0x00,0x00,0x00,0x00,0x00,0x00,0xff,0xff,0xff,0x01,0x00,0x00,0x00,0x00,
0xe1,0xf0,0xff,0x11,0xf0,0xf7,0xff,0xee,0xf3,0xfb,0xff,0xff,0xee,0xf6,0xff,0xfe,0xef,0xf7,0xff,0xff,0xef,0xf7,0xff,0xff,0xef,0xf7,0xff,0xff,0xef,0xf7,0xff,0xff,
0xef,0xf7,0xff,0xff,0xef,0xf7,0xff,0xff,0xef,0xf7,0xff,0xff,0xef,0xf7,0xff,0xff,0xef,0xf7,0xff,0xff,0xef,0xf7,0xff,0xff,0xef,0xf7,0xff,0xff,0xef,0xf7,0xff,0xff,
0xef,0xf7,0xff,0xff,0xef,0xf7,0xff,0xff,0xef,0xf7,0xff,0xff,0xef,0xf7,0xff,0xff,0xef,0xf7,0xff,0xff,0xef,0xf7,0xff,0xff,0xef,0xf7,0xff,0xff,0xef,0xf7,0xff,0xff,
0xef,0xf6,0xff,0xff,0xef,0xf7,0xff,0xff,0xef,0xf7,0xff,0xff,0xef,0xf7,0xff,0xff,0xef,0xf7,0xff,0xff,0xef,0xf7,0xff,0xff,0xef,0xf7,0xff,0xff,0xef,0xf7,0xff,0xff,
0xef,0xf7,0xff,0xff,0xef,0xf7,0xff,0xff,0xef,0xf7,0xff,0xff,0xef,0xf7,0xff,0xff,0xef,0xf7,0xff,0xff,0xef,0xf7,0xff,0xff,0xef,0xf7,0xff,0xff,0xef,0xf7,0xff,0xff,
0xef,0xf7,0xff,0xff,0xef,0xf7,0xff,0xff,0xef,0xf7,0xff,0xff,0xef,0xf7,0xff,0xff,0xef,0xf7,0xff,0xff,0xee,0xf6,0xff,0xfd,0xfa,0xff,0xff,0xff,0xef,0xf7,0xff,0x41,
0x00,0x00,0x00,0x00,0xff,0xff,0xff,0x03,0x00,0x00,0x00,0x00,0x00,0x00,0x00,0x00,0x00,0x00,0x00,0x00,0x00,0x00,0x00,0x00,0x00,0x00,0x00,0x00,0x00,0x00,0x00,0x00,
0x00,0x00,0x00,0x00,0x00,0x00,0x00,0x00,0x00,0x00,0x00,0x00,0x00,0x00,0x00,0x00,0x00,0x00,0x00,0x00,0x00,0x00,0x00,0x00,0xff,0xff,0xff,0x01,0x00,0x00,0x00,0x00,
0xe1,0xf0,0xff,0x11,0xf0,0xf7,0xff,0xee,0xf3,0xfb,0xff,0xff,0xee,0xf6,0xff,0xfe,0xef,0xf7,0xff,0xff,0xef,0xf7,0xff,0xff,0xef,0xf7,0xff,0xff,0xef,0xf7,0xff,0xff,
0xef,0xf7,0xff,0xff,0xef,0xf7,0xff,0xff,0xee,0xf6,0xfe,0xff,0xf0,0xf8,0xff,0xff,0xf0,0xf8,0xff,0xff,0xee,0xf6,0xfe,0xff,0xef,0xf7,0xff,0xff,0xef,0xf7,0xff,0xff,
0xef,0xf7,0xff,0xff,0xef,0xf7,0xff,0xff,0xef,0xf7,0xff,0xff,0xef,0xf7,0xff,0xff,0xef,0xf7,0xff,0xff,0xef,0xf7,0xff,0xff,0xee,0xf5,0xff,0xff,0xf0,0xf8,0xff,0xff,
0xf1,0xf9,0xff,0xff,0xee,0xf6,0xff,0xff,0xee,0xf6,0xff,0xff,0xef,0xf7,0xff,0xff,0xef,0xf7,0xff,0xff,0xef,0xf7,0xff,0xff,0xef,0xf7,0xff,0xff,0xef,0xf7,0xff,0xff,
0xef,0xf7,0xff,0xff,0xef,0xf7,0xff,0xff,0xee,0xf6,0xfe,0xff,0xf0,0xf8,0xff,0xff,0xf0,0xf8,0xff,0xff,0xee,0xf6,0xfe,0xff,0xef,0xf7,0xff,0xff,0xef,0xf7,0xff,0xff,
0xef,0xf7,0xff,0xff,0xef,0xf7,0xff,0xff,0xef,0xf7,0xff,0xff,0xef,0xf7,0xff,0xff,0xef,0xf7,0xff,0xff,0xee,0xf6,0xff,0xfd,0xfa,0xff,0xff,0xff,0xef,0xf7,0xff,0x41,
0x00,0x00,0x00,0x00,0xff,0xff,0xff,0x03,0x00,0x00,0x00,0x00,0x00,0x00,0x00,0x00,0x00,0x00,0x00,0x00,0x00,0x00,0x00,0x00,0x00,0x00,0x00,0x00,0x00,0x00,0x00,0x00,
0x00,0x00,0x00,0x00,0x00,0x00,0x00,0x00,0x00,0x00,0x00,0x00,0x00,0x00,0x00,0x00,0x00,0x00,0x00,0x00,0x00,0x00,0x00,0x00,0xff,0xff,0xff,0x01,0x00,0x00,0x00,0x00,
0xe1,0xf0,0xff,0x11,0xf0,0xf7,0xff,0xee,0xf3,0xfb,0xff,0xff,0xee,0xf6,0xff,0xfe,0xef,0xf7,0xff,0xff,0xef,0xf7,0xff,0xff,0xef,0xf7,0xff,0xff,0xef,0xf7,0xff,0xff,
0xef,0xf7,0xff,0xff,0xef,0xf7,0xff,0xff,0xf3,0xfd,0xff,0xff,0xed,0xf4,0xfb,0xff,0xec,0xf1,0xf8,0xff,0xf2,0xfc,0xff,0xff,0xf0,0xf9,0xff,0xff,0xef,0xf7,0xff,0xff,
0xef,0xf7,0xff,0xff,0xef,0xf7,0xff,0xff,0xef,0xf7,0xff,0xff,0xef,0xf7,0xff,0xff,0xef,0xf7,0xff,0xff,0xef,0xf7,0xff,0xff,0xf5,0xff,0xff,0xff,0xec,0xf3,0xfe,0xff,
0xe9,0xef,0xfd,0xff,0xf4,0xfe,0xff,0xff,0xf1,0xf9,0xff,0xff,0xee,0xf6,0xff,0xff,0xef,0xf7,0xff,0xff,0xef,0xf7,0xff,0xff,0xef,0xf7,0xff,0xff,0xef,0xf7,0xff,0xff,
0xef,0xf7,0xff,0xff,0xef,0xf7,0xff,0xff,0xf3,0xfd,0xff,0xff,0xed,0xf4,0xfb,0xff,0xec,0xf1,0xf8,0xff,0xf2,0xfc,0xff,0xff,0xf0,0xf9,0xff,0xff,0xef,0xf7,0xff,0xff,
0xef,0xf7,0xff,0xff,0xef,0xf7,0xff,0xff,0xef,0xf7,0xff,0xff,0xef,0xf7,0xff,0xff,0xef,0xf7,0xff,0xff,0xee,0xf6,0xff,0xfd,0xfa,0xff,0xff,0xff,0xef,0xf7,0xff,0x41,
0x00,0x00,0x00,0x00,0xff,0xff,0xff,0x03,0x00,0x00,0x00,0x00,0x00,0x00,0x00,0x00,0x00,0x00,0x00,0x00,0x00,0x00,0x00,0x00,0x00,0x00,0x00,0x00,0x00,0x00,0x00,0x00,
0x00,0x00,0x00,0x00,0x00,0x00,0x00,0x00,0x00,0x00,0x00,0x00,0x00,0x00,0x00,0x00,0x00,0x00,0x00,0x00,0x00,0x00,0x00,0x00,0xff,0xff,0xff,0x01,0x00,0x00,0x00,0x00,
0xe1,0xf0,0xff,0x11,0xf0,0xf7,0xff,0xee,0xf3,0xfb,0xff,0xff,0xee,0xf6,0xff,0xfe,0xef,0xf7,0xff,0xff,0xef,0xf7,0xff,0xff,0xef,0xf7,0xff,0xff,0xef,0xf7,0xff,0xff,
0xef,0xf7,0xfe,0xff,0xf0,0xf8,0xfe,0xff,0xd6,0xcf,0xcb,0xff,0xbf,0xab,0x9e,0xff,0xbd,0xa7,0x9a,0xff,0xce,0xc2,0xbb,0xff,0xec,0xf2,0xf7,0xff,0xf0,0xf9,0xff,0xff,
0xef,0xf7,0xff,0xff,0xef,0xf7,0xff,0xff,0xef,0xf7,0xff,0xff,0xef,0xf7,0xff,0xff,0xef,0xf7,0xff,0xff,0xf0,0xf9,0xff,0xff,0xc4,0xbf,0xf2,0xff,0x9e,0x8d,0xe7,0xff,
0x9b,0x89,0xe6,0xff,0xb7,0xae,0xef,0xff,0xea,0xf0,0xfd,0xff,0xf1,0xf9,0xff,0xff,0xef,0xf6,0xff,0xff,0xef,0xf7,0xff,0xff,0xef,0xf7,0xff,0xff,0xef,0xf7,0xff,0xff,
0xef,0xf7,0xfe,0xff,0xf0,0xf8,0xfe,0xff,0xd6,0xcf,0xcb,0xff,0xbf,0xab,0x9e,0xff,0xbd,0xa7,0x9a,0xff,0xce,0xc2,0xbb,0xff,0xec,0xf2,0xf7,0xff,0xf0,0xf9,0xff,0xff,
0xef,0xf7,0xff,0xff,0xef,0xf7,0xff,0xff,0xef,0xf7,0xff,0xff,0xef,0xf7,0xff,0xff,0xef,0xf7,0xff,0xff,0xee,0xf6,0xff,0xfd,0xfa,0xff,0xff,0xff,0xef,0xf7,0xff,0x41,
0x00,0x00,0x00,0x00,0xff,0xff,0xff,0x03,0x00,0x00,0x00,0x00,0x00,0x00,0x00,0x00,0x00,0x00,0x00,0x00,0x00,0x00,0x00,0x00,0x00,0x00,0x00,0x00,0x00,0x00,0x00,0x00,
0x00,0x00,0x00,0x00,0x00,0x00,0x00,0x00,0x00,0x00,0x00,0x00,0x00,0x00,0x00,0x00,0x00,0x00,0x00,0x00,0x00,0x00,0x00,0x00,0xff,0xff,0xff,0x01,0x00,0x00,0x00,0x00,
0xe1,0xf0,0xff,0x11,0xf0,0xf7,0xff,0xee,0xf3,0xfb,0xff,0xff,0xee,0xf6,0xff,0xfe,0xef,0xf7,0xff,0xff,0xef,0xf7,0xff,0xff,0xef,0xf7,0xff,0xff,0xee,0xf6,0xfe,0xff,
0xf2,0xfc,0xff,0xff,0xd6,0xcf,0xcc,0xff,0xb4,0x99,0x88,0xff,0xb9,0xa2,0x92,0xff,0xba,0xa2,0x93,0xff,0xb4,0x99,0x88,0xff,0xc9,0xba,0xb2,0xff,0xf1,0xfa,0xfe,0xff,
0xef,0xf6,0xfe,0xff,0xef,0xf7,0xff,0xff,0xef,0xf7,0xff,0xff,0xed,0xf5,0xff,0xff,0xf5,0xfe,0xff,0xff,0xc4,0xbf,0xf2,0xff,0x8b,0x75,0xe2,0xff,0x95,0x81,0xe4,0xff,
0x96,0x83,0xe5,0xff,0x8c,0x76,0xe2,0xff,0xaf,0xa3,0xec,0xff,0xf2,0xfb,0xff,0xff,0xee,0xf6,0xff,0xff,0xef,0xf7,0xff,0xff,0xef,0xf7,0xff,0xff,0xee,0xf6,0xfe,0xff,
0xf2,0xfc,0xff,0xff,0xd6,0xcf,0xcc,0xff,0xb4,0x99,0x88,0xff,0xb9,0xa2,0x92,0xff,0xba,0xa2,0x93,0xff,0xb4,0x99,0x88,0xff,0xc9,0xba,0xb2,0xff,0xf1,0xfa,0xfe,0xff,
0xef,0xf6,0xfe,0xff,0xef,0xf7,0xff,0xff,0xef,0xf7,0xff,0xff,0xef,0xf7,0xff,0xff,0xef,0xf7,0xff,0xff,0xee,0xf6,0xff,0xfd,0xfa,0xff,0xff,0xff,0xef,0xf7,0xff,0x41,
0x00,0x00,0x00,0x00,0xff,0xff,0xff,0x03,0x00,0x00,0x00,0x00,0x00,0x00,0x00,0x00,0x00,0x00,0x00,0x00,0x00,0x00,0x00,0x00,0x00,0x00,0x00,0x00,0x00,0x00,0x00,0x00,
0x00,0x00,0x00,0x00,0x00,0x00,0x00,0x00,0x00,0x00,0x00,0x00,0x00,0x00,0x00,0x00,0x00,0x00,0x00,0x00,0x00,0x00,0x00,0x00,0xff,0xff,0xff,0x01,0x00,0x00,0x00,0x00,
0xe1,0xf0,0xff,0x11,0xf0,0xf7,0xff,0xee,0xf3,0xfb,0xff,0xff,0xee,0xf6,0xff,0xfe,0xef,0xf7,0xff,0xff,0xef,0xf7,0xff,0xff,0xef,0xf7,0xff,0xff,0xf0,0xf8,0xff,0xff,
0xed,0xf4,0xfa,0xff,0xbf,0xaa,0x9d,0xff,0xb9,0xa2,0x92,0xff,0xbb,0xa4,0x95,0xff,0xba,0xa3,0x94,0xff,0xbb,0xa5,0x96,0xff,0xb8,0xa0,0x90,0xff,0xe3,0xe5,0xe9,0xff,
0xf2,0xfb,0xff,0xff,0xee,0xf6,0xfe,0xff,0xef,0xf6,0xff,0xff,0xf0,0xf8,0xff,0xff,0xeb,0xf2,0xfd,0xff,0x9e,0x8e,0xe8,0xff,0x94,0x81,0xe5,0xff,0x97,0x85,0xe5,0xff,
0x96,0x84,0xe5,0xff,0x98,0x85,0xe5,0xff,0x93,0x7f,0xe4,0xff,0xdc,0xde,0xf9,0xff,0xf3,0xfc,0xff,0xff,0xee,0xf6,0xff,0xff,0xef,0xf7,0xff,0xff,0xf0,0xf8,0xff,0xff,
0xed,0xf4,0xfa,0xff,0xbf,0xaa,0x9d,0xff,0xb9,0xa2,0x92,0xff,0xbb,0xa4,0x95,0xff,0xba,0xa3,0x94,0xff,0xbb,0xa5,0x96,0xff,0xb8,0xa0,0x90,0xff,0xe3,0xe5,0xe9,0xff,
0xf2,0xfb,0xff,0xff,0xee,0xf6,0xfe,0xff,0xef,0xf7,0xff,0xff,0xef,0xf7,0xff,0xff,0xef,0xf7,0xff,0xff,0xee,0xf6,0xff,0xfd,0xfa,0xff,0xff,0xff,0xef,0xf7,0xff,0x41,
0x00,0x00,0x00,0x00,0xff,0xff,0xff,0x03,0x00,0x00,0x00,0x00,0x00,0x00,0x00,0x00,0x00,0x00,0x00,0x00,0x00,0x00,0x00,0x00,0x00,0x00,0x00,0x00,0x00,0x00,0x00,0x00,
0x00,0x00,0x00,0x00,0x00,0x00,0x00,0x00,0x00,0x00,0x00,0x00,0x00,0x00,0x00,0x00,0x00,0x00,0x00,0x00,0x00,0x00,0x00,0x00,0xff,0xff,0xff,0x01,0x00,0x00,0x00,0x00,
0xe1,0xf0,0xff,0x11,0xf0,0xf7,0xff,0xee,0xf3,0xfb,0xff,0xff,0xee,0xf6,0xff,0xfe,0xef,0xf7,0xff,0xff,0xef,0xf7,0xff,0xff,0xef,0xf7,0xff,0xff,0xf0,0xf8,0xff,0xff,
0xec,0xf2,0xf8,0xff,0xbc,0xa7,0x9a,0xff,0xba,0xa3,0x93,0xff,0xba,0xa3,0x94,0xff,0xba,0xa3,0x94,0xff,0xbb,0xa5,0x96,0xff,0xb8,0x9f,0x8e,0xff,0xe1,0xe0,0xe4,0xff,
0xf2,0xfc,0xff,0xff,0xee,0xf6,0xfe,0xff,0xef,0xf6,0xff,0xff,0xf1,0xf9,0xff,0xff,0xe9,0xef,0xfd,0xff,0x9b,0x8a,0xe7,0xff,0x95,0x83,0xe5,0xff,0x96,0x84,0xe5,0xff,
0x96,0x83,0xe5,0xff,0x98,0x85,0xe5,0xff,0x92,0x7d,0xe4,0xff,0xd7,0xd8,0xf8,0xff,0xf4,0xfd,0xff,0xff,0xee,0xf6,0xff,0xff,0xef,0xf7,0xff,0xff,0xf0,0xf8,0xff,0xff,
0xec,0xf2,0xf8,0xff,0xbc,0xa7,0x9a,0xff,0xba,0xa3,0x93,0xff,0xba,0xa3,0x94,0xff,0xba,0xa3,0x94,0xff,0xbb,0xa5,0x96,0xff,0xb8,0x9f,0x8e,0xff,0xe1,0xe0,0xe4,0xff,
0xf2,0xfc,0xff,0xff,0xee,0xf6,0xfe,0xff,0xef,0xf7,0xff,0xff,0xef,0xf7,0xff,0xff,0xef,0xf7,0xff,0xff,0xee,0xf6,0xff,0xfd,0xfa,0xff,0xff,0xff,0xef,0xf7,0xff,0x41,
0x00,0x00,0x00,0x00,0xff,0xff,0xff,0x03,0x00,0x00,0x00,0x00,0x00,0x00,0x00,0x00,0x00,0x00,0x00,0x00,0x00,0x00,0x00,0x00,0x00,0x00,0x00,0x00,0x00,0x00,0x00,0x00,
0x00,0x00,0x00,0x00,0x00,0x00,0x00,0x00,0x00,0x00,0x00,0x00,0x00,0x00,0x00,0x00,0x00,0x00,0x00,0x00,0x00,0x00,0x00,0x00,0xff,0xff,0xff,0x01,0x00,0x00,0x00,0x00,
0xe1,0xf0,0xff,0x11,0xf0,0xf7,0xff,0xee,0xf3,0xfb,0xff,0xff,0xee,0xf6,0xff,0xfe,0xef,0xf7,0xff,0xff,0xef,0xf7,0xff,0xff,0xef,0xf7,0xff,0xff,0xef,0xf6,0xfe,0xff,
0xf2,0xfc,0xff,0xff,0xce,0xc2,0xbc,0xff,0xb4,0x9a,0x88,0xff,0xbb,0xa4,0x96,0xff,0xbb,0xa5,0x96,0xff,0xb6,0x9d,0x8c,0xff,0xc1,0xaf,0xa3,0xff,0xee,0xf6,0xfb,0xff,
0xef,0xf7,0xfe,0xff,0xef,0xf7,0xff,0xff,0xef,0xf7,0xff,0xff,0xee,0xf6,0xff,0xff,0xf4,0xfd,0xff,0xff,0xb7,0xae,0xef,0xff,0x8c,0x76,0xe2,0xff,0x98,0x85,0xe5,0xff,
0x98,0x86,0xe5,0xff,0x8f,0x7a,0xe3,0xff,0xa3,0x93,0xe9,0xff,0xee,0xf5,0xfe,0xff,0xef,0xf8,0xff,0xff,0xef,0xf7,0xff,0xff,0xef,0xf7,0xff,0xff,0xef,0xf6,0xfe,0xff,
0xf2,0xfc,0xff,0xff,0xce,0xc2,0xbc,0xff,0xb4,0x9a,0x88,0xff,0xbb,0xa4,0x96,0xff,0xbb,0xa5,0x96,0xff,0xb6,0x9d,0x8c,0xff,0xc1,0xaf,0xa3,0xff,0xee,0xf6,0xfb,0xff,
0xef,0xf7,0xfe,0xff,0xef,0xf7,0xff,0xff,0xef,0xf7,0xff,0xff,0xef,0xf7,0xff,0xff,0xef,0xf7,0xff,0xff,0xee,0xf6,0xff,0xfd,0xfa,0xff,0xff,0xff,0xef,0xf7,0xff,0x41,
0x00,0x00,0x00,0x00,0xff,0xff,0xff,0x03,0x00,0x00,0x00,0x00,0x00,0x00,0x00,0x00,0x00,0x00,0x00,0x00,0x00,0x00,0x00,0x00,0x00,0x00,0x00,0x00,0x00,0x00,0x00,0x00,
0x00,0x00,0x00,0x00,0x00,0x00,0x00,0x00,0x00,0x00,0x00,0x00,0x00,0x00,0x00,0x00,0x00,0x00,0x00,0x00,0x00,0x00,0x00,0x00,0xff,0xff,0xff,0x01,0x00,0x00,0x00,0x00,
0xe1,0xf0,0xff,0x11,0xf0,0xf7,0xff,0xee,0xf3,0xfb,0xff,0xff,0xee,0xf6,0xff,0xfe,0xef,0xf7,0xff,0xff,0xef,0xf7,0xff,0xff,0xef,0xf7,0xff,0xff,0xef,0xf7,0xff,0xff,
0xf0,0xf8,0xff,0xff,0xec,0xf2,0xf7,0xff,0xc9,0xba,0xb1,0xff,0xb8,0xa0,0x90,0xff,0xb8,0x9f,0x8e,0xff,0xc1,0xae,0xa3,0xff,0xe5,0xe7,0xe9,0xff,0xf1,0xfb,0xff,0xff,
0xee,0xf6,0xfe,0xff,0xef,0xf7,0xff,0xff,0xef,0xf7,0xff,0xff,0xef,0xf6,0xff,0xff,0xf1,0xf9,0xff,0xff,0xea,0xf0,0xfd,0xff,0xae,0xa3,0xec,0xff,0x93,0x7f,0xe4,0xff,
0x92,0x7d,0xe3,0xff,0xa2,0x93,0xe9,0xff,0xde,0xe1,0xfa,0xff,0xf3,0xfc,0xff,0xff,0xee,0xf6,0xff,0xff,0xef,0xf7,0xff,0xff,0xef,0xf7,0xff,0xff,0xef,0xf7,0xff,0xff,
0xf0,0xf8,0xff,0xff,0xec,0xf2,0xf7,0xff,0xc9,0xba,0xb1,0xff,0xb8,0xa0,0x90,0xff,0xb8,0x9f,0x8e,0xff,0xc1,0xae,0xa3,0xff,0xe5,0xe7,0xe9,0xff,0xf1,0xfb,0xff,0xff,
0xee,0xf6,0xfe,0xff,0xef,0xf7,0xff,0xff,0xef,0xf7,0xff,0xff,0xef,0xf7,0xff,0xff,0xef,0xf7,0xff,0xff,0xee,0xf6,0xff,0xfd,0xfa,0xff,0xff,0xff,0xef,0xf7,0xff,0x41,
0x00,0x00,0x00,0x00,0xff,0xff,0xff,0x03,0x00,0x00,0x00,0x00,0x00,0x00,0x00,0x00,0x00,0x00,0x00,0x00,0x00,0x00,0x00,0x00,0x00,0x00,0x00,0x00,0x00,0x00,0x00,0x00,
0x00,0x00,0x00,0x00,0x00,0x00,0x00,0x00,0x00,0x00,0x00,0x00,0x00,0x00,0x00,0x00,0x00,0x00,0x00,0x00,0x00,0x00,0x00,0x00,0xff,0xff,0xff,0x01,0x00,0x00,0x00,0x00,
0xe1,0xf0,0xff,0x11,0xf0,0xf7,0xff,0xee,0xf3,0xfb,0xff,0xff,0xee,0xf6,0xff,0xfe,0xef,0xf7,0xff,0xff,0xef,0xf7,0xff,0xff,0xef,0xf7,0xff,0xff,0xef,0xf7,0xff,0xff,
0xef,0xf6,0xff,0xff,0xf0,0xf9,0xff,0xff,0xf1,0xfa,0xff,0xff,0xe4,0xe5,0xe8,0xff,0xe1,0xe1,0xe3,0xff,0xee,0xf6,0xfe,0xff,0xf1,0xfa,0xff,0xff,0xef,0xf6,0xff,0xff,
0xef,0xf7,0xff,0xff,0xef,0xf7,0xff,0xff,0xef,0xf7,0xff,0xff,0xef,0xf7,0xff,0xff,0xee,0xf6,0xff,0xff,0xf1,0xf9,0xff,0xff,0xf2,0xfb,0xff,0xff,0xdc,0xde,0xf9,0xff,
0xd8,0xd8,0xf8,0xff,0xee,0xf6,0xff,0xff,0xf3,0xfc,0xff,0xff,0xee,0xf6,0xff,0xff,0xef,0xf7,0xff,0xff,0xef,0xf7,0xff,0xff,0xef,0xf7,0xff,0xff,0xef,0xf7,0xff,0xff,
0xef,0xf6,0xff,0xff,0xf0,0xf9,0xff,0xff,0xf1,0xfa,0xff,0xff,0xe4,0xe5,0xe8,0xff,0xe1,0xe1,0xe3,0xff,0xee,0xf6,0xfe,0xff,0xf1,0xfa,0xff,0xff,0xef,0xf6,0xff,0xff,
0xef,0xf7,0xff,0xff,0xef,0xf7,0xff,0xff,0xef,0xf7,0xff,0xff,0xef,0xf7,0xff,0xff,0xef,0xf7,0xff,0xff,0xee,0xf6,0xff,0xfd,0xfa,0xff,0xff,0xff,0xef,0xf7,0xff,0x41,
0x00,0x00,0x00,0x00,0xff,0xff,0xff,0x03,0x00,0x00,0x00,0x00,0x00,0x00,0x00,0x00,0x00,0x00,0x00,0x00,0x00,0x00,0x00,0x00,0x00,0x00,0x00,0x00,0x00,0x00,0x00,0x00,
0x00,0x00,0x00,0x00,0x00,0x00,0x00,0x00,0x00,0x00,0x00,0x00,0x00,0x00,0x00,0x00,0x00,0x00,0x00,0x00,0x00,0x00,0x00,0x00,0xff,0xff,0xff,0x01,0x00,0x00,0x00,0x00,
0xe1,0xf0,0xff,0x11,0xf0,0xf7,0xff,0xee,0xf3,0xfb,0xff,0xff,0xee,0xf6,0xff,0xfe,0xef,0xf7,0xff,0xff,0xef,0xf7,0xff,0xff,0xef,0xf7,0xff,0xff,0xef,0xf7,0xff,0xff,
0xef,0xf7,0xff,0xff,0xef,0xf6,0xff,0xff,0xef,0xf6,0xfe,0xff,0xf1,0xfb,0xff,0xff,0xf2,0xfc,0xff,0xff,0xef,0xf7,0xff,0xff,0xee,0xf6,0xfe,0xff,0xef,0xf7,0xff,0xff,
0xef,0xf7,0xff,0xff,0xef,0xf7,0xff,0xff,0xef,0xf7,0xff,0xff,0xef,0xf7,0xff,0xff,0xef,0xf7,0xff,0xff,0xee,0xf6,0xff,0xff,0xee,0xf6,0xff,0xff,0xf3,0xfc,0xff,0xff,
0xf4,0xfd,0xff,0xff,0xef,0xf7,0xff,0xff,0xee,0xf6,0xff,0xff,0xef,0xf7,0xff,0xff,0xef,0xf7,0xff,0xff,0xef,0xf7,0xff,0xff,0xef,0xf7,0xff,0xff,0xef,0xf7,0xff,0xff,
0xef,0xf7,0xff,0xff,0xef,0xf6,0xff,0xff,0xef,0xf6,0xfe,0xff,0xf1,0xfb,0xff,0xff,0xf2,0xfc,0xff,0xff,0xef,0xf7,0xff,0xff,0xee,0xf6,0xfe,0xff,0xef,0xf7,0xff,0xff,
0xef,0xf7,0xff,0xff,0xef,0xf7,0xff,0xff,0xef,0xf7,0xff,0xff,0xef,0xf7,0xff,0xff,0xef,0xf7,0xff,0xff,0xee,0xf6,0xff,0xfd,0xfa,0xff,0xff,0xff,0xef,0xf7,0xff,0x41,
0x00,0x00,0x00,0x00,0xff,0xff,0xff,0x03,0x00,0x00,0x00,0x00,0x00,0x00,0x00,0x00,0x00,0x00,0x00,0x00,0x00,0x00,0x00,0x00,0x00,0x00,0x00,0x00,0x00,0x00,0x00,0x00,
0x00,0x00,0x00,0x00,0x00,0x00,0x00,0x00,0x00,0x00,0x00,0x00,0x00,0x00,0x00,0x00,0x00,0x00,0x00,0x00,0x00,0x00,0x00,0x00,0xff,0xff,0xff,0x01,0x00,0x00,0x00,0x00,
0xe1,0xf0,0xff,0x11,0xf0,0xf7,0xff,0xee,0xf3,0xfb,0xff,0xff,0xee,0xf6,0xff,0xfe,0xef,0xf7,0xff,0xff,0xef,0xf7,0xff,0xff,0xef,0xf7,0xff,0xff,0xef,0xf7,0xff,0xff,
0xef,0xf7,0xff,0xff,0xef,0xf7,0xff,0xff,0xef,0xf7,0xff,0xff,0xee,0xf6,0xfe,0xff,0xee,0xf6,0xfd,0xff,0xef,0xf7,0xff,0xff,0xef,0xf7,0xff,0xff,0xef,0xf7,0xff,0xff,
0xef,0xf7,0xff,0xff,0xef,0xf7,0xff,0xff,0xef,0xf7,0xff,0xff,0xef,0xf7,0xff,0xff,0xef,0xf7,0xff,0xff,0xef,0xf7,0xff,0xff,0xef,0xf7,0xff,0xff,0xee,0xf6,0xfe,0xff,
0xee,0xf5,0xfe,0xff,0xef,0xf7,0xff,0xff,0xef,0xf7,0xff,0xff,0xef,0xf7,0xff,0xff,0xef,0xf7,0xff,0xff,0xef,0xf7,0xff,0xff,0xef,0xf7,0xff,0xff,0xef,0xf7,0xff,0xff,
0xef,0xf7,0xff,0xff,0xef,0xf7,0xff,0xff,0xef,0xf7,0xff,0xff,0xee,0xf6,0xfe,0xff,0xee,0xf6,0xfd,0xff,0xef,0xf7,0xff,0xff,0xef,0xf7,0xff,0xff,0xef,0xf7,0xff,0xff,
0xef,0xf7,0xff,0xff,0xef,0xf7,0xff,0xff,0xef,0xf7,0xff,0xff,0xef,0xf7,0xff,0xff,0xef,0xf7,0xff,0xff,0xee,0xf6,0xff,0xfd,0xfa,0xff,0xff,0xff,0xef,0xf7,0xff,0x41,
0x00,0x00,0x00,0x00,0xff,0xff,0xff,0x03,0x00,0x00,0x00,0x00,0x00,0x00,0x00,0x00,0x00,0x00,0x00,0x00,0x00,0x00,0x00,0x00,0x00,0x00,0x00,0x00,0x00,0x00,0x00,0x00,
0x00,0x00,0x00,0x00,0x00,0x00,0x00,0x00,0x00,0x00,0x00,0x00,0x00,0x00,0x00,0x00,0x00,0x00,0x00,0x00,0x00,0x00,0x00,0x00,0xff,0xff,0xff,0x01,0x00,0x00,0x00,0x00,
0xe1,0xf0,0xff,0x11,0xf0,0xf7,0xff,0xee,0xf3,0xfb,0xff,0xff,0xee,0xf6,0xff,0xfe,0xef,0xf7,0xff,0xff,0xef,0xf7,0xff,0xff,0xef,0xf7,0xff,0xff,0xef,0xf7,0xff,0xff,
0xef,0xf7,0xff,0xff,0xef,0xf7,0xff,0xff,0xee,0xf6,0xfe,0xff,0xf0,0xf8,0xff,0xff,0xf0,0xf8,0xff,0xff,0xee,0xf6,0xfe,0xff,0xef,0xf7,0xff,0xff,0xef,0xf7,0xff,0xff,
0xef,0xf7,0xff,0xff,0xef,0xf7,0xff,0xff,0xef,0xf7,0xff,0xff,0xef,0xf7,0xff,0xff,0xef,0xf7,0xff,0xff,0xef,0xf7,0xff,0xff,0xee,0xf6,0xfe,0xff,0xf0,0xf8,0xff,0xff,
0xf0,0xf8,0xff,0xff,0xee,0xf6,0xfe,0xff,0xef,0xf7,0xff,0xff,0xef,0xf7,0xff,0xff,0xef,0xf7,0xff,0xff,0xef,0xf7,0xff,0xff,0xef,0xf7,0xff,0xff,0xef,0xf7,0xff,0xff,
0xef,0xf7,0xff,0xff,0xef,0xf7,0xff,0xff,0xee,0xf6,0xfe,0xff,0xf0,0xf8,0xff,0xff,0xf0,0xf8,0xff,0xff,0xee,0xf6,0xfe,0xff,0xef,0xf7,0xff,0xff,0xef,0xf7,0xff,0xff,
0xef,0xf7,0xff,0xff,0xef,0xf7,0xff,0xff,0xef,0xf7,0xff,0xff,0xef,0xf7,0xff,0xff,0xef,0xf7,0xff,0xff,0xee,0xf6,0xff,0xfd,0xfa,0xff,0xff,0xff,0xef,0xf7,0xff,0x41,
0x00,0x00,0x00,0x00,0xff,0xff,0xff,0x03,0x00,0x00,0x00,0x00,0x00,0x00,0x00,0x00,0x00,0x00,0x00,0x00,0x00,0x00,0x00,0x00,0x00,0x00,0x00,0x00,0x00,0x00,0x00,0x00,
0x00,0x00,0x00,0x00,0x00,0x00,0x00,0x00,0x00,0x00,0x00,0x00,0x00,0x00,0x00,0x00,0x00,0x00,0x00,0x00,0x00,0x00,0x00,0x00,0xff,0xff,0xff,0x01,0x00,0x00,0x00,0x00,
0xe1,0xf0,0xff,0x11,0xf0,0xf7,0xff,0xee,0xf3,0xfb,0xff,0xff,0xee,0xf6,0xff,0xfe,0xef,0xf7,0xff,0xff,0xef,0xf7,0xff,0xff,0xef,0xf7,0xff,0xff,0xef,0xf7,0xff,0xff,
0xef,0xf7,0xff,0xff,0xef,0xf7,0xff,0xff,0xf3,0xfd,0xff,0xff,0xed,0xf4,0xfb,0xff,0xec,0xf1,0xf8,0xff,0xf2,0xfc,0xff,0xff,0xf0,0xf9,0xff,0xff,0xef,0xf7,0xff,0xff,
0xef,0xf7,0xff,0xff,0xef,0xf7,0xff,0xff,0xef,0xf7,0xff,0xff,0xef,0xf7,0xff,0xff,0xef,0xf7,0xff,0xff,0xef,0xf7,0xff,0xff,0xf3,0xfd,0xff,0xff,0xed,0xf4,0xfb,0xff,
0xec,0xf1,0xf8,0xff,0xf2,0xfc,0xff,0xff,0xf0,0xf9,0xff,0xff,0xef,0xf7,0xff,0xff,0xef,0xf7,0xff,0xff,0xef,0xf7,0xff,0xff,0xef,0xf7,0xff,0xff,0xef,0xf7,0xff,0xff,
0xef,0xf7,0xff,0xff,0xef,0xf7,0xff,0xff,0xf3,0xfd,0xff,0xff,0xed,0xf4,0xfb,0xff,0xec,0xf1,0xf8,0xff,0xf2,0xfc,0xff,0xff,0xf0,0xf9,0xff,0xff,0xef,0xf7,0xff,0xff,
0xef,0xf7,0xff,0xff,0xef,0xf7,0xff,0xff,0xef,0xf7,0xff,0xff,0xef,0xf7,0xff,0xff,0xef,0xf7,0xff,0xff,0xee,0xf6,0xff,0xfd,0xfa,0xff,0xff,0xff,0xef,0xf7,0xff,0x41,
0x00,0x00,0x00,0x00,0xff,0xff,0xff,0x03,0x00,0x00,0x00,0x00,0x00,0x00,0x00,0x00,0x00,0x00,0x00,0x00,0x00,0x00,0x00,0x00,0x00,0x00,0x00,0x00,0x00,0x00,0x00,0x00,
0x00,0x00,0x00,0x00,0x00,0x00,0x00,0x00,0x00,0x00,0x00,0x00,0x00,0x00,0x00,0x00,0x00,0x00,0x00,0x00,0x00,0x00,0x00,0x00,0xff,0xff,0xff,0x01,0x00,0x00,0x00,0x00,
0xe1,0xf0,0xff,0x11,0xf0,0xf7,0xff,0xee,0xf3,0xfb,0xff,0xff,0xee,0xf6,0xff,0xfe,0xef,0xf7,0xff,0xff,0xef,0xf7,0xff,0xff,0xef,0xf7,0xff,0xff,0xef,0xf7,0xff,0xff,
0xef,0xf7,0xfe,0xff,0xf0,0xf8,0xfe,0xff,0xd6,0xcf,0xcb,0xff,0xbf,0xab,0x9e,0xff,0xbd,0xa7,0x9a,0xff,0xce,0xc2,0xbb,0xff,0xec,0xf2,0xf7,0xff,0xf0,0xf9,0xff,0xff,
0xef,0xf7,0xff,0xff,0xef,0xf7,0xff,0xff,0xef,0xf7,0xff,0xff,0xef,0xf7,0xff,0xff,0xef,0xf7,0xfe,0xff,0xf0,0xf8,0xfe,0xff,0xd6,0xcf,0xcb,0xff,0xbf,0xab,0x9e,0xff,
0xbd,0xa7,0x9a,0xff,0xce,0xc2,0xbb,0xff,0xec,0xf2,0xf7,0xff,0xf0,0xf9,0xff,0xff,0xef,0xf7,0xff,0xff,0xef,0xf7,0xff,0xff,0xef,0xf7,0xff,0xff,0xef,0xf7,0xff,0xff,
0xef,0xf7,0xfe,0xff,0xf0,0xf8,0xfe,0xff,0xd6,0xcf,0xcb,0xff,0xbf,0xab,0x9e,0xff,0xbd,0xa7,0x9a,0xff,0xce,0xc2,0xbb,0xff,0xec,0xf2,0xf7,0xff,0xf0,0xf9,0xff,0xff,
0xef,0xf7,0xff,0xff,0xef,0xf7,0xff,0xff,0xef,0xf7,0xff,0xff,0xef,0xf7,0xff,0xff,0xef,0xf7,0xff,0xff,0xee,0xf6,0xff,0xfd,0xfa,0xff,0xff,0xff,0xef,0xf7,0xff,0x41,
0x00,0x00,0x00,0x00,0xff,0xff,0xff,0x03,0x00,0x00,0x00,0x00,0x00,0x00,0x00,0x00,0x00,0x00,0x00,0x00,0x00,0x00,0x00,0x00,0x00,0x00,0x00,0x00,0x00,0x00,0x00,0x00,
0x00,0x00,0x00,0x00,0x00,0x00,0x00,0x00,0x00,0x00,0x00,0x00,0x00,0x00,0x00,0x00,0x00,0x00,0x00,0x00,0x00,0x00,0x00,0x00,0xff,0xff,0xff,0x01,0x00,0x00,0x00,0x00,
0xe1,0xf0,0xff,0x11,0xf0,0xf7,0xff,0xee,0xf3,0xfb,0xff,0xff,0xee,0xf6,0xff,0xfe,0xef,0xf7,0xff,0xff,0xef,0xf7,0xff,0xff,0xef,0xf7,0xff,0xff,0xee,0xf6,0xfe,0xff,
0xf2,0xfc,0xff,0xff,0xd6,0xcf,0xcc,0xff,0xb4,0x99,0x88,0xff,0xb9,0xa2,0x92,0xff,0xba,0xa2,0x93,0xff,0xb4,0x99,0x88,0xff,0xc9,0xba,0xb2,0xff,0xf1,0xfa,0xfe,0xff,
0xef,0xf6,0xfe,0xff,0xef,0xf7,0xff,0xff,0xef,0xf7,0xff,0xff,0xee,0xf6,0xfe,0xff,0xf2,0xfc,0xff,0xff,0xd6,0xcf,0xcc,0xff,0xb4,0x99,0x88,0xff,0xb9,0xa2,0x92,0xff,
0xba,0xa2,0x93,0xff,0xb4,0x99,0x88,0xff,0xc9,0xba,0xb2,0xff,0xf1,0xfa,0xfe,0xff,0xef,0xf6,0xfe,0xff,0xef,0xf7,0xff,0xff,0xef,0xf7,0xff,0xff,0xee,0xf6,0xfe,0xff,
0xf2,0xfc,0xff,0xff,0xd6,0xcf,0xcc,0xff,0xb4,0x99,0x88,0xff,0xb9,0xa2,0x92,0xff,0xba,0xa2,0x93,0xff,0xb4,0x99,0x88,0xff,0xc9,0xba,0xb2,0xff,0xf1,0xfa,0xfe,0xff,
0xef,0xf6,0xfe,0xff,0xef,0xf7,0xff,0xff,0xef,0xf7,0xff,0xff,0xef,0xf7,0xff,0xff,0xef,0xf7,0xff,0xff,0xee,0xf6,0xff,0xfd,0xfa,0xff,0xff,0xff,0xef,0xf7,0xff,0x41,
0x00,0x00,0x00,0x00,0xff,0xff,0xff,0x03,0x00,0x00,0x00,0x00,0x00,0x00,0x00,0x00,0x00,0x00,0x00,0x00,0x00,0x00,0x00,0x00,0x00,0x00,0x00,0x00,0x00,0x00,0x00,0x00,
0x00,0x00,0x00,0x00,0x00,0x00,0x00,0x00,0x00,0x00,0x00,0x00,0x00,0x00,0x00,0x00,0x00,0x00,0x00,0x00,0x00,0x00,0x00,0x00,0xff,0xff,0xff,0x01,0x00,0x00,0x00,0x00,
0xe1,0xf0,0xff,0x11,0xf0,0xf7,0xff,0xee,0xf3,0xfb,0xff,0xff,0xee,0xf6,0xff,0xfe,0xef,0xf7,0xff,0xff,0xef,0xf7,0xff,0xff,0xef,0xf7,0xff,0xff,0xf0,0xf8,0xff,0xff,
0xed,0xf4,0xfa,0xff,0xbf,0xaa,0x9d,0xff,0xb9,0xa2,0x92,0xff,0xbb,0xa4,0x95,0xff,0xba,0xa3,0x94,0xff,0xbb,0xa5,0x96,0xff,0xb8,0xa0,0x90,0xff,0xe3,0xe5,0xe9,0xff,
0xf2,0xfb,0xff,0xff,0xee,0xf6,0xfe,0xff,0xef,0xf7,0xff,0xff,0xf0,0xf8,0xff,0xff,0xed,0xf4,0xfa,0xff,0xbf,0xaa,0x9d,0xff,0xb9,0xa2,0x92,0xff,0xbb,0xa4,0x95,0xff,
0xba,0xa3,0x94,0xff,0xbb,0xa5,0x96,0xff,0xb8,0xa0,0x90,0xff,0xe3,0xe5,0xe9,0xff,0xf2,0xfb,0xff,0xff,0xee,0xf6,0xfe,0xff,0xef,0xf7,0xff,0xff,0xf0,0xf8,0xff,0xff,
0xed,0xf4,0xfa,0xff,0xbf,0xaa,0x9d,0xff,0xb9,0xa2,0x92,0xff,0xbb,0xa4,0x95,0xff,0xba,0xa3,0x94,0xff,0xbb,0xa5,0x96,0xff,0xb8,0xa0,0x90,0xff,0xe3,0xe5,0xe9,0xff,
0xf2,0xfb,0xff,0xff,0xee,0xf6,0xfe,0xff,0xef,0xf7,0xff,0xff,0xef,0xf7,0xff,0xff,0xef,0xf7,0xff,0xff,0xee,0xf6,0xff,0xfd,0xfa,0xff,0xff,0xff,0xef,0xf7,0xff,0x41,
0x00,0x00,0x00,0x00,0xff,0xff,0xff,0x03,0x00,0x00,0x00,0x00,0x00,0x00,0x00,0x00,0x00,0x00,0x00,0x00,0x00,0x00,0x00,0x00,0x00,0x00,0x00,0x00,0x00,0x00,0x00,0x00,
0x00,0x00,0x00,0x00,0x00,0x00,0x00,0x00,0x00,0x00,0x00,0x00,0x00,0x00,0x00,0x00,0x00,0x00,0x00,0x00,0x00,0x00,0x00,0x00,0xff,0xff,0xff,0x01,0x00,0x00,0x00,0x00,
0xe1,0xf0,0xff,0x11,0xf0,0xf7,0xff,0xee,0xf3,0xfb,0xff,0xff,0xee,0xf6,0xff,0xfe,0xef,0xf7,0xff,0xff,0xef,0xf7,0xff,0xff,0xef,0xf7,0xff,0xff,0xf0,0xf8,0xff,0xff,
0xec,0xf2,0xf8,0xff,0xbc,0xa7,0x9a,0xff,0xba,0xa3,0x93,0xff,0xba,0xa3,0x94,0xff,0xba,0xa3,0x94,0xff,0xbb,0xa5,0x96,0xff,0xb8,0x9f,0x8e,0xff,0xe1,0xe0,0xe4,0xff,
0xf2,0xfc,0xff,0xff,0xee,0xf6,0xfe,0xff,0xef,0xf7,0xff,0xff,0xf0,0xf8,0xff,0xff,0xec,0xf2,0xf8,0xff,0xbc,0xa7,0x9a,0xff,0xba,0xa3,0x93,0xff,0xba,0xa3,0x94,0xff,
0xba,0xa3,0x94,0xff,0xbb,0xa5,0x96,0xff,0xb8,0x9f,0x8e,0xff,0xe1,0xe0,0xe4,0xff,0xf2,0xfc,0xff,0xff,0xee,0xf6,0xfe,0xff,0xef,0xf7,0xff,0xff,0xf0,0xf8,0xff,0xff,
0xec,0xf2,0xf8,0xff,0xbc,0xa7,0x9a,0xff,0xba,0xa3,0x93,0xff,0xba,0xa3,0x94,0xff,0xba,0xa3,0x94,0xff,0xbb,0xa5,0x96,0xff,0xb8,0x9f,0x8e,0xff,0xe1,0xe0,0xe4,0xff,
0xf2,0xfc,0xff,0xff,0xee,0xf6,0xfe,0xff,0xef,0xf7,0xff,0xff,0xef,0xf7,0xff,0xff,0xef,0xf7,0xff,0xff,0xee,0xf6,0xff,0xfd,0xfa,0xff,0xff,0xff,0xef,0xf7,0xff,0x41,
0x00,0x00,0x00,0x00,0xff,0xff,0xff,0x03,0x00,0x00,0x00,0x00,0x00,0x00,0x00,0x00,0x00,0x00,0x00,0x00,0x00,0x00,0x00,0x00,0x00,0x00,0x00,0x00,0x00,0x00,0x00,0x00,
0x00,0x00,0x00,0x00,0x00,0x00,0x00,0x00,0x00,0x00,0x00,0x00,0x00,0x00,0x00,0x00,0x00,0x00,0x00,0x00,0x00,0x00,0x00,0x00,0xff,0xff,0xff,0x01,0x00,0x00,0x00,0x00,
0xe1,0xf0,0xff,0x11,0xf0,0xf7,0xff,0xee,0xf3,0xfb,0xff,0xff,0xee,0xf6,0xff,0xfe,0xef,0xf7,0xff,0xff,0xef,0xf7,0xff,0xff,0xef,0xf7,0xff,0xff,0xef,0xf6,0xfe,0xff,
0xf2,0xfc,0xff,0xff,0xce,0xc2,0xbc,0xff,0xb4,0x9a,0x88,0xff,0xbb,0xa4,0x96,0xff,0xbb,0xa5,0x96,0xff,0xb6,0x9d,0x8c,0xff,0xc1,0xaf,0xa3,0xff,0xee,0xf6,0xfb,0xff,
0xef,0xf7,0xfe,0xff,0xef,0xf7,0xff,0xff,0xef,0xf7,0xff,0xff,0xef,0xf6,0xfe,0xff,0xf2,0xfc,0xff,0xff,0xce,0xc2,0xbc,0xff,0xb4,0x9a,0x88,0xff,0xbb,0xa4,0x96,0xff,
0xbb,0xa5,0x96,0xff,0xb6,0x9d,0x8c,0xff,0xc1,0xaf,0xa3,0xff,0xee,0xf6,0xfb,0xff,0xef,0xf7,0xfe,0xff,0xef,0xf7,0xff,0xff,0xef,0xf7,0xff,0xff,0xef,0xf6,0xfe,0xff,
0xf2,0xfc,0xff,0xff,0xce,0xc2,0xbc,0xff,0xb4,0x9a,0x88,0xff,0xbb,0xa4,0x96,0xff,0xbb,0xa5,0x96,0xff,0xb6,0x9d,0x8c,0xff,0xc1,0xaf,0xa3,0xff,0xee,0xf6,0xfb,0xff,
0xef,0xf7,0xfe,0xff,0xef,0xf7,0xff,0xff,0xef,0xf7,0xff,0xff,0xef,0xf7,0xff,0xff,0xef,0xf7,0xff,0xff,0xee,0xf6,0xff,0xfd,0xfa,0xff,0xff,0xff,0xef,0xf7,0xff,0x41,
0x00,0x00,0x00,0x00,0xff,0xff,0xff,0x03,0x00,0x00,0x00,0x00,0x00,0x00,0x00,0x00,0x00,0x00,0x00,0x00,0x00,0x00,0x00,0x00,0x00,0x00,0x00,0x00,0x00,0x00,0x00,0x00,
0x00,0x00,0x00,0x00,0x00,0x00,0x00,0x00,0x00,0x00,0x00,0x00,0x00,0x00,0x00,0x00,0x00,0x00,0x00,0x00,0x00,0x00,0x00,0x00,0xff,0xff,0xff,0x01,0x00,0x00,0x00,0x00,
0xe1,0xf0,0xff,0x11,0xf0,0xf7,0xff,0xee,0xf3,0xfb,0xff,0xff,0xee,0xf6,0xff,0xfe,0xef,0xf7,0xff,0xff,0xef,0xf7,0xff,0xff,0xef,0xf7,0xff,0xff,0xef,0xf7,0xff,0xff,
0xf0,0xf8,0xff,0xff,0xec,0xf2,0xf7,0xff,0xc9,0xba,0xb1,0xff,0xb8,0xa0,0x90,0xff,0xb8,0x9f,0x8e,0xff,0xc1,0xae,0xa3,0xff,0xe5,0xe7,0xe9,0xff,0xf1,0xfb,0xff,0xff,
0xee,0xf6,0xfe,0xff,0xef,0xf7,0xff,0xff,0xef,0xf7,0xff,0xff,0xef,0xf7,0xff,0xff,0xf0,0xf8,0xff,0xff,0xec,0xf2,0xf7,0xff,0xc9,0xba,0xb1,0xff,0xb8,0xa0,0x90,0xff,
0xb8,0x9f,0x8e,0xff,0xc1,0xae,0xa3,0xff,0xe5,0xe7,0xe9,0xff,0xf1,0xfb,0xff,0xff,0xee,0xf6,0xfe,0xff,0xef,0xf7,0xff,0xff,0xef,0xf7,0xff,0xff,0xef,0xf7,0xff,0xff,
0xf0,0xf8,0xff,0xff,0xec,0xf2,0xf7,0xff,0xc9,0xba,0xb1,0xff,0xb8,0xa0,0x90,0xff,0xb8,0x9f,0x8e,0xff,0xc1,0xae,0xa3,0xff,0xe5,0xe7,0xe9,0xff,0xf1,0xfb,0xff,0xff,
0xee,0xf6,0xfe,0xff,0xef,0xf7,0xff,0xff,0xef,0xf7,0xff,0xff,0xef,0xf7,0xff,0xff,0xef,0xf7,0xff,0xff,0xee,0xf6,0xff,0xfd,0xfa,0xff,0xff,0xff,0xef,0xf7,0xff,0x41,
0x00,0x00,0x00,0x00,0xff,0xff,0xff,0x03,0x00,0x00,0x00,0x00,0x00,0x00,0x00,0x00,0x00,0x00,0x00,0x00,0x00,0x00,0x00,0x00,0x00,0x00,0x00,0x00,0x00,0x00,0x00,0x00,
0x00,0x00,0x00,0x00,0x00,0x00,0x00,0x00,0x00,0x00,0x00,0x00,0x00,0x00,0x00,0x00,0x00,0x00,0x00,0x00,0x00,0x00,0x00,0x00,0xff,0xff,0xff,0x01,0x00,0x00,0x00,0x00,
0xe1,0xf0,0xff,0x11,0xef,0xf7,0xff,0xed,0xf3,0xfb,0xff,0xff,0xee,0xf6,0xff,0xfe,0xef,0xf7,0xff,0xff,0xef,0xf7,0xff,0xff,0xef,0xf7,0xff,0xff,0xef,0xf7,0xff,0xff,
0xef,0xf6,0xff,0xff,0xf0,0xf9,0xff,0xff,0xf1,0xfa,0xff,0xff,0xe4,0xe5,0xe8,0xff,0xe1,0xe1,0xe3,0xff,0xee,0xf6,0xfe,0xff,0xf1,0xfa,0xff,0xff,0xef,0xf6,0xff,0xff,
0xef,0xf7,0xff,0xff,0xef,0xf7,0xff,0xff,0xef,0xf7,0xff,0xff,0xef,0xf7,0xff,0xff,0xef,0xf6,0xff,0xff,0xf0,0xf9,0xff,0xff,0xf1,0xfa,0xff,0xff,0xe4,0xe5,0xe8,0xff,
0xe1,0xe1,0xe3,0xff,0xee,0xf6,0xfe,0xff,0xf1,0xfa,0xff,0xff,0xef,0xf6,0xff,0xff,0xef,0xf7,0xff,0xff,0xef,0xf7,0xff,0xff,0xef,0xf7,0xff,0xff,0xef,0xf7,0xff,0xff,
0xef,0xf6,0xff,0xff,0xf0,0xf9,0xff,0xff,0xf1,0xfa,0xff,0xff,0xe4,0xe5,0xe8,0xff,0xe1,0xe1,0xe3,0xff,0xee,0xf6,0xfe,0xff,0xf1,0xfa,0xff,0xff,0xef,0xf6,0xff,0xff,
0xef,0xf7,0xff,0xff,0xef,0xf7,0xff,0xff,0xef,0xf7,0xff,0xff,0xef,0xf7,0xff,0xff,0xef,0xf7,0xff,0xff,0xee,0xf6,0xff,0xfd,0xfa,0xff,0xff,0xff,0xef,0xf7,0xff,0x40,
0x00,0x00,0x00,0x00,0xff,0xff,0xff,0x03,0x00,0x00,0x00,0x00,0x00,0x00,0x00,0x00,0x00,0x00,0x00,0x00,0x00,0x00,0x00,0x00,0x00,0x00,0x00,0x00,0x00,0x00,0x00,0x00,
0x00,0x00,0x00,0x00,0x00,0x00,0x00,0x00,0x00,0x00,0x00,0x00,0x00,0x00,0x00,0x00,0x00,0x00,0x00,0x00,0x00,0x00,0x00,0x00,0xff,0xff,0xff,0x01,0x00,0x00,0x00,0x00,
0xe2,0xf0,0xff,0x12,0xf0,0xf7,0xff,0xf0,0xf2,0xfb,0xff,0xff,0xee,0xf6,0xff,0xfe,0xef,0xf7,0xff,0xff,0xef,0xf7,0xff,0xff,0xef,0xf7,0xff,0xff,0xef,0xf7,0xff,0xff,
0xef,0xf7,0xff,0xff,0xef,0xf6,0xff,0xff,0xef,0xf6,0xfe,0xff,0xf1,0xfb,0xff,0xff,0xf2,0xfc,0xff,0xff,0xef,0xf7,0xff,0xff,0xee,0xf6,0xfe,0xff,0xef,0xf7,0xff,0xff,
0xef,0xf7,0xff,0xff,0xef,0xf7,0xff,0xff,0xef,0xf7,0xff,0xff,0xef,0xf7,0xff,0xff,0xef,0xf7,0xff,0xff,0xef,0xf6,0xff,0xff,0xef,0xf6,0xfe,0xff,0xf1,0xfb,0xff,0xff,
0xf2,0xfc,0xff,0xff,0xef,0xf7,0xff,0xff,0xee,0xf6,0xfe,0xff,0xef,0xf7,0xff,0xff,0xef,0xf7,0xff,0xff,0xef,0xf7,0xff,0xff,0xef,0xf7,0xff,0xff,0xef,0xf7,0xff,0xff,
0xef,0xf7,0xff,0xff,0xef,0xf6,0xff,0xff,0xef,0xf6,0xfe,0xff,0xf1,0xfb,0xff,0xff,0xf2,0xfc,0xff,0xff,0xef,0xf7,0xff,0xff,0xee,0xf6,0xfe,0xff,0xef,0xf7,0xff,0xff,
0xef,0xf7,0xff,0xff,0xef,0xf7,0xff,0xff,0xef,0xf7,0xff,0xff,0xef,0xf7,0xff,0xff,0xef,0xf7,0xff,0xff,0xee,0xf6,0xff,0xfd,0xfb,0xff,0xff,0xff,0xf0,0xf7,0xff,0x44,
0x00,0x00,0x00,0x00,0xff,0xff,0xff,0x03,0x00,0x00,0x00,0x00,0x00,0x00,0x00,0x00,0x00,0x00,0x00,0x00,0x00,0x00,0x00,0x00,0x00,0x00,0x00,0x00,0x00,0x00,0x00,0x00,
0x00,0x00,0x00,0x00,0x00,0x00,0x00,0x00,0x00,0x00,0x00,0x00,0x00,0x00,0x00,0x00,0x00,0x00,0x00,0x00,0x00,0x00,0x00,0x00,0xff,0xff,0xff,0x01,0xff,0xff,0xff,0x01,
0xe2,0xe2,0xff,0x09,0xef,0xf6,0xff,0xdb,0xf7,0xfc,0xff,0xfe,0xee,0xf6,0xff,0xfd,0xef,0xf7,0xff,0xff,0xef,0xf7,0xff,0xff,0xef,0xf7,0xff,0xff,0xef,0xf7,0xff,0xff,
0xef,0xf7,0xff,0xff,0xef,0xf7,0xff,0xff,0xef,0xf7,0xff,0xff,0xee,0xf6,0xfe,0xff,0xee,0xf6,0xfe,0xff,0xef,0xf7,0xff,0xff,0xef,0xf7,0xff,0xff,0xef,0xf7,0xff,0xff,
0xef,0xf7,0xff,0xff,0xef,0xf7,0xff,0xff,0xef,0xf7,0xff,0xff,0xef,0xf7,0xff,0xff,0xef,0xf7,0xff,0xff,0xef,0xf7,0xff,0xff,0xef,0xf7,0xff,0xff,0xee,0xf6,0xfe,0xff,
0xee,0xf6,0xfe,0xff,0xef,0xf7,0xff,0xff,0xef,0xf7,0xff,0xff,0xef,0xf7,0xff,0xff,0xef,0xf7,0xff,0xff,0xef,0xf7,0xff,0xff,0xef,0xf7,0xff,0xff,0xef,0xf7,0xff,0xff,
0xef,0xf7,0xff,0xff,0xef,0xf7,0xff,0xff,0xef,0xf7,0xff,0xff,0xee,0xf6,0xfe,0xff,0xee,0xf6,0xfe,0xff,0xef,0xf7,0xff,0xff,0xef,0xf7,0xff,0xff,0xef,0xf7,0xff,0xff,
0xef,0xf7,0xff,0xff,0xef,0xf7,0xff,0xff,0xef,0xf7,0xff,0xff,0xef,0xf7,0xff,0xff,0xef,0xf7,0xff,0xff,0xef,0xf8,0xff,0xfe,0xf4,0xfa,0xff,0xfa,0xec,0xf8,0xff,0x2a,
0x00,0x00,0x00,0x00,0xff,0xff,0xff,0x02,0x00,0x00,0x00,0x00,0x00,0x00,0x00,0x00,0x00,0x00,0x00,0x00,0x00,0x00,0x00,0x00,0x00,0x00,0x00,0x00,0x00,0x00,0x00,0x00,
0x00,0x00,0x00,0x00,0x00,0x00,0x00,0x00,0x00,0x00,0x00,0x00,0x00,0x00,0x00,0x00,0x00,0x00,0x00,0x00,0x00,0x00,0x00,0x00,0x00,0x00,0x00,0x00,0xff,0xff,0xff,0x03,
0x00,0x00,0x00,0x00,0xee,0xf6,0xff,0x9b,0xff,0xff,0xff,0xff,0xee,0xf6,0xff,0xfb,0xef,0xf7,0xff,0xff,0xef,0xf7,0xff,0xff,0xef,0xf7,0xff,0xff,0xef,0xf7,0xff,0xff,
0xef,0xf7,0xff,0xff,0xef,0xf7,0xff,0xff,0xef,0xf7,0xff,0xff,0xef,0xf7,0xff,0xff,0xef,0xf7,0xff,0xff,0xef,0xf7,0xff,0xff,0xef,0xf7,0xff,0xff,0xef,0xf7,0xff,0xff,
0xef,0xf7,0xff,0xff,0xef,0xf7,0xff,0xff,0xef,0xf7,0xff,0xff,0xef,0xf7,0xff,0xff,0xef,0xf7,0xff,0xff,0xef,0xf7,0xff,0xff,0xef,0xf7,0xff,0xff,0xef,0xf7,0xff,0xff,
0xef,0xf7,0xff,0xff,0xef,0xf7,0xff,0xff,0xef,0xf7,0xff,0xff,0xef,0xf7,0xff,0xff,0xef,0xf7,0xff,0xff,0xef,0xf7,0xff,0xff,0xef,0xf7,0xff,0xff,0xef,0xf7,0xff,0xff,
0xef,0xf7,0xff,0xff,0xef,0xf7,0xff,0xff,0xef,0xf7,0xff,0xff,0xef,0xf7,0xff,0xff,0xef,0xf7,0xff,0xff,0xef,0xf7,0xff,0xff,0xef,0xf7,0xff,0xff,0xef,0xf7,0xff,0xff,
0xef,0xf7,0xff,0xff,0xef,0xf7,0xff,0xff,0xef,0xf7,0xff,0xff,0xef,0xf7,0xff,0xff,0xee,0xf6,0xff,0xfd,0xf7,0xfc,0xff,0xfe,0xee,0xf6,0xff,0xd6,0xcc,0xff,0xff,0x05,
0xff,0xff,0xff,0x01,0x00,0x00,0x00,0x00,0x00,0x00,0x00,0x00,0x00,0x00,0x00,0x00,0x00,0x00,0x00,0x00,0x00,0x00,0x00,0x00,0x00,0x00,0x00,0x00,0x00,0x00,0x00,0x00,
0x00,0x00,0x00,0x00,0x00,0x00,0x00,0x00,0x00,0x00,0x00,0x00,0x00,0x00,0x00,0x00,0x00,0x00,0x00,0x00,0x00,0x00,0x00,0x00,0x00,0x00,0x00,0x00,0xff,0xff,0xff,0x02,
0x00,0x00,0x00,0x00,0xeb,0xf8,0xff,0x28,0xf4,0xfa,0xff,0xfc,0xf1,0xf8,0xff,0xfb,0xee,0xf6,0xff,0xfe,0xef,0xf7,0xff,0xff,0xef,0xf7,0xff,0xff,0xef,0xf7,0xff,0xff,
0xef,0xf7,0xff,0xff,0xef,0xf7,0xff,0xff,0xef,0xf7,0xff,0xff,0xef,0xf7,0xff,0xff,0xef,0xf7,0xff,0xff,0xef,0xf7,0xff,0xff,0xef,0xf7,0xff,0xff,0xef,0xf7,0xff,0xff,
0xef,0xf7,0xff,0xff,0xef,0xf7,0xff,0xff,0xef,0xf7,0xff,0xff,0xef,0xf7,0xff,0xff,0xef,0xf7,0xff,0xff,0xef,0xf7,0xff,0xff,0xef,0xf7,0xff,0xff,0xef,0xf7,0xff,0xff,
0xef,0xf7,0xff,0xff,0xef,0xf7,0xff,0xff,0xef,0xf7,0xff,0xff,0xef,0xf7,0xff,0xff,0xef,0xf7,0xff,0xff,0xef,0xf7,0xff,0xff,0xef,0xf7,0xff,0xff,0xef,0xf7,0xff,0xff,
0xef,0xf7,0xff,0xff,0xef,0xf7,0xff,0xff,0xef,0xf7,0xff,0xff,0xef,0xf7,0xff,0xff,0xef,0xf7,0xff,0xff,0xef,0xf7,0xff,0xff,0xef,0xf7,0xff,0xff,0xef,0xf7,0xff,0xff,
0xef,0xf7,0xff,0xff,0xef,0xf7,0xff,0xff,0xef,0xf7,0xff,0xff,0xef,0xf7,0xff,0xff,0xee,0xf6,0xff,0xf9,0xff,0xff,0xff,0xff,0xee,0xf6,0xff,0x5f,0x00,0x00,0x00,0x00,
0xff,0xff,0xff,0x03,0x00,0x00,0x00,0x00,0x00,0x00,0x00,0x00,0x00,0x00,0x00,0x00,0x00,0x00,0x00,0x00,0x00,0x00,0x00,0x00,0x00,0x00,0x00,0x00,0x00,0x00,0x00,0x00,
0x00,0x00,0x00,0x00,0x00,0x00,0x00,0x00,0x00,0x00,0x00,0x00,0x00,0x00,0x00,0x00,0x00,0x00,0x00,0x00,0x00,0x00,0x00,0x00,0x00,0x00,0x00,0x00,0x00,0x00,0x00,0x00,
0xff,0xff,0xff,0x03,0x00,0x00,0x00,0x00,0xec,0xf5,0xff,0x70,0xff,0xff,0xff,0xff,0xee,0xf6,0xff,0xfc,0xee,0xf6,0xff,0xfc,0xee,0xf6,0xff,0xfe,0xef,0xf7,0xff,0xff,
0xef,0xf7,0xff,0xff,0xef,0xf7,0xff,0xff,0xef,0xf7,0xff,0xff,0xef,0xf7,0xff,0xff,0xef,0xf7,0xff,0xff,0xef,0xf7,0xff,0xff,0xef,0xf7,0xff,0xff,0xef,0xf7,0xff,0xff,
0xef,0xf7,0xff,0xff,0xef,0xf7,0xff,0xff,0xef,0xf7,0xff,0xff,0xef,0xf7,0xff,0xff,0xef,0xf7,0xff,0xff,0xef,0xf7,0xff,0xff,0xef,0xf7,0xff,0xff,0xef,0xf7,0xff,0xff,
0xef,0xf7,0xff,0xff,0xef,0xf7,0xff,0xff,0xef,0xf7,0xff,0xff,0xef,0xf7,0xff,0xff,0xef,0xf7,0xff,0xff,0xef,0xf7,0xff,0xff,0xef,0xf7,0xff,0xff,0xef,0xf7,0xff,0xff,
0xef,0xf7,0xff,0xff,0xef,0xf7,0xff,0xff,0xef,0xf7,0xff,0xff,0xef,0xf7,0xff,0xff,0xef,0xf7,0xff,0xff,0xef,0xf7,0xff,0xff,0xef,0xf7,0xff,0xff,0xef,0xf7,0xff,0xff,
0xef,0xf7,0xff,0xff,0xef,0xf7,0xff,0xfe,0xee,0xf6,0xff,0xfd,0xee,0xf6,0xff,0xf9,0xff,0xff,0xff,0xff,0xee,0xf7,0xff,0xac,0xff,0xff,0xff,0x02,0xff,0xff,0xff,0x03,
0x00,0x00,0x00,0x00,0x00,0x00,0x00,0x00,0x00,0x00,0x00,0x00,0x00,0x00,0x00,0x00,0x00,0x00,0x00,0x00,0x00,0x00,0x00,0x00,0x00,0x00,0x00,0x00,0x00,0x00,0x00,0x00,
0x00,0x00,0x00,0x00,0x00,0x00,0x00,0x00,0x00,0x00,0x00,0x00,0x00,0x00,0x00,0x00,0x00,0x00,0x00,0x00,0x00,0x00,0x00,0x00,0x00,0x00,0x00,0x00,0x00,0x00,0x00,0x00,
0x00,0x00,0x00,0x00,0xff,0xff,0xff,0x02,0x00,0x00,0x00,0x00,0xf0,0xf8,0xff,0x7f,0xf9,0xff,0xff,0xff,0xfc,0xff,0xff,0xff,0xf0,0xf8,0xff,0xff,0xee,0xf6,0xff,0xfd,
0xee,0xf6,0xff,0xfd,0xee,0xf6,0xff,0xfd,0xee,0xf6,0xff,0xfd,0xee,0xf6,0xff,0xfd,0xee,0xf6,0xff,0xfd,0xee,0xf6,0xff,0xfd,0xee,0xf6,0xff,0xfd,0xee,0xf6,0xff,0xfd,
0xee,0xf6,0xff,0xfd,0xee,0xf6,0xff,0xfd,0xee,0xf6,0xff,0xfd,0xee,0xf6,0xff,0xfd,0xee,0xf6,0xff,0xfd,0xee,0xf6,0xff,0xfd,0xee,0xf6,0xff,0xfd,0xee,0xf6,0xff,0xfd,
0xee,0xf6,0xff,0xfd,0xee,0xf6,0xff,0xfd,0xee,0xf6,0xff,0xfd,0xee,0xf6,0xff,0xfd,0xee,0xf6,0xff,0xfd,0xee,0xf6,0xff,0xfd,0xee,0xf6,0xff,0xfd,0xee,0xf6,0xff,0xfd,
0xee,0xf6,0xff,0xfd,0xee,0xf6,0xff,0xfd,0xee,0xf6,0xff,0xfd,0xee,0xf6,0xff,0xfd,0xee,0xf6,0xff,0xfd,0xee,0xf6,0xff,0xfd,0xee,0xf6,0xff,0xfd,0xee,0xf6,0xff,0xfd,
0xed,0xf6,0xff,0xfd,0xef,0xf7,0xff,0xff,0xf7,0xff,0xff,0xff,0xff,0xff,0xff,0xff,0xf4,0xfa,0xff,0xa9,0xf0,0xff,0xff,0x11,0xff,0xff,0xff,0x01,0xff,0xff,0xff,0x01,
0x00,0x00,0x00,0x00,0x00,0x00,0x00,0x00,0x00,0x00,0x00,0x00,0x00,0x00,0x00,0x00,0x00,0x00,0x00,0x00,0x00,0x00,0x00,0x00,0x00,0x00,0x00,0x00,0x00,0x00,0x00,0x00,
0x00,0x00,0x00,0x00,0x00,0x00,0x00,0x00,0x00,0x00,0x00,0x00,0x00,0x00,0x00,0x00,0x00,0x00,0x00,0x00,0x00,0x00,0x00,0x00,0x00,0x00,0x00,0x00,0x00,0x00,0x00,0x00,
0x00,0x00,0x00,0x00,0x00,0x00,0x00,0x00,0xff,0xff,0xff,0x01,0x00,0x00,0x00,0x00,0xef,0xf7,0xff,0x43,0xf6,0xfc,0xff,0xba,0xf4,0xfa,0xff,0xf4,0xfa,0xff,0xff,0xff,
0xfa,0xff,0xff,0xff,0xfa,0xff,0xff,0xff,0xfa,0xff,0xff,0xff,0xfa,0xff,0xff,0xff,0xfa,0xff,0xff,0xff,0xfa,0xff,0xff,0xff,0xfa,0xff,0xff,0xff,0xfa,0xff,0xff,0xff,
0xfa,0xff,0xff,0xff,0xfa,0xff,0xff,0xff,0xfa,0xff,0xff,0xff,0xfa,0xff,0xff,0xff,0xfa,0xff,0xff,0xff,0xfa,0xff,0xff,0xff,0xfa,0xff,0xff,0xff,0xfa,0xff,0xff,0xff,
0xfa,0xff,0xff,0xff,0xfa,0xff,0xff,0xff,0xfa,0xff,0xff,0xff,0xfa,0xff,0xff,0xff,0xfa,0xff,0xff,0xff,0xfa,0xff,0xff,0xff,0xfa,0xff,0xff,0xff,0xfa,0xff,0xff,0xff,
0xfa,0xff,0xff,0xff,0xfa,0xff,0xff,0xff,0xfa,0xff,0xff,0xff,0xfa,0xff,0xff,0xff,0xfa,0xff,0xff,0xff,0xfa,0xff,0xff,0xff,0xfa,0xff,0xff,0xff,0xf9,0xff,0xff,0xff,
0xfb,0xff,0xff,0xff,0xf3,0xf9,0xff,0xfb,0xf4,0xfa,0xff,0xd2,0xf4,0xf9,0xff,0x62,0x00,0x00,0x00,0x00,0x00,0x00,0x00,0x00,0xff,0xff,0xff,0x01,0x00,0x00,0x00,0x00,
0x00,0x00,0x00,0x00,0x00,0x00,0x00,0x00,0x00,0x00,0x00,0x00,0x00,0x00,0x00,0x00,0x00,0x00,0x00,0x00,0x00,0x00,0x00,0x00,0x00,0x00,0x00,0x00,0x00,0x00,0x00,0x00,
0x00,0x00,0x00,0x00,0x00,0x00,0x00,0x00,0x00,0x00,0x00,0x00,0x00,0x00,0x00,0x00,0x00,0x00,0x00,0x00,0x00,0x00,0x00,0x00,0x00,0x00,0x00,0x00,0x00,0x00,0x00,0x00,
0x00,0x00,0x00,0x00,0x00,0x00,0x00,0x00,0x00,0x00,0x00,0x00,0xff,0xff,0xff,0x03,0x00,0x00,0x00,0x00,0x00,0x00,0x00,0x00,0xff,0xff,0xff,0x1d,0xf7,0xff,0xff,0x41,
0xef,0xf7,0xff,0x41,0xef,0xf7,0xff,0x41,0xef,0xf7,0xff,0x41,0xef,0xf7,0xff,0x41,0xef,0xf7,0xff,0x41,0xef,0xf7,0xff,0x41,0xef,0xf7,0xff,0x41,0xef,0xf7,0xff,0x41,
0xef,0xf7,0xff,0x41,0xef,0xf7,0xff,0x41,0xef,0xf7,0xff,0x41,0xef,0xf7,0xff,0x41,0xef,0xf7,0xff,0x41,0xef,0xf7,0xff,0x41,0xef,0xf7,0xff,0x41,0xef,0xf7,0xff,0x41,
0xef,0xf7,0xff,0x41,0xef,0xf7,0xff,0x41,0xef,0xf7,0xff,0x41,0xef,0xf7,0xff,0x41,0xef,0xf7,0xff,0x41,0xef,0xf7,0xff,0x41,0xef,0xf7,0xff,0x41,0xef,0xf7,0xff,0x41,
0xef,0xf7,0xff,0x41,0xef,0xf7,0xff,0x41,0xef,0xf7,0xff,0x41,0xef,0xf7,0xff,0x41,0xef,0xf7,0xff,0x41,0xef,0xf7,0xff,0x41,0xef,0xf7,0xff,0x41,0xef,0xf7,0xff,0x41,
0xfb,0xfb,0xff,0x41,0xf8,0xff,0xff,0x29,0xff,0xff,0xff,0x02,0x00,0x00,0x00,0x00,0xff,0xff,0xff,0x01,0xff,0xff,0xff,0x01,0x00,0x00,0x00,0x00,0x00,0x00,0x00,0x00,
0x00,0x00,0x00,0x00,0x00,0x00,0x00,0x00,0x00,0x00,0x00,0x00,0x00,0x00,0x00,0x00,0x00,0x00,0x00,0x00,0x00,0x00,0x00,0x00,0x00,0x00,0x00,0x00,0x00,0x00,0x00,0x00,
0x00,0x00,0x00,0x00,0x00,0x00,0x00,0x00,0x00,0x00,0x00,0x00,0x00,0x00,0x00,0x00,0x00,0x00,0x00,0x00,0x00,0x00,0x00,0x00,0x00,0x00,0x00,0x00,0x00,0x00,0x00,0x00,
0x00,0x00,0x00,0x00,0x00,0x00,0x00,0x00,0x00,0x00,0x00,0x00,0x00,0x00,0x00,0x00,0xff,0xff,0xff,0x03,0xff,0xff,0xff,0x01,0x00,0x00,0x00,0x00,0x00,0x00,0x00,0x00,
0x00,0x00,0x00,0x00,0x00,0x00,0x00,0x00,0x00,0x00,0x00,0x00,0x00,0x00,0x00,0x00,0x00,0x00,0x00,0x00,0x00,0x00,0x00,0x00,0x00,0x00,0x00,0x00,0x00,0x00,0x00,0x00,
0x00,0x00,0x00,0x00,0x00,0x00,0x00,0x00,0x00,0x00,0x00,0x00,0x00,0x00,0x00,0x00,0x00,0x00,0x00,0x00,0x00,0x00,0x00,0x00,0x00,0x00,0x00,0x00,0x00,0x00,0x00,0x00,
0x00,0x00,0x00,0x00,0x00,0x00,0x00,0x00,0x00,0x00,0x00,0x00,0x00,0x00,0x00,0x00,0x00,0x00,0x00,0x00,0x00,0x00,0x00,0x00,0x00,0x00,0x00,0x00,0x00,0x00,0x00,0x00,
0x00,0x00,0x00,0x00,0x00,0x00,0x00,0x00,0x00,0x00,0x00,0x00,0x00,0x00,0x00,0x00,0x00,0x00,0x00,0x00,0x00,0x00,0x00,0x00,0x00,0x00,0x00,0x00,0x00,0x00,0x00,0x00,
0x00,0x00,0x00,0x00,0x00,0x00,0x00,0x00,0x00,0x00,0x00,0x00,0xff,0xff,0xff,0x03,0x00,0x00,0x00,0x00,0x00,0x00,0x00,0x00,0x00,0x00,0x00,0x00,0x00,0x00,0x00,0x00,
0x00,0x00,0x00,0x00,0x00,0x00,0x00,0x00,0x00,0x00,0x00,0x00,0x00,0x00,0x00,0x00,0x00,0x00,0x00,0x00,0x00,0x00,0x00,0x00,0x00,0x00,0x00,0x00,0x00,0x00,0x00,0x00,
0x00,0x00,0x00,0x00,0x00,0x00,0x00,0x00,0x00,0x00,0x00,0x00,0x00,0x00,0x00,0x00,0x00,0x00,0x00,0x00,0x00,0x00,0x00,0x00,0x00,0x00,0x00,0x00,0x00,0x00,0x00,0x00,
0x00,0x00,0x00,0x00,0x00,0x00,0x00,0x00,0x00,0x00,0x00,0x00,0x00,0x00,0x00,0x00,0x00,0x00,0x00,0x00,0x00,0x00,0x00,0x00,0xff,0xff,0xff,0x02,0xff,0xff,0xff,0x03,
0xff,0xff,0xff,0x03,0xff,0xff,0xff,0x03,0xff,0xff,0xff,0x03,0xff,0xff,0xff,0x03,0xff,0xff,0xff,0x03,0xff,0xff,0xff,0x03,0xff,0xff,0xff,0x03,0xff,0xff,0xff,0x03,
0xff,0xff,0xff,0x03,0xff,0xff,0xff,0x03,0xff,0xff,0xff,0x03,0xff,0xff,0xff,0x03,0xff,0xff,0xff,0x03,0xff,0xff,0xff,0x03,0xff,0xff,0xff,0x03,0xff,0xff,0xff,0x03,
0xff,0xff,0xff,0x03,0xff,0xff,0xff,0x03,0xff,0xff,0xff,0x03,0xff,0xff,0xff,0x03,0xff,0xff,0xff,0x03,0xff,0xff,0xff,0x03,0xff,0xff,0xff,0x03,0xff,0xff,0xff,0x03,
0xff,0xff,0xff,0x03,0xff,0xff,0xff,0x03,0xff,0xff,0xff,0x03,0xff,0xff,0xff,0x03,0xff,0xff,0xff,0x03,0xff,0xff,0xff,0x03,0xff,0xff,0xff,0x03,0xff,0xff,0xff,0x03,
0xff,0xff,0xff,0x03,0xff,0xff,0xff,0x02,0xff,0xff,0xff,0x01,0x00,0x00,0x00,0x00,0x00,0x00,0x00,0x00,0x00,0x00,0x00,0x00,0x00,0x00,0x00,0x00,0x00,0x00,0x00,0x00,
0x00,0x00,0x00,0x00,0x00,0x00,0x00,0x00,0x00,0x00,0x00,0x00,0x00,0x00,0x00,0x00,0x00,0x00,0x00,0x00,0x00,0x00,0x00,0x00,0x00,0x00,0x00,0x00,0x00,0x00,0x00,0x00,
0x00,0x00,0x00,0x00,0x00,0x00,0x00,0x00,0x00,0x00,0x00,0x00,0x00,0x00,0x00,0x00,0x00,0x00,0x00,0x00,0x00,0x00,0x00,0x00,0x00,0x00,0x00,0x00,0x00,0x00,0x00,0x00,
0x00,0x00,0x00,0x00,0x00,0x00,0x00,0x00,0x00,0x00,0x00,0x00,0x00,0x00,0x00,0x00,0x00,0x00,0x00,0x00,0x00,0x00,0x00,0x00,0x00,0x00,0x00,0x00,0x00,0x00,0x00,0x00,
0x00,0x00,0x00,0x00,0x00,0x00,0x00,0x00,0x00,0x00,0x00,0x00,0x00,0x00,0x00,0x00,0x00,0x00,0x00,0x00,0x00,0x00,0x00,0x00,0x00,0x00,0x00,0x00,0x00,0x00,0x00,0x00,
0x00,0x00,0x00,0x00,0x00,0x00,0x00,0x00,0x00,0x00,0x00,0x00,0x00,0x00,0x00,0x00,0x00,0x00,0x00,0x00,0x00,0x00,0x00,0x00,0x00,0x00,0x00,0x00,0x00,0x00,0x00,0x00,
0x00,0x00,0x00,0x00,0x00,0x00,0x00,0x00,0x00,0x00,0x00,0x00,0x00,0x00,0x00,0x00,0x00,0x00,0x00,0x00,0x00,0x00,0x00,0x00,0x00,0x00,0x00,0x00,0x00,0x00,0x00,0x00,
0x00,0x00,0x00,0x00,0x00,0x00,0x00,0x00,0x00,0x00,0x00,0x00,0x00,0x00,0x00,0x00,0x00,0x00,0x00,0x00,0x00,0x00,0x00,0x00,0x00,0x00,0x00,0x00,0x00,0x00,0x00,0x00,
0x00,0x00,0x00,0x00,0x00,0x00,0x00,0x00,0x00,0x00,0x00,0x00,0x00,0x00,0x00,0x00,0x00,0x00,0x00,0x00,0x00,0x00,0x00,0x00,0x00,0x00,0x00,0x00,0x00,0x00,0x00,0x00,
0x00,0x00,0x00,0x00,0x00,0x00,0x00,0x00,0x00,0x00,0x00,0x00,0x00,0x00,0x00,0x00,0x00,0x00,0x00,0x00,0x00,0x00,0x00,0x00,0x00,0x00,0x00,0x00,0x00,0x00,0x00,0x00,
0x00,0x00,0x00,0x00,0x00,0x00,0x00,0x00,0x00,0x00,0x00,0x00,0x00,0x00,0x00,0x00,0x00,0x00,0x00,0x00,0x00,0x00,0x00,0x00,0x00,0x00,0x00,0x00,0x00,0x00,0x00,0x00,
0x00,0x00,0x00,0x00,0x00,0x00,0x00,0x00,0x00,0x00,0x00,0x00,0x00,0x00,0x00,0x00,0x00,0x00,0x00,0x00,0x00,0x00,0x00,0x00,0x00,0x00,0x00,0x00,0x00,0x00,0x00,0x00,
0x00,0x00,0x00,0x00,0x00,0x00,0x00,0x00,0x00,0x00,0x00,0x00,0x00,0x00,0x00,0x00,0x00,0x00,0x00,0x00,0x00,0x00,0x00,0x00,0x00,0x00,0x00,0x00,0x00,0x00,0x00,0x00,
0x00,0x00,0x00,0x00,0x00,0x00,0x00,0x00,0x00,0x00,0x00,0x00,0x00,0x00,0x00,0x00,0x00,0x00,0x00,0x00,0x00,0x00,0x00,0x00,0x00,0x00,0x00,0x00,0x00,0x00,0x00,0x00,
0x00,0x00,0x00,0x00,0x00,0x00,0x00,0x00,0x00,0x00,0x00,0x00,0x00,0x00,0x00,0x00,0x00,0x00,0x00,0x00,0x00,0x00,0x00,0x00,0x00,0x00,0x00,0x00,0x00,0x00,0x00,0x00,
0x00,0x00,0x00,0x00,0x00,0x00,0x00,0x00,0x00,0x00,0x00,0x00,0x00,0x00,0x00,0x00,0x00,0x00,0x00,0x00,0x00,0x00,0x00,0x00,0x00,0x00,0x00,0x00,0x00,0x00,0x00,0x00,
0x00,0x00,0x00,0x00,0x00,0x00,0x00,0x00,0x00,0x00,0x00,0x00,0x00,0x00,0x00,0x00,0x00,0x00,0x00,0x00,0x00,0x00,0x00,0x00,0x00,0x00,0x00,0x00,0x00,0x00,0x00,0x00,
0x00,0x00,0x00,0x00,0x00,0x00,0x00,0x00,0x00,0x00,0x00,0x00,0x00,0x00,0x00,0x00,0x00,0x00,0x00,0x00,0x00,0x00,0x00,0x00,0x00,0x00,0x00,0x00,0x00,0x00,0x00,0x00,
0x00,0x00,0x00,0x00,0x00,0x00,0x00,0x00,0x00,0x00,0x00,0x00,0x00,0x00,0x00,0x00,0x00,0x00,0x00,0x00,0x00,0x00,0x00,0x00,0x00,0x00,0x00,0x00,0x00,0x00,0x00,0x00,
0x00,0x00,0x00,0x00,0x00,0x00,0x00,0x00,0x00,0x00,0x00,0x00,0x00,0x00,0x00,0x00,0x00,0x00,0x00,0x00,0x00,0x00,0x00,0x00,0x00,0x00,0x00,0x00,0x00,0x00,0x00,0x00,
0x00,0x00,0x00,0x00,0x00,0x00,0x00,0x00,0x00,0x00,0x00,0x00,0x00,0x00,0x00,0x00,0x00,0x00,0x00,0x00,0x00,0x00,0x00,0x00,0x00,0x00,0x00,0x00,0x00,0x00,0x00,0x00,
0x00,0x00,0x00,0x00,0x00,0x00,0x00,0x00,0x00,0x00,0x00,0x00,0x00,0x00,0x00,0x00,0x00,0x00,0x00,0x00,0x00,0x00,0x00,0x00,0x00,0x00,0x00,0x00,0x00,0x00,0x00,0x00,
0x00,0x00,0x00,0x00,0x00,0x00,0x00,0x00,0x00,0x00,0x00,0x00,0x00,0x00,0x00,0x00,0x00,0x00,0x00,0x00,0x00,0x00,0x00,0x00,0x00,0x00,0x00,0x00,0x00,0x00,0x00,0x00,
0x00,0x00,0x00,0x00,0x00,0x00,0x00,0x00,0x00,0x00,0x00,0x00,0x00,0x00,0x00,0x00,0x00,0x00,0x00,0x00,0x00,0x00,0x00,0x00,0x00,0x00,0x00,0x00,0x00,0x00,0x00,0x00,
0x00,0x00,0x00,0x00,0x00,0x00,0x00,0x00,0x00,0x00,0x00,0x00,0x00,0x00,0x00,0x00,0x00,0x00,0x00,0x00,0x00,0x00,0x00,0x00,0x00,0x00,0x00,0x00,0x00,0x00,0x00,0x00,
0x00,0x00,0x00,0x00,0x00,0x00,0x00,0x00,0x00,0x00,0x00,0x00,0x00,0x00,0x00,0x00,0x00,0x00,0x00,0x00,0x00,0x00,0x00,0x00,0x00,0x00,0x00,0x00,0x00,0x00,0x00,0x00,
0x00,0x00,0x00,0x00,0x00,0x00,0x00,0x00,0x00,0x00,0x00,0x00,0x00,0x00,0x00,0x00,0x00,0x00,0x00,0x00,0x00,0x00,0x00,0x00,0x00,0x00,0x00,0x00,0x00,0x00,0x00,0x00,
0x00,0x00,0x00,0x00,0x00,0x00,0x00,0x00,0x00,0x00,0x00,0x00,0x00,0x00,0x00,0x00,0x00,0x00,0x00,0x00,0x00,0x00,0x00,0x00,0x00,0x00,0x00,0x00,0x00,0x00,0x00,0x00,
0x00,0x00,0x00,0x00,0x00,0x00,0x00,0x00,0x00,0x00,0x00,0x00,0x00,0x00,0x00,0x00,0x00,0x00,0x00,0x00,0x00,0x00,0x00,0x00,0x00,0x00,0x00,0x00,0x00,0x00,0x00,0x00,
0x00,0x00,0x00,0x00,0x00,0x00,0x00,0x00,0x00,0x00,0x00,0x00,0x00,0x00,0x00,0x00,0x00,0x00,0x00,0x00,0x00,0x00,0x00,0x00,0x00,0x00,0x00,0x00,0x00,0x00,0x00,0x00,
0x00,0x00,0x00,0x00,0x00,0x00,0x00,0x00,0x00,0x00,0x00,0x00,0x00,0x00,0x00,0x00,0x00,0x00,0x00,0x00,0x00,0x00,0x00,0x00,0x00,0x00,0x00,0x00,0x00,0x00,0x00,0x00,
0x00,0x00,0x00,0x00,0x00,0x00,0x00,0x00,0x00,0x00,0x00,0x00,0x00,0x00,0x00,0x00,0x00,0x00,0x00,0x00,0x00,0x00,0x00,0x00,0x00,0x00,0x00,0x00,0x00,0x00,0x00,0x00,
0x00,0x00,0x00,0x00,0x00,0x00,0x00,0x00,0x00,0x00,0x00,0x00,0x00,0x00,0x00,0x00,0x00,0x00,0x00,0x00,0x00,0x00,0x00,0x00,0x00,0x00,0x00,0x00,0x00,0x00,0x00,0x00,
0x00,0x00,0x00,0x00,0x00,0x00,0x00,0x00,0x00,0x00,0x00,0x00,0x00,0x00,0x00,0x00,0x00,0x00,0x00,0x00,0x00,0x00,0x00,0x00,0x00,0x00,0x00,0x00,0x00,0x00,0x00,0x00,
0x00,0x00,0x00,0x00,0x00,0x00,0x00,0x00,0x00,0x00,0x00,0x00,0x00,0x00,0x00,0x00,0x00,0x00,0x00,0x00,0x00,0x00,0x00,0x00,0x00,0x00,0x00,0x00,0x00,0x00,0x00,0x00,
0x00,0x00,0x00,0x00,0x00,0x00,0x00,0x00,0x00,0x00,0x00,0x00,0x00,0x00,0x00,0x00,0x00,0x00,0x00,0x00,0x00,0x00,0x00,0x00,0x00,0x00,0x00,0x00,0x00,0x00,0x00,0x00,
0x00,0x00,0x00,0x00,0x00,0x00,0x00,0x00,0x00,0x00,0x00,0x00,0x00,0x00,0x00,0x00,0x00,0x00,0x00,0x00,0x00,0x00,0x00,0x00,0x00,0x00,0x00,0x00,0x00,0x00,0x00,0x00,
0x00,0x00,0x00,0x00,0x00,0x00,0x00,0x00,0x00,0x00,0x00,0x00,0x00,0x00,0x00,0x00,0x00,0x00,0x00,0x00,0x00,0x00,0x00,0x00,0x00,0x00,0x00,0x00,0x00,0x00,0x00,0x00,
0x00,0x00,0x00,0x00,0x00,0x00,0x00,0x00,0x00,0x00,0x00,0x00,0x00,0x00,0x00,0x00,0x00,0x00,0x00,0x00,0x00,0x00,0x00,0x00,0x00,0x00,0x00,0x00,0x00,0x00,0x00,0x00,
0x00,0x00,0x00,0x00,0x00,0x00,0x00,0x00,0x00,0x00,0x00,0x00,0x00,0x00,0x00,0x00,0x00,0x00,0x00,0x00,0x00,0x00,0x00,0x00,0x00,0x00,0x00,0x00,0x00,0x00,0x00,0x00,
0x00,0x00,0x00,0x00,0x00,0x00,0x00,0x00,0x00,0x00,0x00,0x00,0x00,0x00,0x00,0x00,0x00,0x00,0x00,0x00,0x00,0x00,0x00,0x00,0x00,0x00,0x00,0x00,0x00,0x00,0x00,0x00,
0x00,0x00,0x00,0x00,0x00,0x00,0x00,0x00,0x00,0x00,0x00,0x00,0x00,0x00,0x00,0x00,0x00,0x00,0x00,0x00,0x00,0x00,0x00,0x00,0x00,0x00,0x00,0x00,0x00,0x00,0x00,0x00,
};
const lv_image_dsc_t icon_calendar = {
.header = {.magic = LV_IMAGE_HEADER_MAGIC, .cf = LV_COLOR_FORMAT_ARGB8888, .w = 64, .h = 64, .stride = 256},
.data_size = sizeof icon_calendar_pixels, .data = icon_calendar_pixels
};
static const uint8_t icon_settings_pixels[] = {
0x00,0x00,0x00,0x00,0x00,0x00,0x00,0x00,0x00,0x00,0x00,0x00,0x00,0x00,0x00,0x00,0x00,0x00,0x00,0x00,0x00,0x00,0x00,0x00,0x00,0x00,0x00,0x00,0x00,0x00,0x00,0x00,
0x00,0x00,0x00,0x00,0x00,0x00,0x00,0x00,0x00,0x00,0x00,0x00,0x00,0x00,0x00,0x00,0x00,0x00,0x00,0x00,0x00,0x00,0x00,0x00,0x00,0x00,0x00,0x00,0x00,0x00,0x00,0x00,
0x00,0x00,0x00,0x00,0x00,0x00,0x00,0x00,0x00,0x00,0x00,0x00,0x00,0x00,0x00,0x00,0x00,0x00,0x00,0x00,0x00,0x00,0x00,0x00,0x00,0x00,0x00,0x00,0x00,0x00,0x00,0x00,
0x00,0x00,0x00,0x00,0x00,0x00,0x00,0x00,0x00,0x00,0x00,0x00,0x00,0x00,0x00,0x00,0x00,0x00,0x00,0x00,0x00,0x00,0x00,0x00,0x00,0x00,0x00,0x00,0x00,0x00,0x00,0x00,
0x00,0x00,0x00,0x00,0x00,0x00,0x00,0x00,0x00,0x00,0x00,0x00,0x00,0x00,0x00,0x00,0x00,0x00,0x00,0x00,0x00,0x00,0x00,0x00,0x00,0x00,0x00,0x00,0x00,0x00,0x00,0x00,
0x00,0x00,0x00,0x00,0x00,0x00,0x00,0x00,0x00,0x00,0x00,0x00,0x00,0x00,0x00,0x00,0x00,0x00,0x00,0x00,0x00,0x00,0x00,0x00,0x00,0x00,0x00,0x00,0x00,0x00,0x00,0x00,
0x00,0x00,0x00,0x00,0x00,0x00,0x00,0x00,0x00,0x00,0x00,0x00,0x00,0x00,0x00,0x00,0x00,0x00,0x00,0x00,0x00,0x00,0x00,0x00,0x00,0x00,0x00,0x00,0x00,0x00,0x00,0x00,
0x00,0x00,0x00,0x00,0x00,0x00,0x00,0x00,0x00,0x00,0x00,0x00,0x00,0x00,0x00,0x00,0x00,0x00,0x00,0x00,0x00,0x00,0x00,0x00,0x00,0x00,0x00,0x00,0x00,0x00,0x00,0x00,
0x00,0x00,0x00,0x00,0x00,0x00,0x00,0x00,0x00,0x00,0x00,0x00,0x00,0x00,0x00,0x00,0x00,0x00,0x00,0x00,0x00,0x00,0x00,0x00,0x00,0x00,0x00,0x00,0x00,0x00,0x00,0x00,
0x00,0x00,0x00,0x00,0x00,0x00,0x00,0x00,0x00,0x00,0x00,0x00,0x00,0x00,0x00,0x00,0x00,0x00,0x00,0x00,0x00,0x00,0x00,0x00,0x00,0x00,0x00,0x00,0x00,0x00,0x00,0x00,
0x00,0x00,0x00,0x00,0x00,0x00,0x00,0x00,0x00,0x00,0x00,0x00,0x00,0x00,0x00,0x00,0x00,0x00,0x00,0x00,0x00,0x00,0x00,0x00,0x00,0x00,0x00,0x00,0x00,0x00,0x00,0x00,
0x00,0x00,0x00,0x00,0x00,0x00,0x00,0x00,0x00,0x00,0x00,0x00,0x00,0x00,0x00,0x00,0x00,0x00,0x00,0x00,0x00,0x00,0x00,0x00,0x00,0x00,0x00,0x00,0xff,0xff,0xff,0x01,
0xff,0xff,0xff,0x01,0xff,0xff,0xff,0x01,0x00,0x00,0x00,0x00,0x00,0x00,0x00,0x00,0x00,0x00,0x00,0x00,0x00,0x00,0x00,0x00,0x00,0x00,0x00,0x00,0x00,0x00,0x00,0x00,
0x00,0x00,0x00,0x00,0x00,0x00,0x00,0x00,0x00,0x00,0x00,0x00,0x00,0x00,0x00,0x00,0x00,0x00,0x00,0x00,0x00,0x00,0x00,0x00,0x00,0x00,0x00,0x00,0x00,0x00,0x00,0x00,
0x00,0x00,0x00,0x00,0x00,0x00,0x00,0x00,0x00,0x00,0x00,0x00,0x00,0x00,0x00,0x00,0x00,0x00,0x00,0x00,0x00,0x00,0x00,0x00,0x00,0x00,0x00,0x00,0x00,0x00,0x00,0x00,
0x00,0x00,0x00,0x00,0x00,0x00,0x00,0x00,0x00,0x00,0x00,0x00,0x00,0x00,0x00,0x00,0x00,0x00,0x00,0x00,0x00,0x00,0x00,0x00,0x00,0x00,0x00,0x00,0x00,0x00,0x00,0x00,
0x00,0x00,0x00,0x00,0x00,0x00,0x00,0x00,0x00,0x00,0x00,0x00,0x00,0x00,0x00,0x00,0x00,0x00,0x00,0x00,0x00,0x00,0x00,0x00,0x00,0x00,0x00,0x00,0x00,0x00,0x00,0x00,
0x00,0x00,0x00,0x00,0x00,0x00,0x00,0x00,0x00,0x00,0x00,0x00,0x00,0x00,0x00,0x00,0x00,0x00,0x00,0x00,0x00,0x00,0x00,0x00,0x00,0x00,0x00,0x00,0x00,0x00,0x00,0x00,
0x00,0x00,0x00,0x00,0x00,0x00,0x00,0x00,0x00,0x00,0x00,0x00,0x00,0x00,0x00,0x00,0x00,0x00,0x00,0x00,0x00,0x00,0x00,0x00,0x00,0x00,0x00,0x00,0x00,0x00,0x00,0x00,
0x00,0x00,0x00,0x00,0x00,0x00,0x00,0x00,0x00,0x00,0x00,0x00,0x00,0x00,0x00,0x00,0xff,0xff,0xff,0x01,0xff,0xff,0xff,0x04,0xff,0xff,0xff,0x01,0x00,0x00,0x00,0x00,
0x00,0x00,0x00,0x00,0x00,0x00,0x00,0x00,0xff,0xff,0xff,0x03,0xff,0xff,0xff,0x02,0x00,0x00,0x00,0x00,0x00,0x00,0x00,0x00,0x00,0x00,0x00,0x00,0x00,0x00,0x00,0x00,
0x00,0x00,0x00,0x00,0x00,0x00,0x00,0x00,0x00,0x00,0x00,0x00,0x00,0x00,0x00,0x00,0x00,0x00,0x00,0x00,0x00,0x00,0x00,0x00,0x00,0x00,0x00,0x00,0x00,0x00,0x00,0x00,
0x00,0x00,0x00,0x00,0x00,0x00,0x00,0x00,0x00,0x00,0x00,0x00,0x00,0x00,0x00,0x00,0x00,0x00,0x00,0x00,0x00,0x00,0x00,0x00,0x00,0x00,0x00,0x00,0x00,0x00,0x00,0x00,
0x00,0x00,0x00,0x00,0x00,0x00,0x00,0x00,0x00,0x00,0x00,0x00,0x00,0x00,0x00,0x00,0x00,0x00,0x00,0x00,0x00,0x00,0x00,0x00,0x00,0x00,0x00,0x00,0x00,0x00,0x00,0x00,
0x00,0x00,0x00,0x00,0x00,0x00,0x00,0x00,0x00,0x00,0x00,0x00,0x00,0x00,0x00,0x00,0x00,0x00,0x00,0x00,0x00,0x00,0x00,0x00,0x00,0x00,0x00,0x00,0x00,0x00,0x00,0x00,
0x00,0x00,0x00,0x00,0x00,0x00,0x00,0x00,0x00,0x00,0x00,0x00,0x00,0x00,0x00,0x00,0x00,0x00,0x00,0x00,0x00,0x00,0x00,0x00,0x00,0x00,0x00,0x00,0x00,0x00,0x00,0x00,
0x00,0x00,0x00,0x00,0x00,0x00,0x00,0x00,0x00,0x00,0x00,0x00,0x00,0x00,0x00,0x00,0x00,0x00,0x00,0x00,0x00,0x00,0x00,0x00,0x00,0x00,0x00,0x00,0x00,0x00,0x00,0x00,
0x00,0x00,0x00,0x00,0x00,0x00,0x00,0x00,0x00,0x00,0x00,0x00,0xff,0xff,0xff,0x03,0x00,0x00,0x00,0x00,0x00,0x00,0x00,0x00,0x00,0x00,0x00,0x00,0xff,0xff,0xff,0x11,
0xff,0xff,0xff,0x10,0xff,0xff,0xff,0x03,0x00,0x00,0x00,0x00,0x00,0x00,0x00,0x00,0xff,0xff,0xff,0x03,0x00,0x00,0x00,0x00,0x00,0x00,0x00,0x00,0x00,0x00,0x00,0x00,
0x00,0x00,0x00,0x00,0x00,0x00,0x00,0x00,0x00,0x00,0x00,0x00,0x00,0x00,0x00,0x00,0x00,0x00,0x00,0x00,0x00,0x00,0x00,0x00,0x00,0x00,0x00,0x00,0x00,0x00,0x00,0x00,
0x00,0x00,0x00,0x00,0x00,0x00,0x00,0x00,0x00,0x00,0x00,0x00,0x00,0x00,0x00,0x00,0x00,0x00,0x00,0x00,0x00,0x00,0x00,0x00,0x00,0x00,0x00,0x00,0x00,0x00,0x00,0x00,
0x00,0x00,0x00,0x00,0x00,0x00,0x00,0x00,0x00,0x00,0x00,0x00,0x00,0x00,0x00,0x00,0x00,0x00,0x00,0x00,0x00,0x00,0x00,0x00,0x00,0x00,0x00,0x00,0x00,0x00,0x00,0x00,
0x00,0x00,0x00,0x00,0x00,0x00,0x00,0x00,0x00,0x00,0x00,0x00,0x00,0x00,0x00,0x00,0x00,0x00,0x00,0x00,0x00,0x00,0x00,0x00,0x00,0x00,0x00,0x00,0x00,0x00,0x00,0x00,
0x00,0x00,0x00,0x00,0x00,0x00,0x00,0x00,0x00,0x00,0x00,0x00,0x00,0x00,0x00,0x00,0x00,0x00,0x00,0x00,0x00,0x00,0x00,0x00,0x00,0x00,0x00,0x00,0x00,0x00,0x00,0x00,
0x00,0x00,0x00,0x00,0x00,0x00,0x00,0x00,0x00,0x00,0x00,0x00,0x00,0x00,0x00,0x00,0x00,0x00,0x00,0x00,0x00,0x00,0x00,0x00,0x00,0x00,0x00,0x00,0x00,0x00,0x00,0x00,
0x00,0x00,0x00,0x00,0x00,0x00,0x00,0x00,0xff,0xff,0xff,0x02,0x00,0x00,0x00,0x00,0xff,0xf3,0xe7,0x16,0xff,0xfb,0xfb,0x80,0xff,0xfc,0xfb,0xc9,0xff,0xf9,0xf6,0xed,
0xff,0xf9,0xf7,0xed,0xff,0xfb,0xf9,0xd5,0xff,0xfa,0xf8,0x9b,0xff,0xf9,0xf3,0x2c,0x00,0x00,0x00,0x00,0xff,0xff,0xff,0x01,0x00,0x00,0x00,0x00,0x00,0x00,0x00,0x00,
0x00,0x00,0x00,0x00,0x00,0x00,0x00,0x00,0x00,0x00,0x00,0x00,0x00,0x00,0x00,0x00,0x00,0x00,0x00,0x00,0x00,0x00,0x00,0x00,0x00,0x00,0x00,0x00,0x00,0x00,0x00,0x00,
0x00,0x00,0x00,0x00,0x00,0x00,0x00,0x00,0x00,0x00,0x00,0x00,0x00,0x00,0x00,0x00,0x00,0x00,0x00,0x00,0x00,0x00,0x00,0x00,0x00,0x00,0x00,0x00,0x00,0x00,0x00,0x00,
0x00,0x00,0x00,0x00,0x00,0x00,0x00,0x00,0x00,0x00,0x00,0x00,0x00,0x00,0x00,0x00,0x00,0x00,0x00,0x00,0x00,0x00,0x00,0x00,0x00,0x00,0x00,0x00,0x00,0x00,0x00,0x00,
0x00,0x00,0x00,0x00,0x00,0x00,0x00,0x00,0x00,0x00,0x00,0x00,0x00,0x00,0x00,0x00,0x00,0x00,0x00,0x00,0x00,0x00,0x00,0x00,0x00,0x00,0x00,0x00,0x00,0x00,0x00,0x00,
0x00,0x00,0x00,0x00,0x00,0x00,0x00,0x00,0x00,0x00,0x00,0x00,0x00,0x00,0x00,0x00,0x00,0x00,0x00,0x00,0x00,0x00,0x00,0x00,0x00,0x00,0x00,0x00,0x00,0x00,0x00,0x00,
0x00,0x00,0x00,0x00,0x00,0x00,0x00,0x00,0x00,0x00,0x00,0x00,0x00,0x00,0x00,0x00,0x00,0x00,0x00,0x00,0x00,0x00,0x00,0x00,0x00,0x00,0x00,0x00,0x00,0x00,0x00,0x00,
0x00,0x00,0x00,0x00,0xff,0xff,0xff,0x02,0x00,0x00,0x00,0x00,0xff,0xf7,0xf4,0x47,0xff,0xfb,0xfa,0xe5,0xff,0xff,0xff,0xff,0xff,0xff,0xff,0xff,0xff,0xfc,0xf9,0xff,
0xff,0xfc,0xf9,0xff,0xff,0xff,0xfd,0xff,0xff,0xff,0xff,0xff,0xff,0xfb,0xf9,0xfa,0xff,0xfa,0xf8,0x70,0xff,0xff,0xff,0x01,0xff,0xff,0xff,0x03,0x00,0x00,0x00,0x00,
0x00,0x00,0x00,0x00,0x00,0x00,0x00,0x00,0x00,0x00,0x00,0x00,0x00,0x00,0x00,0x00,0x00,0x00,0x00,0x00,0x00,0x00,0x00,0x00,0x00,0x00,0x00,0x00,0x00,0x00,0x00,0x00,
0x00,0x00,0x00,0x00,0x00,0x00,0x00,0x00,0x00,0x00,0x00,0x00,0x00,0x00,0x00,0x00,0x00,0x00,0x00,0x00,0x00,0x00,0x00,0x00,0x00,0x00,0x00,0x00,0x00,0x00,0x00,0x00,
0x00,0x00,0x00,0x00,0x00,0x00,0x00,0x00,0x00,0x00,0x00,0x00,0x00,0x00,0x00,0x00,0x00,0x00,0x00,0x00,0x00,0x00,0x00,0x00,0x00,0x00,0x00,0x00,0x00,0x00,0x00,0x00,
0x00,0x00,0x00,0x00,0x00,0x00,0x00,0x00,0x00,0x00,0x00,0x00,0x00,0x00,0x00,0x00,0x00,0x00,0x00,0x00,0x00,0x00,0x00,0x00,0x00,0x00,0x00,0x00,0x00,0x00,0x00,0x00,
0x00,0x00,0x00,0x00,0x00,0x00,0x00,0x00,0x00,0x00,0x00,0x00,0x00,0x00,0x00,0x00,0x00,0x00,0x00,0x00,0x00,0x00,0x00,0x00,0x00,0x00,0x00,0x00,0x00,0x00,0x00,0x00,
0x00,0x00,0x00,0x00,0x00,0x00,0x00,0x00,0x00,0x00,0x00,0x00,0x00,0x00,0x00,0x00,0x00,0x00,0x00,0x00,0x00,0x00,0x00,0x00,0x00,0x00,0x00,0x00,0x00,0x00,0x00,0x00,
0xff,0xff,0xff,0x03,0x00,0x00,0x00,0x00,0xff,0xf3,0xf0,0x45,0xff,0xff,0xff,0xff,0xff,0xfd,0xfa,0xff,0xff,0xf6,0xf3,0xfb,0xff,0xf7,0xf4,0xfd,0xff,0xf7,0xf4,0xfe,
0xff,0xf7,0xf4,0xfe,0xff,0xf7,0xf4,0xfd,0xff,0xf7,0xf4,0xfb,0xff,0xf8,0xf5,0xfd,0xff,0xff,0xff,0xff,0xff,0xf7,0xf3,0x80,0x00,0x00,0x00,0x00,0xff,0xff,0xff,0x03,
0x00,0x00,0x00,0x00,0x00,0x00,0x00,0x00,0x00,0x00,0x00,0x00,0x00,0x00,0x00,0x00,0x00,0x00,0x00,0x00,0x00,0x00,0x00,0x00,0x00,0x00,0x00,0x00,0x00,0x00,0x00,0x00,
0x00,0x00,0x00,0x00,0x00,0x00,0x00,0x00,0x00,0x00,0x00,0x00,0x00,0x00,0x00,0x00,0x00,0x00,0x00,0x00,0x00,0x00,0x00,0x00,0x00,0x00,0x00,0x00,0x00,0x00,0x00,0x00,
0x00,0x00,0x00,0x00,0x00,0x00,0x00,0x00,0x00,0x00,0x00,0x00,0x00,0x00,0x00,0x00,0x00,0x00,0x00,0x00,0x00,0x00,0x00,0x00,0x00,0x00,0x00,0x00,0x00,0x00,0x00,0x00,
0x00,0x00,0x00,0x00,0x00,0x00,0x00,0x00,0x00,0x00,0x00,0x00,0x00,0x00,0x00,0x00,0x00,0x00,0x00,0x00,0x00,0x00,0x00,0x00,0x00,0x00,0x00,0x00,0x00,0x00,0x00,0x00,
0x00,0x00,0x00,0x00,0x00,0x00,0x00,0x00,0x00,0x00,0x00,0x00,0x00,0x00,0x00,0x00,0x00,0x00,0x00,0x00,0x00,0x00,0x00,0x00,0x00,0x00,0x00,0x00,0x00,0x00,0x00,0x00,
0x00,0x00,0x00,0x00,0x00,0x00,0x00,0x00,0x00,0x00,0x00,0x00,0x00,0x00,0x00,0x00,0x00,0x00,0x00,0x00,0x00,0x00,0x00,0x00,0x00,0x00,0x00,0x00,0xff,0xff,0xff,0x01,
0xff,0xff,0xff,0x01,0xff,0xff,0xff,0x13,0xff,0xf9,0xf7,0xe8,0xff,0xfb,0xf9,0xfe,0xff,0xf7,0xf4,0xfc,0xff,0xf8,0xf5,0xff,0xff,0xf8,0xf5,0xff,0xff,0xf8,0xf5,0xff,
0xff,0xf8,0xf5,0xff,0xff,0xf8,0xf5,0xff,0xff,0xf8,0xf5,0xff,0xff,0xf7,0xf4,0xfe,0xff,0xf9,0xf6,0xfa,0xff,0xfd,0xfc,0xfe,0xff,0xf6,0xf2,0x3f,0x00,0x00,0x00,0x00,
0xff,0xff,0xff,0x03,0x00,0x00,0x00,0x00,0x00,0x00,0x00,0x00,0x00,0x00,0x00,0x00,0x00,0x00,0x00,0x00,0x00,0x00,0x00,0x00,0x00,0x00,0x00,0x00,0x00,0x00,0x00,0x00,
0x00,0x00,0x00,0x00,0x00,0x00,0x00,0x00,0x00,0x00,0x00,0x00,0x00,0x00,0x00,0x00,0x00,0x00,0x00,0x00,0x00,0x00,0x00,0x00,0x00,0x00,0x00,0x00,0x00,0x00,0x00,0x00,
0x00,0x00,0x00,0x00,0x00,0x00,0x00,0x00,0x00,0x00,0x00,0x00,0x00,0x00,0x00,0x00,0x00,0x00,0x00,0x00,0x00,0x00,0x00,0x00,0x00,0x00,0x00,0x00,0x00,0x00,0x00,0x00,
0x00,0x00,0x00,0x00,0x00,0x00,0x00,0x00,0x00,0x00,0x00,0x00,0x00,0x00,0x00,0x00,0x00,0x00,0x00,0x00,0x00,0x00,0x00,0x00,0x00,0x00,0x00,0x00,0x00,0x00,0x00,0x00,
0x00,0x00,0x00,0x00,0x00,0x00,0x00,0x00,0x00,0x00,0x00,0x00,0x00,0x00,0x00,0x00,0x00,0x00,0x00,0x00,0x00,0x00,0x00,0x00,0xff,0xff,0xff,0x02,0xff,0xff,0xff,0x04,
0xff,0xaa,0xaa,0x03,0xff,0xff,0xff,0x02,0xff,0xff,0xff,0x03,0xff,0xff,0xff,0x04,0xff,0xff,0xff,0x01,0x00,0x00,0x00,0x00,0x00,0x00,0x00,0x00,0xff,0xff,0xff,0x03,
0x00,0x00,0x00,0x00,0xff,0xf7,0xf5,0x80,0xff,0xff,0xff,0xff,0xff,0xf7,0xf3,0xfb,0xff,0xf8,0xf5,0xff,0xff,0xf8,0xf5,0xff,0xff,0xf8,0xf5,0xff,0xff,0xf8,0xf5,0xff,
0xff,0xf8,0xf5,0xff,0xff,0xf8,0xf5,0xff,0xff,0xf8,0xf5,0xff,0xff,0xf8,0xf5,0xff,0xff,0xf7,0xf4,0xfc,0xff,0xff,0xfe,0xff,0xff,0xf6,0xf4,0xbf,0xff,0xff,0xff,0x02,
0xff,0xff,0xff,0x02,0x00,0x00,0x00,0x00,0x00,0x00,0x00,0x00,0xff,0xff,0xff,0x01,0xff,0xff,0xbf,0x04,0xff,0xff,0xff,0x03,0xff,0xff,0xff,0x02,0xff,0xff,0xff,0x02,
0xff,0xff,0xff,0x04,0xff,0xff,0xff,0x03,0x00,0x00,0x00,0x00,0x00,0x00,0x00,0x00,0x00,0x00,0x00,0x00,0x00,0x00,0x00,0x00,0x00,0x00,0x00,0x00,0x00,0x00,0x00,0x00,
0x00,0x00,0x00,0x00,0x00,0x00,0x00,0x00,0x00,0x00,0x00,0x00,0x00,0x00,0x00,0x00,0x00,0x00,0x00,0x00,0x00,0x00,0x00,0x00,0x00,0x00,0x00,0x00,0x00,0x00,0x00,0x00,
0x00,0x00,0x00,0x00,0x00,0x00,0x00,0x00,0x00,0x00,0x00,0x00,0x00,0x00,0x00,0x00,0x00,0x00,0x00,0x00,0x00,0x00,0x00,0x00,0x00,0x00,0x00,0x00,0x00,0x00,0x00,0x00,
0x00,0x00,0x00,0x00,0x00,0x00,0x00,0x00,0x00,0x00,0x00,0x00,0x00,0x00,0x00,0x00,0xff,0xff,0xff,0x01,0xff,0xff,0xff,0x02,0x00,0x00,0x00,0x00,0x00,0x00,0x00,0x00,
0x00,0x00,0x00,0x00,0x00,0x00,0x00,0x00,0x00,0x00,0x00,0x00,0x00,0x00,0x00,0x00,0x00,0x00,0x00,0x00,0xff,0xff,0xff,0x03,0xff,0xff,0xff,0x01,0xff,0xff,0xff,0x04,
0xff,0xdf,0xdf,0x08,0xff,0xf7,0xf3,0xd0,0xff,0xfd,0xfc,0xfe,0xff,0xf8,0xf5,0xfc,0xff,0xf8,0xf5,0xff,0xff,0xf8,0xf5,0xff,0xff,0xf8,0xf5,0xff,0xff,0xf8,0xf5,0xff,
0xff,0xf8,0xf5,0xff,0xff,0xf8,0xf5,0xff,0xff,0xf8,0xf5,0xff,0xff,0xf8,0xf5,0xff,0xff,0xf8,0xf5,0xfe,0xff,0xfa,0xf7,0xfe,0xff,0xf9,0xf7,0xf7,0xff,0xf7,0xf7,0x20,
0xff,0xff,0xff,0x03,0xff,0xff,0xff,0x02,0xff,0xff,0xff,0x02,0x00,0x00,0x00,0x00,0x00,0x00,0x00,0x00,0x00,0x00,0x00,0x00,0x00,0x00,0x00,0x00,0x00,0x00,0x00,0x00,
0x00,0x00,0x00,0x00,0x00,0x00,0x00,0x00,0xff,0xff,0xff,0x01,0xff,0xff,0xff,0x01,0x00,0x00,0x00,0x00,0x00,0x00,0x00,0x00,0x00,0x00,0x00,0x00,0x00,0x00,0x00,0x00,
0x00,0x00,0x00,0x00,0x00,0x00,0x00,0x00,0x00,0x00,0x00,0x00,0x00,0x00,0x00,0x00,0x00,0x00,0x00,0x00,0x00,0x00,0x00,0x00,0x00,0x00,0x00,0x00,0x00,0x00,0x00,0x00,
0x00,0x00,0x00,0x00,0x00,0x00,0x00,0x00,0x00,0x00,0x00,0x00,0x00,0x00,0x00,0x00,0x00,0x00,0x00,0x00,0x00,0x00,0x00,0x00,0x00,0x00,0x00,0x00,0x00,0x00,0x00,0x00,
0x00,0x00,0x00,0x00,0x00,0x00,0x00,0x00,0x00,0x00,0x00,0x00,0xff,0xff,0xff,0x01,0x00,0x00,0x00,0x00,0x00,0x00,0x00,0x00,0xff,0xf9,0xf9,0x2b,0xff,0xfc,0xfa,0x7f,
0xff,0xf9,0xf6,0xb8,0xff,0xf9,0xf8,0xbd,0xff,0xfa,0xf7,0xad,0xff,0xfc,0xfa,0x70,0xff,0xff,0xf3,0x16,0x00,0x00,0x00,0x00,0xff,0xff,0xff,0x01,0x00,0x00,0x00,0x00,
0xff,0xaa,0xaa,0x03,0xff,0xf8,0xf6,0xee,0xff,0xfc,0xf9,0xff,0xff,0xf7,0xf4,0xfe,0xff,0xf8,0xf5,0xff,0xff,0xf8,0xf5,0xff,0xff,0xf8,0xf5,0xff,0xff,0xf8,0xf5,0xff,
0xff,0xf8,0xf5,0xff,0xff,0xf8,0xf5,0xff,0xff,0xf8,0xf5,0xff,0xff,0xf8,0xf5,0xff,0xff,0xf8,0xf5,0xff,0xff,0xf7,0xf4,0xfd,0xff,0xff,0xff,0xff,0xff,0xfa,0xf6,0x39,
0x00,0x00,0x00,0x00,0xff,0xff,0xff,0x02,0x00,0x00,0x00,0x00,0xff,0xd4,0xd4,0x06,0xff,0xf9,0xf6,0x5e,0xff,0xfb,0xfa,0x9e,0xff,0xfa,0xf8,0xbc,0xff,0xf9,0xf6,0xbd,
0xff,0xfd,0xfd,0x8f,0xff,0xfb,0xfb,0x45,0x00,0x00,0x00,0x00,0x00,0x00,0x00,0x00,0xff,0xff,0xff,0x02,0x00,0x00,0x00,0x00,0x00,0x00,0x00,0x00,0x00,0x00,0x00,0x00,
0x00,0x00,0x00,0x00,0x00,0x00,0x00,0x00,0x00,0x00,0x00,0x00,0x00,0x00,0x00,0x00,0x00,0x00,0x00,0x00,0x00,0x00,0x00,0x00,0x00,0x00,0x00,0x00,0x00,0x00,0x00,0x00,
0x00,0x00,0x00,0x00,0x00,0x00,0x00,0x00,0x00,0x00,0x00,0x00,0x00,0x00,0x00,0x00,0x00,0x00,0x00,0x00,0x00,0x00,0x00,0x00,0x00,0x00,0x00,0x00,0x00,0x00,0x00,0x00,
0x00,0x00,0x00,0x00,0x00,0x00,0x00,0x00,0xff,0xff,0xff,0x01,0xff,0xff,0xff,0x01,0xff,0xff,0xff,0x05,0xff,0xf7,0xf6,0x8f,0xff,0xfc,0xfa,0xf9,0xff,0xff,0xff,0xff,
0xff,0xff,0xff,0xff,0xff,0xff,0xff,0xff,0xff,0xff,0xff,0xff,0xff,0xff,0xff,0xff,0xff,0xfd,0xfc,0xe9,0xff,0xf7,0xf4,0x65,0xff,0xff,0xff,0x04,0xff,0xf7,0xf4,0x46,
0xff,0xfb,0xfb,0xa3,0xff,0xf9,0xf7,0xf9,0xff,0xf8,0xf5,0xfe,0xff,0xf8,0xf5,0xff,0xff,0xf8,0xf5,0xff,0xff,0xf8,0xf5,0xff,0xff,0xf8,0xf5,0xff,0xff,0xf8,0xf5,0xff,
0xff,0xf8,0xf5,0xff,0xff,0xf8,0xf5,0xff,0xff,0xf8,0xf5,0xff,0xff,0xf8,0xf5,0xff,0xff,0xf8,0xf5,0xff,0xff,0xf7,0xf4,0xfe,0xff,0xfa,0xf9,0xfe,0xff,0xfa,0xf8,0xbe,
0xff,0xf9,0xf6,0x5f,0xff,0xff,0xff,0x06,0xff,0xfa,0xf6,0x39,0xff,0xfc,0xfb,0xd4,0xff,0xff,0xff,0xff,0xff,0xff,0xff,0xff,0xff,0xff,0xff,0xff,0xff,0xff,0xff,0xff,
0xff,0xff,0xff,0xff,0xff,0xff,0xff,0xff,0xff,0xfc,0xf9,0xb6,0xff,0xeb,0xeb,0x1a,0x00,0x00,0x00,0x00,0xff,0xff,0xff,0x02,0x00,0x00,0x00,0x00,0x00,0x00,0x00,0x00,
0x00,0x00,0x00,0x00,0x00,0x00,0x00,0x00,0x00,0x00,0x00,0x00,0x00,0x00,0x00,0x00,0x00,0x00,0x00,0x00,0x00,0x00,0x00,0x00,0x00,0x00,0x00,0x00,0x00,0x00,0x00,0x00,
0x00,0x00,0x00,0x00,0x00,0x00,0x00,0x00,0x00,0x00,0x00,0x00,0x00,0x00,0x00,0x00,0x00,0x00,0x00,0x00,0x00,0x00,0x00,0x00,0x00,0x00,0x00,0x00,0x00,0x00,0x00,0x00,
0x00,0x00,0x00,0x00,0xff,0xff,0xff,0x01,0xff,0xff,0xff,0x02,0xff,0xbf,0xbf,0x04,0xff,0xf8,0xf5,0xc1,0xff,0xff,0xff,0xff,0xff,0xf8,0xf5,0xff,0xff,0xf7,0xf3,0xfb,
0xff,0xf7,0xf4,0xfc,0xff,0xf7,0xf4,0xfc,0xff,0xf7,0xf4,0xfc,0xff,0xf6,0xf3,0xfb,0xff,0xfe,0xfb,0xff,0xff,0xff,0xfb,0xff,0xff,0xf9,0xf5,0xd6,0xff,0xfe,0xfb,0xff,
0xff,0xff,0xff,0xff,0xff,0xf8,0xf5,0xff,0xff,0xf8,0xf5,0xff,0xff,0xf8,0xf5,0xff,0xff,0xf8,0xf5,0xff,0xff,0xf8,0xf5,0xff,0xff,0xf8,0xf5,0xff,0xff,0xf8,0xf5,0xff,
0xff,0xf8,0xf5,0xff,0xff,0xf8,0xf5,0xff,0xff,0xf8,0xf5,0xff,0xff,0xf8,0xf5,0xff,0xff,0xf8,0xf5,0xff,0xff,0xf8,0xf5,0xff,0xff,0xf7,0xf4,0xff,0xff,0xff,0xff,0xff,
0xff,0xff,0xff,0xff,0xff,0xf7,0xf4,0xd9,0xff,0xf7,0xf4,0xf7,0xff,0xff,0xff,0xff,0xff,0xf7,0xf4,0xfb,0xff,0xf7,0xf4,0xfb,0xff,0xf7,0xf4,0xfc,0xff,0xf7,0xf4,0xfc,
0xff,0xf7,0xf4,0xfb,0xff,0xf7,0xf3,0xfd,0xff,0xff,0xff,0xff,0xff,0xfc,0xfb,0xe5,0xff,0xf7,0xf0,0x22,0x00,0x00,0x00,0x00,0xff,0xff,0xff,0x02,0x00,0x00,0x00,0x00,
0x00,0x00,0x00,0x00,0x00,0x00,0x00,0x00,0x00,0x00,0x00,0x00,0x00,0x00,0x00,0x00,0x00,0x00,0x00,0x00,0x00,0x00,0x00,0x00,0x00,0x00,0x00,0x00,0x00,0x00,0x00,0x00,
0x00,0x00,0x00,0x00,0x00,0x00,0x00,0x00,0x00,0x00,0x00,0x00,0x00,0x00,0x00,0x00,0x00,0x00,0x00,0x00,0x00,0x00,0x00,0x00,0x00,0x00,0x00,0x00,0x00,0x00,0x00,0x00,
0x00,0x00,0x00,0x00,0xff,0xff,0xff,0x03,0x00,0x00,0x00,0x00,0xff,0xf6,0xf2,0x8f,0xff,0xff,0xff,0xff,0xff,0xf7,0xf4,0xfa,0xff,0xf7,0xf4,0xfe,0xff,0xf8,0xf5,0xff,
0xff,0xf8,0xf5,0xff,0xff,0xf8,0xf5,0xff,0xff,0xf8,0xf5,0xff,0xff,0xf8,0xf5,0xff,0xff,0xf6,0xf3,0xfe,0xff,0xf7,0xf4,0xfe,0xff,0xff,0xfe,0xff,0xff,0xf7,0xf4,0xfe,
0xff,0xf6,0xf3,0xfc,0xff,0xf8,0xf5,0xff,0xff,0xf8,0xf5,0xff,0xff,0xf8,0xf5,0xff,0xff,0xf8,0xf5,0xff,0xff,0xf8,0xf5,0xff,0xff,0xf8,0xf5,0xff,0xff,0xf8,0xf5,0xff,
0xff,0xf8,0xf5,0xff,0xff,0xf8,0xf5,0xff,0xff,0xf8,0xf5,0xff,0xff,0xf8,0xf5,0xff,0xff,0xf8,0xf5,0xff,0xff,0xf8,0xf5,0xff,0xff,0xf8,0xf5,0xff,0xff,0xf6,0xf3,0xfd,
0xff,0xf7,0xf4,0xfc,0xff,0xff,0xfd,0xff,0xff,0xfa,0xf7,0xff,0xff,0xf6,0xf3,0xfd,0xff,0xf8,0xf5,0xff,0xff,0xf8,0xf5,0xff,0xff,0xf8,0xf5,0xff,0xff,0xf8,0xf5,0xff,
0xff,0xf8,0xf5,0xff,0xff,0xf8,0xf5,0xff,0xff,0xf7,0xf3,0xfa,0xff,0xff,0xff,0xff,0xff,0xf8,0xf6,0xc8,0xff,0xff,0xff,0x06,0xff,0xff,0xff,0x02,0xff,0xff,0xff,0x01,
0x00,0x00,0x00,0x00,0x00,0x00,0x00,0x00,0x00,0x00,0x00,0x00,0x00,0x00,0x00,0x00,0x00,0x00,0x00,0x00,0x00,0x00,0x00,0x00,0x00,0x00,0x00,0x00,0x00,0x00,0x00,0x00,
0x00,0x00,0x00,0x00,0x00,0x00,0x00,0x00,0x00,0x00,0x00,0x00,0x00,0x00,0x00,0x00,0x00,0x00,0x00,0x00,0x00,0x00,0x00,0x00,0x00,0x00,0x00,0x00,0x00,0x00,0x00,0x00,
0xff,0xff,0xff,0x02,0x00,0x00,0x00,0x00,0xff,0xf9,0xf3,0x2b,0xff,0xfb,0xf9,0xfc,0xff,0xf9,0xf7,0xfc,0xff,0xf7,0xf4,0xfe,0xff,0xf8,0xf5,0xff,0xff,0xf8,0xf5,0xff,
0xff,0xf8,0xf5,0xff,0xff,0xf8,0xf5,0xff,0xff,0xf8,0xf5,0xff,0xff,0xf8,0xf5,0xff,0xff,0xf8,0xf5,0xff,0xff,0xf8,0xf5,0xff,0xff,0xf7,0xf4,0xfd,0xff,0xf8,0xf5,0xff,
0xff,0xf8,0xf5,0xff,0xff,0xf8,0xf5,0xff,0xff,0xf8,0xf5,0xff,0xff,0xf8,0xf5,0xff,0xff,0xf8,0xf5,0xff,0xff,0xf8,0xf5,0xff,0xff,0xf8,0xf5,0xff,0xff,0xf8,0xf5,0xff,
0xff,0xf8,0xf5,0xff,0xff,0xf8,0xf5,0xff,0xff,0xf8,0xf5,0xff,0xff,0xf8,0xf5,0xff,0xff,0xf8,0xf5,0xff,0xff,0xf8,0xf5,0xff,0xff,0xf8,0xf5,0xff,0xff,0xf8,0xf5,0xff,
0xff,0xf8,0xf5,0xff,0xff,0xf7,0xf4,0xfd,0xff,0xf7,0xf4,0xfe,0xff,0xf8,0xf5,0xff,0xff,0xf8,0xf5,0xff,0xff,0xf8,0xf5,0xff,0xff,0xf8,0xf5,0xff,0xff,0xf8,0xf5,0xff,
0xff,0xf8,0xf5,0xff,0xff,0xf8,0xf5,0xff,0xff,0xf8,0xf5,0xff,0xff,0xf7,0xf3,0xfb,0xff,0xff,0xff,0xff,0xff,0xf7,0xf4,0x62,0x00,0x00,0x00,0x00,0xff,0xff,0xff,0x03,
0x00,0x00,0x00,0x00,0x00,0x00,0x00,0x00,0x00,0x00,0x00,0x00,0x00,0x00,0x00,0x00,0x00,0x00,0x00,0x00,0x00,0x00,0x00,0x00,0x00,0x00,0x00,0x00,0x00,0x00,0x00,0x00,
0x00,0x00,0x00,0x00,0x00,0x00,0x00,0x00,0x00,0x00,0x00,0x00,0x00,0x00,0x00,0x00,0x00,0x00,0x00,0x00,0x00,0x00,0x00,0x00,0x00,0x00,0x00,0x00,0x00,0x00,0x00,0x00,
0xff,0xff,0xff,0x04,0x00,0x00,0x00,0x00,0xff,0xf7,0xf5,0x84,0xff,0xff,0xff,0xff,0xff,0xf7,0xf4,0xfb,0xff,0xf8,0xf5,0xff,0xff,0xf8,0xf5,0xff,0xff,0xf8,0xf5,0xff,
0xff,0xf8,0xf5,0xff,0xff,0xf8,0xf5,0xff,0xff,0xf8,0xf5,0xff,0xff,0xf8,0xf5,0xff,0xff,0xf8,0xf5,0xff,0xff,0xf8,0xf5,0xff,0xff,0xf8,0xf5,0xff,0xff,0xf8,0xf5,0xff,
0xff,0xf8,0xf5,0xff,0xff,0xf8,0xf5,0xff,0xff,0xf8,0xf5,0xff,0xff,0xf8,0xf5,0xff,0xff,0xf8,0xf5,0xff,0xff,0xf8,0xf5,0xff,0xff,0xf8,0xf5,0xff,0xff,0xf8,0xf5,0xff,
0xff,0xf8,0xf5,0xff,0xff,0xf8,0xf5,0xff,0xff,0xf8,0xf5,0xff,0xff,0xf8,0xf5,0xff,0xff,0xf8,0xf5,0xff,0xff,0xf8,0xf5,0xff,0xff,0xf8,0xf5,0xff,0xff,0xf8,0xf5,0xff,
0xff,0xf8,0xf5,0xff,0xff,0xf8,0xf5,0xff,0xff,0xf8,0xf5,0xff,0xff,0xf8,0xf5,0xff,0xff,0xf8,0xf5,0xff,0xff,0xf8,0xf5,0xff,0xff,0xf8,0xf5,0xff,0xff,0xf8,0xf5,0xff,
0xff,0xf8,0xf5,0xff,0xff,0xf8,0xf5,0xff,0xff,0xf8,0xf5,0xff,0xff,0xf7,0xf4,0xfc,0xff,0xff,0xff,0xfd,0xff,0xf7,0xf4,0xc2,0xff,0xff,0xff,0x01,0xff,0xff,0xff,0x02,
0x00,0x00,0x00,0x00,0x00,0x00,0x00,0x00,0x00,0x00,0x00,0x00,0x00,0x00,0x00,0x00,0x00,0x00,0x00,0x00,0x00,0x00,0x00,0x00,0x00,0x00,0x00,0x00,0x00,0x00,0x00,0x00,
0x00,0x00,0x00,0x00,0x00,0x00,0x00,0x00,0x00,0x00,0x00,0x00,0x00,0x00,0x00,0x00,0x00,0x00,0x00,0x00,0x00,0x00,0x00,0x00,0x00,0x00,0x00,0x00,0x00,0x00,0x00,0x00,
0xff,0xff,0xff,0x02,0x00,0x00,0x00,0x00,0xff,0xf8,0xf5,0xb9,0xff,0xff,0xff,0xfe,0xff,0xf7,0xf4,0xfc,0xff,0xf8,0xf5,0xff,0xff,0xf8,0xf5,0xff,0xff,0xf8,0xf5,0xff,
0xff,0xf8,0xf5,0xff,0xff,0xf8,0xf5,0xff,0xff,0xf8,0xf5,0xff,0xff,0xf8,0xf5,0xff,0xff,0xf8,0xf5,0xff,0xff,0xf8,0xf5,0xff,0xff,0xf8,0xf5,0xff,0xff,0xf8,0xf5,0xff,
0xff,0xf8,0xf5,0xff,0xff,0xf8,0xf5,0xff,0xff,0xf8,0xf5,0xff,0xff,0xf8,0xf5,0xff,0xff,0xf8,0xf5,0xff,0xff,0xf8,0xf5,0xff,0xff,0xf8,0xf5,0xff,0xff,0xf8,0xf5,0xff,
0xff,0xf8,0xf5,0xff,0xff,0xf8,0xf5,0xff,0xff,0xf8,0xf5,0xff,0xff,0xf8,0xf5,0xff,0xff,0xf8,0xf5,0xff,0xff,0xf8,0xf5,0xff,0xff,0xf8,0xf5,0xff,0xff,0xf8,0xf5,0xff,
0xff,0xf8,0xf5,0xff,0xff,0xf8,0xf5,0xff,0xff,0xf8,0xf5,0xff,0xff,0xf8,0xf5,0xff,0xff,0xf8,0xf5,0xff,0xff,0xf8,0xf5,0xff,0xff,0xf8,0xf5,0xff,0xff,0xf8,0xf5,0xff,
0xff,0xf8,0xf5,0xff,0xff,0xf8,0xf5,0xff,0xff,0xf8,0xf5,0xff,0xff,0xf7,0xf4,0xfe,0xff,0xfc,0xf9,0xff,0xff,0xf8,0xf5,0xea,0xff,0xef,0xef,0x10,0x00,0x00,0x00,0x00,
0xff,0xff,0xff,0x01,0x00,0x00,0x00,0x00,0x00,0x00,0x00,0x00,0x00,0x00,0x00,0x00,0x00,0x00,0x00,0x00,0x00,0x00,0x00,0x00,0x00,0x00,0x00,0x00,0x00,0x00,0x00,0x00,
0x00,0x00,0x00,0x00,0x00,0x00,0x00,0x00,0x00,0x00,0x00,0x00,0x00,0x00,0x00,0x00,0x00,0x00,0x00,0x00,0x00,0x00,0x00,0x00,0x00,0x00,0x00,0x00,0x00,0x00,0x00,0x00,
0xff,0xff,0xff,0x02,0x00,0x00,0x00,0x00,0xff,0xf7,0xf4,0xc1,0xff,0xff,0xff,0xff,0xff,0xf7,0xf4,0xfc,0xff,0xf8,0xf5,0xff,0xff,0xf8,0xf5,0xff,0xff,0xf8,0xf5,0xff,
0xff,0xf8,0xf5,0xff,0xff,0xf8,0xf5,0xff,0xff,0xf8,0xf5,0xff,0xff,0xf8,0xf5,0xff,0xff,0xf8,0xf5,0xff,0xff,0xf8,0xf5,0xff,0xff,0xf8,0xf5,0xff,0xff,0xf8,0xf5,0xff,
0xff,0xf8,0xf5,0xff,0xff,0xf8,0xf5,0xff,0xff,0xf8,0xf5,0xff,0xff,0xf8,0xf5,0xff,0xff,0xf8,0xf5,0xff,0xff,0xf8,0xf5,0xff,0xff,0xf8,0xf5,0xff,0xff,0xf8,0xf5,0xff,
0xff,0xf8,0xf5,0xff,0xff,0xf8,0xf5,0xff,0xff,0xf8,0xf5,0xff,0xff,0xf8,0xf5,0xff,0xff,0xf8,0xf5,0xff,0xff,0xf8,0xf5,0xff,0xff,0xf8,0xf5,0xff,0xff,0xf8,0xf5,0xff,
0xff,0xf8,0xf5,0xff,0xff,0xf8,0xf5,0xff,0xff,0xf8,0xf5,0xff,0xff,0xf8,0xf5,0xff,0xff,0xf8,0xf5,0xff,0xff,0xf8,0xf5,0xff,0xff,0xf8,0xf5,0xff,0xff,0xf8,0xf5,0xff,
0xff,0xf8,0xf5,0xff,0xff,0xf8,0xf5,0xff,0xff,0xf8,0xf5,0xff,0xff,0xf7,0xf4,0xfe,0xff,0xfc,0xf9,0xff,0xff,0xf8,0xf5,0xf0,0xff,0xf0,0xf0,0x12,0x00,0x00,0x00,0x00,
0xff,0xff,0xff,0x01,0x00,0x00,0x00,0x00,0x00,0x00,0x00,0x00,0x00,0x00,0x00,0x00,0x00,0x00,0x00,0x00,0x00,0x00,0x00,0x00,0x00,0x00,0x00,0x00,0x00,0x00,0x00,0x00,
0x00,0x00,0x00,0x00,0x00,0x00,0x00,0x00,0x00,0x00,0x00,0x00,0x00,0x00,0x00,0x00,0x00,0x00,0x00,0x00,0x00,0x00,0x00,0x00,0x00,0x00,0x00,0x00,0x00,0x00,0x00,0x00,
0xff,0xff,0xff,0x03,0x00,0x00,0x00,0x00,0xff,0xf6,0xf3,0xb1,0xff,0xff,0xff,0xfe,0xff,0xf7,0xf4,0xfc,0xff,0xf8,0xf5,0xff,0xff,0xf8,0xf5,0xff,0xff,0xf8,0xf5,0xff,
0xff,0xf8,0xf5,0xff,0xff,0xf8,0xf5,0xff,0xff,0xf8,0xf5,0xff,0xff,0xf8,0xf5,0xff,0xff,0xf8,0xf5,0xff,0xff,0xf8,0xf5,0xff,0xff,0xf8,0xf5,0xff,0xff,0xf8,0xf5,0xff,
0xff,0xf8,0xf5,0xff,0xff,0xf8,0xf5,0xff,0xff,0xf8,0xf5,0xff,0xff,0xf8,0xf5,0xff,0xff,0xf8,0xf5,0xff,0xff,0xf8,0xf5,0xff,0xff,0xf8,0xf5,0xff,0xfe,0xf7,0xf4,0xff,
0xfe,0xf7,0xf4,0xff,0xfe,0xf7,0xf4,0xff,0xff,0xf8,0xf5,0xff,0xff,0xf8,0xf5,0xff,0xff,0xf8,0xf5,0xff,0xff,0xf8,0xf5,0xff,0xff,0xf8,0xf5,0xff,0xff,0xf8,0xf5,0xff,
0xff,0xf8,0xf5,0xff,0xff,0xf8,0xf5,0xff,0xff,0xf8,0xf5,0xff,0xff,0xf8,0xf5,0xff,0xff,0xf8,0xf5,0xff,0xff,0xf8,0xf5,0xff,0xff,0xf8,0xf5,0xff,0xff,0xf8,0xf5,0xff,
0xff,0xf8,0xf5,0xff,0xff,0xf8,0xf5,0xff,0xff,0xf8,0xf5,0xff,0xff,0xf7,0xf4,0xfe,0xff,0xfc,0xfa,0xff,0xff,0xf8,0xf4,0xe4,0xff,0xeb,0xeb,0x0d,0x00,0x00,0x00,0x00,
0xff,0xff,0xff,0x01,0x00,0x00,0x00,0x00,0x00,0x00,0x00,0x00,0x00,0x00,0x00,0x00,0x00,0x00,0x00,0x00,0x00,0x00,0x00,0x00,0x00,0x00,0x00,0x00,0x00,0x00,0x00,0x00,
0x00,0x00,0x00,0x00,0x00,0x00,0x00,0x00,0x00,0x00,0x00,0x00,0x00,0x00,0x00,0x00,0x00,0x00,0x00,0x00,0x00,0x00,0x00,0x00,0x00,0x00,0x00,0x00,0x00,0x00,0x00,0x00,
0xff,0xff,0xff,0x04,0x00,0x00,0x00,0x00,0xff,0xf8,0xf5,0x70,0xff,0xff,0xff,0xff,0xff,0xf7,0xf4,0xfb,0xff,0xf8,0xf5,0xff,0xff,0xf8,0xf5,0xff,0xff,0xf8,0xf5,0xff,
0xff,0xf8,0xf5,0xff,0xff,0xf8,0xf5,0xff,0xff,0xf8,0xf5,0xff,0xff,0xf8,0xf5,0xff,0xff,0xf8,0xf5,0xff,0xff,0xf8,0xf5,0xff,0xff,0xf8,0xf5,0xff,0xff,0xf8,0xf5,0xff,
0xff,0xf8,0xf5,0xff,0xff,0xf8,0xf5,0xff,0xff,0xf8,0xf5,0xff,0xfe,0xf7,0xf4,0xff,0xfd,0xf5,0xf2,0xff,0xfd,0xf6,0xf3,0xff,0xff,0xf9,0xf6,0xff,0xff,0xfb,0xf9,0xff,
0xff,0xfb,0xf8,0xff,0xff,0xfa,0xf7,0xff,0xfd,0xf6,0xf3,0xff,0xfc,0xf5,0xf2,0xff,0xfe,0xf7,0xf4,0xff,0xff,0xf8,0xf5,0xff,0xff,0xf8,0xf5,0xff,0xff,0xf8,0xf5,0xff,
0xff,0xf8,0xf5,0xff,0xff,0xf8,0xf5,0xff,0xff,0xf8,0xf5,0xff,0xff,0xf8,0xf5,0xff,0xff,0xf8,0xf5,0xff,0xff,0xf8,0xf5,0xff,0xff,0xf8,0xf5,0xff,0xff,0xf8,0xf5,0xff,
0xff,0xf8,0xf5,0xff,0xff,0xf8,0xf5,0xff,0xff,0xf8,0xf5,0xff,0xff,0xf7,0xf4,0xfb,0xff,0xff,0xff,0xfe,0xff,0xf7,0xf4,0xb1,0x00,0x00,0x00,0x00,0xff,0xff,0xff,0x03,
0x00,0x00,0x00,0x00,0x00,0x00,0x00,0x00,0x00,0x00,0x00,0x00,0x00,0x00,0x00,0x00,0x00,0x00,0x00,0x00,0x00,0x00,0x00,0x00,0x00,0x00,0x00,0x00,0x00,0x00,0x00,0x00,
0x00,0x00,0x00,0x00,0x00,0x00,0x00,0x00,0x00,0x00,0x00,0x00,0x00,0x00,0x00,0x00,0x00,0x00,0x00,0x00,0x00,0x00,0x00,0x00,0x00,0x00,0x00,0x00,0x00,0x00,0x00,0x00,
0xff,0xff,0xff,0x01,0xff,0xff,0xff,0x01,0xff,0xf3,0xf3,0x17,0xff,0xf9,0xf7,0xf0,0xff,0xfd,0xfb,0xff,0xff,0xf6,0xf3,0xfe,0xff,0xf8,0xf5,0xff,0xff,0xf8,0xf5,0xff,
0xff,0xf8,0xf5,0xff,0xff,0xf8,0xf5,0xff,0xff,0xf8,0xf5,0xff,0xff,0xf8,0xf5,0xff,0xff,0xf8,0xf5,0xff,0xff,0xf8,0xf5,0xff,0xff,0xf8,0xf5,0xff,0xff,0xf8,0xf5,0xff,
0xff,0xf8,0xf5,0xff,0xff,0xf8,0xf5,0xff,0xfd,0xf5,0xf2,0xff,0xff,0xfb,0xf8,0xff,0xff,0xff,0xff,0xff,0xff,0xff,0xff,0xff,0xfd,0xf6,0xf3,0xff,0xf3,0xeb,0xe8,0xff,
0xf4,0xec,0xe8,0xff,0xf9,0xf1,0xee,0xff,0xff,0xff,0xff,0xff,0xff,0xff,0xff,0xff,0xff,0xfe,0xfb,0xff,0xfd,0xf6,0xf2,0xff,0xfe,0xf7,0xf4,0xff,0xff,0xf8,0xf5,0xff,
0xff,0xf8,0xf5,0xff,0xff,0xf8,0xf5,0xff,0xff,0xf8,0xf5,0xff,0xff,0xf8,0xf5,0xff,0xff,0xf8,0xf5,0xff,0xff,0xf8,0xf5,0xff,0xff,0xf8,0xf5,0xff,0xff,0xf8,0xf5,0xff,
0xff,0xf8,0xf5,0xff,0xff,0xf8,0xf5,0xff,0xff,0xf8,0xf5,0xff,0xff,0xf8,0xf5,0xfd,0xff,0xff,0xff,0xff,0xff,0xfb,0xf7,0x43,0x00,0x00,0x00,0x00,0xff,0xff,0xff,0x03,
0x00,0x00,0x00,0x00,0x00,0x00,0x00,0x00,0x00,0x00,0x00,0x00,0x00,0x00,0x00,0x00,0x00,0x00,0x00,0x00,0x00,0x00,0x00,0x00,0x00,0x00,0x00,0x00,0x00,0x00,0x00,0x00,
0x00,0x00,0x00,0x00,0x00,0x00,0x00,0x00,0x00,0x00,0x00,0x00,0x00,0x00,0x00,0x00,0x00,0x00,0x00,0x00,0x00,0x00,0x00,0x00,0x00,0x00,0x00,0x00,0x00,0x00,0x00,0x00,
0x00,0x00,0x00,0x00,0xff,0xff,0xff,0x03,0x00,0x00,0x00,0x00,0xff,0xf7,0xf4,0x62,0xff,0xfd,0xfd,0xfa,0xff,0xf8,0xf5,0xfd,0xff,0xf8,0xf5,0xff,0xff,0xf8,0xf5,0xff,
0xff,0xf8,0xf5,0xff,0xff,0xf8,0xf5,0xff,0xff,0xf8,0xf5,0xff,0xff,0xf8,0xf5,0xff,0xff,0xf8,0xf5,0xff,0xff,0xf8,0xf5,0xff,0xff,0xf8,0xf5,0xff,0xff,0xf8,0xf5,0xff,
0xfe,0xf7,0xf4,0xff,0xfe,0xf7,0xf4,0xff,0xff,0xff,0xff,0xff,0xf0,0xea,0xe7,0xff,0xbe,0xb2,0xac,0xff,0x8d,0x7b,0x73,0xff,0x74,0x5e,0x55,0xff,0x64,0x4d,0x42,0xff,
0x65,0x4e,0x43,0xff,0x6d,0x57,0x4d,0xff,0x86,0x74,0x6b,0xff,0xb2,0xa2,0x9c,0xff,0xe5,0xde,0xda,0xff,0xff,0xff,0xff,0xff,0xff,0xfa,0xf8,0xff,0xfd,0xf6,0xf3,0xff,
0xff,0xf8,0xf5,0xff,0xff,0xf8,0xf5,0xff,0xff,0xf8,0xf5,0xff,0xff,0xf8,0xf5,0xff,0xff,0xf8,0xf5,0xff,0xff,0xf8,0xf5,0xff,0xff,0xf8,0xf5,0xff,0xff,0xf8,0xf5,0xff,
0xff,0xf8,0xf5,0xff,0xff,0xf8,0xf5,0xff,0xff,0xf8,0xf5,0xfc,0xff,0xfe,0xfe,0xff,0xff,0xf8,0xf5,0x9b,0x00,0x00,0x00,0x00,0xff,0xff,0xff,0x02,0x00,0x00,0x00,0x00,
0x00,0x00,0x00,0x00,0x00,0x00,0x00,0x00,0x00,0x00,0x00,0x00,0x00,0x00,0x00,0x00,0x00,0x00,0x00,0x00,0x00,0x00,0x00,0x00,0x00,0x00,0x00,0x00,0x00,0x00,0x00,0x00,
0x00,0x00,0x00,0x00,0x00,0x00,0x00,0x00,0x00,0x00,0x00,0x00,0x00,0x00,0x00,0x00,0x00,0x00,0x00,0x00,0x00,0x00,0x00,0x00,0x00,0x00,0x00,0x00,0x00,0x00,0x00,0x00,
0x00,0x00,0x00,0x00,0xff,0xff,0xff,0x01,0xff,0xff,0xff,0x03,0x00,0x00,0x00,0x00,0xff,0xf6,0xf4,0xd5,0xff,0xfe,0xfd,0xff,0xff,0xf7,0xf4,0xfd,0xff,0xf8,0xf5,0xff,
0xff,0xf8,0xf5,0xff,0xff,0xf8,0xf5,0xff,0xff,0xf8,0xf5,0xff,0xff,0xf8,0xf5,0xff,0xff,0xf8,0xf5,0xff,0xff,0xf8,0xf5,0xff,0xff,0xf8,0xf5,0xff,0xfe,0xf6,0xf3,0xff,
0xff,0xfb,0xf8,0xff,0xff,0xfd,0xfc,0xff,0xae,0xa1,0x9a,0xff,0x65,0x4e,0x44,0xff,0x50,0x36,0x2b,0xff,0x52,0x38,0x2d,0xff,0x55,0x3d,0x32,0xff,0x59,0x40,0x35,0xff,
0x58,0x40,0x35,0xff,0x57,0x3e,0x33,0xff,0x52,0x39,0x2d,0xff,0x4f,0x36,0x2a,0xff,0x5c,0x44,0x39,0xff,0x97,0x86,0x7e,0xff,0xf4,0xee,0xeb,0xff,0xff,0xff,0xfe,0xff,
0xfd,0xf5,0xf2,0xff,0xff,0xf8,0xf5,0xff,0xff,0xf8,0xf5,0xff,0xff,0xf8,0xf5,0xff,0xff,0xf8,0xf5,0xff,0xff,0xf8,0xf5,0xff,0xff,0xf8,0xf5,0xff,0xff,0xf8,0xf5,0xff,
0xff,0xf8,0xf5,0xff,0xff,0xf8,0xf5,0xff,0xff,0xf9,0xf6,0xfe,0xff,0xfb,0xf9,0xf7,0xff,0xff,0xff,0x1a,0xff,0xff,0xff,0x02,0xff,0xff,0xff,0x03,0x00,0x00,0x00,0x00,
0x00,0x00,0x00,0x00,0x00,0x00,0x00,0x00,0x00,0x00,0x00,0x00,0x00,0x00,0x00,0x00,0x00,0x00,0x00,0x00,0x00,0x00,0x00,0x00,0x00,0x00,0x00,0x00,0x00,0x00,0x00,0x00,
0x00,0x00,0x00,0x00,0x00,0x00,0x00,0x00,0x00,0x00,0x00,0x00,0x00,0x00,0x00,0x00,0x00,0x00,0x00,0x00,0x00,0x00,0x00,0x00,0x00,0x00,0x00,0x00,0xff,0xff,0xff,0x01,
0xff,0xff,0xbf,0x04,0xff,0xff,0xff,0x04,0x00,0x00,0x00,0x00,0xff,0xfb,0xf7,0x41,0xff,0xfd,0xfc,0xfa,0xff,0xf8,0xf5,0xfd,0xff,0xf8,0xf5,0xff,0xff,0xf8,0xf5,0xff,
0xff,0xf8,0xf5,0xff,0xff,0xf8,0xf5,0xff,0xff,0xf8,0xf5,0xff,0xff,0xf8,0xf5,0xff,0xff,0xf8,0xf5,0xff,0xff,0xf8,0xf5,0xff,0xfe,0xf6,0xf3,0xff,0xff,0xfd,0xfb,0xff,
0xf4,0xf0,0xed,0xff,0x86,0x72,0x69,0xff,0x4f,0x35,0x29,0xff,0x58,0x40,0x35,0xff,0x5e,0x46,0x3b,0xff,0x5d,0x45,0x3b,0xff,0x5c,0x44,0x39,0xff,0x5c,0x44,0x39,0xff,
0x5c,0x44,0x39,0xff,0x5c,0x44,0x39,0xff,0x5d,0x45,0x3a,0xff,0x5e,0x46,0x3b,0xff,0x5b,0x43,0x38,0xff,0x4f,0x35,0x29,0xff,0x6e,0x57,0x4d,0xff,0xde,0xd6,0xd2,0xff,
0xff,0xff,0xff,0xff,0xfd,0xf5,0xf2,0xff,0xff,0xf8,0xf5,0xff,0xff,0xf8,0xf5,0xff,0xff,0xf8,0xf5,0xff,0xff,0xf8,0xf5,0xff,0xff,0xf8,0xf5,0xff,0xff,0xf8,0xf5,0xff,
0xff,0xf8,0xf5,0xff,0xff,0xf8,0xf5,0xff,0xff,0xf7,0xf4,0xfc,0xff,0xff,0xff,0xff,0xff,0xf6,0xf4,0x7e,0x00,0x00,0x00,0x00,0xff,0xff,0xff,0x02,0xff,0xff,0xff,0x03,
0xff,0xff,0xff,0x02,0x00,0x00,0x00,0x00,0x00,0x00,0x00,0x00,0x00,0x00,0x00,0x00,0x00,0x00,0x00,0x00,0x00,0x00,0x00,0x00,0x00,0x00,0x00,0x00,0x00,0x00,0x00,0x00,
0x00,0x00,0x00,0x00,0x00,0x00,0x00,0x00,0x00,0x00,0x00,0x00,0x00,0x00,0x00,0x00,0x00,0x00,0x00,0x00,0x00,0x00,0x00,0x00,0xff,0xff,0xff,0x03,0x00,0x00,0x00,0x00,
0x00,0x00,0x00,0x00,0x00,0x00,0x00,0x00,0xff,0xff,0xff,0x11,0xff,0xf7,0xf5,0xa8,0xff,0xff,0xff,0xff,0xff,0xf7,0xf4,0xfb,0xff,0xf8,0xf5,0xff,0xff,0xf8,0xf5,0xff,
0xff,0xf8,0xf5,0xff,0xff,0xf8,0xf5,0xff,0xff,0xf8,0xf5,0xff,0xff,0xf8,0xf5,0xff,0xff,0xf8,0xf5,0xff,0xfe,0xf7,0xf4,0xff,0xfe,0xfa,0xf8,0xff,0xf3,0xef,0xed,0xff,
0x7b,0x65,0x5c,0xff,0x4e,0x35,0x29,0xff,0x5f,0x47,0x3c,0xff,0x5c,0x44,0x39,0xff,0x5b,0x43,0x38,0xff,0x5b,0x43,0x38,0xff,0x5b,0x43,0x38,0xff,0x5c,0x44,0x38,0xff,
0x5c,0x44,0x39,0xff,0x5b,0x43,0x38,0xff,0x5b,0x43,0x38,0xff,0x5b,0x43,0x38,0xff,0x5b,0x43,0x38,0xff,0x5f,0x47,0x3c,0xff,0x53,0x3b,0x2f,0xff,0x61,0x49,0x3e,0xff,
0xdd,0xd5,0xd1,0xff,0xff,0xfe,0xfd,0xff,0xfd,0xf6,0xf3,0xff,0xff,0xf8,0xf5,0xff,0xff,0xf8,0xf5,0xff,0xff,0xf8,0xf5,0xff,0xff,0xf8,0xf5,0xff,0xff,0xf8,0xf5,0xff,
0xff,0xf8,0xf5,0xff,0xff,0xf8,0xf5,0xff,0xff,0xf7,0xf4,0xfd,0xff,0xfd,0xfc,0xff,0xff,0xf8,0xf4,0xdd,0xff,0xff,0xff,0x18,0xff,0xff,0xff,0x04,0x00,0x00,0x00,0x00,
0x00,0x00,0x00,0x00,0xff,0xff,0xff,0x03,0x00,0x00,0x00,0x00,0x00,0x00,0x00,0x00,0x00,0x00,0x00,0x00,0x00,0x00,0x00,0x00,0x00,0x00,0x00,0x00,0x00,0x00,0x00,0x00,
0x00,0x00,0x00,0x00,0x00,0x00,0x00,0x00,0x00,0x00,0x00,0x00,0x00,0x00,0x00,0x00,0x00,0x00,0x00,0x00,0xff,0xff,0xff,0x02,0x00,0x00,0x00,0x00,0xff,0xf3,0xe7,0x16,
0xff,0xfb,0xfb,0x80,0xff,0xfc,0xfb,0xc9,0xff,0xf9,0xf7,0xed,0xff,0xf7,0xf4,0xfe,0xff,0xf8,0xf5,0xff,0xff,0xf8,0xf5,0xff,0xff,0xf8,0xf5,0xff,0xff,0xf8,0xf5,0xff,
0xff,0xf8,0xf5,0xff,0xff,0xf8,0xf5,0xff,0xff,0xf8,0xf5,0xff,0xff,0xf8,0xf5,0xff,0xff,0xf8,0xf5,0xff,0xfd,0xf7,0xf4,0xff,0xfe,0xfc,0xfb,0xff,0x87,0x72,0x69,0xff,
0x4e,0x34,0x29,0xff,0x5f,0x48,0x3d,0xff,0x5b,0x43,0x38,0xff,0x5b,0x43,0x38,0xff,0x5b,0x43,0x38,0xff,0x5c,0x45,0x39,0xff,0x5c,0x44,0x39,0xff,0x59,0x41,0x36,0xff,
0x59,0x41,0x36,0xff,0x5b,0x43,0x38,0xff,0x5d,0x45,0x3a,0xff,0x5b,0x43,0x38,0xff,0x5b,0x43,0x38,0xff,0x5b,0x43,0x38,0xff,0x5e,0x46,0x3c,0xff,0x55,0x3c,0x31,0xff,
0x66,0x4f,0x44,0xff,0xf0,0xea,0xe7,0xff,0xfe,0xfb,0xf9,0xff,0xfe,0xf7,0xf4,0xff,0xff,0xf8,0xf5,0xff,0xff,0xf8,0xf5,0xff,0xff,0xf8,0xf5,0xff,0xff,0xf8,0xf5,0xff,
0xff,0xf8,0xf5,0xff,0xff,0xf8,0xf5,0xff,0xff,0xf8,0xf5,0xff,0xff,0xf8,0xf5,0xff,0xff,0xf9,0xf5,0xff,0xff,0xf8,0xf6,0xf0,0xff,0xfb,0xf9,0xd5,0xff,0xfa,0xf8,0x9b,
0xff,0xf9,0xf3,0x2c,0x00,0x00,0x00,0x00,0xff,0xff,0xff,0x01,0x00,0x00,0x00,0x00,0x00,0x00,0x00,0x00,0x00,0x00,0x00,0x00,0x00,0x00,0x00,0x00,0x00,0x00,0x00,0x00,
0x00,0x00,0x00,0x00,0x00,0x00,0x00,0x00,0x00,0x00,0x00,0x00,0x00,0x00,0x00,0x00,0xff,0xff,0xff,0x02,0x00,0x00,0x00,0x00,0xff,0xf7,0xf4,0x47,0xff,0xfb,0xfa,0xe5,
0xff,0xff,0xff,0xff,0xff,0xff,0xff,0xff,0xff,0xfc,0xf9,0xff,0xff,0xf8,0xf5,0xff,0xff,0xf8,0xf5,0xff,0xff,0xf8,0xf5,0xff,0xff,0xf8,0xf5,0xff,0xff,0xf8,0xf5,0xff,
0xff,0xf8,0xf5,0xff,0xff,0xf8,0xf5,0xff,0xff,0xf8,0xf5,0xff,0xff,0xf8,0xf5,0xff,0xfc,0xf5,0xf2,0xff,0xff,0xff,0xff,0xff,0xb1,0xa1,0x9b,0xff,0x4e,0x34,0x29,0xff,
0x5f,0x47,0x3c,0xff,0x5b,0x43,0x38,0xff,0x5b,0x43,0x38,0xff,0x5b,0x43,0x38,0xff,0x5d,0x45,0x39,0xff,0x55,0x3c,0x32,0xff,0x55,0x3d,0x32,0xff,0x62,0x4b,0x3f,0xff,
0x64,0x4c,0x40,0xff,0x58,0x40,0x35,0xff,0x53,0x3a,0x30,0xff,0x5c,0x44,0x39,0xff,0x5b,0x44,0x38,0xff,0x5b,0x43,0x38,0xff,0x5b,0x43,0x38,0xff,0x5e,0x47,0x3c,0xff,
0x51,0x38,0x2c,0xff,0x89,0x75,0x6c,0xff,0xff,0xfe,0xfd,0xff,0xfd,0xf7,0xf4,0xff,0xff,0xf8,0xf5,0xff,0xff,0xf8,0xf5,0xff,0xff,0xf8,0xf5,0xff,0xff,0xf8,0xf5,0xff,
0xff,0xf8,0xf5,0xff,0xff,0xf8,0xf5,0xff,0xff,0xf8,0xf5,0xff,0xff,0xf8,0xf5,0xff,0xff,0xf8,0xf5,0xff,0xff,0xfb,0xf8,0xff,0xff,0xff,0xfd,0xff,0xff,0xff,0xff,0xff,
0xff,0xfb,0xf9,0xfa,0xff,0xfa,0xf8,0x70,0xff,0xff,0xff,0x01,0xff,0xff,0xff,0x03,0x00,0x00,0x00,0x00,0x00,0x00,0x00,0x00,0x00,0x00,0x00,0x00,0x00,0x00,0x00,0x00,
0x00,0x00,0x00,0x00,0x00,0x00,0x00,0x00,0x00,0x00,0x00,0x00,0xff,0xff,0xff,0x03,0x00,0x00,0x00,0x00,0xff,0xf3,0xf0,0x45,0xff,0xff,0xff,0xff,0xff,0xfd,0xfa,0xff,
0xff,0xf6,0xf3,0xfb,0xff,0xf7,0xf4,0xfd,0xff,0xf7,0xf4,0xfe,0xff,0xf8,0xf5,0xff,0xff,0xf8,0xf5,0xff,0xff,0xf8,0xf5,0xff,0xff,0xf8,0xf5,0xff,0xff,0xf8,0xf5,0xff,
0xff,0xf8,0xf5,0xff,0xff,0xf8,0xf5,0xff,0xff,0xf8,0xf5,0xff,0xfe,0xf7,0xf4,0xff,0xfe,0xfb,0xf8,0xff,0xf1,0xeb,0xe8,0xff,0x65,0x4e,0x43,0xff,0x58,0x40,0x35,0xff,
0x5c,0x44,0x39,0xff,0x5b,0x43,0x38,0xff,0x5b,0x43,0x38,0xff,0x5c,0x44,0x39,0xff,0x54,0x3c,0x32,0xff,0x79,0x63,0x55,0xff,0xb3,0xa0,0x8c,0xff,0xcd,0xba,0xa5,0xff,
0xcf,0xbd,0xa6,0xff,0xbd,0xaa,0x95,0xff,0x89,0x74,0x64,0xff,0x57,0x3f,0x34,0xff,0x5a,0x42,0x37,0xff,0x5c,0x44,0x39,0xff,0x5b,0x43,0x38,0xff,0x5b,0x43,0x38,0xff,
0x5d,0x45,0x3a,0xff,0x53,0x3a,0x2f,0xff,0xd5,0xca,0xc5,0xff,0xff,0xfe,0xfd,0xff,0xfd,0xf6,0xf3,0xff,0xff,0xf8,0xf5,0xff,0xff,0xf8,0xf5,0xff,0xff,0xf8,0xf5,0xff,
0xff,0xf8,0xf5,0xff,0xff,0xf8,0xf5,0xff,0xff,0xf8,0xf5,0xff,0xff,0xf8,0xf5,0xff,0xff,0xf8,0xf5,0xff,0xff,0xf7,0xf4,0xfe,0xff,0xf7,0xf4,0xfd,0xff,0xf7,0xf4,0xfb,
0xff,0xf8,0xf5,0xfd,0xff,0xff,0xff,0xff,0xff,0xf7,0xf3,0x80,0x00,0x00,0x00,0x00,0xff,0xff,0xff,0x03,0x00,0x00,0x00,0x00,0x00,0x00,0x00,0x00,0x00,0x00,0x00,0x00,
0x00,0x00,0x00,0x00,0x00,0x00,0x00,0x00,0xff,0xff,0xff,0x01,0xff,0xff,0xff,0x01,0xff,0xff,0xff,0x13,0xff,0xf9,0xf7,0xe8,0xff,0xfb,0xf9,0xfe,0xff,0xf7,0xf4,0xfc,
0xff,0xf8,0xf5,0xff,0xff,0xf8,0xf5,0xff,0xff,0xf8,0xf5,0xff,0xff,0xf8,0xf5,0xff,0xff,0xf8,0xf5,0xff,0xff,0xf8,0xf5,0xff,0xff,0xf8,0xf5,0xff,0xff,0xf8,0xf5,0xff,
0xff,0xf8,0xf5,0xff,0xff,0xf8,0xf5,0xff,0xff,0xf8,0xf5,0xff,0xfc,0xf5,0xf2,0xff,0xff,0xff,0xff,0xff,0xc0,0xb3,0xad,0xff,0x50,0x36,0x2b,0xff,0x5e,0x46,0x3b,0xff,
0x5b,0x43,0x38,0xff,0x5b,0x43,0x38,0xff,0x5c,0x45,0x39,0xff,0x54,0x3c,0x31,0xff,0x8b,0x75,0x65,0xff,0xdd,0xcb,0xb3,0xff,0xdd,0xcb,0xb4,0xff,0xd8,0xc6,0xaf,0xff,
0xd8,0xc6,0xaf,0xff,0xdb,0xc9,0xb2,0xff,0xe2,0xd1,0xb8,0xff,0xa5,0x91,0x7f,0xff,0x57,0x3e,0x34,0xff,0x5b,0x44,0x38,0xff,0x5b,0x43,0x38,0xff,0x5b,0x43,0x38,0xff,
0x5e,0x46,0x3b,0xff,0x50,0x36,0x2c,0xff,0x97,0x85,0x7d,0xff,0xff,0xff,0xff,0xff,0xfc,0xf5,0xf2,0xff,0xff,0xf8,0xf5,0xff,0xff,0xf8,0xf5,0xff,0xff,0xf8,0xf5,0xff,
0xff,0xf8,0xf5,0xff,0xff,0xf8,0xf5,0xff,0xff,0xf8,0xf5,0xff,0xff,0xf8,0xf5,0xff,0xff,0xf8,0xf5,0xff,0xff,0xf8,0xf5,0xff,0xff,0xf8,0xf5,0xff,0xff,0xf8,0xf5,0xff,
0xff,0xf7,0xf4,0xfe,0xff,0xf9,0xf6,0xfa,0xff,0xfd,0xfc,0xfe,0xff,0xf6,0xf2,0x3f,0x00,0x00,0x00,0x00,0xff,0xff,0xff,0x03,0x00,0x00,0x00,0x00,0x00,0x00,0x00,0x00,
0x00,0x00,0x00,0x00,0x00,0x00,0x00,0x00,0xff,0xff,0xff,0x03,0x00,0x00,0x00,0x00,0xff,0xf7,0xf5,0x80,0xff,0xff,0xff,0xff,0xff,0xf7,0xf3,0xfb,0xff,0xf8,0xf5,0xff,
0xff,0xf8,0xf5,0xff,0xff,0xf8,0xf5,0xff,0xff,0xf8,0xf5,0xff,0xff,0xf8,0xf5,0xff,0xff,0xf8,0xf5,0xff,0xff,0xf8,0xf5,0xff,0xff,0xf8,0xf5,0xff,0xff,0xf8,0xf5,0xff,
0xff,0xf8,0xf5,0xff,0xff,0xf8,0xf5,0xff,0xff,0xf8,0xf5,0xff,0xfd,0xf5,0xf2,0xff,0xff,0xff,0xff,0xff,0x8f,0x7c,0x74,0xff,0x51,0x38,0x2d,0xff,0x5d,0x45,0x3a,0xff,
0x5b,0x43,0x38,0xff,0x5c,0x45,0x39,0xff,0x55,0x3c,0x32,0xff,0x7a,0x63,0x55,0xff,0xdd,0xcc,0xb3,0xff,0xd6,0xc4,0xad,0xff,0xd4,0xc2,0xab,0xff,0xd5,0xc3,0xad,0xff,
0xd6,0xc4,0xad,0xff,0xd5,0xc2,0xac,0xff,0xd3,0xc1,0xaa,0xff,0xe2,0xd1,0xb9,0xff,0x97,0x81,0x71,0xff,0x52,0x3a,0x30,0xff,0x5d,0x45,0x3a,0xff,0x5b,0x43,0x38,0xff,
0x5c,0x44,0x39,0xff,0x57,0x3e,0x33,0xff,0x6d,0x57,0x4c,0xff,0xf9,0xf3,0xf1,0xff,0xff,0xfa,0xf6,0xff,0xfe,0xf7,0xf4,0xff,0xff,0xf8,0xf5,0xff,0xff,0xf8,0xf5,0xff,
0xff,0xf8,0xf5,0xff,0xff,0xf8,0xf5,0xff,0xff,0xf8,0xf5,0xff,0xff,0xf8,0xf5,0xff,0xff,0xf8,0xf5,0xff,0xff,0xf8,0xf5,0xff,0xff,0xf8,0xf5,0xff,0xff,0xf8,0xf5,0xff,
0xff,0xf8,0xf5,0xff,0xff,0xf7,0xf4,0xfc,0xff,0xff,0xfe,0xff,0xff,0xf6,0xf4,0xbf,0xff,0x7f,0xff,0x02,0xff,0xff,0xff,0x02,0x00,0x00,0x00,0x00,0x00,0x00,0x00,0x00,
0x00,0x00,0x00,0x00,0x00,0x00,0x00,0x00,0xff,0xff,0xff,0x01,0xff,0xff,0xff,0x04,0xff,0xf7,0xf3,0xd0,0xff,0xfd,0xfc,0xfe,0xff,0xf8,0xf5,0xfc,0xff,0xf8,0xf5,0xff,
0xff,0xf8,0xf5,0xff,0xff,0xf8,0xf5,0xff,0xff,0xf8,0xf5,0xff,0xff,0xf8,0xf5,0xff,0xff,0xf8,0xf5,0xff,0xff,0xf8,0xf5,0xff,0xff,0xf8,0xf5,0xff,0xff,0xf8,0xf5,0xff,
0xff,0xf8,0xf5,0xff,0xff,0xf8,0xf5,0xff,0xff,0xf8,0xf5,0xff,0xfe,0xf9,0xf6,0xff,0xfa,0xf5,0xf3,0xff,0x74,0x5e,0x54,0xff,0x55,0x3d,0x32,0xff,0x5c,0x44,0x39,0xff,
0x5b,0x43,0x38,0xff,0x5c,0x44,0x39,0xff,0x55,0x3c,0x32,0xff,0xb3,0xa0,0x8c,0xff,0xdd,0xcc,0xb4,0xff,0xd4,0xc1,0xab,0xff,0xd6,0xc4,0xad,0xff,0xd6,0xc4,0xad,0xff,
0xd6,0xc4,0xad,0xff,0xd6,0xc4,0xad,0xff,0xd5,0xc3,0xac,0xff,0xd8,0xc6,0xaf,0xff,0xcc,0xba,0xa3,0xff,0x61,0x49,0x3e,0xff,0x59,0x41,0x37,0xff,0x5c,0x44,0x39,0xff,
0x5b,0x43,0x38,0xff,0x5b,0x43,0x38,0xff,0x5c,0x44,0x38,0xff,0xe4,0xda,0xd6,0xff,0xff,0xfd,0xfc,0xff,0xfd,0xf6,0xf3,0xff,0xff,0xf8,0xf5,0xff,0xff,0xf8,0xf5,0xff,
0xff,0xf8,0xf5,0xff,0xff,0xf8,0xf5,0xff,0xff,0xf8,0xf5,0xff,0xff,0xf8,0xf5,0xff,0xff,0xf8,0xf5,0xff,0xff,0xf8,0xf5,0xff,0xff,0xf8,0xf5,0xff,0xff,0xf8,0xf5,0xff,
0xff,0xf8,0xf5,0xff,0xff,0xf8,0xf5,0xfe,0xff,0xfa,0xf7,0xfe,0xff,0xf9,0xf7,0xf7,0xff,0xf6,0xf6,0x1e,0x00,0x00,0x00,0x00,0xff,0xff,0xff,0x02,0x00,0x00,0x00,0x00,
0x00,0x00,0x00,0x00,0xff,0xff,0xff,0x01,0x00,0x00,0x00,0x00,0xff,0xf0,0xf0,0x11,0xff,0xf8,0xf5,0xee,0xff,0xfc,0xf9,0xff,0xff,0xf7,0xf4,0xfe,0xff,0xf8,0xf5,0xff,
0xff,0xf8,0xf5,0xff,0xff,0xf8,0xf5,0xff,0xff,0xf8,0xf5,0xff,0xff,0xf8,0xf5,0xff,0xff,0xf8,0xf5,0xff,0xff,0xf8,0xf5,0xff,0xff,0xf8,0xf5,0xff,0xff,0xf8,0xf5,0xff,
0xff,0xf8,0xf5,0xff,0xff,0xf8,0xf5,0xff,0xfe,0xf7,0xf4,0xff,0xff,0xfb,0xf8,0xff,0xf3,0xeb,0xe8,0xff,0x65,0x4d,0x42,0xff,0x58,0x40,0x35,0xff,0x5c,0x44,0x39,0xff,
0x5c,0x44,0x39,0xff,0x59,0x41,0x36,0xff,0x62,0x4a,0x3f,0xff,0xcd,0xbb,0xa4,0xff,0xd8,0xc6,0xaf,0xff,0xd5,0xc3,0xac,0xff,0xd6,0xc4,0xad,0xff,0xd6,0xc4,0xad,0xff,
0xd6,0xc4,0xad,0xff,0xd6,0xc4,0xad,0xff,0xd6,0xc4,0xad,0xff,0xd5,0xc3,0xac,0xff,0xdb,0xc9,0xb1,0xff,0x7a,0x63,0x55,0xff,0x54,0x3c,0x32,0xff,0x5c,0x45,0x39,0xff,
0x5b,0x43,0x38,0xff,0x5d,0x45,0x3a,0xff,0x53,0x3a,0x2e,0xff,0xd3,0xc8,0xc3,0xff,0xff,0xff,0xff,0xff,0xfd,0xf6,0xf3,0xff,0xff,0xf8,0xf5,0xff,0xff,0xf8,0xf5,0xff,
0xff,0xf8,0xf5,0xff,0xff,0xf8,0xf5,0xff,0xff,0xf8,0xf5,0xff,0xff,0xf8,0xf5,0xff,0xff,0xf8,0xf5,0xff,0xff,0xf8,0xf5,0xff,0xff,0xf8,0xf5,0xff,0xff,0xf8,0xf5,0xff,
0xff,0xf8,0xf5,0xff,0xff,0xf8,0xf5,0xff,0xff,0xf7,0xf4,0xfd,0xff,0xff,0xff,0xfe,0xff,0xfb,0xf7,0x42,0x00,0x00,0x00,0x00,0xff,0xff,0xff,0x03,0x00,0x00,0x00,0x00,
0x00,0x00,0x00,0x00,0xff,0xff,0xff,0x01,0x00,0x00,0x00,0x00,0xff,0xf0,0xf0,0x12,0xff,0xf8,0xf5,0xf0,0xff,0xfc,0xf9,0xff,0xff,0xf7,0xf4,0xfe,0xff,0xf8,0xf5,0xff,
0xff,0xf8,0xf5,0xff,0xff,0xf8,0xf5,0xff,0xff,0xf8,0xf5,0xff,0xff,0xf8,0xf5,0xff,0xff,0xf8,0xf5,0xff,0xff,0xf8,0xf5,0xff,0xff,0xf8,0xf5,0xff,0xff,0xf8,0xf5,0xff,
0xff,0xf8,0xf5,0xff,0xff,0xf8,0xf5,0xff,0xfe,0xf7,0xf4,0xff,0xff,0xfb,0xf8,0xff,0xf4,0xeb,0xe8,0xff,0x65,0x4e,0x43,0xff,0x58,0x40,0x35,0xff,0x5c,0x44,0x39,0xff,
0x5c,0x44,0x39,0xff,0x59,0x41,0x36,0xff,0x64,0x4c,0x41,0xff,0xcf,0xbd,0xa6,0xff,0xd8,0xc6,0xaf,0xff,0xd5,0xc3,0xac,0xff,0xd6,0xc4,0xad,0xff,0xd6,0xc4,0xad,0xff,
0xd6,0xc4,0xad,0xff,0xd6,0xc4,0xad,0xff,0xd6,0xc4,0xad,0xff,0xd5,0xc3,0xac,0xff,0xdc,0xca,0xb2,0xff,0x7d,0x66,0x57,0xff,0x54,0x3c,0x32,0xff,0x5c,0x45,0x39,0xff,
0x5b,0x43,0x38,0xff,0x5d,0x45,0x3a,0xff,0x53,0x3a,0x2e,0xff,0xd4,0xc9,0xc4,0xff,0xff,0xff,0xff,0xff,0xfd,0xf6,0xf3,0xff,0xff,0xf8,0xf5,0xff,0xff,0xf8,0xf5,0xff,
0xff,0xf8,0xf5,0xff,0xff,0xf8,0xf5,0xff,0xff,0xf8,0xf5,0xff,0xff,0xf8,0xf5,0xff,0xff,0xf8,0xf5,0xff,0xff,0xf8,0xf5,0xff,0xff,0xf8,0xf5,0xff,0xff,0xf8,0xf5,0xff,
0xff,0xf8,0xf5,0xff,0xff,0xf8,0xf5,0xff,0xff,0xf7,0xf4,0xfd,0xff,0xff,0xff,0xff,0xff,0xfb,0xf7,0x44,0x00,0x00,0x00,0x00,0xff,0xff,0xff,0x03,0x00,0x00,0x00,0x00,
0x00,0x00,0x00,0x00,0x00,0x00,0x00,0x00,0xff,0xff,0xff,0x01,0xff,0xe2,0xe2,0x09,0xff,0xf8,0xf4,0xdb,0xff,0xfd,0xfb,0xfe,0xff,0xf7,0xf4,0xfd,0xff,0xf8,0xf5,0xff,
0xff,0xf8,0xf5,0xff,0xff,0xf8,0xf5,0xff,0xff,0xf8,0xf5,0xff,0xff,0xf8,0xf5,0xff,0xff,0xf8,0xf5,0xff,0xff,0xf8,0xf5,0xff,0xff,0xf8,0xf5,0xff,0xff,0xf8,0xf5,0xff,
0xff,0xf8,0xf5,0xff,0xff,0xf8,0xf5,0xff,0xfe,0xf7,0xf4,0xff,0xff,0xfa,0xf7,0xff,0xf7,0xf1,0xee,0xff,0x6e,0x57,0x4d,0xff,0x57,0x3e,0x33,0xff,0x5c,0x44,0x39,0xff,
0x5b,0x43,0x38,0xff,0x5b,0x43,0x38,0xff,0x58,0x40,0x36,0xff,0xbd,0xaa,0x95,0xff,0xdb,0xc9,0xb2,0xff,0xd5,0xc2,0xac,0xff,0xd6,0xc4,0xad,0xff,0xd6,0xc4,0xad,0xff,
0xd6,0xc4,0xad,0xff,0xd6,0xc4,0xad,0xff,0xd5,0xc3,0xac,0xff,0xd6,0xc4,0xad,0xff,0xd2,0xc0,0xa9,0xff,0x68,0x51,0x45,0xff,0x58,0x40,0x35,0xff,0x5c,0x44,0x39,0xff,
0x5b,0x43,0x38,0xff,0x5c,0x44,0x39,0xff,0x59,0x40,0x34,0xff,0xdd,0xd2,0xce,0xff,0xff,0xfe,0xfd,0xff,0xfd,0xf6,0xf3,0xff,0xff,0xf8,0xf5,0xff,0xff,0xf8,0xf5,0xff,
0xff,0xf8,0xf5,0xff,0xff,0xf8,0xf5,0xff,0xff,0xf8,0xf5,0xff,0xff,0xf8,0xf5,0xff,0xff,0xf8,0xf5,0xff,0xff,0xf8,0xf5,0xff,0xff,0xf8,0xf5,0xff,0xff,0xf8,0xf5,0xff,
0xff,0xf8,0xf5,0xff,0xff,0xf8,0xf5,0xff,0xff,0xf9,0xf5,0xfe,0xff,0xfb,0xf9,0xfa,0xff,0xf8,0xf8,0x2a,0x00,0x00,0x00,0x00,0xff,0xff,0xff,0x02,0x00,0x00,0x00,0x00,
0x00,0x00,0x00,0x00,0x00,0x00,0x00,0x00,0xff,0xff,0xff,0x03,0x00,0x00,0x00,0x00,0xff,0xf6,0xf5,0x9b,0xff,0xff,0xff,0xff,0xff,0xf7,0xf4,0xfb,0xff,0xf8,0xf5,0xff,
0xff,0xf8,0xf5,0xff,0xff,0xf8,0xf5,0xff,0xff,0xf8,0xf5,0xff,0xff,0xf8,0xf5,0xff,0xff,0xf8,0xf5,0xff,0xff,0xf8,0xf5,0xff,0xff,0xf8,0xf5,0xff,0xff,0xf8,0xf5,0xff,
0xff,0xf8,0xf5,0xff,0xff,0xf8,0xf5,0xff,0xff,0xf8,0xf5,0xff,0xfd,0xf6,0xf3,0xff,0xff,0xff,0xff,0xff,0x87,0x74,0x6b,0xff,0x52,0x39,0x2e,0xff,0x5d,0x45,0x3a,0xff,
0x5b,0x43,0x38,0xff,0x5d,0x45,0x3a,0xff,0x53,0x3a,0x30,0xff,0x8a,0x74,0x64,0xff,0xe2,0xd1,0xb8,0xff,0xd3,0xc1,0xaa,0xff,0xd5,0xc3,0xac,0xff,0xd6,0xc4,0xad,0xff,
0xd6,0xc4,0xad,0xff,0xd6,0xc4,0xad,0xff,0xd2,0xc0,0xa9,0xff,0xe2,0xd0,0xb8,0xff,0xa9,0x95,0x82,0xff,0x53,0x3a,0x30,0xff,0x5d,0x45,0x3a,0xff,0x5b,0x43,0x38,0xff,
0x5c,0x44,0x39,0xff,0x58,0x40,0x35,0xff,0x67,0x51,0x46,0xff,0xf6,0xef,0xec,0xff,0xff,0xfb,0xf7,0xff,0xfe,0xf7,0xf4,0xff,0xff,0xf8,0xf5,0xff,0xff,0xf8,0xf5,0xff,
0xff,0xf8,0xf5,0xff,0xff,0xf8,0xf5,0xff,0xff,0xf8,0xf5,0xff,0xff,0xf8,0xf5,0xff,0xff,0xf8,0xf5,0xff,0xff,0xf8,0xf5,0xff,0xff,0xf8,0xf5,0xff,0xff,0xf8,0xf5,0xff,
0xff,0xf8,0xf5,0xff,0xff,0xf7,0xf4,0xfd,0xff,0xfd,0xfb,0xfe,0xff,0xf7,0xf4,0xd6,0xff,0xcc,0xff,0x05,0xff,0xff,0xff,0x01,0x00,0x00,0x00,0x00,0x00,0x00,0x00,0x00,
0x00,0x00,0x00,0x00,0x00,0x00,0x00,0x00,0xff,0xff,0xff,0x02,0x00,0x00,0x00,0x00,0xff,0xf8,0xf8,0x28,0xff,0xfa,0xf9,0xfc,0xff,0xf9,0xf7,0xfb,0xff,0xf7,0xf4,0xfe,
0xff,0xf8,0xf5,0xff,0xff,0xf8,0xf5,0xff,0xff,0xf8,0xf5,0xff,0xff,0xf8,0xf5,0xff,0xff,0xf8,0xf5,0xff,0xff,0xf8,0xf5,0xff,0xff,0xf8,0xf5,0xff,0xff,0xf8,0xf5,0xff,
0xff,0xf8,0xf5,0xff,0xff,0xf8,0xf5,0xff,0xff,0xf8,0xf5,0xff,0xfc,0xf5,0xf2,0xff,0xff,0xff,0xff,0xff,0xb2,0xa3,0x9c,0xff,0x50,0x36,0x2a,0xff,0x5e,0x46,0x3b,0xff,
0x5b,0x43,0x38,0xff,0x5b,0x43,0x38,0xff,0x5b,0x44,0x39,0xff,0x57,0x3f,0x34,0xff,0xa5,0x91,0x7f,0xff,0xe2,0xd1,0xb9,0xff,0xd8,0xc6,0xaf,0xff,0xd5,0xc3,0xac,0xff,
0xd5,0xc3,0xac,0xff,0xd6,0xc4,0xad,0xff,0xe2,0xd0,0xb8,0xff,0xbf,0xac,0x97,0xff,0x61,0x49,0x3d,0xff,0x59,0x41,0x36,0xff,0x5c,0x44,0x39,0xff,0x5b,0x43,0x38,0xff,
0x5d,0x45,0x3a,0xff,0x52,0x38,0x2e,0xff,0x8a,0x77,0x6e,0xff,0xfe,0xfd,0xfd,0xff,0xfd,0xf6,0xf3,0xff,0xff,0xf8,0xf5,0xff,0xff,0xf8,0xf5,0xff,0xff,0xf8,0xf5,0xff,
0xff,0xf8,0xf5,0xff,0xff,0xf8,0xf5,0xff,0xff,0xf8,0xf5,0xff,0xff,0xf8,0xf5,0xff,0xff,0xf8,0xf5,0xff,0xff,0xf8,0xf5,0xff,0xff,0xf8,0xf5,0xff,0xff,0xf8,0xf5,0xff,
0xff,0xf8,0xf5,0xff,0xff,0xf7,0xf4,0xf9,0xff,0xff,0xff,0xff,0xff,0xf6,0xf4,0x5f,0x00,0x00,0x00,0x00,0xff,0xff,0xff,0x03,0x00,0x00,0x00,0x00,0x00,0x00,0x00,0x00,
0x00,0x00,0x00,0x00,0x00,0x00,0x00,0x00,0x00,0x00,0x00,0x00,0xff,0xff,0xff,0x03,0x00,0x00,0x00,0x00,0xff,0xf5,0xf3,0x70,0xff,0xff,0xff,0xff,0xff,0xf7,0xf4,0xfc,
0xff,0xf7,0xf4,0xfc,0xff,0xf7,0xf4,0xfe,0xff,0xf8,0xf5,0xff,0xff,0xf8,0xf5,0xff,0xff,0xf8,0xf5,0xff,0xff,0xf8,0xf5,0xff,0xff,0xf8,0xf5,0xff,0xff,0xf8,0xf5,0xff,
0xff,0xf8,0xf5,0xff,0xff,0xf8,0xf5,0xff,0xff,0xf8,0xf5,0xff,0xfe,0xf7,0xf4,0xff,0xff,0xfd,0xfb,0xff,0xe8,0xdf,0xdb,0xff,0x5c,0x44,0x38,0xff,0x5b,0x43,0x38,0xff,
0x5b,0x43,0x38,0xff,0x5b,0x43,0x38,0xff,0x5c,0x44,0x38,0xff,0x5a,0x42,0x37,0xff,0x57,0x3f,0x34,0xff,0x96,0x81,0x70,0xff,0xcc,0xba,0xa4,0xff,0xdb,0xc9,0xb2,0xff,
0xdc,0xca,0xb2,0xff,0xd2,0xc0,0xa9,0xff,0xa9,0x95,0x82,0xff,0x61,0x49,0x3d,0xff,0x57,0x3f,0x34,0xff,0x5c,0x44,0x39,0xff,0x5b,0x43,0x38,0xff,0x5b,0x43,0x38,0xff,
0x5e,0x46,0x3b,0xff,0x50,0x37,0x2b,0xff,0xc4,0xb7,0xb1,0xff,0xff,0xff,0xff,0xff,0xfc,0xf5,0xf2,0xff,0xff,0xf8,0xf5,0xff,0xff,0xf8,0xf5,0xff,0xff,0xf8,0xf5,0xff,
0xff,0xf8,0xf5,0xff,0xff,0xf8,0xf5,0xff,0xff,0xf8,0xf5,0xff,0xff,0xf8,0xf5,0xff,0xff,0xf8,0xf5,0xff,0xff,0xf8,0xf5,0xff,0xff,0xf8,0xf5,0xfe,0xff,0xf7,0xf4,0xfd,
0xff,0xf7,0xf4,0xf9,0xff,0xff,0xff,0xff,0xff,0xf7,0xf6,0xac,0xff,0xff,0xff,0x02,0xff,0xff,0xff,0x03,0x00,0x00,0x00,0x00,0x00,0x00,0x00,0x00,0x00,0x00,0x00,0x00,
0x00,0x00,0x00,0x00,0x00,0x00,0x00,0x00,0x00,0x00,0x00,0x00,0x00,0x00,0x00,0x00,0xff,0xff,0xff,0x02,0x00,0x00,0x00,0x00,0xff,0xf8,0xf6,0x7f,0xff,0xff,0xfd,0xff,
0xff,0xff,0xff,0xff,0xff,0xfa,0xf6,0xff,0xff,0xf7,0xf4,0xfd,0xff,0xf7,0xf4,0xfe,0xff,0xf8,0xf5,0xff,0xff,0xf8,0xf5,0xff,0xff,0xf8,0xf5,0xff,0xff,0xf8,0xf5,0xff,
0xff,0xf8,0xf5,0xff,0xff,0xf8,0xf5,0xff,0xff,0xf8,0xf5,0xff,0xff,0xf8,0xf5,0xff,0xfd,0xf5,0xf2,0xff,0xff,0xff,0xff,0xff,0x99,0x87,0x7e,0xff,0x4e,0x34,0x29,0xff,
0x5f,0x47,0x3c,0xff,0x5b,0x43,0x38,0xff,0x5b,0x43,0x38,0xff,0x5c,0x44,0x38,0xff,0x5c,0x44,0x38,0xff,0x52,0x3a,0x30,0xff,0x61,0x49,0x3e,0xff,0x79,0x63,0x55,0xff,
0x7c,0x66,0x57,0xff,0x68,0x51,0x45,0xff,0x53,0x3a,0x30,0xff,0x59,0x41,0x36,0xff,0x5c,0x44,0x39,0xff,0x5b,0x43,0x38,0xff,0x5b,0x43,0x38,0xff,0x5d,0x46,0x3b,0xff,
0x54,0x3c,0x31,0xff,0x73,0x5d,0x53,0xff,0xfa,0xf6,0xf5,0xff,0xfe,0xf8,0xf6,0xff,0xff,0xf8,0xf5,0xff,0xff,0xf8,0xf5,0xff,0xff,0xf8,0xf5,0xff,0xff,0xf8,0xf5,0xff,
0xff,0xf8,0xf5,0xff,0xff,0xf8,0xf5,0xff,0xff,0xf8,0xf5,0xff,0xff,0xf8,0xf5,0xff,0xff,0xf7,0xf4,0xfe,0xff,0xf7,0xf4,0xfd,0xff,0xf8,0xf5,0xff,0xff,0xff,0xfd,0xff,
0xff,0xff,0xff,0xff,0xff,0xfa,0xf8,0xa9,0xff,0xff,0xff,0x11,0xff,0xff,0xff,0x01,0xff,0xff,0xff,0x01,0x00,0x00,0x00,0x00,0x00,0x00,0x00,0x00,0x00,0x00,0x00,0x00,
0x00,0x00,0x00,0x00,0x00,0x00,0x00,0x00,0x00,0x00,0x00,0x00,0x00,0x00,0x00,0x00,0x00,0x00,0x00,0x00,0xff,0xff,0xff,0x01,0x00,0x00,0x00,0x00,0xff,0xf7,0xf7,0x43,
0xff,0xfd,0xfc,0xba,0xff,0xfb,0xf9,0xf4,0xff,0xff,0xff,0xff,0xff,0xfd,0xfa,0xff,0xff,0xf8,0xf4,0xff,0xff,0xf8,0xf5,0xff,0xff,0xf8,0xf5,0xff,0xff,0xf8,0xf5,0xff,
0xff,0xf8,0xf5,0xff,0xff,0xf8,0xf5,0xff,0xff,0xf8,0xf5,0xff,0xff,0xf8,0xf5,0xff,0xfe,0xf7,0xf4,0xff,0xfd,0xf9,0xf7,0xff,0xf2,0xee,0xec,0xff,0x6e,0x57,0x4d,0xff,
0x53,0x3b,0x2f,0xff,0x5e,0x46,0x3b,0xff,0x5b,0x43,0x38,0xff,0x5b,0x43,0x38,0xff,0x5b,0x43,0x38,0xff,0x5d,0x45,0x3a,0xff,0x59,0x41,0x37,0xff,0x55,0x3c,0x32,0xff,
0x54,0x3c,0x31,0xff,0x58,0x40,0x35,0xff,0x5d,0x45,0x3a,0xff,0x5c,0x44,0x39,0xff,0x5b,0x43,0x38,0xff,0x5b,0x43,0x38,0xff,0x5d,0x45,0x3a,0xff,0x5a,0x42,0x37,0xff,
0x57,0x3e,0x32,0xff,0xdb,0xd1,0xcd,0xff,0xff,0xfe,0xfc,0xff,0xfd,0xf6,0xf3,0xff,0xff,0xf8,0xf5,0xff,0xff,0xf8,0xf5,0xff,0xff,0xf8,0xf5,0xff,0xff,0xf8,0xf5,0xff,
0xff,0xf8,0xf5,0xff,0xff,0xf8,0xf5,0xff,0xff,0xf8,0xf5,0xff,0xff,0xf8,0xf4,0xff,0xff,0xfa,0xf7,0xff,0xff,0xff,0xff,0xff,0xff,0xfa,0xf7,0xfb,0xff,0xfa,0xf8,0xd2,
0xff,0xf9,0xf9,0x62,0x00,0x00,0x00,0x00,0x00,0x00,0x00,0x00,0xff,0xff,0xff,0x01,0x00,0x00,0x00,0x00,0x00,0x00,0x00,0x00,0x00,0x00,0x00,0x00,0x00,0x00,0x00,0x00,
0x00,0x00,0x00,0x00,0x00,0x00,0x00,0x00,0x00,0x00,0x00,0x00,0x00,0x00,0x00,0x00,0x00,0x00,0x00,0x00,0x00,0x00,0x00,0x00,0xff,0xff,0xff,0x03,0x00,0x00,0x00,0x00,
0x00,0x00,0x00,0x00,0xff,0xff,0xff,0x1f,0xff,0xff,0xfb,0x41,0xff,0xf7,0xf4,0xc4,0xff,0xfd,0xfc,0xff,0xff,0xf7,0xf4,0xfc,0xff,0xf8,0xf5,0xff,0xff,0xf8,0xf5,0xff,
0xff,0xf8,0xf5,0xff,0xff,0xf8,0xf5,0xff,0xff,0xf8,0xf5,0xff,0xff,0xf8,0xf5,0xff,0xff,0xf8,0xf5,0xff,0xfd,0xf6,0xf3,0xff,0xff,0xff,0xfd,0xff,0xde,0xd6,0xd2,0xff,
0x61,0x49,0x3e,0xff,0x55,0x3c,0x31,0xff,0x5e,0x47,0x3c,0xff,0x5b,0x43,0x38,0xff,0x5b,0x43,0x38,0xff,0x5b,0x43,0x38,0xff,0x5b,0x43,0x38,0xff,0x5c,0x44,0x39,0xff,
0x5d,0x45,0x39,0xff,0x5c,0x44,0x39,0xff,0x5b,0x43,0x38,0xff,0x5b,0x43,0x38,0xff,0x5b,0x43,0x38,0xff,0x5d,0x46,0x3b,0xff,0x5a,0x42,0x37,0xff,0x52,0x39,0x2d,0xff,
0xbf,0xb2,0xad,0xff,0xff,0xff,0xff,0xff,0xfd,0xf6,0xf2,0xff,0xff,0xf8,0xf5,0xff,0xff,0xf8,0xf5,0xff,0xff,0xf8,0xf5,0xff,0xff,0xf8,0xf5,0xff,0xff,0xf8,0xf5,0xff,
0xff,0xf8,0xf5,0xff,0xff,0xf8,0xf5,0xff,0xff,0xf7,0xf4,0xfe,0xff,0xfb,0xf9,0xff,0xff,0xf8,0xf5,0xea,0xff,0xfb,0xfb,0x49,0xff,0xf8,0xf8,0x2a,0xff,0xaa,0xaa,0x03,
0x00,0x00,0x00,0x00,0xff,0xff,0xff,0x01,0xff,0xff,0xff,0x01,0x00,0x00,0x00,0x00,0x00,0x00,0x00,0x00,0x00,0x00,0x00,0x00,0x00,0x00,0x00,0x00,0x00,0x00,0x00,0x00,
0x00,0x00,0x00,0x00,0x00,0x00,0x00,0x00,0x00,0x00,0x00,0x00,0x00,0x00,0x00,0x00,0x00,0x00,0x00,0x00,0x00,0x00,0x00,0x00,0x00,0x00,0x00,0x00,0xff,0xff,0xff,0x03,
0xff,0xff,0xff,0x01,0x00,0x00,0x00,0x00,0x00,0x00,0x00,0x00,0xff,0xf9,0xf6,0x5a,0xff,0xff,0xff,0xff,0xff,0xf7,0xf4,0xfc,0xff,0xf8,0xf5,0xff,0xff,0xf8,0xf5,0xff,
0xff,0xf8,0xf5,0xff,0xff,0xf8,0xf5,0xff,0xff,0xf8,0xf5,0xff,0xff,0xf8,0xf5,0xff,0xff,0xf8,0xf5,0xff,0xff,0xf8,0xf5,0xff,0xfd,0xf5,0xf2,0xff,0xff,0xff,0xff,0xff,
0xde,0xd6,0xd2,0xff,0x66,0x4f,0x44,0xff,0x51,0x38,0x2c,0xff,0x5d,0x45,0x3a,0xff,0x5e,0x46,0x3b,0xff,0x5c,0x44,0x39,0xff,0x5b,0x43,0x38,0xff,0x5b,0x43,0x38,0xff,
0x5b,0x43,0x38,0xff,0x5b,0x43,0x38,0xff,0x5c,0x44,0x39,0xff,0x5d,0x45,0x3a,0xff,0x5e,0x46,0x3b,0xff,0x55,0x3c,0x31,0xff,0x57,0x3e,0x33,0xff,0xbf,0xb2,0xac,0xff,
0xff,0xff,0xff,0xff,0xfc,0xf5,0xf2,0xff,0xff,0xf8,0xf5,0xff,0xff,0xf8,0xf5,0xff,0xff,0xf8,0xf5,0xff,0xff,0xf8,0xf5,0xff,0xff,0xf8,0xf5,0xff,0xff,0xf8,0xf5,0xff,
0xff,0xf8,0xf5,0xff,0xff,0xf8,0xf5,0xff,0xff,0xf7,0xf4,0xfb,0xff,0xff,0xff,0xff,0xff,0xf6,0xf3,0x9d,0x00,0x00,0x00,0x00,0x00,0x00,0x00,0x00,0x00,0x00,0x00,0x00,
0xff,0xff,0xff,0x03,0x00,0x00,0x00,0x00,0x00,0x00,0x00,0x00,0x00,0x00,0x00,0x00,0x00,0x00,0x00,0x00,0x00,0x00,0x00,0x00,0x00,0x00,0x00,0x00,0x00,0x00,0x00,0x00,
0x00,0x00,0x00,0x00,0x00,0x00,0x00,0x00,0x00,0x00,0x00,0x00,0x00,0x00,0x00,0x00,0x00,0x00,0x00,0x00,0x00,0x00,0x00,0x00,0x00,0x00,0x00,0x00,0x00,0x00,0x00,0x00,
0x00,0x00,0x00,0x00,0xff,0xff,0xff,0x02,0xff,0xff,0xff,0x04,0xff,0xff,0xff,0x02,0xff,0xf7,0xf4,0xd9,0xff,0xfe,0xfc,0xff,0xff,0xf7,0xf4,0xfd,0xff,0xf8,0xf5,0xff,
0xff,0xf8,0xf5,0xff,0xff,0xf8,0xf5,0xff,0xff,0xf8,0xf5,0xff,0xff,0xf8,0xf5,0xff,0xff,0xf8,0xf5,0xff,0xff,0xf8,0xf5,0xff,0xff,0xf8,0xf5,0xff,0xfd,0xf5,0xf2,0xff,
0xff,0xff,0xfe,0xff,0xef,0xea,0xe7,0xff,0x87,0x75,0x6c,0xff,0x53,0x3a,0x2f,0xff,0x50,0x37,0x2b,0xff,0x57,0x3f,0x33,0xff,0x5b,0x43,0x38,0xff,0x5d,0x45,0x3a,0xff,
0x5d,0x45,0x3a,0xff,0x5c,0x44,0x39,0xff,0x58,0x40,0x35,0xff,0x52,0x39,0x2d,0xff,0x50,0x37,0x2b,0xff,0x72,0x5d,0x53,0xff,0xd9,0xd0,0xcc,0xff,0xff,0xff,0xff,0xff,
0xfc,0xf5,0xf2,0xff,0xff,0xf8,0xf5,0xff,0xff,0xf8,0xf5,0xff,0xff,0xf8,0xf5,0xff,0xff,0xf8,0xf5,0xff,0xff,0xf8,0xf5,0xff,0xff,0xf8,0xf5,0xff,0xff,0xf8,0xf5,0xff,
0xff,0xf8,0xf5,0xff,0xff,0xf8,0xf5,0xff,0xff,0xf9,0xf6,0xfe,0xff,0xfb,0xfa,0xf8,0xff,0xf7,0xf7,0x24,0xff,0xff,0xff,0x04,0xff,0xff,0xff,0x04,0xff,0xff,0xff,0x01,
0x00,0x00,0x00,0x00,0x00,0x00,0x00,0x00,0x00,0x00,0x00,0x00,0x00,0x00,0x00,0x00,0x00,0x00,0x00,0x00,0x00,0x00,0x00,0x00,0x00,0x00,0x00,0x00,0x00,0x00,0x00,0x00,
0x00,0x00,0x00,0x00,0x00,0x00,0x00,0x00,0x00,0x00,0x00,0x00,0x00,0x00,0x00,0x00,0x00,0x00,0x00,0x00,0x00,0x00,0x00,0x00,0x00,0x00,0x00,0x00,0x00,0x00,0x00,0x00,
0x00,0x00,0x00,0x00,0xff,0xff,0xff,0x02,0x00,0x00,0x00,0x00,0xff,0xf5,0xf5,0x37,0xff,0xfc,0xfa,0xef,0xff,0xfa,0xf7,0xfd,0xff,0xf7,0xf4,0xfe,0xff,0xf8,0xf5,0xff,
0xff,0xf8,0xf5,0xff,0xff,0xf8,0xf5,0xff,0xff,0xf8,0xf5,0xff,0xff,0xf8,0xf5,0xff,0xff,0xf8,0xf5,0xff,0xff,0xf8,0xf5,0xff,0xff,0xf8,0xf5,0xff,0xff,0xf8,0xf5,0xff,
0xfd,0xf6,0xf3,0xff,0xff,0xfc,0xf9,0xff,0xff,0xff,0xfe,0xff,0xd1,0xc7,0xc3,0xff,0x96,0x85,0x7d,0xff,0x6c,0x56,0x4c,0xff,0x5c,0x44,0x39,0xff,0x53,0x3a,0x2f,0xff,
0x53,0x3a,0x2f,0xff,0x58,0x40,0x35,0xff,0x66,0x50,0x46,0xff,0x8a,0x76,0x6e,0xff,0xc1,0xb6,0xb1,0xff,0xfc,0xf6,0xf4,0xff,0xff,0xff,0xfd,0xff,0xfd,0xf6,0xf2,0xff,
0xff,0xf8,0xf5,0xff,0xff,0xf8,0xf5,0xff,0xff,0xf8,0xf5,0xff,0xff,0xf8,0xf5,0xff,0xff,0xf8,0xf5,0xff,0xff,0xf8,0xf5,0xff,0xff,0xf8,0xf5,0xff,0xff,0xf8,0xf5,0xff,
0xff,0xf8,0xf5,0xff,0xff,0xf8,0xf5,0xff,0xff,0xf7,0xf4,0xfd,0xff,0xfd,0xfc,0xfd,0xff,0xf5,0xf3,0x6c,0x00,0x00,0x00,0x00,0xff,0xff,0xff,0x03,0x00,0x00,0x00,0x00,
0x00,0x00,0x00,0x00,0x00,0x00,0x00,0x00,0x00,0x00,0x00,0x00,0x00,0x00,0x00,0x00,0x00,0x00,0x00,0x00,0x00,0x00,0x00,0x00,0x00,0x00,0x00,0x00,0x00,0x00,0x00,0x00,
0x00,0x00,0x00,0x00,0x00,0x00,0x00,0x00,0x00,0x00,0x00,0x00,0x00,0x00,0x00,0x00,0x00,0x00,0x00,0x00,0x00,0x00,0x00,0x00,0x00,0x00,0x00,0x00,0x00,0x00,0x00,0x00,
0xff,0xff,0xff,0x01,0xff,0xff,0xff,0x01,0xff,0xff,0xdf,0x08,0xff,0xf9,0xf5,0xda,0xff,0xff,0xff,0xff,0xff,0xf6,0xf3,0xfd,0xff,0xf8,0xf5,0xff,0xff,0xf8,0xf5,0xff,
0xff,0xf8,0xf5,0xff,0xff,0xf8,0xf5,0xff,0xff,0xf8,0xf5,0xff,0xff,0xf8,0xf5,0xff,0xff,0xf8,0xf5,0xff,0xff,0xf8,0xf5,0xff,0xff,0xf8,0xf5,0xff,0xff,0xf8,0xf5,0xff,
0xff,0xf8,0xf5,0xff,0xfe,0xf7,0xf4,0xff,0xfe,0xf7,0xf3,0xff,0xff,0xff,0xff,0xff,0xff,0xff,0xff,0xff,0xf9,0xf2,0xef,0xff,0xe4,0xda,0xd6,0xff,0xd3,0xc8,0xc2,0xff,
0xd4,0xc8,0xc3,0xff,0xdd,0xd2,0xcd,0xff,0xf5,0xef,0xeb,0xff,0xff,0xff,0xfe,0xff,0xff,0xff,0xff,0xff,0xff,0xf9,0xf6,0xff,0xfe,0xf6,0xf3,0xff,0xff,0xf8,0xf5,0xff,
0xff,0xf8,0xf5,0xff,0xff,0xf8,0xf5,0xff,0xff,0xf8,0xf5,0xff,0xff,0xf8,0xf5,0xff,0xff,0xf8,0xf5,0xff,0xff,0xf8,0xf5,0xff,0xff,0xf8,0xf5,0xff,0xff,0xf8,0xf5,0xff,
0xff,0xf8,0xf5,0xff,0xff,0xf8,0xf5,0xff,0xff,0xf7,0xf4,0xfe,0xff,0xfa,0xf7,0xfe,0xff,0xfa,0xf9,0xfd,0xff,0xf8,0xf8,0x28,0x00,0x00,0x00,0x00,0xff,0xff,0xff,0x02,
0x00,0x00,0x00,0x00,0x00,0x00,0x00,0x00,0x00,0x00,0x00,0x00,0x00,0x00,0x00,0x00,0x00,0x00,0x00,0x00,0x00,0x00,0x00,0x00,0x00,0x00,0x00,0x00,0x00,0x00,0x00,0x00,
0x00,0x00,0x00,0x00,0x00,0x00,0x00,0x00,0x00,0x00,0x00,0x00,0x00,0x00,0x00,0x00,0x00,0x00,0x00,0x00,0x00,0x00,0x00,0x00,0x00,0x00,0x00,0x00,0x00,0x00,0x00,0x00,
0xff,0xff,0xff,0x04,0x00,0x00,0x00,0x00,0xff,0xf9,0xf6,0x5a,0xff,0xff,0xff,0xff,0xff,0xf6,0xf3,0xfc,0xff,0xf8,0xf5,0xff,0xff,0xf8,0xf5,0xff,0xff,0xf8,0xf5,0xff,
0xff,0xf8,0xf5,0xff,0xff,0xf8,0xf5,0xff,0xff,0xf8,0xf5,0xff,0xff,0xf8,0xf5,0xff,0xff,0xf8,0xf5,0xff,0xff,0xf8,0xf5,0xff,0xff,0xf8,0xf5,0xff,0xff,0xf8,0xf5,0xff,
0xff,0xf8,0xf5,0xff,0xff,0xf8,0xf5,0xff,0xff,0xf8,0xf5,0xff,0xfd,0xf6,0xf3,0xff,0xfd,0xf5,0xf2,0xff,0xff,0xfa,0xf7,0xff,0xff,0xff,0xfc,0xff,0xff,0xff,0xff,0xff,
0xff,0xff,0xff,0xff,0xff,0xff,0xfd,0xff,0xff,0xfb,0xf8,0xff,0xfd,0xf6,0xf3,0xff,0xfd,0xf5,0xf2,0xff,0xff,0xf8,0xf5,0xff,0xff,0xf8,0xf5,0xff,0xff,0xf8,0xf5,0xff,
0xff,0xf8,0xf5,0xff,0xff,0xf8,0xf5,0xff,0xff,0xf8,0xf5,0xff,0xff,0xf8,0xf5,0xff,0xff,0xf8,0xf5,0xff,0xff,0xf8,0xf5,0xff,0xff,0xf8,0xf5,0xff,0xff,0xf8,0xf5,0xff,
0xff,0xf8,0xf5,0xff,0xff,0xf8,0xf5,0xff,0xff,0xf8,0xf5,0xff,0xff,0xf7,0xf4,0xfb,0xff,0xff,0xff,0xff,0xff,0xf6,0xf5,0x9b,0x00,0x00,0x00,0x00,0xff,0xff,0xff,0x03,
0x00,0x00,0x00,0x00,0x00,0x00,0x00,0x00,0x00,0x00,0x00,0x00,0x00,0x00,0x00,0x00,0x00,0x00,0x00,0x00,0x00,0x00,0x00,0x00,0x00,0x00,0x00,0x00,0x00,0x00,0x00,0x00,
0x00,0x00,0x00,0x00,0x00,0x00,0x00,0x00,0x00,0x00,0x00,0x00,0x00,0x00,0x00,0x00,0x00,0x00,0x00,0x00,0x00,0x00,0x00,0x00,0x00,0x00,0x00,0x00,0x00,0x00,0x00,0x00,
0xff,0xff,0xff,0x03,0x00,0x00,0x00,0x00,0xff,0xf7,0xf5,0xa4,0xff,0xff,0xff,0xfe,0xff,0xf7,0xf4,0xfb,0xff,0xf8,0xf5,0xff,0xff,0xf8,0xf5,0xff,0xff,0xf8,0xf5,0xff,
0xff,0xf8,0xf5,0xff,0xff,0xf8,0xf5,0xff,0xff,0xf8,0xf5,0xff,0xff,0xf8,0xf5,0xff,0xff,0xf8,0xf5,0xff,0xff,0xf8,0xf5,0xff,0xff,0xf8,0xf5,0xff,0xff,0xf8,0xf5,0xff,
0xff,0xf8,0xf5,0xff,0xff,0xf8,0xf5,0xff,0xff,0xf8,0xf5,0xff,0xff,0xf8,0xf5,0xff,0xff,0xf8,0xf5,0xff,0xfe,0xf7,0xf4,0xff,0xfe,0xf6,0xf3,0xff,0xfd,0xf6,0xf3,0xff,
0xfd,0xf6,0xf3,0xff,0xfd,0xf6,0xf3,0xff,0xfe,0xf7,0xf4,0xff,0xff,0xf8,0xf5,0xff,0xff,0xf8,0xf5,0xff,0xff,0xf8,0xf5,0xff,0xff,0xf8,0xf5,0xff,0xff,0xf8,0xf5,0xff,
0xff,0xf8,0xf5,0xff,0xff,0xf8,0xf5,0xff,0xff,0xf8,0xf5,0xff,0xff,0xf8,0xf5,0xff,0xff,0xf8,0xf5,0xff,0xff,0xf8,0xf5,0xff,0xff,0xf8,0xf5,0xff,0xff,0xf8,0xf5,0xff,
0xff,0xf8,0xf5,0xff,0xff,0xf8,0xf5,0xff,0xff,0xf8,0xf5,0xff,0xff,0xf7,0xf4,0xfd,0xff,0xfd,0xfb,0xfe,0xff,0xf8,0xf4,0xdb,0xff,0xe2,0xe2,0x09,0xff,0xff,0xff,0x01,
0x00,0x00,0x00,0x00,0x00,0x00,0x00,0x00,0x00,0x00,0x00,0x00,0x00,0x00,0x00,0x00,0x00,0x00,0x00,0x00,0x00,0x00,0x00,0x00,0x00,0x00,0x00,0x00,0x00,0x00,0x00,0x00,
0x00,0x00,0x00,0x00,0x00,0x00,0x00,0x00,0x00,0x00,0x00,0x00,0x00,0x00,0x00,0x00,0x00,0x00,0x00,0x00,0x00,0x00,0x00,0x00,0x00,0x00,0x00,0x00,0x00,0x00,0x00,0x00,
0xff,0xff,0xff,0x02,0x00,0x00,0x00,0x00,0xff,0xf7,0xf4,0xc1,0xff,0xff,0xff,0xff,0xff,0xf7,0xf4,0xfc,0xff,0xf8,0xf5,0xff,0xff,0xf8,0xf5,0xff,0xff,0xf8,0xf5,0xff,
0xff,0xf8,0xf5,0xff,0xff,0xf8,0xf5,0xff,0xff,0xf8,0xf5,0xff,0xff,0xf8,0xf5,0xff,0xff,0xf8,0xf5,0xff,0xff,0xf8,0xf5,0xff,0xff,0xf8,0xf5,0xff,0xff,0xf8,0xf5,0xff,
0xff,0xf8,0xf5,0xff,0xff,0xf8,0xf5,0xff,0xff,0xf8,0xf5,0xff,0xff,0xf8,0xf5,0xff,0xff,0xf8,0xf5,0xff,0xff,0xf8,0xf5,0xff,0xff,0xf8,0xf5,0xff,0xff,0xf8,0xf5,0xff,
0xff,0xf8,0xf5,0xff,0xff,0xf8,0xf5,0xff,0xff,0xf8,0xf5,0xff,0xff,0xf8,0xf5,0xff,0xff,0xf8,0xf5,0xff,0xff,0xf8,0xf5,0xff,0xff,0xf8,0xf5,0xff,0xff,0xf8,0xf5,0xff,
0xff,0xf8,0xf5,0xff,0xff,0xf8,0xf5,0xff,0xff,0xf8,0xf5,0xff,0xff,0xf8,0xf5,0xff,0xff,0xf8,0xf5,0xff,0xff,0xf8,0xf5,0xff,0xff,0xf8,0xf5,0xff,0xff,0xf8,0xf5,0xff,
0xff,0xf8,0xf5,0xff,0xff,0xf8,0xf5,0xff,0xff,0xf8,0xf5,0xff,0xff,0xf7,0xf4,0xfe,0xff,0xfc,0xf9,0xff,0xff,0xf8,0xf5,0xf0,0xff,0xf0,0xf0,0x12,0x00,0x00,0x00,0x00,
0xff,0xff,0xff,0x01,0x00,0x00,0x00,0x00,0x00,0x00,0x00,0x00,0x00,0x00,0x00,0x00,0x00,0x00,0x00,0x00,0x00,0x00,0x00,0x00,0x00,0x00,0x00,0x00,0x00,0x00,0x00,0x00,
0x00,0x00,0x00,0x00,0x00,0x00,0x00,0x00,0x00,0x00,0x00,0x00,0x00,0x00,0x00,0x00,0x00,0x00,0x00,0x00,0x00,0x00,0x00,0x00,0x00,0x00,0x00,0x00,0x00,0x00,0x00,0x00,
0xff,0xff,0xff,0x02,0x00,0x00,0x00,0x00,0xff,0xf6,0xf4,0xbf,0xff,0xff,0xff,0xff,0xff,0xf7,0xf4,0xfc,0xff,0xf8,0xf5,0xff,0xff,0xf8,0xf5,0xff,0xff,0xf8,0xf5,0xff,
0xff,0xf8,0xf5,0xff,0xff,0xf8,0xf5,0xff,0xff,0xf8,0xf5,0xff,0xff,0xf8,0xf5,0xff,0xff,0xf8,0xf5,0xff,0xff,0xf8,0xf5,0xff,0xff,0xf8,0xf5,0xff,0xff,0xf8,0xf5,0xff,
0xff,0xf8,0xf5,0xff,0xff,0xf8,0xf5,0xff,0xff,0xf8,0xf5,0xff,0xff,0xf8,0xf5,0xff,0xff,0xf8,0xf5,0xff,0xff,0xf8,0xf5,0xff,0xff,0xf8,0xf5,0xff,0xff,0xf8,0xf5,0xff,
0xff,0xf8,0xf5,0xff,0xff,0xf8,0xf5,0xff,0xff,0xf8,0xf5,0xff,0xff,0xf8,0xf5,0xff,0xff,0xf8,0xf5,0xff,0xff,0xf8,0xf5,0xff,0xff,0xf8,0xf5,0xff,0xff,0xf8,0xf5,0xff,
0xff,0xf8,0xf5,0xff,0xff,0xf8,0xf5,0xff,0xff,0xf8,0xf5,0xff,0xff,0xf8,0xf5,0xff,0xff,0xf8,0xf5,0xff,0xff,0xf8,0xf5,0xff,0xff,0xf8,0xf5,0xff,0xff,0xf8,0xf5,0xff,
0xff,0xf8,0xf5,0xff,0xff,0xf8,0xf5,0xff,0xff,0xf8,0xf5,0xff,0xff,0xf7,0xf4,0xfe,0xff,0xfc,0xf9,0xff,0xff,0xf8,0xf5,0xee,0xff,0xf0,0xf0,0x11,0x00,0x00,0x00,0x00,
0xff,0xff,0xff,0x01,0x00,0x00,0x00,0x00,0x00,0x00,0x00,0x00,0x00,0x00,0x00,0x00,0x00,0x00,0x00,0x00,0x00,0x00,0x00,0x00,0x00,0x00,0x00,0x00,0x00,0x00,0x00,0x00,
0x00,0x00,0x00,0x00,0x00,0x00,0x00,0x00,0x00,0x00,0x00,0x00,0x00,0x00,0x00,0x00,0x00,0x00,0x00,0x00,0x00,0x00,0x00,0x00,0x00,0x00,0x00,0x00,0x00,0x00,0x00,0x00,
0xff,0xff,0xff,0x04,0x00,0x00,0x00,0x00,0xff,0xf8,0xf4,0x95,0xff,0xff,0xff,0xfe,0xff,0xf7,0xf4,0xfb,0xff,0xf8,0xf5,0xff,0xff,0xf8,0xf5,0xff,0xff,0xf8,0xf5,0xff,
0xff,0xf8,0xf5,0xff,0xff,0xf8,0xf5,0xff,0xff,0xf8,0xf5,0xff,0xff,0xf8,0xf5,0xff,0xff,0xf8,0xf5,0xff,0xff,0xf8,0xf5,0xff,0xff,0xf8,0xf5,0xff,0xff,0xf8,0xf5,0xff,
0xff,0xf8,0xf5,0xff,0xff,0xf8,0xf5,0xff,0xff,0xf8,0xf5,0xff,0xff,0xf8,0xf5,0xff,0xff,0xf8,0xf5,0xff,0xff,0xf8,0xf5,0xff,0xff,0xf8,0xf5,0xff,0xff,0xf8,0xf5,0xff,
0xff,0xf8,0xf5,0xff,0xff,0xf8,0xf5,0xff,0xff,0xf8,0xf5,0xff,0xff,0xf8,0xf5,0xff,0xff,0xf8,0xf5,0xff,0xff,0xf8,0xf5,0xff,0xff,0xf8,0xf5,0xff,0xff,0xf8,0xf5,0xff,
0xff,0xf8,0xf5,0xff,0xff,0xf8,0xf5,0xff,0xff,0xf8,0xf5,0xff,0xff,0xf8,0xf5,0xff,0xff,0xf8,0xf5,0xff,0xff,0xf8,0xf5,0xff,0xff,0xf8,0xf5,0xff,0xff,0xf8,0xf5,0xff,
0xff,0xf8,0xf5,0xff,0xff,0xf8,0xf5,0xff,0xff,0xf8,0xf5,0xff,0xff,0xf8,0xf5,0xfc,0xff,0xfd,0xfc,0xfe,0xff,0xf7,0xf3,0xd0,0xff,0xff,0xff,0x04,0xff,0xff,0xff,0x01,
0x00,0x00,0x00,0x00,0x00,0x00,0x00,0x00,0x00,0x00,0x00,0x00,0x00,0x00,0x00,0x00,0x00,0x00,0x00,0x00,0x00,0x00,0x00,0x00,0x00,0x00,0x00,0x00,0x00,0x00,0x00,0x00,
0x00,0x00,0x00,0x00,0x00,0x00,0x00,0x00,0x00,0x00,0x00,0x00,0x00,0x00,0x00,0x00,0x00,0x00,0x00,0x00,0x00,0x00,0x00,0x00,0x00,0x00,0x00,0x00,0x00,0x00,0x00,0x00,
0xff,0xff,0xff,0x03,0x00,0x00,0x00,0x00,0xff,0xfb,0xf7,0x42,0xff,0xff,0xfe,0xff,0xff,0xf8,0xf5,0xfc,0xff,0xf8,0xf5,0xff,0xff,0xf8,0xf5,0xff,0xff,0xf8,0xf5,0xff,
0xff,0xf8,0xf5,0xff,0xff,0xf8,0xf5,0xff,0xff,0xf8,0xf5,0xff,0xff,0xf8,0xf5,0xff,0xff,0xf8,0xf5,0xff,0xff,0xf8,0xf5,0xff,0xff,0xf7,0xf4,0xfe,0xff,0xf8,0xf5,0xff,
0xff,0xf8,0xf5,0xff,0xff,0xf8,0xf5,0xff,0xff,0xf8,0xf5,0xff,0xff,0xf8,0xf5,0xff,0xff,0xf8,0xf5,0xff,0xff,0xf8,0xf5,0xff,0xff,0xf8,0xf5,0xff,0xff,0xf8,0xf5,0xff,
0xff,0xf8,0xf5,0xff,0xff,0xf8,0xf5,0xff,0xff,0xf8,0xf5,0xff,0xff,0xf8,0xf5,0xff,0xff,0xf8,0xf5,0xff,0xff,0xf8,0xf5,0xff,0xff,0xf8,0xf5,0xff,0xff,0xf8,0xf5,0xff,
0xff,0xf8,0xf5,0xff,0xff,0xf7,0xf4,0xfe,0xff,0xf8,0xf5,0xff,0xff,0xf8,0xf5,0xff,0xff,0xf8,0xf5,0xff,0xff,0xf8,0xf5,0xff,0xff,0xf8,0xf5,0xff,0xff,0xf8,0xf5,0xff,
0xff,0xf8,0xf5,0xff,0xff,0xf8,0xf5,0xff,0xff,0xf8,0xf5,0xff,0xff,0xf7,0xf3,0xfb,0xff,0xff,0xff,0xff,0xff,0xf7,0xf5,0x80,0x00,0x00,0x00,0x00,0xff,0xff,0xff,0x03,
0x00,0x00,0x00,0x00,0x00,0x00,0x00,0x00,0x00,0x00,0x00,0x00,0x00,0x00,0x00,0x00,0x00,0x00,0x00,0x00,0x00,0x00,0x00,0x00,0x00,0x00,0x00,0x00,0x00,0x00,0x00,0x00,
0x00,0x00,0x00,0x00,0x00,0x00,0x00,0x00,0x00,0x00,0x00,0x00,0x00,0x00,0x00,0x00,0x00,0x00,0x00,0x00,0x00,0x00,0x00,0x00,0x00,0x00,0x00,0x00,0x00,0x00,0x00,0x00,
0x00,0x00,0x00,0x00,0xff,0xff,0xff,0x02,0x00,0x00,0x00,0x00,0xff,0xf6,0xf3,0xb9,0xff,0xff,0xff,0xff,0xff,0xf7,0xf4,0xfa,0xff,0xf8,0xf5,0xff,0xff,0xf8,0xf5,0xff,
0xff,0xf8,0xf5,0xff,0xff,0xf8,0xf5,0xff,0xff,0xf8,0xf5,0xff,0xff,0xf8,0xf5,0xff,0xff,0xf8,0xf5,0xff,0xff,0xf7,0xf4,0xfc,0xff,0xf9,0xf6,0xff,0xff,0xf7,0xf4,0xfc,
0xff,0xf7,0xf4,0xfd,0xff,0xf8,0xf5,0xff,0xff,0xf8,0xf5,0xff,0xff,0xf8,0xf5,0xff,0xff,0xf8,0xf5,0xff,0xff,0xf8,0xf5,0xff,0xff,0xf8,0xf5,0xff,0xff,0xf8,0xf5,0xff,
0xff,0xf8,0xf5,0xff,0xff,0xf8,0xf5,0xff,0xff,0xf8,0xf5,0xff,0xff,0xf8,0xf5,0xff,0xff,0xf8,0xf5,0xff,0xff,0xf8,0xf5,0xff,0xff,0xf8,0xf5,0xff,0xff,0xf7,0xf4,0xfe,
0xff,0xf7,0xf4,0xfb,0xff,0xf9,0xf6,0xff,0xff,0xf7,0xf4,0xfd,0xff,0xf7,0xf4,0xfe,0xff,0xf8,0xf5,0xff,0xff,0xf8,0xf5,0xff,0xff,0xf8,0xf5,0xff,0xff,0xf8,0xf5,0xff,
0xff,0xf8,0xf5,0xff,0xff,0xf8,0xf5,0xff,0xff,0xf7,0xf4,0xfc,0xff,0xfb,0xf9,0xfe,0xff,0xf9,0xf7,0xe8,0xff,0xff,0xff,0x13,0xff,0xff,0xff,0x01,0xff,0xff,0xff,0x01,
0x00,0x00,0x00,0x00,0x00,0x00,0x00,0x00,0x00,0x00,0x00,0x00,0x00,0x00,0x00,0x00,0x00,0x00,0x00,0x00,0x00,0x00,0x00,0x00,0x00,0x00,0x00,0x00,0x00,0x00,0x00,0x00,
0x00,0x00,0x00,0x00,0x00,0x00,0x00,0x00,0x00,0x00,0x00,0x00,0x00,0x00,0x00,0x00,0x00,0x00,0x00,0x00,0x00,0x00,0x00,0x00,0x00,0x00,0x00,0x00,0x00,0x00,0x00,0x00,
0x00,0x00,0x00,0x00,0xff,0xff,0xff,0x02,0xff,0xff,0xff,0x01,0xff,0xf4,0xf4,0x18,0xff,0xfa,0xf8,0xe8,0xff,0xff,0xff,0xff,0xff,0xf6,0xf3,0xfb,0xff,0xf7,0xf4,0xfc,
0xff,0xf7,0xf4,0xfe,0xff,0xf7,0xf4,0xfe,0xff,0xf8,0xf5,0xfd,0xff,0xf7,0xf3,0xfc,0xff,0xf7,0xf4,0xfe,0xff,0xff,0xff,0xff,0xff,0xf7,0xf4,0xfd,0xff,0xff,0xff,0xff,
0xff,0xff,0xfe,0xff,0xff,0xf8,0xf5,0xff,0xff,0xf8,0xf5,0xff,0xff,0xf8,0xf5,0xff,0xff,0xf8,0xf5,0xff,0xff,0xf8,0xf5,0xff,0xff,0xf8,0xf5,0xff,0xff,0xf8,0xf5,0xff,
0xff,0xf8,0xf5,0xff,0xff,0xf8,0xf5,0xff,0xff,0xf8,0xf5,0xff,0xff,0xf8,0xf5,0xff,0xff,0xf8,0xf5,0xff,0xff,0xf8,0xf5,0xff,0xff,0xf8,0xf5,0xff,0xff,0xfd,0xfa,0xff,
0xff,0xff,0xff,0xff,0xff,0xf7,0xf4,0xfe,0xff,0xff,0xfe,0xff,0xff,0xfa,0xf7,0xff,0xff,0xf7,0xf4,0xfb,0xff,0xf7,0xf4,0xfd,0xff,0xf7,0xf4,0xfe,0xff,0xf7,0xf4,0xfe,
0xff,0xf7,0xf4,0xfd,0xff,0xf6,0xf3,0xfb,0xff,0xfd,0xfa,0xff,0xff,0xff,0xff,0xff,0xff,0xf3,0xf0,0x45,0x00,0x00,0x00,0x00,0xff,0xff,0xff,0x03,0x00,0x00,0x00,0x00,
0x00,0x00,0x00,0x00,0x00,0x00,0x00,0x00,0x00,0x00,0x00,0x00,0x00,0x00,0x00,0x00,0x00,0x00,0x00,0x00,0x00,0x00,0x00,0x00,0x00,0x00,0x00,0x00,0x00,0x00,0x00,0x00,
0x00,0x00,0x00,0x00,0x00,0x00,0x00,0x00,0x00,0x00,0x00,0x00,0x00,0x00,0x00,0x00,0x00,0x00,0x00,0x00,0x00,0x00,0x00,0x00,0x00,0x00,0x00,0x00,0x00,0x00,0x00,0x00,
0x00,0x00,0x00,0x00,0x00,0x00,0x00,0x00,0xff,0xff,0xff,0x01,0x00,0x00,0x00,0x00,0xff,0xf1,0xf1,0x26,0xff,0xfb,0xf8,0xc4,0xff,0xff,0xff,0xff,0xff,0xff,0xff,0xff,
0xff,0xfd,0xfa,0xff,0xff,0xfc,0xf9,0xff,0xff,0xfe,0xfb,0xff,0xff,0xff,0xff,0xff,0xff,0xff,0xff,0xff,0xff,0xf8,0xf5,0x9c,0xff,0xf8,0xf2,0x2a,0xff,0xf7,0xf5,0x81,
0xff,0xfc,0xfb,0xd7,0xff,0xf8,0xf6,0xfc,0xff,0xf8,0xf5,0xfe,0xff,0xf8,0xf5,0xff,0xff,0xf8,0xf5,0xff,0xff,0xf8,0xf5,0xff,0xff,0xf8,0xf5,0xff,0xff,0xf8,0xf5,0xff,
0xff,0xf8,0xf5,0xff,0xff,0xf8,0xf5,0xff,0xff,0xf8,0xf5,0xff,0xff,0xf8,0xf5,0xff,0xff,0xf8,0xf5,0xff,0xff,0xf7,0xf4,0xfe,0xff,0xf9,0xf7,0xfd,0xff,0xfa,0xf8,0xe5,
0xff,0xfa,0xf8,0x9c,0xff,0xf9,0xf3,0x2d,0xff,0xf7,0xf3,0x6d,0xff,0xfc,0xfa,0xfa,0xff,0xff,0xff,0xff,0xff,0xff,0xfd,0xff,0xff,0xfc,0xf9,0xff,0xff,0xfc,0xf9,0xff,
0xff,0xff,0xff,0xff,0xff,0xff,0xff,0xff,0xff,0xfb,0xfa,0xe5,0xff,0xf7,0xf4,0x47,0x00,0x00,0x00,0x00,0xff,0xff,0xff,0x02,0x00,0x00,0x00,0x00,0x00,0x00,0x00,0x00,
0x00,0x00,0x00,0x00,0x00,0x00,0x00,0x00,0x00,0x00,0x00,0x00,0x00,0x00,0x00,0x00,0x00,0x00,0x00,0x00,0x00,0x00,0x00,0x00,0x00,0x00,0x00,0x00,0x00,0x00,0x00,0x00,
0x00,0x00,0x00,0x00,0x00,0x00,0x00,0x00,0x00,0x00,0x00,0x00,0x00,0x00,0x00,0x00,0x00,0x00,0x00,0x00,0x00,0x00,0x00,0x00,0x00,0x00,0x00,0x00,0x00,0x00,0x00,0x00,
0x00,0x00,0x00,0x00,0x00,0x00,0x00,0x00,0x00,0x00,0x00,0x00,0xff,0xff,0xff,0x02,0x00,0x00,0x00,0x00,0xff,0xff,0xbf,0x04,0xff,0xf9,0xf7,0x62,0xff,0xfc,0xf9,0xbc,
0xff,0xf9,0xf6,0xe9,0xff,0xf8,0xf6,0xee,0xff,0xf9,0xf7,0xe1,0xff,0xfc,0xfa,0xae,0xff,0xfb,0xfb,0x45,0x00,0x00,0x00,0x00,0x00,0x00,0x00,0x00,0x00,0x00,0x00,0x00,
0xff,0xf2,0xf2,0x14,0xff,0xf9,0xf6,0xf1,0xff,0xfb,0xf8,0xff,0xff,0xf7,0xf4,0xfe,0xff,0xf8,0xf5,0xff,0xff,0xf8,0xf5,0xff,0xff,0xf8,0xf5,0xff,0xff,0xf8,0xf5,0xff,
0xff,0xf8,0xf5,0xff,0xff,0xf8,0xf5,0xff,0xff,0xf8,0xf5,0xff,0xff,0xf8,0xf5,0xff,0xff,0xf8,0xf5,0xff,0xff,0xf6,0xf3,0xfd,0xff,0xff,0xff,0xff,0xff,0xf8,0xf4,0x4a,
0x00,0x00,0x00,0x00,0x00,0x00,0x00,0x00,0x00,0x00,0x00,0x00,0xff,0xf9,0xf3,0x2c,0xff,0xfa,0xf8,0x9b,0xff,0xfb,0xf9,0xd5,0xff,0xf9,0xf7,0xed,0xff,0xf9,0xf6,0xed,
0xff,0xfc,0xfb,0xc9,0xff,0xfb,0xfb,0x80,0xff,0xf3,0xe7,0x16,0x00,0x00,0x00,0x00,0xff,0xff,0xff,0x02,0x00,0x00,0x00,0x00,0x00,0x00,0x00,0x00,0x00,0x00,0x00,0x00,
0x00,0x00,0x00,0x00,0x00,0x00,0x00,0x00,0x00,0x00,0x00,0x00,0x00,0x00,0x00,0x00,0x00,0x00,0x00,0x00,0x00,0x00,0x00,0x00,0x00,0x00,0x00,0x00,0x00,0x00,0x00,0x00,
0x00,0x00,0x00,0x00,0x00,0x00,0x00,0x00,0x00,0x00,0x00,0x00,0x00,0x00,0x00,0x00,0x00,0x00,0x00,0x00,0x00,0x00,0x00,0x00,0x00,0x00,0x00,0x00,0x00,0x00,0x00,0x00,
0x00,0x00,0x00,0x00,0x00,0x00,0x00,0x00,0x00,0x00,0x00,0x00,0x00,0x00,0x00,0x00,0xff,0xff,0xff,0x02,0x00,0x00,0x00,0x00,0x00,0x00,0x00,0x00,0x00,0x00,0x00,0x00,
0xff,0xff,0xff,0x0e,0xff,0xff,0xff,0x10,0xff,0xff,0xff,0x09,0x00,0x00,0x00,0x00,0x00,0x00,0x00,0x00,0xff,0xff,0xff,0x01,0xff,0xff,0xff,0x02,0xff,0xff,0xff,0x04,
0xff,0xdf,0xdf,0x08,0xff,0xf6,0xf4,0xdb,0xff,0xfd,0xfb,0xff,0xff,0xf7,0xf4,0xfd,0xff,0xf8,0xf5,0xff,0xff,0xf8,0xf5,0xff,0xff,0xf8,0xf5,0xff,0xff,0xf8,0xf5,0xff,
0xff,0xf8,0xf5,0xff,0xff,0xf8,0xf5,0xff,0xff,0xf8,0xf5,0xff,0xff,0xf8,0xf5,0xff,0xff,0xf8,0xf5,0xff,0xff,0xf9,0xf5,0xfe,0xff,0xfb,0xf9,0xfa,0xff,0xf8,0xf2,0x29,
0xff,0xff,0xff,0x03,0xff,0xff,0xff,0x04,0xff,0xaa,0xaa,0x03,0x00,0x00,0x00,0x00,0x00,0x00,0x00,0x00,0xff,0xff,0xff,0x03,0xff,0xff,0xff,0x10,0xff,0xff,0xff,0x11,
0x00,0x00,0x00,0x00,0x00,0x00,0x00,0x00,0x00,0x00,0x00,0x00,0xff,0xff,0xff,0x03,0x00,0x00,0x00,0x00,0x00,0x00,0x00,0x00,0x00,0x00,0x00,0x00,0x00,0x00,0x00,0x00,
0x00,0x00,0x00,0x00,0x00,0x00,0x00,0x00,0x00,0x00,0x00,0x00,0x00,0x00,0x00,0x00,0x00,0x00,0x00,0x00,0x00,0x00,0x00,0x00,0x00,0x00,0x00,0x00,0x00,0x00,0x00,0x00,
0x00,0x00,0x00,0x00,0x00,0x00,0x00,0x00,0x00,0x00,0x00,0x00,0x00,0x00,0x00,0x00,0x00,0x00,0x00,0x00,0x00,0x00,0x00,0x00,0x00,0x00,0x00,0x00,0x00,0x00,0x00,0x00,
0x00,0x00,0x00,0x00,0x00,0x00,0x00,0x00,0x00,0x00,0x00,0x00,0x00,0x00,0x00,0x00,0x00,0x00,0x00,0x00,0xff,0xff,0xff,0x01,0xff,0xff,0xff,0x03,0xff,0xff,0xff,0x02,
0x00,0x00,0x00,0x00,0x00,0x00,0x00,0x00,0x00,0x00,0x00,0x00,0xff,0xff,0xff,0x03,0xff,0xff,0xff,0x03,0x00,0x00,0x00,0x00,0x00,0x00,0x00,0x00,0xff,0xff,0xff,0x03,
0x00,0x00,0x00,0x00,0xff,0xf6,0xf5,0x9b,0xff,0xff,0xff,0xff,0xff,0xf7,0xf4,0xfb,0xff,0xf8,0xf5,0xff,0xff,0xf8,0xf5,0xff,0xff,0xf8,0xf5,0xff,0xff,0xf8,0xf5,0xff,
0xff,0xf8,0xf5,0xff,0xff,0xf8,0xf5,0xff,0xff,0xf8,0xf5,0xff,0xff,0xf8,0xf5,0xff,0xff,0xf7,0xf4,0xfd,0xff,0xfd,0xfb,0xfe,0xff,0xf7,0xf4,0xd6,0xff,0xd4,0xd4,0x06,
0xff,0xff,0xff,0x01,0x00,0x00,0x00,0x00,0x00,0x00,0x00,0x00,0xff,0xff,0xff,0x02,0xff,0xff,0xff,0x03,0x00,0x00,0x00,0x00,0x00,0x00,0x00,0x00,0x00,0x00,0x00,0x00,
0xff,0xff,0xff,0x01,0xff,0xff,0xbf,0x04,0xff,0xff,0xff,0x01,0x00,0x00,0x00,0x00,0x00,0x00,0x00,0x00,0x00,0x00,0x00,0x00,0x00,0x00,0x00,0x00,0x00,0x00,0x00,0x00,
0x00,0x00,0x00,0x00,0x00,0x00,0x00,0x00,0x00,0x00,0x00,0x00,0x00,0x00,0x00,0x00,0x00,0x00,0x00,0x00,0x00,0x00,0x00,0x00,0x00,0x00,0x00,0x00,0x00,0x00,0x00,0x00,
0x00,0x00,0x00,0x00,0x00,0x00,0x00,0x00,0x00,0x00,0x00,0x00,0x00,0x00,0x00,0x00,0x00,0x00,0x00,0x00,0x00,0x00,0x00,0x00,0x00,0x00,0x00,0x00,0x00,0x00,0x00,0x00,
0x00,0x00,0x00,0x00,0x00,0x00,0x00,0x00,0x00,0x00,0x00,0x00,0x00,0x00,0x00,0x00,0x00,0x00,0x00,0x00,0x00,0x00,0x00,0x00,0x00,0x00,0x00,0x00,0x00,0x00,0x00,0x00,
0xff,0xff,0xff,0x01,0xff,0xff,0xff,0x01,0xff,0xff,0xff,0x01,0x00,0x00,0x00,0x00,0x00,0x00,0x00,0x00,0x00,0x00,0x00,0x00,0x00,0x00,0x00,0x00,0xff,0xff,0xff,0x02,
0x00,0x00,0x00,0x00,0xff,0xf8,0xf8,0x28,0xff,0xfa,0xf9,0xfc,0xff,0xf9,0xf7,0xfb,0xff,0xf7,0xf4,0xfe,0xff,0xf8,0xf5,0xff,0xff,0xf8,0xf5,0xff,0xff,0xf8,0xf5,0xff,
0xff,0xf8,0xf5,0xff,0xff,0xf8,0xf5,0xff,0xff,0xf8,0xf5,0xff,0xff,0xf8,0xf5,0xff,0xff,0xf7,0xf4,0xf9,0xff,0xff,0xff,0xff,0xff,0xf6,0xf4,0x5f,0x00,0x00,0x00,0x00,
0xff,0xff,0xff,0x03,0x00,0x00,0x00,0x00,0x00,0x00,0x00,0x00,0x00,0x00,0x00,0x00,0x00,0x00,0x00,0x00,0xff,0xff,0xff,0x01,0xff,0xff,0xff,0x01,0xff,0xff,0xff,0x01,
0x00,0x00,0x00,0x00,0x00,0x00,0x00,0x00,0x00,0x00,0x00,0x00,0x00,0x00,0x00,0x00,0x00,0x00,0x00,0x00,0x00,0x00,0x00,0x00,0x00,0x00,0x00,0x00,0x00,0x00,0x00,0x00,
0x00,0x00,0x00,0x00,0x00,0x00,0x00,0x00,0x00,0x00,0x00,0x00,0x00,0x00,0x00,0x00,0x00,0x00,0x00,0x00,0x00,0x00,0x00,0x00,0x00,0x00,0x00,0x00,0x00,0x00,0x00,0x00,
0x00,0x00,0x00,0x00,0x00,0x00,0x00,0x00,0x00,0x00,0x00,0x00,0x00,0x00,0x00,0x00,0x00,0x00,0x00,0x00,0x00,0x00,0x00,0x00,0x00,0x00,0x00,0x00,0x00,0x00,0x00,0x00,
0x00,0x00,0x00,0x00,0x00,0x00,0x00,0x00,0x00,0x00,0x00,0x00,0x00,0x00,0x00,0x00,0x00,0x00,0x00,0x00,0x00,0x00,0x00,0x00,0x00,0x00,0x00,0x00,0x00,0x00,0x00,0x00,
0x00,0x00,0x00,0x00,0x00,0x00,0x00,0x00,0x00,0x00,0x00,0x00,0x00,0x00,0x00,0x00,0x00,0x00,0x00,0x00,0x00,0x00,0x00,0x00,0x00,0x00,0x00,0x00,0x00,0x00,0x00,0x00,
0xff,0xff,0xff,0x03,0x00,0x00,0x00,0x00,0xff,0xf5,0xf3,0x70,0xff,0xff,0xff,0xff,0xff,0xf7,0xf4,0xfc,0xff,0xf7,0xf4,0xfc,0xff,0xf7,0xf4,0xfe,0xff,0xf8,0xf5,0xff,
0xff,0xf8,0xf5,0xff,0xff,0xf8,0xf5,0xfe,0xff,0xf7,0xf4,0xfd,0xff,0xf7,0xf4,0xf9,0xff,0xff,0xff,0xff,0xff,0xf7,0xf6,0xac,0xff,0xff,0xff,0x02,0xff,0xff,0xff,0x03,
0x00,0x00,0x00,0x00,0x00,0x00,0x00,0x00,0x00,0x00,0x00,0x00,0x00,0x00,0x00,0x00,0x00,0x00,0x00,0x00,0x00,0x00,0x00,0x00,0x00,0x00,0x00,0x00,0x00,0x00,0x00,0x00,
0x00,0x00,0x00,0x00,0x00,0x00,0x00,0x00,0x00,0x00,0x00,0x00,0x00,0x00,0x00,0x00,0x00,0x00,0x00,0x00,0x00,0x00,0x00,0x00,0x00,0x00,0x00,0x00,0x00,0x00,0x00,0x00,
0x00,0x00,0x00,0x00,0x00,0x00,0x00,0x00,0x00,0x00,0x00,0x00,0x00,0x00,0x00,0x00,0x00,0x00,0x00,0x00,0x00,0x00,0x00,0x00,0x00,0x00,0x00,0x00,0x00,0x00,0x00,0x00,
0x00,0x00,0x00,0x00,0x00,0x00,0x00,0x00,0x00,0x00,0x00,0x00,0x00,0x00,0x00,0x00,0x00,0x00,0x00,0x00,0x00,0x00,0x00,0x00,0x00,0x00,0x00,0x00,0x00,0x00,0x00,0x00,
0x00,0x00,0x00,0x00,0x00,0x00,0x00,0x00,0x00,0x00,0x00,0x00,0x00,0x00,0x00,0x00,0x00,0x00,0x00,0x00,0x00,0x00,0x00,0x00,0x00,0x00,0x00,0x00,0x00,0x00,0x00,0x00,
0x00,0x00,0x00,0x00,0x00,0x00,0x00,0x00,0x00,0x00,0x00,0x00,0x00,0x00,0x00,0x00,0x00,0x00,0x00,0x00,0x00,0x00,0x00,0x00,0x00,0x00,0x00,0x00,0x00,0x00,0x00,0x00,
0x00,0x00,0x00,0x00,0xff,0xff,0xff,0x02,0x00,0x00,0x00,0x00,0xff,0xf8,0xf6,0x7f,0xff,0xff,0xfd,0xff,0xff,0xff,0xff,0xff,0xff,0xfa,0xf6,0xff,0xff,0xf7,0xf4,0xfd,
0xff,0xf7,0xf4,0xfd,0xff,0xf8,0xf5,0xff,0xff,0xff,0xfd,0xff,0xff,0xff,0xff,0xff,0xff,0xfa,0xf8,0xa9,0xff,0xff,0xff,0x11,0xff,0xff,0xff,0x01,0xff,0xff,0xff,0x01,
0x00,0x00,0x00,0x00,0x00,0x00,0x00,0x00,0x00,0x00,0x00,0x00,0x00,0x00,0x00,0x00,0x00,0x00,0x00,0x00,0x00,0x00,0x00,0x00,0x00,0x00,0x00,0x00,0x00,0x00,0x00,0x00,
0x00,0x00,0x00,0x00,0x00,0x00,0x00,0x00,0x00,0x00,0x00,0x00,0x00,0x00,0x00,0x00,0x00,0x00,0x00,0x00,0x00,0x00,0x00,0x00,0x00,0x00,0x00,0x00,0x00,0x00,0x00,0x00,
0x00,0x00,0x00,0x00,0x00,0x00,0x00,0x00,0x00,0x00,0x00,0x00,0x00,0x00,0x00,0x00,0x00,0x00,0x00,0x00,0x00,0x00,0x00,0x00,0x00,0x00,0x00,0x00,0x00,0x00,0x00,0x00,
0x00,0x00,0x00,0x00,0x00,0x00,0x00,0x00,0x00,0x00,0x00,0x00,0x00,0x00,0x00,0x00,0x00,0x00,0x00,0x00,0x00,0x00,0x00,0x00,0x00,0x00,0x00,0x00,0x00,0x00,0x00,0x00,
0x00,0x00,0x00,0x00,0x00,0x00,0x00,0x00,0x00,0x00,0x00,0x00,0x00,0x00,0x00,0x00,0x00,0x00,0x00,0x00,0x00,0x00,0x00,0x00,0x00,0x00,0x00,0x00,0x00,0x00,0x00,0x00,
0x00,0x00,0x00,0x00,0x00,0x00,0x00,0x00,0x00,0x00,0x00,0x00,0x00,0x00,0x00,0x00,0x00,0x00,0x00,0x00,0x00,0x00,0x00,0x00,0x00,0x00,0x00,0x00,0x00,0x00,0x00,0x00,
0x00,0x00,0x00,0x00,0x00,0x00,0x00,0x00,0xff,0xff,0xff,0x01,0x00,0x00,0x00,0x00,0xff,0xf7,0xf7,0x43,0xff,0xfd,0xfc,0xba,0xff,0xfb,0xf9,0xf4,0xff,0xff,0xff,0xff,
0xff,0xff,0xff,0xff,0xff,0xfa,0xf7,0xfb,0xff,0xfa,0xf8,0xd2,0xff,0xf9,0xf9,0x62,0x00,0x00,0x00,0x00,0x00,0x00,0x00,0x00,0xff,0xff,0xff,0x01,0x00,0x00,0x00,0x00,
0x00,0x00,0x00,0x00,0x00,0x00,0x00,0x00,0x00,0x00,0x00,0x00,0x00,0x00,0x00,0x00,0x00,0x00,0x00,0x00,0x00,0x00,0x00,0x00,0x00,0x00,0x00,0x00,0x00,0x00,0x00,0x00,
0x00,0x00,0x00,0x00,0x00,0x00,0x00,0x00,0x00,0x00,0x00,0x00,0x00,0x00,0x00,0x00,0x00,0x00,0x00,0x00,0x00,0x00,0x00,0x00,0x00,0x00,0x00,0x00,0x00,0x00,0x00,0x00,
0x00,0x00,0x00,0x00,0x00,0x00,0x00,0x00,0x00,0x00,0x00,0x00,0x00,0x00,0x00,0x00,0x00,0x00,0x00,0x00,0x00,0x00,0x00,0x00,0x00,0x00,0x00,0x00,0x00,0x00,0x00,0x00,
0x00,0x00,0x00,0x00,0x00,0x00,0x00,0x00,0x00,0x00,0x00,0x00,0x00,0x00,0x00,0x00,0x00,0x00,0x00,0x00,0x00,0x00,0x00,0x00,0x00,0x00,0x00,0x00,0x00,0x00,0x00,0x00,
0x00,0x00,0x00,0x00,0x00,0x00,0x00,0x00,0x00,0x00,0x00,0x00,0x00,0x00,0x00,0x00,0x00,0x00,0x00,0x00,0x00,0x00,0x00,0x00,0x00,0x00,0x00,0x00,0x00,0x00,0x00,0x00,
0x00,0x00,0x00,0x00,0x00,0x00,0x00,0x00,0x00,0x00,0x00,0x00,0x00,0x00,0x00,0x00,0x00,0x00,0x00,0x00,0x00,0x00,0x00,0x00,0x00,0x00,0x00,0x00,0x00,0x00,0x00,0x00,
0x00,0x00,0x00,0x00,0x00,0x00,0x00,0x00,0x00,0x00,0x00,0x00,0xff,0xff,0xff,0x03,0x00,0x00,0x00,0x00,0x00,0x00,0x00,0x00,0xff,0xff,0xff,0x1d,0xff,0xff,0xfb,0x41,
0xff,0xfb,0xfb,0x41,0xff,0xff,0xff,0x29,0xff,0xff,0xff,0x02,0x00,0x00,0x00,0x00,0xff,0xff,0xff,0x01,0xff,0xff,0xff,0x01,0x00,0x00,0x00,0x00,0x00,0x00,0x00,0x00,
0x00,0x00,0x00,0x00,0x00,0x00,0x00,0x00,0x00,0x00,0x00,0x00,0x00,0x00,0x00,0x00,0x00,0x00,0x00,0x00,0x00,0x00,0x00,0x00,0x00,0x00,0x00,0x00,0x00,0x00,0x00,0x00,
0x00,0x00,0x00,0x00,0x00,0x00,0x00,0x00,0x00,0x00,0x00,0x00,0x00,0x00,0x00,0x00,0x00,0x00,0x00,0x00,0x00,0x00,0x00,0x00,0x00,0x00,0x00,0x00,0x00,0x00,0x00,0x00,
0x00,0x00,0x00,0x00,0x00,0x00,0x00,0x00,0x00,0x00,0x00,0x00,0x00,0x00,0x00,0x00,0x00,0x00,0x00,0x00,0x00,0x00,0x00,0x00,0x00,0x00,0x00,0x00,0x00,0x00,0x00,0x00,
0x00,0x00,0x00,0x00,0x00,0x00,0x00,0x00,0x00,0x00,0x00,0x00,0x00,0x00,0x00,0x00,0x00,0x00,0x00,0x00,0x00,0x00,0x00,0x00,0x00,0x00,0x00,0x00,0x00,0x00,0x00,0x00,
0x00,0x00,0x00,0x00,0x00,0x00,0x00,0x00,0x00,0x00,0x00,0x00,0x00,0x00,0x00,0x00,0x00,0x00,0x00,0x00,0x00,0x00,0x00,0x00,0x00,0x00,0x00,0x00,0x00,0x00,0x00,0x00,
0x00,0x00,0x00,0x00,0x00,0x00,0x00,0x00,0x00,0x00,0x00,0x00,0x00,0x00,0x00,0x00,0x00,0x00,0x00,0x00,0x00,0x00,0x00,0x00,0x00,0x00,0x00,0x00,0x00,0x00,0x00,0x00,
0x00,0x00,0x00,0x00,0x00,0x00,0x00,0x00,0x00,0x00,0x00,0x00,0x00,0x00,0x00,0x00,0xff,0xff,0xff,0x03,0xff,0xff,0xff,0x01,0x00,0x00,0x00,0x00,0x00,0x00,0x00,0x00,
0x00,0x00,0x00,0x00,0x00,0x00,0x00,0x00,0x00,0x00,0x00,0x00,0xff,0xff,0xff,0x03,0x00,0x00,0x00,0x00,0x00,0x00,0x00,0x00,0x00,0x00,0x00,0x00,0x00,0x00,0x00,0x00,
0x00,0x00,0x00,0x00,0x00,0x00,0x00,0x00,0x00,0x00,0x00,0x00,0x00,0x00,0x00,0x00,0x00,0x00,0x00,0x00,0x00,0x00,0x00,0x00,0x00,0x00,0x00,0x00,0x00,0x00,0x00,0x00,
0x00,0x00,0x00,0x00,0x00,0x00,0x00,0x00,0x00,0x00,0x00,0x00,0x00,0x00,0x00,0x00,0x00,0x00,0x00,0x00,0x00,0x00,0x00,0x00,0x00,0x00,0x00,0x00,0x00,0x00,0x00,0x00,
0x00,0x00,0x00,0x00,0x00,0x00,0x00,0x00,0x00,0x00,0x00,0x00,0x00,0x00,0x00,0x00,0x00,0x00,0x00,0x00,0x00,0x00,0x00,0x00,0x00,0x00,0x00,0x00,0x00,0x00,0x00,0x00,
0x00,0x00,0x00,0x00,0x00,0x00,0x00,0x00,0x00,0x00,0x00,0x00,0x00,0x00,0x00,0x00,0x00,0x00,0x00,0x00,0x00,0x00,0x00,0x00,0x00,0x00,0x00,0x00,0x00,0x00,0x00,0x00,
0x00,0x00,0x00,0x00,0x00,0x00,0x00,0x00,0x00,0x00,0x00,0x00,0x00,0x00,0x00,0x00,0x00,0x00,0x00,0x00,0x00,0x00,0x00,0x00,0x00,0x00,0x00,0x00,0x00,0x00,0x00,0x00,
0x00,0x00,0x00,0x00,0x00,0x00,0x00,0x00,0x00,0x00,0x00,0x00,0x00,0x00,0x00,0x00,0x00,0x00,0x00,0x00,0x00,0x00,0x00,0x00,0x00,0x00,0x00,0x00,0x00,0x00,0x00,0x00,
0x00,0x00,0x00,0x00,0x00,0x00,0x00,0x00,0x00,0x00,0x00,0x00,0x00,0x00,0x00,0x00,0x00,0x00,0x00,0x00,0x00,0x00,0x00,0x00,0xff,0xff,0xff,0x02,0xff,0xff,0xff,0x03,
0xff,0xff,0xff,0x03,0xff,0xff,0xff,0x02,0xff,0xff,0xff,0x01,0x00,0x00,0x00,0x00,0x00,0x00,0x00,0x00,0x00,0x00,0x00,0x00,0x00,0x00,0x00,0x00,0x00,0x00,0x00,0x00,
0x00,0x00,0x00,0x00,0x00,0x00,0x00,0x00,0x00,0x00,0x00,0x00,0x00,0x00,0x00,0x00,0x00,0x00,0x00,0x00,0x00,0x00,0x00,0x00,0x00,0x00,0x00,0x00,0x00,0x00,0x00,0x00,
0x00,0x00,0x00,0x00,0x00,0x00,0x00,0x00,0x00,0x00,0x00,0x00,0x00,0x00,0x00,0x00,0x00,0x00,0x00,0x00,0x00,0x00,0x00,0x00,0x00,0x00,0x00,0x00,0x00,0x00,0x00,0x00,
0x00,0x00,0x00,0x00,0x00,0x00,0x00,0x00,0x00,0x00,0x00,0x00,0x00,0x00,0x00,0x00,0x00,0x00,0x00,0x00,0x00,0x00,0x00,0x00,0x00,0x00,0x00,0x00,0x00,0x00,0x00,0x00,
0x00,0x00,0x00,0x00,0x00,0x00,0x00,0x00,0x00,0x00,0x00,0x00,0x00,0x00,0x00,0x00,0x00,0x00,0x00,0x00,0x00,0x00,0x00,0x00,0x00,0x00,0x00,0x00,0x00,0x00,0x00,0x00,
0x00,0x00,0x00,0x00,0x00,0x00,0x00,0x00,0x00,0x00,0x00,0x00,0x00,0x00,0x00,0x00,0x00,0x00,0x00,0x00,0x00,0x00,0x00,0x00,0x00,0x00,0x00,0x00,0x00,0x00,0x00,0x00,
0x00,0x00,0x00,0x00,0x00,0x00,0x00,0x00,0x00,0x00,0x00,0x00,0x00,0x00,0x00,0x00,0x00,0x00,0x00,0x00,0x00,0x00,0x00,0x00,0x00,0x00,0x00,0x00,0x00,0x00,0x00,0x00,
0x00,0x00,0x00,0x00,0x00,0x00,0x00,0x00,0x00,0x00,0x00,0x00,0x00,0x00,0x00,0x00,0x00,0x00,0x00,0x00,0x00,0x00,0x00,0x00,0x00,0x00,0x00,0x00,0x00,0x00,0x00,0x00,
0x00,0x00,0x00,0x00,0x00,0x00,0x00,0x00,0x00,0x00,0x00,0x00,0x00,0x00,0x00,0x00,0x00,0x00,0x00,0x00,0x00,0x00,0x00,0x00,0x00,0x00,0x00,0x00,0x00,0x00,0x00,0x00,
0x00,0x00,0x00,0x00,0x00,0x00,0x00,0x00,0x00,0x00,0x00,0x00,0x00,0x00,0x00,0x00,0x00,0x00,0x00,0x00,0x00,0x00,0x00,0x00,0x00,0x00,0x00,0x00,0x00,0x00,0x00,0x00,
0x00,0x00,0x00,0x00,0x00,0x00,0x00,0x00,0x00,0x00,0x00,0x00,0x00,0x00,0x00,0x00,0x00,0x00,0x00,0x00,0x00,0x00,0x00,0x00,0x00,0x00,0x00,0x00,0x00,0x00,0x00,0x00,
0x00,0x00,0x00,0x00,0x00,0x00,0x00,0x00,0x00,0x00,0x00,0x00,0x00,0x00,0x00,0x00,0x00,0x00,0x00,0x00,0x00,0x00,0x00,0x00,0x00,0x00,0x00,0x00,0x00,0x00,0x00,0x00,
};
const lv_image_dsc_t icon_settings = {
.header = {.magic = LV_IMAGE_HEADER_MAGIC, .cf = LV_COLOR_FORMAT_ARGB8888, .w = 64, .h = 64, .stride = 256},
.data_size = sizeof icon_settings_pixels, .data = icon_settings_pixels
};
static const uint8_t icon_puzzle_pixels[] = {
0x00,0x00,0x00,0x00,0x00,0x00,0x00,0x00,0x00,0x00,0x00,0x00,0x00,0x00,0x00,0x00,0x00,0x00,0x00,0x00,0x00,0x00,0x00,0x00,0x00,0x00,0x00,0x00,0x00,0x00,0x00,0x00,
0x00,0x00,0x00,0x00,0x00,0x00,0x00,0x00,0x00,0x00,0x00,0x00,0x00,0x00,0x00,0x00,0x00,0x00,0x00,0x00,0x00,0x00,0x00,0x00,0x00,0x00,0x00,0x00,0x00,0x00,0x00,0x00,
0x00,0x00,0x00,0x00,0x00,0x00,0x00,0x00,0x00,0x00,0x00,0x00,0x00,0x00,0x00,0x00,0x00,0x00,0x00,0x00,0x00,0x00,0x00,0x00,0x00,0x00,0x00,0x00,0x00,0x00,0x00,0x00,
0x00,0x00,0x00,0x00,0x00,0x00,0x00,0x00,0x00,0x00,0x00,0x00,0x00,0x00,0x00,0x00,0x00,0x00,0x00,0x00,0x00,0x00,0x00,0x00,0x00,0x00,0x00,0x00,0x00,0x00,0x00,0x00,
0x00,0x00,0x00,0x00,0x00,0x00,0x00,0x00,0x00,0x00,0x00,0x00,0x00,0x00,0x00,0x00,0x00,0x00,0x00,0x00,0x00,0x00,0x00,0x00,0x00,0x00,0x00,0x00,0x00,0x00,0x00,0x00,
0x00,0x00,0x00,0x00,0x00,0x00,0x00,0x00,0x00,0x00,0x00,0x00,0x00,0x00,0x00,0x00,0x00,0x00,0x00,0x00,0x00,0x00,0x00,0x00,0x00,0x00,0x00,0x00,0x00,0x00,0x00,0x00,
0x00,0x00,0x00,0x00,0x00,0x00,0x00,0x00,0x00,0x00,0x00,0x00,0x00,0x00,0x00,0x00,0x00,0x00,0x00,0x00,0x00,0x00,0x00,0x00,0x00,0x00,0x00,0x00,0x00,0x00,0x00,0x00,
0x00,0x00,0x00,0x00,0x00,0x00,0x00,0x00,0x00,0x00,0x00,0x00,0x00,0x00,0x00,0x00,0x00,0x00,0x00,0x00,0x00,0x00,0x00,0x00,0x00,0x00,0x00,0x00,0x00,0x00,0x00,0x00,
0x00,0x00,0x00,0x00,0x00,0x00,0x00,0x00,0x00,0x00,0x00,0x00,0x00,0x00,0x00,0x00,0x00,0x00,0x00,0x00,0x00,0x00,0x00,0x00,0x00,0x00,0x00,0x00,0x00,0x00,0x00,0x00,
0x00,0x00,0x00,0x00,0x00,0x00,0x00,0x00,0x00,0x00,0x00,0x00,0x00,0x00,0x00,0x00,0x00,0x00,0x00,0x00,0x00,0x00,0x00,0x00,0x00,0x00,0x00,0x00,0x00,0x00,0x00,0x00,
0x00,0x00,0x00,0x00,0x00,0x00,0x00,0x00,0x00,0x00,0x00,0x00,0x00,0x00,0x00,0x00,0x00,0x00,0x00,0x00,0x00,0x00,0x00,0x00,0x00,0x00,0x00,0x00,0x00,0x00,0x00,0x00,
0x00,0x00,0x00,0x00,0x00,0x00,0x00,0x00,0x00,0x00,0x00,0x00,0x00,0x00,0x00,0x00,0x00,0x00,0x00,0x00,0x00,0x00,0x00,0x00,0x00,0x00,0x00,0x00,0x00,0x00,0x00,0x00,
0x00,0x00,0x00,0x00,0x00,0x00,0x00,0x00,0x00,0x00,0x00,0x00,0x00,0x00,0x00,0x00,0x00,0x00,0x00,0x00,0x00,0x00,0x00,0x00,0x00,0x00,0x00,0x00,0x00,0x00,0x00,0x00,
0x00,0x00,0x00,0x00,0x00,0x00,0x00,0x00,0x00,0x00,0x00,0x00,0x00,0x00,0x00,0x00,0x00,0x00,0x00,0x00,0x00,0x00,0x00,0x00,0x00,0x00,0x00,0x00,0x00,0x00,0x00,0x00,
0x00,0x00,0x00,0x00,0x00,0x00,0x00,0x00,0x00,0x00,0x00,0x00,0x00,0x00,0x00,0x00,0x00,0x00,0x00,0x00,0x00,0x00,0x00,0x00,0x00,0x00,0x00,0x00,0x00,0x00,0x00,0x00,
0x00,0x00,0x00,0x00,0x00,0x00,0x00,0x00,0x00,0x00,0x00,0x00,0x00,0x00,0x00,0x00,0x00,0x00,0x00,0x00,0x00,0x00,0x00,0x00,0x00,0x00,0x00,0x00,0x00,0x00,0x00,0x00,
0x00,0x00,0x00,0x00,0x00,0x00,0x00,0x00,0x00,0x00,0x00,0x00,0x00,0x00,0x00,0x00,0x00,0x00,0x00,0x00,0x00,0x00,0x00,0x00,0x00,0x00,0x00,0x00,0x00,0x00,0x00,0x00,
0x00,0x00,0x00,0x00,0x00,0x00,0x00,0x00,0x00,0x00,0x00,0x00,0x00,0x00,0x00,0x00,0x00,0x00,0x00,0x00,0x00,0x00,0x00,0x00,0x00,0x00,0x00,0x00,0x00,0x00,0x00,0x00,
0x00,0x00,0x00,0x00,0x00,0x00,0x00,0x00,0x00,0x00,0x00,0x00,0x00,0x00,0x00,0x00,0x00,0x00,0x00,0x00,0x00,0x00,0x00,0x00,0x00,0x00,0x00,0x00,0x00,0x00,0x00,0x00,
0x00,0x00,0x00,0x00,0x00,0x00,0x00,0x00,0x00,0x00,0x00,0x00,0x00,0x00,0x00,0x00,0x00,0x00,0x00,0x00,0x00,0x00,0x00,0x00,0x00,0x00,0x00,0x00,0x00,0x00,0x00,0x00,
0x00,0x00,0x00,0x00,0x00,0x00,0x00,0x00,0x00,0x00,0x00,0x00,0x00,0x00,0x00,0x00,0x00,0x00,0x00,0x00,0x00,0x00,0x00,0x00,0x00,0x00,0x00,0x00,0x00,0x00,0x00,0x00,
0x00,0x00,0x00,0x00,0x00,0x00,0x00,0x00,0x00,0x00,0x00,0x00,0x00,0x00,0x00,0x00,0x00,0x00,0x00,0x00,0x00,0x00,0x00,0x00,0x00,0x00,0x00,0x00,0x00,0x00,0x00,0x00,
0x00,0x00,0x00,0x00,0x00,0x00,0x00,0x00,0x00,0x00,0x00,0x00,0x00,0x00,0x00,0x00,0x00,0x00,0x00,0x00,0x00,0x00,0x00,0x00,0x00,0x00,0x00,0x00,0x00,0x00,0x00,0x00,
0x00,0x00,0x00,0x00,0x00,0x00,0x00,0x00,0x00,0x00,0x00,0x00,0x00,0x00,0x00,0x00,0x00,0x00,0x00,0x00,0x00,0x00,0x00,0x00,0x00,0x00,0x00,0x00,0x00,0x00,0x00,0x00,
0x00,0x00,0x00,0x00,0x00,0x00,0x00,0x00,0x00,0x00,0x00,0x00,0x00,0x00,0x00,0x00,0x00,0x00,0x00,0x00,0x00,0x00,0x00,0x00,0x00,0x00,0x00,0x00,0x00,0x00,0x00,0x00,
0x00,0x00,0x00,0x00,0x00,0x00,0x00,0x00,0x00,0x00,0x00,0x00,0x00,0x00,0x00,0x00,0x00,0x00,0x00,0x00,0x00,0x00,0x00,0x00,0x00,0x00,0x00,0x00,0x00,0x00,0x00,0x00,
0x00,0x00,0x00,0x00,0x00,0x00,0x00,0x00,0x00,0x00,0x00,0x00,0x00,0x00,0x00,0x00,0x00,0x00,0x00,0x00,0x00,0x00,0x00,0x00,0x00,0x00,0x00,0x00,0x00,0x00,0x00,0x00,
0x00,0x00,0x00,0x00,0x00,0x00,0x00,0x00,0x00,0x00,0x00,0x00,0x00,0x00,0x00,0x00,0x00,0x00,0x00,0x00,0x00,0x00,0x00,0x00,0x00,0x00,0x00,0x00,0x00,0x00,0x00,0x00,
0x00,0x00,0x00,0x00,0x00,0x00,0x00,0x00,0x00,0x00,0x00,0x00,0x00,0x00,0x00,0x00,0x00,0x00,0x00,0x00,0x00,0x00,0x00,0x00,0x00,0x00,0x00,0x00,0x00,0x00,0x00,0x00,
0x00,0x00,0x00,0x00,0x00,0x00,0x00,0x00,0x00,0x00,0x00,0x00,0x00,0x00,0x00,0x00,0x00,0x00,0x00,0x00,0x00,0x00,0x00,0x00,0x00,0x00,0x00,0x00,0x00,0x00,0x00,0x00,
0x00,0x00,0x00,0x00,0x00,0x00,0x00,0x00,0x00,0x00,0x00,0x00,0x00,0x00,0x00,0x00,0x00,0x00,0x00,0x00,0x00,0x00,0x00,0x00,0x00,0x00,0x00,0x00,0x00,0x00,0x00,0x00,
0x00,0x00,0x00,0x00,0x00,0x00,0x00,0x00,0x00,0x00,0x00,0x00,0x00,0x00,0x00,0x00,0x00,0x00,0x00,0x00,0x00,0x00,0x00,0x00,0x00,0x00,0x00,0x00,0x00,0x00,0x00,0x00,
0x00,0x00,0x00,0x00,0x00,0x00,0x00,0x00,0x00,0x00,0x00,0x00,0x00,0x00,0x00,0x00,0x00,0x00,0x00,0x00,0x00,0x00,0x00,0x00,0x00,0x00,0x00,0x00,0x00,0x00,0x00,0x00,
0x00,0x00,0x00,0x00,0x00,0x00,0x00,0x00,0x00,0x00,0x00,0x00,0x00,0x00,0x00,0x00,0x00,0x00,0x00,0x00,0x00,0x00,0x00,0x00,0x00,0x00,0x00,0x00,0x00,0x00,0x00,0x01,
0x00,0x00,0x00,0x01,0x00,0x00,0x00,0x01,0x00,0x00,0x00,0x01,0x00,0x00,0x00,0x01,0x00,0x00,0x00,0x01,0x00,0x00,0x00,0x01,0x00,0x00,0x00,0x01,0x00,0x00,0x00,0x01,
0x00,0x00,0x00,0x01,0x00,0x00,0x00,0x01,0x00,0x00,0x00,0x01,0x00,0x00,0x00,0x01,0x00,0x00,0x00,0x01,0x00,0x00,0x00,0x01,0x00,0x00,0x00,0x01,0x00,0x00,0x00,0x01,
0x00,0x00,0x00,0x01,0x00,0x00,0x00,0x01,0x00,0x00,0x00,0x01,0x00,0x00,0x00,0x01,0x00,0x00,0x00,0x01,0x00,0x00,0x00,0x01,0x00,0x00,0x00,0x01,0x00,0x00,0x00,0x01,
0x00,0x00,0x00,0x01,0x00,0x00,0x00,0x01,0x00,0x00,0x00,0x01,0x00,0x00,0x00,0x01,0x00,0x00,0x00,0x01,0x00,0x00,0x00,0x01,0x00,0x00,0x00,0x01,0x00,0x00,0x00,0x01,
0x00,0x00,0x00,0x01,0x00,0x00,0x00,0x01,0x00,0x00,0x00,0x00,0x00,0x00,0x00,0x00,0x00,0x00,0x00,0x00,0x00,0x00,0x00,0x00,0x00,0x00,0x00,0x00,0x00,0x00,0x00,0x00,
0x00,0x00,0x00,0x00,0x00,0x00,0x00,0x00,0x00,0x00,0x00,0x00,0x00,0x00,0x00,0x00,0x00,0x00,0x00,0x00,0x00,0x00,0x00,0x00,0x00,0x00,0x00,0x00,0x00,0x00,0x00,0x00,
0x00,0x00,0x00,0x00,0x00,0x00,0x00,0x00,0x00,0x00,0x00,0x00,0x00,0x00,0x00,0x00,0x00,0x00,0x00,0x00,0x00,0x00,0x00,0x00,0x00,0x00,0x00,0x00,0x00,0x00,0x00,0x00,
0x00,0x00,0x00,0x00,0x00,0x00,0x00,0x00,0x00,0x00,0x00,0x00,0x00,0x00,0x00,0x00,0x55,0x55,0x55,0x03,0x55,0x55,0x55,0x03,0x00,0x00,0x00,0x01,0x00,0x00,0x00,0x00,
0x00,0x00,0x00,0x00,0x00,0x00,0x00,0x00,0x00,0x00,0x00,0x00,0x00,0x00,0x00,0x00,0x00,0x00,0x00,0x00,0x00,0x00,0x00,0x00,0x00,0x00,0x00,0x00,0x00,0x00,0x00,0x00,
0x00,0x00,0x00,0x00,0x00,0x00,0x00,0x00,0x00,0x00,0x00,0x00,0x00,0x00,0x00,0x00,0x00,0x00,0x00,0x00,0x00,0x00,0x00,0x00,0x00,0x00,0x00,0x00,0x00,0x00,0x00,0x00,
0x00,0x00,0x00,0x00,0x00,0x00,0x00,0x00,0x00,0x00,0x00,0x00,0x00,0x00,0x00,0x00,0x00,0x00,0x00,0x00,0x00,0x00,0x00,0x00,0x00,0x00,0x00,0x00,0x00,0x00,0x00,0x00,
0x00,0x00,0x00,0x00,0x00,0x00,0x00,0x00,0x00,0x00,0x00,0x00,0x00,0x00,0x00,0x00,0x00,0x00,0x00,0x00,0x00,0x00,0x00,0x00,0x00,0x00,0x00,0x00,0x00,0x00,0x00,0x00,
0x00,0x00,0x00,0x00,0x00,0x00,0x00,0x00,0x55,0x55,0x55,0x03,0x55,0x55,0x55,0x03,0x00,0x00,0x00,0x01,0x00,0x00,0x00,0x00,0x00,0x00,0x00,0x00,0x00,0x00,0x00,0x00,
0x00,0x00,0x00,0x00,0x00,0x00,0x00,0x00,0x00,0x00,0x00,0x00,0x00,0x00,0x00,0x00,0x00,0x00,0x00,0x00,0x00,0x00,0x00,0x00,0x00,0x00,0x00,0x00,0x00,0x00,0x00,0x00,
0x00,0x00,0x00,0x00,0x00,0x00,0x00,0x00,0x00,0x00,0x00,0x00,0x00,0x00,0x00,0x00,0x00,0x00,0x00,0x00,0x00,0x00,0x00,0x00,0x00,0x00,0x00,0x00,0x00,0x00,0x00,0x00,
0x00,0x00,0x00,0x00,0x00,0x00,0x00,0x00,0x00,0x00,0x00,0x01,0xff,0x00,0x00,0x01,0x00,0x00,0x00,0x00,0x00,0x00,0x00,0x00,0x00,0x00,0x00,0x00,0x5f,0x4f,0x3f,0x10,
0x5f,0x3f,0x3f,0x10,0x5a,0x3c,0x3c,0x11,0x5a,0x3c,0x3c,0x11,0x5a,0x3c,0x3c,0x11,0x5a,0x3c,0x3c,0x11,0x5a,0x3c,0x3c,0x11,0x5a,0x3c,0x3c,0x11,0x5a,0x3c,0x3c,0x11,
0x5a,0x3c,0x3c,0x11,0x5a,0x3c,0x3c,0x11,0x5a,0x3c,0x3c,0x11,0x5a,0x3c,0x3c,0x11,0x5a,0x3c,0x3c,0x11,0x5a,0x3c,0x3c,0x11,0x5a,0x3c,0x3c,0x11,0x5a,0x3c,0x3c,0x11,
0x5a,0x3c,0x3c,0x11,0x5a,0x3c,0x3c,0x11,0x5a,0x3c,0x3c,0x11,0x5a,0x3c,0x3c,0x11,0x5a,0x3c,0x3c,0x11,0x5a,0x3c,0x3c,0x11,0x5a,0x3c,0x3c,0x11,0x5a,0x3c,0x3c,0x11,
0x5a,0x3c,0x3c,0x11,0x5a,0x3c,0x3c,0x11,0x5a,0x3c,0x3c,0x11,0x5a,0x3c,0x3c,0x11,0x5a,0x3c,0x3c,0x11,0x5a,0x3c,0x3c,0x11,0x5a,0x3c,0x3c,0x11,0x5f,0x3f,0x3f,0x10,
0x6f,0x4f,0x3f,0x10,0x55,0x55,0x55,0x03,0x00,0x00,0x00,0x00,0x00,0x00,0x00,0x00,0x00,0x00,0x00,0x00,0x7f,0x7f,0x00,0x02,0x00,0x00,0x00,0x00,0x00,0x00,0x00,0x00,
0x00,0x00,0x00,0x00,0x00,0x00,0x00,0x00,0x00,0x00,0x00,0x00,0x00,0x00,0x00,0x00,0x00,0x00,0x00,0x00,0x00,0x00,0x00,0x00,0x00,0x00,0x00,0x00,0x00,0x00,0x00,0x00,
0x00,0x00,0x00,0x00,0x00,0x00,0x00,0x00,0x00,0x00,0x00,0x00,0x00,0x00,0x00,0x00,0x00,0x00,0x00,0x00,0x00,0x00,0x00,0x00,0x00,0x00,0x00,0x00,0x00,0x00,0x00,0x00,
0x00,0x00,0x00,0x00,0x7f,0x7f,0x7f,0x02,0x00,0x00,0x00,0x00,0x00,0x00,0x00,0x00,0x5c,0x46,0x3b,0x45,0x5f,0x45,0x3a,0x9e,0x5c,0x44,0x39,0xc9,0x5b,0x43,0x38,0xee,
0x5b,0x42,0x37,0xee,0x5b,0x43,0x37,0xee,0x5b,0x43,0x37,0xee,0x5b,0x43,0x37,0xee,0x5b,0x43,0x37,0xee,0x5b,0x43,0x37,0xee,0x5b,0x43,0x37,0xee,0x5b,0x43,0x37,0xee,
0x5b,0x43,0x37,0xee,0x5b,0x43,0x37,0xee,0x5b,0x43,0x37,0xee,0x5b,0x43,0x37,0xee,0x5b,0x43,0x37,0xee,0x5b,0x43,0x37,0xee,0x5b,0x43,0x37,0xee,0x5b,0x43,0x37,0xee,
0x5b,0x43,0x37,0xee,0x5b,0x43,0x37,0xee,0x5b,0x43,0x37,0xee,0x5b,0x43,0x37,0xee,0x5b,0x43,0x37,0xee,0x5b,0x43,0x37,0xee,0x5b,0x43,0x37,0xee,0x5b,0x43,0x37,0xee,
0x5b,0x43,0x37,0xee,0x5b,0x43,0x37,0xee,0x5b,0x43,0x37,0xee,0x5b,0x43,0x37,0xee,0x5b,0x43,0x37,0xee,0x5b,0x43,0x37,0xee,0x5b,0x43,0x37,0xee,0x5b,0x42,0x37,0xee,
0x5c,0x43,0x38,0xee,0x5c,0x44,0x38,0xd5,0x5e,0x45,0x39,0xad,0x5e,0x46,0x38,0x5e,0x55,0x2a,0x2a,0x06,0x00,0x00,0x00,0x00,0x55,0x55,0x55,0x03,0x00,0x00,0x00,0x00,
0x00,0x00,0x00,0x00,0x00,0x00,0x00,0x00,0x00,0x00,0x00,0x00,0x00,0x00,0x00,0x00,0x00,0x00,0x00,0x00,0x00,0x00,0x00,0x00,0x00,0x00,0x00,0x00,0x00,0x00,0x00,0x00,
0x00,0x00,0x00,0x00,0x00,0x00,0x00,0x00,0x00,0x00,0x00,0x00,0x00,0x00,0x00,0x00,0x00,0x00,0x00,0x00,0x00,0x00,0x00,0x00,0x00,0x00,0x00,0x00,0x00,0x00,0x00,0x00,
0x7f,0x7f,0x7f,0x02,0x00,0x00,0x00,0x00,0x58,0x3a,0x31,0x1a,0x5c,0x44,0x39,0xb6,0x5f,0x46,0x3b,0xff,0x61,0x47,0x3c,0xff,0x5f,0x46,0x3a,0xff,0x5c,0x44,0x39,0xff,
0x5d,0x44,0x39,0xff,0x5d,0x44,0x39,0xff,0x5d,0x44,0x39,0xff,0x5d,0x44,0x39,0xff,0x5d,0x44,0x39,0xff,0x5d,0x44,0x39,0xff,0x5d,0x44,0x39,0xff,0x5d,0x44,0x39,0xff,
0x5d,0x44,0x39,0xff,0x5d,0x44,0x39,0xff,0x5d,0x44,0x39,0xff,0x5d,0x44,0x39,0xff,0x5d,0x44,0x39,0xff,0x5d,0x44,0x39,0xff,0x5d,0x44,0x39,0xff,0x5d,0x44,0x39,0xff,
0x5d,0x44,0x39,0xff,0x5d,0x44,0x39,0xff,0x5d,0x44,0x39,0xff,0x5d,0x44,0x39,0xff,0x5d,0x44,0x39,0xff,0x5d,0x44,0x39,0xff,0x5d,0x44,0x39,0xff,0x5d,0x44,0x39,0xff,
0x5d,0x44,0x39,0xff,0x5d,0x44,0x39,0xff,0x5d,0x44,0x39,0xff,0x5d,0x44,0x39,0xff,0x5d,0x44,0x39,0xff,0x5d,0x44,0x39,0xff,0x5d,0x44,0x39,0xff,0x5d,0x44,0x39,0xff,
0x5c,0x44,0x39,0xff,0x5e,0x45,0x3a,0xff,0x60,0x47,0x3b,0xff,0x61,0x47,0x3b,0xff,0x5d,0x45,0x39,0xd4,0x5a,0x40,0x38,0x3b,0x00,0x00,0x00,0x00,0x55,0x55,0x55,0x03,
0x00,0x00,0x00,0x00,0x00,0x00,0x00,0x00,0x00,0x00,0x00,0x00,0x00,0x00,0x00,0x00,0x00,0x00,0x00,0x00,0x00,0x00,0x00,0x00,0x00,0x00,0x00,0x00,0x00,0x00,0x00,0x00,
0x00,0x00,0x00,0x00,0x00,0x00,0x00,0x00,0x00,0x00,0x00,0x00,0x00,0x00,0x00,0x00,0x00,0x00,0x00,0x00,0x00,0x00,0x00,0x00,0x00,0x00,0x00,0x00,0x7f,0x7f,0x7f,0x02,
0x00,0x00,0x00,0x00,0x59,0x42,0x38,0x36,0x5e,0x45,0x39,0xe6,0x61,0x47,0x3b,0xff,0x5a,0x42,0x37,0xfd,0x5b,0x43,0x37,0xfb,0x5b,0x43,0x38,0xfd,0x5b,0x44,0x39,0xfe,
0x5b,0x43,0x39,0xfe,0x5b,0x43,0x39,0xfe,0x5b,0x43,0x39,0xfe,0x5b,0x43,0x39,0xfe,0x5b,0x44,0x39,0xfe,0x5b,0x43,0x39,0xfe,0x5b,0x43,0x38,0xfe,0x5b,0x43,0x38,0xfe,
0x5b,0x43,0x38,0xfe,0x5b,0x43,0x38,0xfe,0x5b,0x43,0x38,0xfe,0x5b,0x43,0x38,0xfe,0x5b,0x43,0x38,0xfe,0x5b,0x44,0x39,0xfe,0x5b,0x43,0x39,0xfe,0x5b,0x43,0x39,0xfe,
0x5b,0x43,0x39,0xfe,0x5b,0x43,0x39,0xfe,0x5b,0x44,0x39,0xfe,0x5b,0x43,0x39,0xfe,0x5b,0x43,0x38,0xfe,0x5b,0x43,0x38,0xfe,0x5b,0x43,0x38,0xfe,0x5b,0x43,0x38,0xfe,
0x5b,0x43,0x38,0xfe,0x5b,0x43,0x38,0xfe,0x5b,0x43,0x38,0xfe,0x5b,0x44,0x39,0xfe,0x5b,0x43,0x39,0xfe,0x5b,0x43,0x39,0xfe,0x5b,0x43,0x39,0xfe,0x5b,0x43,0x39,0xfe,
0x5b,0x44,0x39,0xfe,0x5b,0x43,0x38,0xfd,0x5b,0x42,0x37,0xfc,0x5a,0x43,0x37,0xfb,0x5f,0x45,0x3a,0xff,0x5f,0x46,0x39,0xfb,0x5a,0x41,0x37,0x65,0x00,0x00,0x00,0x00,
0x55,0x55,0x55,0x03,0x00,0x00,0x00,0x00,0x00,0x00,0x00,0x00,0x00,0x00,0x00,0x00,0x00,0x00,0x00,0x00,0x00,0x00,0x00,0x00,0x00,0x00,0x00,0x00,0x00,0x00,0x00,0x00,
0x00,0x00,0x00,0x00,0x00,0x00,0x00,0x00,0x00,0x00,0x00,0x00,0x00,0x00,0x00,0x00,0x00,0x00,0x00,0x00,0x00,0x00,0x00,0x00,0x00,0x00,0x00,0x02,0xff,0x00,0x00,0x01,
0x55,0x3f,0x35,0x18,0x5d,0x44,0x38,0xe9,0x5f,0x46,0x3a,0xff,0x5a,0x43,0x37,0xfb,0x5b,0x43,0x38,0xff,0x5d,0x46,0x3b,0xff,0x59,0x41,0x36,0xff,0x58,0x40,0x35,0xff,
0x59,0x40,0x35,0xff,0x58,0x40,0x35,0xff,0x58,0x40,0x35,0xff,0x59,0x40,0x35,0xff,0x58,0x40,0x35,0xff,0x59,0x40,0x35,0xff,0x5d,0x45,0x3a,0xff,0x5c,0x44,0x39,0xff,
0x5b,0x43,0x38,0xff,0x5b,0x43,0x38,0xff,0x5b,0x43,0x38,0xff,0x5d,0x46,0x3b,0xff,0x59,0x41,0x36,0xff,0x58,0x40,0x35,0xff,0x59,0x40,0x35,0xff,0x58,0x40,0x35,0xff,
0x58,0x40,0x35,0xff,0x59,0x40,0x35,0xff,0x58,0x40,0x35,0xff,0x59,0x40,0x35,0xff,0x5d,0x45,0x3a,0xff,0x5c,0x44,0x39,0xff,0x5b,0x43,0x38,0xff,0x5b,0x43,0x38,0xff,
0x5b,0x43,0x38,0xff,0x5d,0x46,0x3b,0xff,0x59,0x41,0x36,0xff,0x58,0x40,0x35,0xff,0x59,0x40,0x35,0xff,0x58,0x40,0x35,0xff,0x58,0x40,0x35,0xff,0x59,0x40,0x35,0xff,
0x58,0x40,0x35,0xff,0x59,0x40,0x35,0xff,0x5d,0x45,0x3a,0xff,0x5c,0x44,0x39,0xff,0x5b,0x42,0x37,0xfc,0x5c,0x43,0x38,0xfe,0x60,0x47,0x3b,0xff,0x58,0x42,0x37,0x45,
0x00,0x00,0x00,0x00,0x55,0x55,0x55,0x03,0x00,0x00,0x00,0x00,0x00,0x00,0x00,0x00,0x00,0x00,0x00,0x00,0x00,0x00,0x00,0x00,0x00,0x00,0x00,0x00,0x00,0x00,0x00,0x00,
0x00,0x00,0x00,0x00,0x00,0x00,0x00,0x00,0x00,0x00,0x00,0x00,0x00,0x00,0x00,0x00,0x00,0x00,0x00,0x00,0x00,0x00,0x00,0x00,0x7f,0x7f,0x7f,0x02,0x00,0x00,0x00,0x00,
0x5a,0x43,0x37,0xb9,0x61,0x47,0x3c,0xff,0x5a,0x42,0x37,0xfb,0x5b,0x43,0x38,0xff,0x5b,0x43,0x38,0xff,0x51,0x37,0x2b,0xff,0x60,0x4a,0x3f,0xff,0x66,0x50,0x45,0xff,
0x64,0x4e,0x45,0xff,0x65,0x4f,0x45,0xff,0x65,0x4f,0x45,0xff,0x64,0x4f,0x45,0xff,0x65,0x4f,0x45,0xff,0x64,0x4e,0x44,0xff,0x53,0x39,0x2e,0xff,0x58,0x40,0x34,0xff,
0x5c,0x44,0x39,0xff,0x5b,0x43,0x38,0xff,0x5b,0x43,0x38,0xff,0x51,0x37,0x2b,0xff,0x60,0x4a,0x3f,0xff,0x66,0x50,0x45,0xff,0x64,0x4e,0x45,0xff,0x65,0x4f,0x45,0xff,
0x65,0x4f,0x45,0xff,0x64,0x4f,0x45,0xff,0x65,0x4f,0x45,0xff,0x64,0x4e,0x44,0xff,0x53,0x39,0x2e,0xff,0x58,0x40,0x34,0xff,0x5c,0x44,0x39,0xff,0x5b,0x43,0x38,0xff,
0x5b,0x43,0x38,0xff,0x51,0x37,0x2b,0xff,0x60,0x4a,0x3f,0xff,0x66,0x50,0x45,0xff,0x64,0x4e,0x45,0xff,0x65,0x4f,0x45,0xff,0x65,0x4f,0x45,0xff,0x64,0x4f,0x45,0xff,
0x65,0x4f,0x45,0xff,0x64,0x4e,0x44,0xff,0x53,0x39,0x2e,0xff,0x58,0x40,0x34,0xff,0x5c,0x44,0x39,0xff,0x5a,0x42,0x37,0xfd,0x5d,0x44,0x39,0xfe,0x5c,0x44,0x39,0xe8,
0x59,0x3f,0x33,0x14,0xff,0x00,0x00,0x01,0x00,0x00,0x00,0x01,0x00,0x00,0x00,0x00,0x00,0x00,0x00,0x00,0x00,0x00,0x00,0x00,0x00,0x00,0x00,0x00,0x00,0x00,0x00,0x00,
0x00,0x00,0x00,0x00,0x00,0x00,0x00,0x00,0x00,0x00,0x00,0x00,0x00,0x00,0x00,0x00,0x00,0x00,0x00,0x00,0x55,0x55,0x55,0x03,0x00,0x00,0x00,0x00,0x58,0x41,0x36,0x42,
0x5f,0x46,0x3b,0xff,0x5b,0x42,0x37,0xfc,0x5b,0x43,0x38,0xff,0x5b,0x43,0x38,0xff,0x59,0x40,0x35,0xff,0xa2,0x9a,0x97,0xff,0xe2,0xe7,0xe8,0xff,0xe6,0xec,0xf1,0xff,
0xe5,0xeb,0xf2,0xff,0xe5,0xeb,0xf2,0xff,0xe5,0xeb,0xf2,0xff,0xe5,0xeb,0xf2,0xff,0xe5,0xeb,0xf1,0xff,0xe6,0xeb,0xef,0xff,0xb9,0xb5,0xb3,0xff,0x63,0x4d,0x43,0xff,
0x59,0x40,0x34,0xff,0x5c,0x44,0x39,0xff,0x59,0x40,0x35,0xff,0xa2,0x9a,0x97,0xff,0xe2,0xe7,0xe8,0xff,0xe6,0xec,0xf1,0xff,0xe5,0xeb,0xf2,0xff,0xe5,0xeb,0xf2,0xff,
0xe5,0xeb,0xf2,0xff,0xe5,0xeb,0xf2,0xff,0xe5,0xeb,0xf1,0xff,0xe6,0xeb,0xef,0xff,0xb9,0xb5,0xb3,0xff,0x63,0x4d,0x43,0xff,0x59,0x40,0x34,0xff,0x5c,0x44,0x39,0xff,
0x59,0x40,0x35,0xff,0xa2,0x9a,0x97,0xff,0xe2,0xe7,0xe8,0xff,0xe6,0xec,0xf1,0xff,0xe5,0xeb,0xf2,0xff,0xe5,0xeb,0xf2,0xff,0xe5,0xeb,0xf2,0xff,0xe5,0xeb,0xf2,0xff,
0xe5,0xeb,0xf1,0xff,0xe6,0xeb,0xef,0xff,0xb9,0xb5,0xb3,0xff,0x63,0x4d,0x43,0xff,0x58,0x3f,0x34,0xff,0x5c,0x44,0x39,0xff,0x5a,0x43,0x37,0xfb,0x62,0x48,0x3c,0xff,
0x5c,0x44,0x38,0x7f,0x00,0x00,0x00,0x00,0x7f,0x3f,0x3f,0x04,0x00,0x00,0x00,0x00,0x00,0x00,0x00,0x00,0x00,0x00,0x00,0x00,0x00,0x00,0x00,0x00,0x00,0x00,0x00,0x00,
0x00,0x00,0x00,0x00,0x00,0x00,0x00,0x00,0x00,0x00,0x00,0x00,0x00,0x00,0x00,0x00,0x00,0x00,0x00,0x00,0xaa,0x55,0x55,0x03,0x00,0x00,0x00,0x00,0x5b,0x43,0x38,0xa2,
0x61,0x48,0x3c,0xfe,0x5a,0x43,0x37,0xfb,0x5d,0x46,0x3b,0xff,0x51,0x37,0x2b,0xff,0xa2,0x9a,0x98,0xff,0xff,0xff,0xff,0xff,0xf1,0xfa,0xff,0xff,0xf1,0xfa,0xff,0xff,
0xf2,0xfa,0xff,0xff,0xf2,0xfa,0xff,0xff,0xf2,0xfa,0xff,0xff,0xf2,0xfa,0xff,0xff,0xf1,0xfa,0xff,0xff,0xf0,0xf8,0xff,0xff,0xff,0xff,0xff,0xff,0xc6,0xc6,0xc9,0xff,
0x58,0x3f,0x34,0xff,0x52,0x38,0x2d,0xff,0xa3,0x9a,0x98,0xff,0xff,0xff,0xff,0xff,0xf1,0xfa,0xff,0xff,0xf1,0xfa,0xff,0xff,0xf2,0xfa,0xff,0xff,0xf2,0xfa,0xff,0xff,
0xf2,0xfa,0xff,0xff,0xf2,0xfa,0xff,0xff,0xf1,0xfa,0xff,0xff,0xf0,0xf8,0xff,0xff,0xff,0xff,0xff,0xff,0xc6,0xc6,0xc9,0xff,0x58,0x3f,0x34,0xff,0x52,0x38,0x2d,0xff,
0xa3,0x9a,0x98,0xff,0xff,0xff,0xff,0xff,0xf1,0xfa,0xff,0xff,0xf1,0xfa,0xff,0xff,0xf2,0xfa,0xff,0xff,0xf2,0xfa,0xff,0xff,0xf2,0xfa,0xff,0xff,0xf2,0xfa,0xff,0xff,
0xf1,0xfa,0xff,0xff,0xf0,0xf8,0xff,0xff,0xff,0xff,0xff,0xff,0xc6,0xc6,0xc9,0xff,0x56,0x3d,0x31,0xff,0x5c,0x44,0x39,0xff,0x5a,0x42,0x38,0xfd,0x5e,0x45,0x3a,0xfe,
0x5a,0x43,0x37,0xdb,0x55,0x2a,0x2a,0x06,0x00,0x00,0x00,0x01,0x00,0x00,0x00,0x00,0x00,0x00,0x00,0x00,0x00,0x00,0x00,0x00,0x00,0x00,0x00,0x00,0x00,0x00,0x00,0x00,
0x00,0x00,0x00,0x00,0x00,0x00,0x00,0x00,0x00,0x00,0x00,0x00,0x00,0x00,0x00,0x00,0x00,0x00,0x00,0x00,0xff,0xff,0xff,0x01,0x7f,0x3f,0x3f,0x04,0x5b,0x42,0x37,0xce,
0x5f,0x46,0x3a,0xff,0x5b,0x43,0x38,0xfd,0x59,0x41,0x36,0xff,0x61,0x4a,0x3f,0xff,0xe2,0xe7,0xee,0xff,0xf2,0xf9,0xfd,0xff,0xed,0xf4,0xfc,0xff,0xee,0xf6,0xfe,0xff,
0xee,0xf6,0xfe,0xff,0xee,0xf6,0xfe,0xff,0xee,0xf6,0xfe,0xff,0xee,0xf6,0xfe,0xff,0xee,0xf6,0xfe,0xff,0xee,0xf6,0xfe,0xff,0xed,0xf4,0xfb,0xff,0xf5,0xfe,0xff,0xff,
0x79,0x68,0x61,0xff,0x5a,0x41,0x36,0xff,0xe4,0xea,0xf0,0xff,0xf2,0xf9,0xfd,0xff,0xed,0xf4,0xfc,0xff,0xee,0xf6,0xfe,0xff,0xee,0xf6,0xfe,0xff,0xee,0xf6,0xfe,0xff,
0xee,0xf6,0xfe,0xff,0xee,0xf6,0xfe,0xff,0xee,0xf6,0xfe,0xff,0xee,0xf6,0xfe,0xff,0xed,0xf4,0xfb,0xff,0xf5,0xfe,0xff,0xff,0x79,0x68,0x61,0xff,0x5a,0x41,0x36,0xff,
0xe4,0xea,0xf0,0xff,0xf2,0xf9,0xfd,0xff,0xed,0xf4,0xfc,0xff,0xee,0xf6,0xfe,0xff,0xee,0xf6,0xfe,0xff,0xee,0xf6,0xfe,0xff,0xee,0xf6,0xfe,0xff,0xee,0xf6,0xfe,0xff,
0xee,0xf6,0xfe,0xff,0xee,0xf6,0xfe,0xff,0xed,0xf4,0xfb,0xff,0xf5,0xfe,0xff,0xff,0x7b,0x6a,0x63,0xff,0x54,0x3b,0x2f,0xff,0x5c,0x45,0x3a,0xfe,0x5c,0x43,0x38,0xfe,
0x5b,0x43,0x38,0xf5,0x5a,0x41,0x39,0x1f,0x00,0x00,0x00,0x00,0x00,0x00,0x00,0x02,0x00,0x00,0x00,0x00,0x00,0x00,0x00,0x00,0x00,0x00,0x00,0x00,0x00,0x00,0x00,0x00,
0x00,0x00,0x00,0x00,0x00,0x00,0x00,0x00,0x00,0x00,0x00,0x00,0x00,0x00,0x00,0x00,0x00,0x00,0x00,0x01,0x00,0x00,0x00,0x00,0x55,0x38,0x38,0x12,0x5a,0x43,0x37,0xef,
0x5d,0x44,0x39,0xff,0x5b,0x43,0x39,0xfe,0x58,0x40,0x35,0xff,0x66,0x50,0x46,0xff,0xe6,0xec,0xf3,0xff,0xf2,0xfa,0xff,0xff,0xee,0xf6,0xfe,0xff,0xef,0xf7,0xff,0xff,
0xef,0xf7,0xff,0xff,0xef,0xf7,0xff,0xff,0xef,0xf7,0xff,0xff,0xef,0xf7,0xff,0xff,0xef,0xf7,0xff,0xff,0xef,0xf7,0xff,0xff,0xee,0xf5,0xfd,0xff,0xf6,0xff,0xff,0xff,
0x7f,0x6f,0x6a,0xff,0x5e,0x46,0x3b,0xff,0xe8,0xef,0xf6,0xff,0xf2,0xfa,0xff,0xff,0xee,0xf6,0xfe,0xff,0xef,0xf7,0xff,0xff,0xef,0xf7,0xff,0xff,0xef,0xf7,0xff,0xff,
0xef,0xf7,0xff,0xff,0xef,0xf7,0xff,0xff,0xef,0xf7,0xff,0xff,0xef,0xf7,0xff,0xff,0xee,0xf5,0xfd,0xff,0xf6,0xff,0xff,0xff,0x7f,0x6f,0x6a,0xff,0x5e,0x46,0x3b,0xff,
0xe8,0xef,0xf6,0xff,0xf2,0xfa,0xff,0xff,0xee,0xf6,0xfe,0xff,0xef,0xf7,0xff,0xff,0xef,0xf7,0xff,0xff,0xef,0xf7,0xff,0xff,0xef,0xf7,0xff,0xff,0xef,0xf7,0xff,0xff,
0xef,0xf7,0xff,0xff,0xef,0xf7,0xff,0xff,0xee,0xf5,0xfd,0xff,0xf6,0xff,0xff,0xff,0x82,0x73,0x6d,0xff,0x53,0x39,0x2d,0xff,0x5d,0x45,0x3a,0xff,0x5a,0x42,0x37,0xfd,
0x5f,0x46,0x3b,0xff,0x5b,0x44,0x35,0x43,0x00,0x00,0x00,0x00,0x55,0x55,0x55,0x03,0x00,0x00,0x00,0x00,0x00,0x00,0x00,0x00,0x00,0x00,0x00,0x00,0x00,0x00,0x00,0x00,
0x00,0x00,0x00,0x00,0x00,0x00,0x00,0x00,0x00,0x00,0x00,0x00,0x00,0x00,0x00,0x00,0x00,0x00,0x00,0x01,0x00,0x00,0x00,0x00,0x5a,0x3c,0x3c,0x11,0x5b,0x43,0x37,0xee,
0x5d,0x44,0x39,0xff,0x5b,0x43,0x39,0xfe,0x58,0x40,0x35,0xff,0x65,0x4f,0x45,0xff,0xe5,0xeb,0xf2,0xff,0xf2,0xfa,0xff,0xff,0xee,0xf6,0xfe,0xff,0xef,0xf7,0xff,0xff,
0xef,0xf7,0xff,0xff,0xef,0xf7,0xff,0xff,0xef,0xf7,0xff,0xff,0xef,0xf7,0xff,0xff,0xef,0xf7,0xff,0xff,0xef,0xf7,0xff,0xff,0xee,0xf5,0xfd,0xff,0xf6,0xff,0xff,0xff,
0x7e,0x6e,0x68,0xff,0x5d,0x45,0x3a,0xff,0xe7,0xee,0xf4,0xff,0xf2,0xfa,0xff,0xff,0xee,0xf6,0xfe,0xff,0xef,0xf7,0xff,0xff,0xef,0xf7,0xff,0xff,0xef,0xf7,0xff,0xff,
0xef,0xf7,0xff,0xff,0xef,0xf7,0xff,0xff,0xef,0xf7,0xff,0xff,0xef,0xf7,0xff,0xff,0xee,0xf5,0xfd,0xff,0xf6,0xff,0xff,0xff,0x7e,0x6e,0x68,0xff,0x5d,0x45,0x3a,0xff,
0xe7,0xee,0xf4,0xff,0xf2,0xfa,0xff,0xff,0xee,0xf6,0xfe,0xff,0xef,0xf7,0xff,0xff,0xef,0xf7,0xff,0xff,0xef,0xf7,0xff,0xff,0xef,0xf7,0xff,0xff,0xef,0xf7,0xff,0xff,
0xef,0xf7,0xff,0xff,0xef,0xf7,0xff,0xff,0xee,0xf5,0xfd,0xff,0xf6,0xff,0xff,0xff,0x81,0x71,0x6b,0xff,0x53,0x39,0x2d,0xff,0x5d,0x45,0x3a,0xff,0x5a,0x42,0x37,0xfd,
0x5f,0x46,0x3b,0xff,0x5a,0x42,0x36,0x41,0x00,0x00,0x00,0x00,0x55,0x55,0x55,0x03,0x00,0x00,0x00,0x00,0x00,0x00,0x00,0x00,0x00,0x00,0x00,0x00,0x00,0x00,0x00,0x00,
0x00,0x00,0x00,0x00,0x00,0x00,0x00,0x00,0x00,0x00,0x00,0x00,0x00,0x00,0x00,0x00,0x00,0x00,0x00,0x01,0x00,0x00,0x00,0x00,0x5a,0x3c,0x3c,0x11,0x5b,0x43,0x37,0xee,
0x5d,0x44,0x39,0xff,0x5b,0x43,0x39,0xfe,0x58,0x40,0x35,0xff,0x65,0x4f,0x45,0xff,0xe5,0xeb,0xf2,0xff,0xf2,0xfa,0xff,0xff,0xee,0xf6,0xfe,0xff,0xef,0xf7,0xff,0xff,
0xef,0xf7,0xff,0xff,0xef,0xf7,0xff,0xff,0xef,0xf7,0xff,0xff,0xef,0xf7,0xff,0xff,0xef,0xf7,0xff,0xff,0xef,0xf7,0xff,0xff,0xee,0xf5,0xfd,0xff,0xf6,0xff,0xff,0xff,
0x7e,0x6e,0x68,0xff,0x5d,0x45,0x3a,0xff,0xe7,0xee,0xf5,0xff,0xf2,0xfa,0xff,0xff,0xee,0xf6,0xfe,0xff,0xef,0xf7,0xff,0xff,0xef,0xf7,0xff,0xff,0xef,0xf7,0xff,0xff,
0xef,0xf7,0xff,0xff,0xef,0xf7,0xff,0xff,0xef,0xf7,0xff,0xff,0xef,0xf7,0xff,0xff,0xee,0xf5,0xfd,0xff,0xf6,0xff,0xff,0xff,0x7e,0x6e,0x68,0xff,0x5d,0x45,0x3a,0xff,
0xe7,0xee,0xf5,0xff,0xf2,0xfa,0xff,0xff,0xee,0xf6,0xfe,0xff,0xef,0xf7,0xff,0xff,0xef,0xf7,0xff,0xff,0xef,0xf7,0xff,0xff,0xef,0xf7,0xff,0xff,0xef,0xf7,0xff,0xff,
0xef,0xf7,0xff,0xff,0xef,0xf7,0xff,0xff,0xee,0xf5,0xfd,0xff,0xf6,0xff,0xff,0xff,0x81,0x71,0x6b,0xff,0x53,0x39,0x2d,0xff,0x5d,0x45,0x3a,0xff,0x5a,0x42,0x37,0xfd,
0x5f,0x46,0x3b,0xff,0x5a,0x42,0x36,0x41,0x00,0x00,0x00,0x00,0x55,0x55,0x55,0x03,0x00,0x00,0x00,0x00,0x00,0x00,0x00,0x00,0x00,0x00,0x00,0x00,0x00,0x00,0x00,0x00,
0x00,0x00,0x00,0x00,0x00,0x00,0x00,0x00,0x00,0x00,0x00,0x00,0x00,0x00,0x00,0x00,0x00,0x00,0x00,0x01,0x00,0x00,0x00,0x00,0x5a,0x3c,0x3c,0x11,0x5b,0x43,0x37,0xee,
0x5d,0x44,0x39,0xff,0x5b,0x43,0x39,0xfe,0x58,0x40,0x35,0xff,0x65,0x4f,0x45,0xff,0xe5,0xeb,0xf2,0xff,0xf2,0xfa,0xff,0xff,0xee,0xf6,0xfe,0xff,0xef,0xf7,0xff,0xff,
0xef,0xf7,0xff,0xff,0xef,0xf7,0xff,0xff,0xef,0xf7,0xff,0xff,0xef,0xf7,0xff,0xff,0xef,0xf7,0xff,0xff,0xef,0xf7,0xff,0xff,0xee,0xf5,0xfd,0xff,0xf6,0xff,0xff,0xff,
0x7e,0x6e,0x68,0xff,0x5d,0x45,0x3a,0xff,0xe7,0xee,0xf5,0xff,0xf2,0xfa,0xff,0xff,0xee,0xf6,0xfe,0xff,0xef,0xf7,0xff,0xff,0xef,0xf7,0xff,0xff,0xef,0xf7,0xff,0xff,
0xef,0xf7,0xff,0xff,0xef,0xf7,0xff,0xff,0xef,0xf7,0xff,0xff,0xef,0xf7,0xff,0xff,0xee,0xf5,0xfd,0xff,0xf6,0xff,0xff,0xff,0x7e,0x6e,0x68,0xff,0x5d,0x45,0x3a,0xff,
0xe7,0xee,0xf5,0xff,0xf2,0xfa,0xff,0xff,0xee,0xf6,0xfe,0xff,0xef,0xf7,0xff,0xff,0xef,0xf7,0xff,0xff,0xef,0xf7,0xff,0xff,0xef,0xf7,0xff,0xff,0xef,0xf7,0xff,0xff,
0xef,0xf7,0xff,0xff,0xef,0xf7,0xff,0xff,0xee,0xf5,0xfd,0xff,0xf6,0xff,0xff,0xff,0x81,0x71,0x6b,0xff,0x53,0x39,0x2d,0xff,0x5d,0x45,0x3a,0xff,0x5a,0x42,0x37,0xfd,
0x5f,0x46,0x3b,0xff,0x5a,0x42,0x36,0x41,0x00,0x00,0x00,0x00,0x55,0x55,0x55,0x03,0x00,0x00,0x00,0x00,0x00,0x00,0x00,0x00,0x00,0x00,0x00,0x00,0x00,0x00,0x00,0x00,
0x00,0x00,0x00,0x00,0x00,0x00,0x00,0x00,0x00,0x00,0x00,0x00,0x00,0x00,0x00,0x00,0x00,0x00,0x00,0x01,0x00,0x00,0x00,0x00,0x5a,0x3c,0x3c,0x11,0x5b,0x43,0x37,0xee,
0x5d,0x44,0x39,0xff,0x5b,0x43,0x39,0xfe,0x58,0x40,0x35,0xff,0x65,0x4f,0x45,0xff,0xe5,0xeb,0xf2,0xff,0xf2,0xfa,0xff,0xff,0xee,0xf6,0xfe,0xff,0xef,0xf7,0xff,0xff,
0xef,0xf7,0xff,0xff,0xef,0xf7,0xff,0xff,0xef,0xf7,0xff,0xff,0xef,0xf7,0xff,0xff,0xef,0xf7,0xff,0xff,0xef,0xf7,0xff,0xff,0xee,0xf5,0xfd,0xff,0xf6,0xff,0xff,0xff,
0x7e,0x6e,0x68,0xff,0x5d,0x45,0x3a,0xff,0xe7,0xee,0xf5,0xff,0xf2,0xfa,0xff,0xff,0xee,0xf6,0xfe,0xff,0xef,0xf7,0xff,0xff,0xef,0xf7,0xff,0xff,0xef,0xf7,0xff,0xff,
0xef,0xf7,0xff,0xff,0xef,0xf7,0xff,0xff,0xef,0xf7,0xff,0xff,0xef,0xf7,0xff,0xff,0xee,0xf5,0xfd,0xff,0xf6,0xff,0xff,0xff,0x7e,0x6e,0x68,0xff,0x5d,0x45,0x3a,0xff,
0xe7,0xee,0xf5,0xff,0xf2,0xfa,0xff,0xff,0xee,0xf6,0xfe,0xff,0xef,0xf7,0xff,0xff,0xef,0xf7,0xff,0xff,0xef,0xf7,0xff,0xff,0xef,0xf7,0xff,0xff,0xef,0xf7,0xff,0xff,
0xef,0xf7,0xff,0xff,0xef,0xf7,0xff,0xff,0xee,0xf5,0xfd,0xff,0xf6,0xff,0xff,0xff,0x81,0x71,0x6b,0xff,0x53,0x39,0x2d,0xff,0x5d,0x45,0x3a,0xff,0x5a,0x42,0x37,0xfd,
0x5f,0x46,0x3b,0xff,0x5a,0x42,0x36,0x41,0x00,0x00,0x00,0x00,0x55,0x55,0x55,0x03,0x00,0x00,0x00,0x00,0x00,0x00,0x00,0x00,0x00,0x00,0x00,0x00,0x00,0x00,0x00,0x00,
0x00,0x00,0x00,0x00,0x00,0x00,0x00,0x00,0x00,0x00,0x00,0x00,0x00,0x00,0x00,0x00,0x00,0x00,0x00,0x01,0x00,0x00,0x00,0x00,0x5a,0x3c,0x3c,0x11,0x5b,0x43,0x37,0xee,
0x5d,0x44,0x39,0xff,0x5b,0x43,0x39,0xfe,0x58,0x40,0x35,0xff,0x65,0x4f,0x45,0xff,0xe5,0xeb,0xf2,0xff,0xf2,0xfa,0xff,0xff,0xee,0xf6,0xfe,0xff,0xef,0xf7,0xff,0xff,
0xef,0xf7,0xff,0xff,0xef,0xf7,0xff,0xff,0xef,0xf7,0xff,0xff,0xef,0xf7,0xff,0xff,0xef,0xf7,0xff,0xff,0xef,0xf7,0xff,0xff,0xee,0xf5,0xfd,0xff,0xf6,0xff,0xfe,0xff,
0x7e,0x6e,0x68,0xff,0x5d,0x45,0x3a,0xff,0xe7,0xee,0xf5,0xff,0xf2,0xfa,0xff,0xff,0xee,0xf6,0xfe,0xff,0xef,0xf7,0xff,0xff,0xef,0xf7,0xff,0xff,0xef,0xf7,0xff,0xff,
0xef,0xf7,0xff,0xff,0xef,0xf7,0xff,0xff,0xef,0xf7,0xff,0xff,0xef,0xf7,0xff,0xff,0xee,0xf5,0xfd,0xff,0xf6,0xff,0xfe,0xff,0x7e,0x6e,0x68,0xff,0x5d,0x45,0x3a,0xff,
0xe7,0xee,0xf5,0xff,0xf2,0xfa,0xff,0xff,0xee,0xf6,0xfe,0xff,0xef,0xf7,0xff,0xff,0xef,0xf7,0xff,0xff,0xef,0xf7,0xff,0xff,0xef,0xf7,0xff,0xff,0xef,0xf7,0xff,0xff,
0xef,0xf7,0xff,0xff,0xef,0xf7,0xff,0xff,0xee,0xf5,0xfd,0xff,0xf6,0xff,0xfe,0xff,0x81,0x71,0x6b,0xff,0x53,0x39,0x2d,0xff,0x5d,0x45,0x3a,0xff,0x5a,0x42,0x37,0xfd,
0x5f,0x46,0x3b,0xff,0x5a,0x42,0x36,0x41,0x00,0x00,0x00,0x00,0x55,0x55,0x55,0x03,0x00,0x00,0x00,0x00,0x00,0x00,0x00,0x00,0x00,0x00,0x00,0x00,0x00,0x00,0x00,0x00,
0x00,0x00,0x00,0x00,0x00,0x00,0x00,0x00,0x00,0x00,0x00,0x00,0x00,0x00,0x00,0x00,0x00,0x00,0x00,0x01,0x00,0x00,0x00,0x00,0x5a,0x3c,0x3c,0x11,0x5b,0x43,0x37,0xee,
0x5d,0x44,0x39,0xff,0x5b,0x43,0x39,0xfe,0x58,0x40,0x35,0xff,0x64,0x4e,0x44,0xff,0xe6,0xec,0xf3,0xff,0xf0,0xf8,0xfd,0xff,0xee,0xf6,0xfe,0xff,0xef,0xf7,0xff,0xff,
0xef,0xf7,0xff,0xff,0xef,0xf7,0xff,0xff,0xef,0xf7,0xff,0xff,0xef,0xf7,0xff,0xff,0xef,0xf7,0xff,0xff,0xef,0xf7,0xff,0xff,0xec,0xf3,0xfb,0xff,0xf7,0xff,0xff,0xff,
0x7e,0x6e,0x68,0xff,0x5c,0x44,0x39,0xff,0xe8,0xef,0xf6,0xff,0xf0,0xf8,0xfd,0xff,0xee,0xf6,0xfe,0xff,0xef,0xf7,0xff,0xff,0xef,0xf7,0xff,0xff,0xef,0xf7,0xff,0xff,
0xef,0xf7,0xff,0xff,0xef,0xf7,0xff,0xff,0xef,0xf7,0xff,0xff,0xef,0xf7,0xff,0xff,0xec,0xf3,0xfb,0xff,0xf7,0xff,0xff,0xff,0x7e,0x6e,0x68,0xff,0x5c,0x44,0x39,0xff,
0xe8,0xef,0xf6,0xff,0xf0,0xf8,0xfd,0xff,0xee,0xf6,0xfe,0xff,0xef,0xf7,0xff,0xff,0xef,0xf7,0xff,0xff,0xef,0xf7,0xff,0xff,0xef,0xf7,0xff,0xff,0xef,0xf7,0xff,0xff,
0xef,0xf7,0xff,0xff,0xef,0xf7,0xff,0xff,0xec,0xf3,0xfb,0xff,0xf7,0xff,0xff,0xff,0x81,0x71,0x6b,0xff,0x53,0x39,0x2d,0xff,0x5d,0x45,0x3a,0xff,0x5a,0x42,0x37,0xfd,
0x5f,0x46,0x3b,0xff,0x5a,0x42,0x36,0x41,0x00,0x00,0x00,0x00,0x55,0x55,0x55,0x03,0x00,0x00,0x00,0x00,0x00,0x00,0x00,0x00,0x00,0x00,0x00,0x00,0x00,0x00,0x00,0x00,
0x00,0x00,0x00,0x00,0x00,0x00,0x00,0x00,0x00,0x00,0x00,0x00,0x00,0x00,0x00,0x00,0x00,0x00,0x00,0x01,0x00,0x00,0x00,0x00,0x5a,0x3c,0x3c,0x11,0x5b,0x43,0x37,0xee,
0x5d,0x44,0x39,0xff,0x5b,0x43,0x38,0xfe,0x5d,0x45,0x3a,0xff,0x53,0x39,0x2d,0xff,0xb9,0xb5,0xb7,0xff,0xff,0xff,0xff,0xff,0xec,0xf4,0xfc,0xff,0xed,0xf5,0xfd,0xff,
0xee,0xf5,0xfd,0xff,0xee,0xf5,0xfd,0xff,0xee,0xf5,0xfd,0xff,0xee,0xf5,0xfd,0xff,0xee,0xf5,0xfd,0xff,0xec,0xf4,0xfc,0xff,0xfa,0xff,0xff,0xff,0xdb,0xde,0xe3,0xff,
0x5f,0x48,0x3d,0xff,0x52,0x38,0x2c,0xff,0xb9,0xb6,0xb7,0xff,0xff,0xff,0xff,0xff,0xec,0xf4,0xfc,0xff,0xed,0xf5,0xfd,0xff,0xee,0xf5,0xfd,0xff,0xee,0xf5,0xfd,0xff,
0xee,0xf5,0xfd,0xff,0xee,0xf5,0xfd,0xff,0xee,0xf5,0xfd,0xff,0xec,0xf4,0xfc,0xff,0xfa,0xff,0xff,0xff,0xdb,0xde,0xe3,0xff,0x5f,0x48,0x3d,0xff,0x52,0x38,0x2c,0xff,
0xb9,0xb6,0xb7,0xff,0xff,0xff,0xff,0xff,0xec,0xf4,0xfc,0xff,0xed,0xf5,0xfd,0xff,0xee,0xf5,0xfd,0xff,0xee,0xf5,0xfd,0xff,0xee,0xf5,0xfd,0xff,0xee,0xf5,0xfd,0xff,
0xee,0xf5,0xfd,0xff,0xec,0xf4,0xfc,0xff,0xfa,0xff,0xff,0xff,0xdb,0xde,0xe3,0xff,0x5d,0x46,0x3b,0xff,0x5a,0x42,0x37,0xff,0x5c,0x44,0x39,0xff,0x5a,0x42,0x37,0xfd,
0x5f,0x46,0x3b,0xff,0x5a,0x42,0x36,0x41,0x00,0x00,0x00,0x00,0x55,0x55,0x55,0x03,0x00,0x00,0x00,0x00,0x00,0x00,0x00,0x00,0x00,0x00,0x00,0x00,0x00,0x00,0x00,0x00,
0x00,0x00,0x00,0x00,0x00,0x00,0x00,0x00,0x00,0x00,0x00,0x00,0x00,0x00,0x00,0x00,0x00,0x00,0x00,0x01,0x00,0x00,0x00,0x00,0x5a,0x3c,0x3c,0x11,0x5b,0x43,0x37,0xee,
0x5d,0x44,0x39,0xff,0x5b,0x43,0x38,0xfe,0x5c,0x44,0x39,0xff,0x58,0x40,0x34,0xff,0x63,0x4d,0x43,0xff,0xc6,0xc5,0xc5,0xff,0xf6,0xfe,0xff,0xff,0xf6,0xff,0xff,0xff,
0xf6,0xff,0xff,0xff,0xf6,0xff,0xff,0xff,0xf6,0xff,0xff,0xff,0xf6,0xff,0xff,0xff,0xf6,0xff,0xff,0xff,0xf7,0xff,0xff,0xff,0xdb,0xdd,0xde,0xff,0x77,0x65,0x5e,0xff,
0x56,0x3c,0x31,0xff,0x5a,0x41,0x36,0xff,0x63,0x4d,0x43,0xff,0xc6,0xc5,0xc5,0xff,0xf5,0xfe,0xff,0xff,0xf6,0xff,0xff,0xff,0xf6,0xff,0xff,0xff,0xf6,0xff,0xff,0xff,
0xf6,0xff,0xff,0xff,0xf6,0xff,0xff,0xff,0xf6,0xff,0xff,0xff,0xf7,0xff,0xff,0xff,0xdb,0xdd,0xdd,0xff,0x77,0x65,0x5e,0xff,0x56,0x3c,0x30,0xff,0x5a,0x41,0x36,0xff,
0x63,0x4d,0x43,0xff,0xc6,0xc5,0xc5,0xff,0xf6,0xfe,0xff,0xff,0xf6,0xff,0xff,0xff,0xf6,0xff,0xff,0xff,0xf6,0xff,0xff,0xff,0xf6,0xff,0xff,0xff,0xf6,0xff,0xff,0xff,
0xf6,0xff,0xff,0xff,0xf7,0xff,0xff,0xff,0xdb,0xdd,0xde,0xff,0x77,0x65,0x5e,0xff,0x55,0x3b,0x30,0xff,0x5d,0x45,0x3a,0xff,0x5b,0x43,0x38,0xff,0x5a,0x42,0x37,0xfd,
0x5f,0x46,0x3b,0xff,0x5a,0x42,0x36,0x41,0x00,0x00,0x00,0x00,0x55,0x55,0x55,0x03,0x00,0x00,0x00,0x00,0x00,0x00,0x00,0x00,0x00,0x00,0x00,0x00,0x00,0x00,0x00,0x00,
0x00,0x00,0x00,0x00,0x00,0x00,0x00,0x00,0x00,0x00,0x00,0x00,0x00,0x00,0x00,0x00,0x00,0x00,0x00,0x01,0x00,0x00,0x00,0x00,0x5a,0x3c,0x3c,0x11,0x5b,0x43,0x37,0xee,
0x5d,0x44,0x39,0xff,0x5b,0x43,0x38,0xfe,0x5b,0x43,0x38,0xff,0x5c,0x44,0x39,0xff,0x58,0x40,0x34,0xff,0x58,0x3f,0x35,0xff,0x79,0x68,0x5f,0xff,0x80,0x6f,0x67,0xff,
0x7e,0x6e,0x67,0xff,0x7e,0x6e,0x68,0xff,0x7e,0x6e,0x68,0xff,0x7e,0x6e,0x67,0xff,0x7f,0x6e,0x67,0xff,0x7e,0x6d,0x66,0xff,0x5f,0x48,0x3e,0xff,0x56,0x3c,0x31,0xff,
0x5c,0x44,0x3a,0xff,0x5c,0x44,0x39,0xff,0x58,0x40,0x34,0xff,0x57,0x3f,0x33,0xff,0x7a,0x68,0x60,0xff,0x80,0x6f,0x69,0xff,0x7f,0x6e,0x69,0xff,0x7f,0x6e,0x69,0xff,
0x7f,0x6e,0x69,0xff,0x7f,0x6e,0x69,0xff,0x7f,0x6f,0x69,0xff,0x7f,0x6e,0x67,0xff,0x5e,0x48,0x3d,0xff,0x55,0x3c,0x30,0xff,0x5c,0x44,0x3a,0xff,0x5c,0x44,0x39,0xff,
0x58,0x40,0x34,0xff,0x58,0x3f,0x35,0xff,0x79,0x68,0x5f,0xff,0x80,0x6f,0x67,0xff,0x7e,0x6e,0x67,0xff,0x7e,0x6e,0x68,0xff,0x7e,0x6e,0x68,0xff,0x7e,0x6e,0x67,0xff,
0x7f,0x6e,0x67,0xff,0x7e,0x6d,0x66,0xff,0x5f,0x48,0x3e,0xff,0x56,0x3c,0x31,0xff,0x5c,0x45,0x3a,0xff,0x5b,0x43,0x38,0xff,0x5b,0x43,0x38,0xff,0x5a,0x42,0x37,0xfd,
0x5f,0x46,0x3b,0xff,0x5a,0x42,0x36,0x41,0x00,0x00,0x00,0x00,0x55,0x55,0x55,0x03,0x00,0x00,0x00,0x00,0x00,0x00,0x00,0x00,0x00,0x00,0x00,0x00,0x00,0x00,0x00,0x00,
0x00,0x00,0x00,0x00,0x00,0x00,0x00,0x00,0x00,0x00,0x00,0x00,0x00,0x00,0x00,0x00,0x00,0x00,0x00,0x01,0x00,0x00,0x00,0x00,0x5a,0x3c,0x3c,0x11,0x5b,0x43,0x37,0xee,
0x5d,0x44,0x39,0xff,0x5b,0x43,0x38,0xfe,0x5b,0x43,0x38,0xff,0x5b,0x43,0x38,0xff,0x5c,0x44,0x39,0xff,0x52,0x38,0x2c,0xff,0x5a,0x41,0x36,0xff,0x5d,0x46,0x3a,0xff,
0x5c,0x45,0x3a,0xff,0x5d,0x45,0x3a,0xff,0x5d,0x45,0x3a,0xff,0x5d,0x45,0x3a,0xff,0x5d,0x45,0x3a,0xff,0x5c,0x44,0x39,0xff,0x52,0x38,0x2d,0xff,0x5a,0x41,0x36,0xff,
0x5c,0x44,0x39,0xff,0x5b,0x43,0x38,0xff,0x5c,0x44,0x39,0xff,0x55,0x3a,0x33,0xff,0x58,0x40,0x33,0xff,0x5a,0x44,0x34,0xff,0x5a,0x43,0x33,0xff,0x5a,0x44,0x33,0xff,
0x5a,0x44,0x33,0xff,0x5a,0x43,0x33,0xff,0x5a,0x44,0x34,0xff,0x59,0x43,0x33,0xff,0x55,0x39,0x32,0xff,0x5b,0x42,0x38,0xff,0x5b,0x44,0x38,0xff,0x5b,0x43,0x38,0xff,
0x5c,0x44,0x39,0xff,0x52,0x38,0x2c,0xff,0x5a,0x41,0x36,0xff,0x5d,0x46,0x3a,0xff,0x5c,0x45,0x3a,0xff,0x5d,0x45,0x3a,0xff,0x5d,0x45,0x3a,0xff,0x5d,0x45,0x3a,0xff,
0x5d,0x45,0x3a,0xff,0x5c,0x44,0x39,0xff,0x52,0x38,0x2d,0xff,0x5a,0x41,0x36,0xff,0x5c,0x44,0x39,0xff,0x5b,0x43,0x38,0xff,0x5b,0x43,0x38,0xff,0x5a,0x42,0x37,0xfd,
0x5f,0x46,0x3b,0xff,0x5a,0x42,0x36,0x41,0x00,0x00,0x00,0x00,0x55,0x55,0x55,0x03,0x00,0x00,0x00,0x00,0x00,0x00,0x00,0x00,0x00,0x00,0x00,0x00,0x00,0x00,0x00,0x00,
0x00,0x00,0x00,0x00,0x00,0x00,0x00,0x00,0x00,0x00,0x00,0x00,0x00,0x00,0x00,0x00,0x00,0x00,0x00,0x01,0x00,0x00,0x00,0x00,0x5a,0x3c,0x3c,0x11,0x5b,0x43,0x37,0xee,
0x5d,0x44,0x39,0xff,0x5b,0x43,0x38,0xfe,0x5b,0x43,0x38,0xff,0x5b,0x43,0x38,0xff,0x59,0x40,0x35,0xff,0xa2,0x9a,0x97,0xff,0xe4,0xe9,0xea,0xff,0xe8,0xee,0xf3,0xff,
0xe7,0xed,0xf4,0xff,0xe7,0xee,0xf5,0xff,0xe7,0xee,0xf5,0xff,0xe7,0xed,0xf4,0xff,0xe7,0xed,0xf4,0xff,0xe8,0xed,0xf1,0xff,0xb9,0xb5,0xb4,0xff,0x63,0x4d,0x43,0xff,
0x58,0x40,0x34,0xff,0x5c,0x44,0x39,0xff,0x59,0x40,0x37,0xff,0x8d,0x8f,0x65,0xff,0xbb,0xd5,0x90,0xff,0xbe,0xda,0x93,0xff,0xbd,0xd9,0x92,0xff,0xbd,0xd9,0x92,0xff,
0xbd,0xd9,0x92,0xff,0xbd,0xd9,0x92,0xff,0xbd,0xd9,0x92,0xff,0xbe,0xda,0x93,0xff,0x9d,0xa8,0x74,0xff,0x61,0x4c,0x3d,0xff,0x59,0x40,0x36,0xff,0x5c,0x44,0x38,0xff,
0x59,0x40,0x35,0xff,0xa2,0x9a,0x97,0xff,0xe4,0xe9,0xea,0xff,0xe8,0xee,0xf3,0xff,0xe7,0xed,0xf4,0xff,0xe7,0xee,0xf5,0xff,0xe7,0xee,0xf5,0xff,0xe7,0xed,0xf4,0xff,
0xe7,0xed,0xf4,0xff,0xe8,0xed,0xf1,0xff,0xb9,0xb5,0xb4,0xff,0x63,0x4d,0x43,0xff,0x58,0x3f,0x34,0xff,0x5c,0x44,0x39,0xff,0x5b,0x43,0x38,0xff,0x5a,0x42,0x37,0xfd,
0x5f,0x46,0x3b,0xff,0x5a,0x42,0x36,0x41,0x00,0x00,0x00,0x00,0x55,0x55,0x55,0x03,0x00,0x00,0x00,0x00,0x00,0x00,0x00,0x00,0x00,0x00,0x00,0x00,0x00,0x00,0x00,0x00,
0x00,0x00,0x00,0x00,0x00,0x00,0x00,0x00,0x00,0x00,0x00,0x00,0x00,0x00,0x00,0x00,0x00,0x00,0x00,0x01,0x00,0x00,0x00,0x00,0x5a,0x3c,0x3c,0x11,0x5b,0x43,0x37,0xee,
0x5d,0x44,0x39,0xff,0x5b,0x43,0x38,0xfe,0x5d,0x46,0x3b,0xff,0x51,0x37,0x2b,0xff,0xa2,0x9a,0x98,0xff,0xff,0xff,0xff,0xff,0xf1,0xfa,0xff,0xff,0xf1,0xfa,0xff,0xff,
0xf2,0xfa,0xff,0xff,0xf2,0xfa,0xff,0xff,0xf2,0xfa,0xff,0xff,0xf2,0xfa,0xff,0xff,0xf1,0xfa,0xff,0xff,0xf0,0xf8,0xff,0xff,0xff,0xff,0xff,0xff,0xc6,0xc6,0xc9,0xff,
0x57,0x3f,0x33,0xff,0x55,0x3a,0x33,0xff,0x8d,0x8f,0x65,0xff,0xce,0xf4,0xa1,0xff,0xc4,0xe3,0x97,0xff,0xc4,0xe3,0x97,0xff,0xc4,0xe4,0x98,0xff,0xc4,0xe4,0x98,0xff,
0xc4,0xe4,0x98,0xff,0xc4,0xe4,0x98,0xff,0xc4,0xe4,0x98,0xff,0xc3,0xe2,0x97,0xff,0xce,0xf3,0xa1,0xff,0xa6,0xb5,0x7c,0xff,0x5a,0x40,0x37,0xff,0x52,0x38,0x2c,0xff,
0xa3,0x9a,0x98,0xff,0xff,0xff,0xff,0xff,0xf1,0xfa,0xff,0xff,0xf1,0xfa,0xff,0xff,0xf2,0xfa,0xff,0xff,0xf2,0xfa,0xff,0xff,0xf2,0xfa,0xff,0xff,0xf2,0xfa,0xff,0xff,
0xf1,0xfa,0xff,0xff,0xf0,0xf8,0xff,0xff,0xff,0xff,0xff,0xff,0xc6,0xc6,0xc9,0xff,0x56,0x3d,0x31,0xff,0x5c,0x44,0x39,0xff,0x5b,0x43,0x38,0xff,0x5a,0x42,0x37,0xfd,
0x5f,0x46,0x3b,0xff,0x5a,0x42,0x36,0x41,0x00,0x00,0x00,0x00,0x55,0x55,0x55,0x03,0x00,0x00,0x00,0x00,0x00,0x00,0x00,0x00,0x00,0x00,0x00,0x00,0x00,0x00,0x00,0x00,
0x00,0x00,0x00,0x00,0x00,0x00,0x00,0x00,0x00,0x00,0x00,0x00,0x00,0x00,0x00,0x00,0x00,0x00,0x00,0x01,0x00,0x00,0x00,0x00,0x5a,0x3c,0x3c,0x11,0x5b,0x43,0x37,0xee,
0x5d,0x44,0x39,0xff,0x5b,0x43,0x39,0xfe,0x59,0x41,0x36,0xff,0x61,0x4a,0x3f,0xff,0xe2,0xe7,0xee,0xff,0xf2,0xf9,0xfd,0xff,0xed,0xf4,0xfc,0xff,0xee,0xf6,0xfe,0xff,
0xee,0xf6,0xfe,0xff,0xee,0xf6,0xfe,0xff,0xee,0xf6,0xfe,0xff,0xee,0xf6,0xfe,0xff,0xee,0xf6,0xfe,0xff,0xee,0xf6,0xfe,0xff,0xed,0xf4,0xfb,0xff,0xf5,0xfe,0xff,0xff,
0x7a,0x68,0x61,0xff,0x58,0x41,0x32,0xff,0xba,0xd5,0x90,0xff,0xc4,0xe4,0x98,0xff,0xc1,0xdf,0x95,0xff,0xc2,0xe0,0x96,0xff,0xc2,0xe0,0x96,0xff,0xc2,0xe0,0x96,0xff,
0xc2,0xe0,0x96,0xff,0xc2,0xe0,0x96,0xff,0xc2,0xe0,0x96,0xff,0xc2,0xe0,0x96,0xff,0xc0,0xde,0x94,0xff,0xc6,0xe8,0x9a,0xff,0x70,0x63,0x4a,0xff,0x5c,0x42,0x3b,0xff,
0xe4,0xe9,0xee,0xff,0xf2,0xf9,0xfd,0xff,0xed,0xf4,0xfc,0xff,0xee,0xf6,0xfe,0xff,0xee,0xf6,0xfe,0xff,0xee,0xf6,0xfe,0xff,0xee,0xf6,0xfe,0xff,0xee,0xf6,0xfe,0xff,
0xee,0xf6,0xfe,0xff,0xee,0xf6,0xfe,0xff,0xed,0xf4,0xfb,0xff,0xf5,0xfe,0xff,0xff,0x7b,0x6a,0x63,0xff,0x54,0x3b,0x2f,0xff,0x5d,0x45,0x3a,0xff,0x5a,0x42,0x37,0xfd,
0x5f,0x46,0x3b,0xff,0x5a,0x42,0x36,0x41,0x00,0x00,0x00,0x00,0x55,0x55,0x55,0x03,0x00,0x00,0x00,0x00,0x00,0x00,0x00,0x00,0x00,0x00,0x00,0x00,0x00,0x00,0x00,0x00,
0x00,0x00,0x00,0x00,0x00,0x00,0x00,0x00,0x00,0x00,0x00,0x00,0x00,0x00,0x00,0x00,0x00,0x00,0x00,0x01,0x00,0x00,0x00,0x00,0x5a,0x3c,0x3c,0x11,0x5b,0x43,0x37,0xee,
0x5d,0x44,0x39,0xff,0x5b,0x43,0x39,0xfe,0x58,0x40,0x35,0xff,0x66,0x50,0x46,0xff,0xe6,0xec,0xf3,0xff,0xf2,0xfa,0xff,0xff,0xee,0xf6,0xfe,0xff,0xef,0xf7,0xff,0xff,
0xef,0xf7,0xff,0xff,0xef,0xf7,0xff,0xff,0xef,0xf7,0xff,0xff,0xef,0xf7,0xff,0xff,0xef,0xf7,0xff,0xff,0xef,0xf7,0xff,0xff,0xee,0xf5,0xfd,0xff,0xf6,0xff,0xff,0xff,
0x80,0x6f,0x6b,0xff,0x5a,0x45,0x33,0xff,0xbd,0xda,0x92,0xff,0xc4,0xe4,0x98,0xff,0xc2,0xe0,0x96,0xff,0xc2,0xe1,0x96,0xff,0xc2,0xe1,0x96,0xff,0xc2,0xe1,0x96,0xff,
0xc2,0xe1,0x96,0xff,0xc2,0xe1,0x96,0xff,0xc2,0xe1,0x96,0xff,0xc2,0xe1,0x96,0xff,0xc1,0xe0,0x95,0xff,0xc7,0xe9,0x9b,0xff,0x74,0x69,0x4e,0xff,0x60,0x47,0x41,0xff,
0xe8,0xee,0xf4,0xff,0xf2,0xfa,0xff,0xff,0xee,0xf6,0xfe,0xff,0xef,0xf7,0xff,0xff,0xef,0xf7,0xff,0xff,0xef,0xf7,0xff,0xff,0xef,0xf7,0xff,0xff,0xef,0xf7,0xff,0xff,
0xef,0xf7,0xff,0xff,0xef,0xf7,0xff,0xff,0xee,0xf5,0xfd,0xff,0xf6,0xff,0xff,0xff,0x82,0x73,0x6d,0xff,0x53,0x39,0x2d,0xff,0x5d,0x45,0x3a,0xff,0x5a,0x42,0x37,0xfd,
0x5f,0x46,0x3b,0xff,0x5a,0x42,0x36,0x41,0x00,0x00,0x00,0x00,0x55,0x55,0x55,0x03,0x00,0x00,0x00,0x00,0x00,0x00,0x00,0x00,0x00,0x00,0x00,0x00,0x00,0x00,0x00,0x00,
0x00,0x00,0x00,0x00,0x00,0x00,0x00,0x00,0x00,0x00,0x00,0x00,0x00,0x00,0x00,0x00,0x00,0x00,0x00,0x01,0x00,0x00,0x00,0x00,0x5a,0x3c,0x3c,0x11,0x5b,0x43,0x37,0xee,
0x5d,0x44,0x39,0xff,0x5b,0x43,0x39,0xfe,0x58,0x40,0x35,0xff,0x65,0x4f,0x45,0xff,0xe5,0xeb,0xf2,0xff,0xf2,0xfa,0xff,0xff,0xee,0xf6,0xfe,0xff,0xef,0xf7,0xff,0xff,
0xef,0xf7,0xff,0xff,0xef,0xf7,0xff,0xff,0xef,0xf7,0xff,0xff,0xef,0xf7,0xff,0xff,0xef,0xf7,0xff,0xff,0xef,0xf7,0xff,0xff,0xee,0xf5,0xfd,0xff,0xf6,0xff,0xff,0xff,
0x7f,0x6e,0x69,0xff,0x5a,0x44,0x33,0xff,0xbd,0xd9,0x92,0xff,0xc4,0xe4,0x98,0xff,0xc2,0xe0,0x96,0xff,0xc2,0xe1,0x96,0xff,0xc2,0xe1,0x96,0xff,0xc2,0xe1,0x96,0xff,
0xc2,0xe1,0x96,0xff,0xc2,0xe1,0x96,0xff,0xc2,0xe1,0x96,0xff,0xc2,0xe1,0x96,0xff,0xc1,0xe0,0x95,0xff,0xc7,0xe9,0x9b,0xff,0x73,0x68,0x4d,0xff,0x5f,0x46,0x40,0xff,
0xe7,0xed,0xf3,0xff,0xf2,0xfa,0xff,0xff,0xee,0xf6,0xfe,0xff,0xef,0xf7,0xff,0xff,0xef,0xf7,0xff,0xff,0xef,0xf7,0xff,0xff,0xef,0xf7,0xff,0xff,0xef,0xf7,0xff,0xff,
0xef,0xf7,0xff,0xff,0xef,0xf7,0xff,0xff,0xee,0xf5,0xfd,0xff,0xf6,0xff,0xff,0xff,0x81,0x71,0x6b,0xff,0x53,0x39,0x2d,0xff,0x5d,0x45,0x3a,0xff,0x5a,0x42,0x37,0xfd,
0x5f,0x46,0x3b,0xff,0x5a,0x42,0x36,0x41,0x00,0x00,0x00,0x00,0x55,0x55,0x55,0x03,0x00,0x00,0x00,0x00,0x00,0x00,0x00,0x00,0x00,0x00,0x00,0x00,0x00,0x00,0x00,0x00,
0x00,0x00,0x00,0x00,0x00,0x00,0x00,0x00,0x00,0x00,0x00,0x00,0x00,0x00,0x00,0x00,0x00,0x00,0x00,0x01,0x00,0x00,0x00,0x00,0x5a,0x3c,0x3c,0x11,0x5b,0x43,0x37,0xee,
0x5d,0x44,0x39,0xff,0x5b,0x43,0x39,0xfe,0x58,0x40,0x35,0xff,0x65,0x4f,0x45,0xff,0xe5,0xeb,0xf2,0xff,0xf2,0xfa,0xff,0xff,0xee,0xf6,0xfe,0xff,0xef,0xf7,0xff,0xff,
0xef,0xf7,0xff,0xff,0xef,0xf7,0xff,0xff,0xef,0xf7,0xff,0xff,0xef,0xf7,0xff,0xff,0xef,0xf7,0xff,0xff,0xef,0xf7,0xff,0xff,0xee,0xf5,0xfd,0xff,0xf6,0xff,0xff,0xff,
0x7f,0x6e,0x69,0xff,0x5a,0x44,0x33,0xff,0xbd,0xd9,0x92,0xff,0xc4,0xe4,0x98,0xff,0xc2,0xe0,0x96,0xff,0xc2,0xe1,0x96,0xff,0xc2,0xe1,0x96,0xff,0xc2,0xe1,0x96,0xff,
0xc2,0xe1,0x96,0xff,0xc2,0xe1,0x96,0xff,0xc2,0xe1,0x96,0xff,0xc2,0xe1,0x96,0xff,0xc1,0xe0,0x95,0xff,0xc7,0xe9,0x9b,0xff,0x73,0x68,0x4d,0xff,0x5f,0x46,0x40,0xff,
0xe7,0xed,0xf3,0xff,0xf2,0xfa,0xff,0xff,0xee,0xf6,0xfe,0xff,0xef,0xf7,0xff,0xff,0xef,0xf7,0xff,0xff,0xef,0xf7,0xff,0xff,0xef,0xf7,0xff,0xff,0xef,0xf7,0xff,0xff,
0xef,0xf7,0xff,0xff,0xef,0xf7,0xff,0xff,0xee,0xf5,0xfd,0xff,0xf6,0xff,0xff,0xff,0x81,0x71,0x6b,0xff,0x53,0x39,0x2d,0xff,0x5d,0x45,0x3a,0xff,0x5a,0x42,0x37,0xfd,
0x5f,0x46,0x3b,0xff,0x5a,0x42,0x36,0x41,0x00,0x00,0x00,0x00,0x55,0x55,0x55,0x03,0x00,0x00,0x00,0x00,0x00,0x00,0x00,0x00,0x00,0x00,0x00,0x00,0x00,0x00,0x00,0x00,
0x00,0x00,0x00,0x00,0x00,0x00,0x00,0x00,0x00,0x00,0x00,0x00,0x00,0x00,0x00,0x00,0x00,0x00,0x00,0x01,0x00,0x00,0x00,0x00,0x5a,0x3c,0x3c,0x11,0x5b,0x43,0x37,0xee,
0x5d,0x44,0x39,0xff,0x5b,0x43,0x39,0xfe,0x58,0x40,0x35,0xff,0x65,0x4f,0x45,0xff,0xe5,0xeb,0xf2,0xff,0xf2,0xfa,0xff,0xff,0xee,0xf6,0xfe,0xff,0xef,0xf7,0xff,0xff,
0xef,0xf7,0xff,0xff,0xef,0xf7,0xff,0xff,0xef,0xf7,0xff,0xff,0xef,0xf7,0xff,0xff,0xef,0xf7,0xff,0xff,0xef,0xf7,0xff,0xff,0xee,0xf5,0xfd,0xff,0xf6,0xff,0xff,0xff,
0x7f,0x6e,0x69,0xff,0x5a,0x44,0x33,0xff,0xbd,0xd9,0x92,0xff,0xc4,0xe4,0x98,0xff,0xc2,0xe0,0x96,0xff,0xc2,0xe1,0x96,0xff,0xc2,0xe1,0x96,0xff,0xc2,0xe1,0x96,0xff,
0xc2,0xe1,0x96,0xff,0xc2,0xe1,0x96,0xff,0xc2,0xe1,0x96,0xff,0xc2,0xe1,0x96,0xff,0xc1,0xe0,0x95,0xff,0xc7,0xe9,0x9b,0xff,0x73,0x68,0x4d,0xff,0x5f,0x46,0x40,0xff,
0xe7,0xed,0xf3,0xff,0xf2,0xfa,0xff,0xff,0xee,0xf6,0xfe,0xff,0xef,0xf7,0xff,0xff,0xef,0xf7,0xff,0xff,0xef,0xf7,0xff,0xff,0xef,0xf7,0xff,0xff,0xef,0xf7,0xff,0xff,
0xef,0xf7,0xff,0xff,0xef,0xf7,0xff,0xff,0xee,0xf5,0xfd,0xff,0xf6,0xff,0xff,0xff,0x81,0x71,0x6b,0xff,0x53,0x39,0x2d,0xff,0x5d,0x45,0x3a,0xff,0x5a,0x42,0x37,0xfd,
0x5f,0x46,0x3b,0xff,0x5a,0x42,0x36,0x41,0x00,0x00,0x00,0x00,0x55,0x55,0x55,0x03,0x00,0x00,0x00,0x00,0x00,0x00,0x00,0x00,0x00,0x00,0x00,0x00,0x00,0x00,0x00,0x00,
0x00,0x00,0x00,0x00,0x00,0x00,0x00,0x00,0x00,0x00,0x00,0x00,0x00,0x00,0x00,0x00,0x00,0x00,0x00,0x01,0x00,0x00,0x00,0x00,0x5a,0x3c,0x3c,0x11,0x5b,0x43,0x37,0xee,
0x5d,0x44,0x39,0xff,0x5b,0x43,0x39,0xfe,0x58,0x40,0x35,0xff,0x65,0x4f,0x45,0xff,0xe5,0xeb,0xf2,0xff,0xf2,0xfa,0xff,0xff,0xee,0xf6,0xfe,0xff,0xef,0xf7,0xff,0xff,
0xef,0xf7,0xff,0xff,0xef,0xf7,0xff,0xff,0xef,0xf7,0xff,0xff,0xef,0xf7,0xff,0xff,0xef,0xf7,0xff,0xff,0xef,0xf7,0xff,0xff,0xee,0xf5,0xfd,0xff,0xf6,0xff,0xff,0xff,
0x7f,0x6e,0x69,0xff,0x5a,0x44,0x33,0xff,0xbd,0xd9,0x92,0xff,0xc4,0xe4,0x98,0xff,0xc2,0xe0,0x96,0xff,0xc2,0xe1,0x96,0xff,0xc2,0xe1,0x96,0xff,0xc2,0xe1,0x96,0xff,
0xc2,0xe1,0x96,0xff,0xc2,0xe1,0x96,0xff,0xc2,0xe1,0x96,0xff,0xc2,0xe1,0x96,0xff,0xc1,0xe0,0x95,0xff,0xc7,0xe9,0x9b,0xff,0x73,0x68,0x4d,0xff,0x5f,0x46,0x40,0xff,
0xe7,0xed,0xf3,0xff,0xf2,0xfa,0xff,0xff,0xee,0xf6,0xfe,0xff,0xef,0xf7,0xff,0xff,0xef,0xf7,0xff,0xff,0xef,0xf7,0xff,0xff,0xef,0xf7,0xff,0xff,0xef,0xf7,0xff,0xff,
0xef,0xf7,0xff,0xff,0xef,0xf7,0xff,0xff,0xee,0xf5,0xfd,0xff,0xf6,0xff,0xff,0xff,0x81,0x71,0x6b,0xff,0x53,0x39,0x2d,0xff,0x5d,0x45,0x3a,0xff,0x5a,0x42,0x37,0xfd,
0x5f,0x46,0x3b,0xff,0x5a,0x42,0x36,0x41,0x00,0x00,0x00,0x00,0x55,0x55,0x55,0x03,0x00,0x00,0x00,0x00,0x00,0x00,0x00,0x00,0x00,0x00,0x00,0x00,0x00,0x00,0x00,0x00,
0x00,0x00,0x00,0x00,0x00,0x00,0x00,0x00,0x00,0x00,0x00,0x00,0x00,0x00,0x00,0x00,0x00,0x00,0x00,0x01,0x00,0x00,0x00,0x00,0x5a,0x3c,0x3c,0x11,0x5b,0x43,0x37,0xee,
0x5d,0x44,0x39,0xff,0x5b,0x43,0x39,0xfe,0x58,0x40,0x35,0xff,0x65,0x4f,0x45,0xff,0xe5,0xeb,0xf2,0xff,0xf2,0xfa,0xff,0xff,0xee,0xf6,0xfe,0xff,0xef,0xf7,0xff,0xff,
0xef,0xf7,0xff,0xff,0xef,0xf7,0xff,0xff,0xef,0xf7,0xff,0xff,0xef,0xf7,0xff,0xff,0xef,0xf7,0xff,0xff,0xef,0xf7,0xff,0xff,0xee,0xf5,0xfd,0xff,0xf6,0xff,0xfe,0xff,
0x7f,0x6e,0x69,0xff,0x5a,0x44,0x33,0xff,0xbd,0xd9,0x92,0xff,0xc4,0xe4,0x98,0xff,0xc2,0xe0,0x96,0xff,0xc2,0xe1,0x96,0xff,0xc2,0xe1,0x96,0xff,0xc2,0xe1,0x96,0xff,
0xc2,0xe1,0x96,0xff,0xc2,0xe1,0x96,0xff,0xc2,0xe1,0x96,0xff,0xc2,0xe1,0x96,0xff,0xc1,0xe0,0x95,0xff,0xc7,0xe9,0x9b,0xff,0x73,0x68,0x4d,0xff,0x5f,0x46,0x40,0xff,
0xe7,0xed,0xf3,0xff,0xf2,0xfa,0xff,0xff,0xee,0xf6,0xfe,0xff,0xef,0xf7,0xff,0xff,0xef,0xf7,0xff,0xff,0xef,0xf7,0xff,0xff,0xef,0xf7,0xff,0xff,0xef,0xf7,0xff,0xff,
0xef,0xf7,0xff,0xff,0xef,0xf7,0xff,0xff,0xee,0xf5,0xfd,0xff,0xf6,0xff,0xfe,0xff,0x81,0x71,0x6b,0xff,0x53,0x39,0x2d,0xff,0x5d,0x45,0x3a,0xff,0x5a,0x42,0x37,0xfd,
0x5f,0x46,0x3b,0xff,0x5a,0x42,0x36,0x41,0x00,0x00,0x00,0x00,0x55,0x55,0x55,0x03,0x00,0x00,0x00,0x00,0x00,0x00,0x00,0x00,0x00,0x00,0x00,0x00,0x00,0x00,0x00,0x00,
0x00,0x00,0x00,0x00,0x00,0x00,0x00,0x00,0x00,0x00,0x00,0x00,0x00,0x00,0x00,0x00,0x00,0x00,0x00,0x01,0x00,0x00,0x00,0x00,0x5a,0x3c,0x3c,0x11,0x5b,0x43,0x37,0xee,
0x5d,0x44,0x39,0xff,0x5b,0x43,0x39,0xfe,0x58,0x40,0x35,0xff,0x64,0x4e,0x44,0xff,0xe6,0xec,0xf3,0xff,0xf0,0xf8,0xfd,0xff,0xee,0xf6,0xfe,0xff,0xef,0xf7,0xff,0xff,
0xef,0xf7,0xff,0xff,0xef,0xf7,0xff,0xff,0xef,0xf7,0xff,0xff,0xef,0xf7,0xff,0xff,0xef,0xf7,0xff,0xff,0xef,0xf7,0xff,0xff,0xec,0xf3,0xfb,0xff,0xf7,0xff,0xff,0xff,
0x7f,0x6e,0x69,0xff,0x5a,0x43,0x33,0xff,0xbe,0xda,0x93,0xff,0xc3,0xe2,0x97,0xff,0xc2,0xe0,0x96,0xff,0xc2,0xe1,0x96,0xff,0xc2,0xe1,0x96,0xff,0xc2,0xe1,0x96,0xff,
0xc2,0xe1,0x96,0xff,0xc2,0xe1,0x96,0xff,0xc2,0xe1,0x96,0xff,0xc2,0xe1,0x96,0xff,0xc0,0xde,0x94,0xff,0xc7,0xea,0x9b,0xff,0x73,0x68,0x4d,0xff,0x5e,0x45,0x3f,0xff,
0xe8,0xee,0xf4,0xff,0xf0,0xf8,0xfd,0xff,0xee,0xf6,0xfe,0xff,0xef,0xf7,0xff,0xff,0xef,0xf7,0xff,0xff,0xef,0xf7,0xff,0xff,0xef,0xf7,0xff,0xff,0xef,0xf7,0xff,0xff,
0xef,0xf7,0xff,0xff,0xef,0xf7,0xff,0xff,0xec,0xf3,0xfb,0xff,0xf7,0xff,0xff,0xff,0x81,0x71,0x6b,0xff,0x53,0x39,0x2d,0xff,0x5d,0x45,0x3a,0xff,0x5a,0x42,0x37,0xfd,
0x5f,0x46,0x3b,0xff,0x5a,0x42,0x36,0x41,0x00,0x00,0x00,0x00,0x55,0x55,0x55,0x03,0x00,0x00,0x00,0x00,0x00,0x00,0x00,0x00,0x00,0x00,0x00,0x00,0x00,0x00,0x00,0x00,
0x00,0x00,0x00,0x00,0x00,0x00,0x00,0x00,0x00,0x00,0x00,0x00,0x00,0x00,0x00,0x00,0x00,0x00,0x00,0x01,0x00,0x00,0x00,0x00,0x5a,0x3c,0x3c,0x11,0x5b,0x43,0x37,0xee,
0x5d,0x44,0x39,0xff,0x5b,0x43,0x38,0xfe,0x5d,0x45,0x3a,0xff,0x53,0x39,0x2d,0xff,0xb9,0xb5,0xb7,0xff,0xff,0xff,0xff,0xff,0xec,0xf4,0xfc,0xff,0xed,0xf5,0xfd,0xff,
0xee,0xf5,0xfd,0xff,0xee,0xf5,0xfd,0xff,0xee,0xf5,0xfd,0xff,0xee,0xf5,0xfd,0xff,0xee,0xf5,0xfd,0xff,0xec,0xf4,0xfc,0xff,0xfa,0xff,0xff,0xff,0xdb,0xde,0xe3,0xff,
0x5f,0x48,0x3c,0xff,0x55,0x3a,0x32,0xff,0x9d,0xa8,0x74,0xff,0xce,0xf3,0xa0,0xff,0xc0,0xde,0x94,0xff,0xc1,0xdf,0x95,0xff,0xc1,0xe0,0x95,0xff,0xc1,0xe0,0x95,0xff,
0xc1,0xe0,0x95,0xff,0xc1,0xe0,0x95,0xff,0xc1,0xe0,0x95,0xff,0xc0,0xde,0x94,0xff,0xca,0xed,0x9d,0xff,0xb4,0xcb,0x89,0xff,0x5e,0x47,0x3c,0xff,0x53,0x38,0x2c,0xff,
0xb9,0xb6,0xb7,0xff,0xff,0xff,0xff,0xff,0xec,0xf4,0xfc,0xff,0xed,0xf5,0xfd,0xff,0xee,0xf5,0xfd,0xff,0xee,0xf5,0xfd,0xff,0xee,0xf5,0xfd,0xff,0xee,0xf5,0xfd,0xff,
0xee,0xf5,0xfd,0xff,0xec,0xf4,0xfc,0xff,0xfa,0xff,0xff,0xff,0xdb,0xde,0xe3,0xff,0x5d,0x46,0x3b,0xff,0x5a,0x42,0x37,0xff,0x5c,0x44,0x39,0xff,0x5a,0x42,0x37,0xfd,
0x5f,0x46,0x3b,0xff,0x5a,0x42,0x36,0x41,0x00,0x00,0x00,0x00,0x55,0x55,0x55,0x03,0x00,0x00,0x00,0x00,0x00,0x00,0x00,0x00,0x00,0x00,0x00,0x00,0x00,0x00,0x00,0x00,
0x00,0x00,0x00,0x00,0x00,0x00,0x00,0x00,0x00,0x00,0x00,0x00,0x00,0x00,0x00,0x00,0x00,0x00,0x00,0x01,0x00,0x00,0x00,0x00,0x5a,0x3c,0x3c,0x11,0x5b,0x43,0x37,0xee,
0x5d,0x44,0x39,0xff,0x5b,0x43,0x38,0xfe,0x5c,0x44,0x39,0xff,0x58,0x40,0x34,0xff,0x63,0x4d,0x43,0xff,0xc6,0xc5,0xc5,0xff,0xf6,0xfe,0xff,0xff,0xf6,0xff,0xff,0xff,
0xf6,0xff,0xff,0xff,0xf6,0xff,0xff,0xff,0xf6,0xff,0xff,0xff,0xf6,0xff,0xff,0xff,0xf6,0xff,0xff,0xff,0xf7,0xff,0xff,0xff,0xdb,0xdd,0xde,0xff,0x77,0x65,0x5e,0xff,
0x55,0x3c,0x30,0xff,0x5b,0x42,0x38,0xff,0x61,0x4c,0x3d,0xff,0xa6,0xb6,0x7c,0xff,0xc7,0xe8,0x9a,0xff,0xc8,0xe9,0x9b,0xff,0xc7,0xe9,0x9b,0xff,0xc7,0xe9,0x9b,0xff,
0xc7,0xe9,0x9b,0xff,0xc7,0xe9,0x9b,0xff,0xc7,0xe8,0x9b,0xff,0xc8,0xea,0x9b,0xff,0xb4,0xcb,0x89,0xff,0x6f,0x61,0x4a,0xff,0x57,0x3d,0x35,0xff,0x59,0x41,0x35,0xff,
0x63,0x4d,0x43,0xff,0xc6,0xc5,0xc5,0xff,0xf5,0xfe,0xff,0xff,0xf6,0xff,0xff,0xff,0xf5,0xff,0xff,0xff,0xf6,0xff,0xff,0xff,0xf6,0xff,0xff,0xff,0xf6,0xff,0xff,0xff,
0xf5,0xff,0xff,0xff,0xf6,0xff,0xff,0xff,0xdb,0xdd,0xdd,0xff,0x77,0x65,0x5e,0xff,0x55,0x3b,0x30,0xff,0x5d,0x45,0x3a,0xff,0x5b,0x43,0x38,0xff,0x5a,0x42,0x37,0xfd,
0x5f,0x46,0x3b,0xff,0x5a,0x42,0x36,0x41,0x00,0x00,0x00,0x00,0x55,0x55,0x55,0x03,0x00,0x00,0x00,0x00,0x00,0x00,0x00,0x00,0x00,0x00,0x00,0x00,0x00,0x00,0x00,0x00,
0x00,0x00,0x00,0x00,0x00,0x00,0x00,0x00,0x00,0x00,0x00,0x00,0x00,0x00,0x00,0x00,0x00,0x00,0x00,0x01,0x00,0x00,0x00,0x00,0x5a,0x3c,0x3c,0x11,0x5b,0x43,0x37,0xee,
0x5d,0x44,0x39,0xff,0x5b,0x43,0x38,0xfe,0x5b,0x43,0x38,0xff,0x5c,0x44,0x39,0xff,0x58,0x40,0x34,0xff,0x58,0x3f,0x35,0xff,0x79,0x68,0x5f,0xff,0x80,0x6f,0x67,0xff,
0x7e,0x6e,0x67,0xff,0x7e,0x6e,0x68,0xff,0x7e,0x6e,0x68,0xff,0x7e,0x6e,0x67,0xff,0x7f,0x6e,0x67,0xff,0x7e,0x6d,0x66,0xff,0x5f,0x48,0x3e,0xff,0x56,0x3c,0x31,0xff,
0x5c,0x44,0x3a,0xff,0x5b,0x44,0x38,0xff,0x59,0x40,0x37,0xff,0x59,0x40,0x38,0xff,0x70,0x63,0x4a,0xff,0x74,0x6a,0x4e,0xff,0x73,0x68,0x4d,0xff,0x73,0x68,0x4d,0xff,
0x73,0x68,0x4d,0xff,0x73,0x68,0x4d,0xff,0x73,0x69,0x4d,0xff,0x73,0x68,0x4d,0xff,0x5e,0x47,0x3c,0xff,0x57,0x3d,0x35,0xff,0x5c,0x44,0x38,0xff,0x5c,0x44,0x39,0xff,
0x58,0x3f,0x34,0xff,0x56,0x3d,0x32,0xff,0x7b,0x6a,0x61,0xff,0x82,0x72,0x6b,0xff,0x81,0x71,0x6b,0xff,0x81,0x71,0x6b,0xff,0x81,0x71,0x6b,0xff,0x81,0x71,0x6b,0xff,
0x81,0x71,0x6b,0xff,0x81,0x70,0x69,0xff,0x5d,0x46,0x3c,0xff,0x55,0x3b,0x30,0xff,0x5d,0x45,0x3a,0xff,0x5b,0x43,0x38,0xff,0x5b,0x43,0x38,0xff,0x5a,0x42,0x37,0xfd,
0x5f,0x46,0x3b,0xff,0x5a,0x42,0x36,0x41,0x00,0x00,0x00,0x00,0x55,0x55,0x55,0x03,0x00,0x00,0x00,0x00,0x00,0x00,0x00,0x00,0x00,0x00,0x00,0x00,0x00,0x00,0x00,0x00,
0x00,0x00,0x00,0x00,0x00,0x00,0x00,0x00,0x00,0x00,0x00,0x00,0x00,0x00,0x00,0x00,0x00,0x00,0x00,0x01,0x00,0x00,0x00,0x00,0x5a,0x3c,0x3c,0x11,0x5b,0x43,0x37,0xee,
0x5d,0x44,0x39,0xff,0x5b,0x43,0x38,0xfe,0x5b,0x43,0x38,0xff,0x5b,0x43,0x38,0xff,0x5c,0x44,0x39,0xff,0x52,0x38,0x2c,0xff,0x5a,0x41,0x36,0xff,0x5d,0x46,0x3a,0xff,
0x5c,0x45,0x3a,0xff,0x5d,0x45,0x3a,0xff,0x5d,0x45,0x3a,0xff,0x5d,0x45,0x3a,0xff,0x5d,0x45,0x3a,0xff,0x5c,0x44,0x39,0xff,0x52,0x38,0x2d,0xff,0x5a,0x41,0x36,0xff,
0x5c,0x44,0x39,0xff,0x5b,0x43,0x38,0xff,0x5b,0x44,0x38,0xff,0x52,0x38,0x2c,0xff,0x5c,0x42,0x3b,0xff,0x60,0x47,0x40,0xff,0x5f,0x46,0x40,0xff,0x5f,0x46,0x40,0xff,
0x5f,0x46,0x40,0xff,0x5f,0x46,0x40,0xff,0x5f,0x46,0x40,0xff,0x5e,0x45,0x3f,0xff,0x52,0x39,0x2d,0xff,0x59,0x41,0x35,0xff,0x5c,0x44,0x39,0xff,0x5b,0x43,0x38,0xff,
0x5c,0x44,0x39,0xff,0x5c,0x44,0x39,0xff,0x54,0x3b,0x2f,0xff,0x53,0x39,0x2d,0xff,0x53,0x39,0x2d,0xff,0x53,0x39,0x2d,0xff,0x53,0x39,0x2d,0xff,0x53,0x39,0x2d,0xff,
0x53,0x39,0x2d,0xff,0x53,0x39,0x2e,0xff,0x5a,0x42,0x37,0xff,0x5d,0x45,0x3a,0xff,0x5b,0x43,0x38,0xff,0x5b,0x43,0x38,0xff,0x5b,0x43,0x38,0xff,0x5a,0x42,0x37,0xfd,
0x5f,0x46,0x3b,0xff,0x5a,0x42,0x36,0x41,0x00,0x00,0x00,0x00,0x55,0x55,0x55,0x03,0x00,0x00,0x00,0x00,0x00,0x00,0x00,0x00,0x00,0x00,0x00,0x00,0x00,0x00,0x00,0x00,
0x00,0x00,0x00,0x00,0x00,0x00,0x00,0x00,0x00,0x00,0x00,0x00,0x00,0x00,0x00,0x00,0x00,0x00,0x00,0x01,0x00,0x00,0x00,0x00,0x5a,0x3c,0x3c,0x11,0x5b,0x43,0x37,0xee,
0x5d,0x44,0x39,0xff,0x5b,0x43,0x38,0xfe,0x5b,0x43,0x38,0xff,0x5b,0x43,0x38,0xff,0x59,0x40,0x35,0xff,0xa2,0x9a,0x97,0xff,0xe4,0xe9,0xea,0xff,0xe8,0xee,0xf3,0xff,
0xe7,0xed,0xf4,0xff,0xe7,0xee,0xf5,0xff,0xe7,0xee,0xf5,0xff,0xe7,0xed,0xf4,0xff,0xe7,0xed,0xf4,0xff,0xe8,0xed,0xf1,0xff,0xb9,0xb5,0xb4,0xff,0x63,0x4d,0x43,0xff,
0x59,0x40,0x34,0xff,0x5c,0x44,0x39,0xff,0x59,0x40,0x35,0xff,0xa2,0x9a,0x97,0xff,0xe3,0xe8,0xe9,0xff,0xe7,0xee,0xf2,0xff,0xe6,0xed,0xf3,0xff,0xe7,0xed,0xf3,0xff,
0xe7,0xed,0xf3,0xff,0xe6,0xed,0xf3,0xff,0xe6,0xed,0xf2,0xff,0xe8,0xed,0xf0,0xff,0xb9,0xb5,0xb3,0xff,0x63,0x4d,0x43,0xff,0x58,0x3f,0x34,0xff,0x5c,0x44,0x39,0xff,
0x5b,0x43,0x38,0xff,0x5b,0x43,0x38,0xff,0x5d,0x45,0x3a,0xff,0x5d,0x45,0x3a,0xff,0x5d,0x45,0x3a,0xff,0x5d,0x45,0x3a,0xff,0x5d,0x45,0x3a,0xff,0x5d,0x45,0x3a,0xff,
0x5d,0x45,0x3a,0xff,0x5d,0x45,0x3a,0xff,0x5b,0x44,0x39,0xff,0x5b,0x43,0x38,0xff,0x5b,0x43,0x38,0xff,0x5b,0x43,0x38,0xff,0x5b,0x43,0x38,0xff,0x5a,0x42,0x37,0xfd,
0x5f,0x46,0x3b,0xff,0x5a,0x42,0x36,0x41,0x00,0x00,0x00,0x00,0x55,0x55,0x55,0x03,0x00,0x00,0x00,0x00,0x00,0x00,0x00,0x00,0x00,0x00,0x00,0x00,0x00,0x00,0x00,0x00,
0x00,0x00,0x00,0x00,0x00,0x00,0x00,0x00,0x00,0x00,0x00,0x00,0x00,0x00,0x00,0x00,0x00,0x00,0x00,0x01,0x00,0x00,0x00,0x00,0x5a,0x3c,0x3c,0x11,0x5b,0x43,0x37,0xee,
0x5d,0x44,0x39,0xff,0x5b,0x43,0x38,0xfe,0x5d,0x46,0x3b,0xff,0x51,0x37,0x2b,0xff,0xa2,0x9a,0x98,0xff,0xff,0xff,0xff,0xff,0xf1,0xfa,0xff,0xff,0xf1,0xfa,0xff,0xff,
0xf2,0xfa,0xff,0xff,0xf2,0xfa,0xff,0xff,0xf2,0xfa,0xff,0xff,0xf2,0xfa,0xff,0xff,0xf1,0xfa,0xff,0xff,0xf0,0xf8,0xff,0xff,0xff,0xff,0xff,0xff,0xc6,0xc6,0xc9,0xff,
0x58,0x3f,0x34,0xff,0x52,0x38,0x2d,0xff,0xa3,0x9a,0x98,0xff,0xff,0xff,0xff,0xff,0xf1,0xfa,0xff,0xff,0xf1,0xfa,0xff,0xff,0xf2,0xfa,0xff,0xff,0xf2,0xfa,0xff,0xff,
0xf2,0xfa,0xff,0xff,0xf2,0xfa,0xff,0xff,0xf1,0xfa,0xff,0xff,0xf0,0xf8,0xff,0xff,0xff,0xff,0xff,0xff,0xc6,0xc6,0xc9,0xff,0x56,0x3d,0x31,0xff,0x5c,0x44,0x39,0xff,
0x5b,0x43,0x38,0xff,0x5b,0x43,0x38,0xff,0x5b,0x43,0x38,0xff,0x5b,0x43,0x38,0xff,0x5b,0x43,0x38,0xff,0x5b,0x43,0x38,0xff,0x5b,0x43,0x38,0xff,0x5b,0x43,0x38,0xff,
0x5b,0x43,0x38,0xff,0x5b,0x43,0x38,0xff,0x5b,0x43,0x38,0xff,0x5b,0x43,0x38,0xff,0x5b,0x43,0x38,0xff,0x5b,0x43,0x38,0xff,0x5b,0x43,0x38,0xff,0x5a,0x42,0x37,0xfd,
0x5f,0x46,0x3b,0xff,0x5a,0x42,0x36,0x41,0x00,0x00,0x00,0x00,0x55,0x55,0x55,0x03,0x00,0x00,0x00,0x00,0x00,0x00,0x00,0x00,0x00,0x00,0x00,0x00,0x00,0x00,0x00,0x00,
0x00,0x00,0x00,0x00,0x00,0x00,0x00,0x00,0x00,0x00,0x00,0x00,0x00,0x00,0x00,0x00,0x00,0x00,0x00,0x01,0x00,0x00,0x00,0x00,0x5a,0x3c,0x3c,0x11,0x5b,0x43,0x37,0xee,
0x5d,0x44,0x39,0xff,0x5b,0x43,0x39,0xfe,0x59,0x41,0x36,0xff,0x61,0x4a,0x3f,0xff,0xe2,0xe7,0xee,0xff,0xf2,0xf9,0xfd,0xff,0xed,0xf4,0xfc,0xff,0xee,0xf6,0xfe,0xff,
0xee,0xf6,0xfe,0xff,0xee,0xf6,0xfe,0xff,0xee,0xf6,0xfe,0xff,0xee,0xf6,0xfe,0xff,0xee,0xf6,0xfe,0xff,0xee,0xf6,0xfe,0xff,0xed,0xf4,0xfb,0xff,0xf5,0xfe,0xff,0xff,
0x79,0x68,0x61,0xff,0x5a,0x41,0x36,0xff,0xe4,0xea,0xf0,0xff,0xf2,0xf9,0xfd,0xff,0xed,0xf4,0xfc,0xff,0xee,0xf6,0xfe,0xff,0xee,0xf6,0xfe,0xff,0xee,0xf6,0xfe,0xff,
0xee,0xf6,0xfe,0xff,0xee,0xf6,0xfe,0xff,0xee,0xf6,0xfe,0xff,0xee,0xf6,0xfe,0xff,0xed,0xf4,0xfb,0xff,0xf5,0xfe,0xff,0xff,0x7b,0x6a,0x63,0xff,0x54,0x3b,0x2f,0xff,
0x5d,0x45,0x3a,0xff,0x5b,0x43,0x38,0xff,0x5b,0x43,0x38,0xff,0x5b,0x43,0x39,0xff,0x5b,0x43,0x38,0xff,0x5b,0x43,0x38,0xff,0x5b,0x43,0x38,0xff,0x5b,0x43,0x38,0xff,
0x5b,0x43,0x39,0xff,0x5b,0x43,0x38,0xff,0x5b,0x43,0x38,0xff,0x5b,0x43,0x38,0xff,0x5b,0x43,0x38,0xff,0x5b,0x43,0x38,0xff,0x5b,0x43,0x38,0xff,0x5a,0x42,0x37,0xfd,
0x5f,0x46,0x3b,0xff,0x5a,0x42,0x36,0x41,0x00,0x00,0x00,0x00,0x55,0x55,0x55,0x03,0x00,0x00,0x00,0x00,0x00,0x00,0x00,0x00,0x00,0x00,0x00,0x00,0x00,0x00,0x00,0x00,
0x00,0x00,0x00,0x00,0x00,0x00,0x00,0x00,0x00,0x00,0x00,0x00,0x00,0x00,0x00,0x00,0x00,0x00,0x00,0x01,0x00,0x00,0x00,0x00,0x5a,0x3c,0x3c,0x11,0x5b,0x43,0x37,0xee,
0x5d,0x44,0x39,0xff,0x5b,0x43,0x39,0xfe,0x58,0x40,0x35,0xff,0x66,0x50,0x46,0xff,0xe6,0xec,0xf3,0xff,0xf2,0xfa,0xff,0xff,0xee,0xf6,0xfe,0xff,0xef,0xf7,0xff,0xff,
0xef,0xf7,0xff,0xff,0xef,0xf7,0xff,0xff,0xef,0xf7,0xff,0xff,0xef,0xf7,0xff,0xff,0xef,0xf7,0xff,0xff,0xef,0xf7,0xff,0xff,0xee,0xf5,0xfd,0xff,0xf6,0xff,0xff,0xff,
0x7f,0x6f,0x6a,0xff,0x5e,0x46,0x3b,0xff,0xe8,0xef,0xf6,0xff,0xf2,0xfa,0xff,0xff,0xee,0xf6,0xfe,0xff,0xef,0xf7,0xff,0xff,0xef,0xf7,0xff,0xff,0xef,0xf7,0xff,0xff,
0xef,0xf7,0xff,0xff,0xef,0xf7,0xff,0xff,0xef,0xf7,0xff,0xff,0xef,0xf7,0xff,0xff,0xee,0xf5,0xfd,0xff,0xf6,0xff,0xff,0xff,0x82,0x73,0x6d,0xff,0x53,0x39,0x2d,0xff,
0x5d,0x45,0x3a,0xff,0x5b,0x43,0x39,0xff,0x5b,0x43,0x38,0xff,0x5b,0x42,0x37,0xff,0x5c,0x45,0x3a,0xff,0x5b,0x44,0x3a,0xff,0x5c,0x45,0x3a,0xff,0x5b,0x43,0x38,0xff,
0x5b,0x42,0x37,0xff,0x5b,0x44,0x39,0xff,0x5b,0x43,0x38,0xff,0x5b,0x43,0x38,0xff,0x5b,0x43,0x38,0xff,0x5b,0x43,0x38,0xff,0x5b,0x43,0x38,0xff,0x5a,0x42,0x37,0xfd,
0x5f,0x46,0x3b,0xff,0x5a,0x42,0x36,0x41,0x00,0x00,0x00,0x00,0x55,0x55,0x55,0x03,0x00,0x00,0x00,0x00,0x00,0x00,0x00,0x00,0x00,0x00,0x00,0x00,0x00,0x00,0x00,0x00,
0x00,0x00,0x00,0x00,0x00,0x00,0x00,0x00,0x00,0x00,0x00,0x00,0x00,0x00,0x00,0x00,0x00,0x00,0x00,0x01,0x00,0x00,0x00,0x00,0x5a,0x3c,0x3c,0x11,0x5b,0x43,0x37,0xee,
0x5d,0x44,0x39,0xff,0x5b,0x43,0x39,0xfe,0x58,0x40,0x35,0xff,0x65,0x4f,0x45,0xff,0xe5,0xeb,0xf2,0xff,0xf2,0xfa,0xff,0xff,0xee,0xf6,0xfe,0xff,0xef,0xf7,0xff,0xff,
0xef,0xf7,0xff,0xff,0xef,0xf7,0xff,0xff,0xef,0xf7,0xff,0xff,0xef,0xf7,0xff,0xff,0xef,0xf7,0xff,0xff,0xef,0xf7,0xff,0xff,0xee,0xf5,0xfd,0xff,0xf6,0xff,0xff,0xff,
0x7e,0x6e,0x68,0xff,0x5d,0x45,0x3a,0xff,0xe7,0xee,0xf4,0xff,0xf2,0xfa,0xff,0xff,0xee,0xf6,0xfe,0xff,0xef,0xf7,0xff,0xff,0xef,0xf7,0xff,0xff,0xef,0xf7,0xff,0xff,
0xef,0xf7,0xff,0xff,0xef,0xf7,0xff,0xff,0xef,0xf7,0xff,0xff,0xef,0xf7,0xff,0xff,0xee,0xf5,0xfd,0xff,0xf6,0xff,0xff,0xff,0x81,0x71,0x6b,0xff,0x53,0x39,0x2d,0xff,
0x5d,0x45,0x3b,0xff,0x5a,0x41,0x35,0xff,0x5a,0x41,0x35,0xff,0x5c,0x45,0x3b,0xff,0x58,0x3b,0x2d,0xff,0x59,0x3d,0x30,0xff,0x58,0x3b,0x2d,0xff,0x5b,0x42,0x36,0xff,
0x5b,0x44,0x3a,0xff,0x5a,0x3f,0x33,0xff,0x5b,0x44,0x39,0xff,0x5b,0x43,0x38,0xff,0x5b,0x43,0x38,0xff,0x5b,0x43,0x38,0xff,0x5b,0x43,0x38,0xff,0x5a,0x42,0x37,0xfd,
0x5f,0x46,0x3b,0xff,0x5a,0x42,0x36,0x41,0x00,0x00,0x00,0x00,0x55,0x55,0x55,0x03,0x00,0x00,0x00,0x00,0x00,0x00,0x00,0x00,0x00,0x00,0x00,0x00,0x00,0x00,0x00,0x00,
0x00,0x00,0x00,0x00,0x00,0x00,0x00,0x00,0x00,0x00,0x00,0x00,0x00,0x00,0x00,0x00,0x00,0x00,0x00,0x01,0x00,0x00,0x00,0x00,0x5a,0x3c,0x3c,0x11,0x5b,0x43,0x37,0xee,
0x5d,0x44,0x39,0xff,0x5b,0x43,0x39,0xfe,0x58,0x40,0x35,0xff,0x65,0x4f,0x45,0xff,0xe5,0xeb,0xf2,0xff,0xf2,0xfa,0xff,0xff,0xee,0xf6,0xfe,0xff,0xef,0xf7,0xff,0xff,
0xef,0xf7,0xff,0xff,0xef,0xf7,0xff,0xff,0xef,0xf7,0xff,0xff,0xef,0xf7,0xff,0xff,0xef,0xf7,0xff,0xff,0xef,0xf7,0xff,0xff,0xee,0xf5,0xfd,0xff,0xf6,0xff,0xff,0xff,
0x7e,0x6e,0x68,0xff,0x5d,0x45,0x3a,0xff,0xe7,0xee,0xf5,0xff,0xf2,0xfa,0xff,0xff,0xee,0xf6,0xfe,0xff,0xef,0xf7,0xff,0xff,0xef,0xf7,0xff,0xff,0xef,0xf7,0xff,0xff,
0xef,0xf7,0xff,0xff,0xef,0xf7,0xff,0xff,0xef,0xf7,0xff,0xff,0xef,0xf7,0xff,0xff,0xee,0xf5,0xfd,0xff,0xf6,0xff,0xff,0xff,0x81,0x71,0x6b,0xff,0x53,0x39,0x2d,0xff,
0x5d,0x45,0x3a,0xff,0x5b,0x42,0x36,0xff,0x7c,0xa5,0xc0,0xff,0x85,0xbe,0xdf,0xff,0x7d,0xa8,0xc6,0xff,0x7e,0xac,0xcb,0xff,0x7e,0xa9,0xc7,0xff,0x82,0xb5,0xd6,0xff,
0x83,0xba,0xdc,0xff,0x60,0x51,0x4c,0xff,0x5a,0x40,0x34,0xff,0x5b,0x44,0x39,0xff,0x5b,0x43,0x38,0xff,0x5b,0x43,0x38,0xff,0x5b,0x43,0x38,0xff,0x5a,0x42,0x37,0xfd,
0x5f,0x46,0x3b,0xff,0x5a,0x42,0x36,0x41,0x00,0x00,0x00,0x00,0x55,0x55,0x55,0x03,0x00,0x00,0x00,0x00,0x00,0x00,0x00,0x00,0x00,0x00,0x00,0x00,0x00,0x00,0x00,0x00,
0x00,0x00,0x00,0x00,0x00,0x00,0x00,0x00,0x00,0x00,0x00,0x00,0x00,0x00,0x00,0x00,0x00,0x00,0x00,0x01,0x00,0x00,0x00,0x00,0x5a,0x3c,0x3c,0x11,0x5b,0x43,0x37,0xee,
0x5d,0x44,0x39,0xff,0x5b,0x43,0x39,0xfe,0x58,0x40,0x35,0xff,0x65,0x4f,0x45,0xff,0xe5,0xeb,0xf2,0xff,0xf2,0xfa,0xff,0xff,0xee,0xf6,0xfe,0xff,0xef,0xf7,0xff,0xff,
0xef,0xf7,0xff,0xff,0xef,0xf7,0xff,0xff,0xef,0xf7,0xff,0xff,0xef,0xf7,0xff,0xff,0xef,0xf7,0xff,0xff,0xef,0xf7,0xff,0xff,0xee,0xf5,0xfd,0xff,0xf6,0xff,0xff,0xff,
0x7e,0x6e,0x68,0xff,0x5d,0x45,0x3a,0xff,0xe7,0xee,0xf5,0xff,0xf2,0xfa,0xff,0xff,0xee,0xf6,0xfe,0xff,0xef,0xf7,0xff,0xff,0xef,0xf7,0xff,0xff,0xef,0xf7,0xff,0xff,
0xef,0xf7,0xff,0xff,0xef,0xf7,0xff,0xff,0xef,0xf7,0xff,0xff,0xef,0xf7,0xff,0xff,0xee,0xf5,0xfd,0xff,0xf6,0xff,0xff,0xff,0x81,0x71,0x6b,0xff,0x53,0x3a,0x2e,0xff,
0x5c,0x44,0x39,0xff,0x5c,0x45,0x3a,0xff,0x84,0xbd,0xe2,0xff,0x91,0xe2,0xff,0xff,0x8f,0xde,0xff,0xff,0x90,0xdf,0xff,0xff,0x90,0xdf,0xff,0xff,0x90,0xdf,0xff,0xff,
0x8c,0xd4,0xfe,0xff,0x63,0x5a,0x59,0xff,0x59,0x3e,0x31,0xff,0x5c,0x45,0x3a,0xff,0x5b,0x43,0x38,0xff,0x5b,0x43,0x38,0xff,0x5b,0x43,0x38,0xff,0x5a,0x42,0x37,0xfd,
0x5f,0x46,0x3b,0xff,0x5a,0x42,0x36,0x41,0x00,0x00,0x00,0x00,0x55,0x55,0x55,0x03,0x00,0x00,0x00,0x00,0x00,0x00,0x00,0x00,0x00,0x00,0x00,0x00,0x00,0x00,0x00,0x00,
0x00,0x00,0x00,0x00,0x00,0x00,0x00,0x00,0x00,0x00,0x00,0x00,0x00,0x00,0x00,0x00,0x00,0x00,0x00,0x01,0x00,0x00,0x00,0x00,0x5a,0x3c,0x3c,0x11,0x5b,0x43,0x37,0xed,
0x5d,0x44,0x39,0xff,0x5b,0x43,0x39,0xfe,0x58,0x40,0x35,0xff,0x65,0x4f,0x45,0xff,0xe5,0xeb,0xf2,0xff,0xf2,0xfa,0xff,0xff,0xee,0xf6,0xfe,0xff,0xef,0xf7,0xff,0xff,
0xef,0xf7,0xff,0xff,0xef,0xf7,0xff,0xff,0xef,0xf7,0xff,0xff,0xef,0xf7,0xff,0xff,0xef,0xf7,0xff,0xff,0xef,0xf7,0xff,0xff,0xee,0xf5,0xfd,0xff,0xf6,0xff,0xff,0xff,
0x7e,0x6e,0x68,0xff,0x5d,0x45,0x3a,0xff,0xe7,0xee,0xf5,0xff,0xf2,0xfa,0xff,0xff,0xee,0xf6,0xfe,0xff,0xef,0xf7,0xff,0xff,0xef,0xf7,0xff,0xff,0xef,0xf7,0xff,0xff,
0xef,0xf7,0xff,0xff,0xef,0xf7,0xff,0xff,0xef,0xf7,0xff,0xff,0xef,0xf7,0xff,0xff,0xee,0xf5,0xfd,0xff,0xf6,0xff,0xff,0xff,0x81,0x71,0x6b,0xff,0x53,0x39,0x2d,0xff,
0x5d,0x46,0x3b,0xff,0x5a,0x40,0x33,0xff,0x5f,0x4e,0x47,0xff,0x68,0x68,0x69,0xff,0x67,0x65,0x68,0xff,0x67,0x66,0x69,0xff,0x67,0x65,0x68,0xff,0x68,0x69,0x69,0xff,
0x62,0x57,0x55,0xff,0x5a,0x3f,0x32,0xff,0x5b,0x44,0x39,0xff,0x5b,0x43,0x38,0xff,0x5b,0x43,0x38,0xff,0x5b,0x43,0x38,0xff,0x5b,0x43,0x38,0xff,0x5a,0x42,0x37,0xfd,
0x5f,0x46,0x3b,0xff,0x5b,0x43,0x37,0x40,0x00,0x00,0x00,0x00,0x55,0x55,0x55,0x03,0x00,0x00,0x00,0x00,0x00,0x00,0x00,0x00,0x00,0x00,0x00,0x00,0x00,0x00,0x00,0x00,
0x00,0x00,0x00,0x00,0x00,0x00,0x00,0x00,0x00,0x00,0x00,0x00,0x00,0x00,0x00,0x00,0x00,0x00,0x00,0x01,0x00,0x00,0x00,0x00,0x55,0x38,0x38,0x12,0x5a,0x43,0x38,0xf1,
0x5d,0x44,0x39,0xff,0x5b,0x43,0x39,0xfe,0x58,0x40,0x35,0xff,0x65,0x4f,0x45,0xff,0xe5,0xeb,0xf2,0xff,0xf2,0xfa,0xff,0xff,0xee,0xf6,0xfe,0xff,0xef,0xf7,0xff,0xff,
0xef,0xf7,0xff,0xff,0xef,0xf7,0xff,0xff,0xef,0xf7,0xff,0xff,0xef,0xf7,0xff,0xff,0xef,0xf7,0xff,0xff,0xef,0xf7,0xff,0xff,0xee,0xf5,0xfd,0xff,0xf6,0xff,0xfe,0xff,
0x7e,0x6e,0x68,0xff,0x5d,0x45,0x3a,0xff,0xe7,0xee,0xf5,0xff,0xf2,0xfa,0xff,0xff,0xee,0xf6,0xfe,0xff,0xef,0xf7,0xff,0xff,0xef,0xf7,0xff,0xff,0xef,0xf7,0xff,0xff,
0xef,0xf7,0xff,0xff,0xef,0xf7,0xff,0xff,0xef,0xf7,0xff,0xff,0xef,0xf7,0xff,0xff,0xee,0xf5,0xfd,0xff,0xf6,0xff,0xfe,0xff,0x81,0x71,0x6b,0xff,0x53,0x39,0x2d,0xff,
0x5d,0x45,0x3a,0xff,0x5b,0x44,0x39,0xff,0x5a,0x40,0x34,0xff,0x58,0x3b,0x2d,0xff,0x58,0x3b,0x2d,0xff,0x58,0x3b,0x2d,0xff,0x58,0x3b,0x2d,0xff,0x58,0x3b,0x2d,0xff,
0x59,0x3e,0x31,0xff,0x5b,0x44,0x39,0xff,0x5b,0x43,0x38,0xff,0x5b,0x43,0x38,0xff,0x5b,0x43,0x38,0xff,0x5b,0x43,0x38,0xff,0x5b,0x43,0x38,0xff,0x5a,0x42,0x37,0xfd,
0x60,0x46,0x3b,0xff,0x5a,0x43,0x38,0x44,0x00,0x00,0x00,0x00,0x55,0x55,0x55,0x03,0x00,0x00,0x00,0x00,0x00,0x00,0x00,0x00,0x00,0x00,0x00,0x00,0x00,0x00,0x00,0x00,
0x00,0x00,0x00,0x00,0x00,0x00,0x00,0x00,0x00,0x00,0x00,0x00,0x00,0x00,0x00,0x00,0x00,0x00,0x00,0x01,0x00,0x00,0x00,0x01,0x55,0x38,0x38,0x09,0x5a,0x43,0x37,0xd8,
0x5e,0x45,0x3a,0xff,0x5b,0x43,0x38,0xfd,0x58,0x40,0x35,0xff,0x64,0x4e,0x44,0xff,0xe6,0xec,0xf3,0xff,0xf0,0xf8,0xfd,0xff,0xee,0xf6,0xfe,0xff,0xef,0xf7,0xff,0xff,
0xef,0xf7,0xff,0xff,0xef,0xf7,0xff,0xff,0xef,0xf7,0xff,0xff,0xef,0xf7,0xff,0xff,0xef,0xf7,0xff,0xff,0xef,0xf7,0xff,0xff,0xec,0xf3,0xfb,0xff,0xf7,0xff,0xff,0xff,
0x7e,0x6e,0x68,0xff,0x5c,0x44,0x39,0xff,0xe8,0xef,0xf6,0xff,0xf0,0xf8,0xfd,0xff,0xee,0xf6,0xfe,0xff,0xef,0xf7,0xff,0xff,0xef,0xf7,0xff,0xff,0xef,0xf7,0xff,0xff,
0xef,0xf7,0xff,0xff,0xef,0xf7,0xff,0xff,0xef,0xf7,0xff,0xff,0xef,0xf7,0xff,0xff,0xec,0xf3,0xfb,0xff,0xf7,0xff,0xff,0xff,0x81,0x71,0x6b,0xff,0x53,0x39,0x2d,0xff,
0x5d,0x45,0x3a,0xff,0x5b,0x43,0x38,0xff,0x5b,0x44,0x39,0xff,0x5c,0x45,0x3a,0xff,0x5c,0x45,0x3a,0xff,0x5c,0x45,0x3a,0xff,0x5c,0x45,0x3a,0xff,0x5c,0x45,0x3a,0xff,
0x5b,0x44,0x3a,0xff,0x5b,0x43,0x38,0xff,0x5b,0x43,0x38,0xff,0x5b,0x43,0x38,0xff,0x5b,0x43,0x38,0xff,0x5b,0x43,0x38,0xff,0x5b,0x43,0x38,0xff,0x5b,0x43,0x38,0xfe,
0x5c,0x44,0x39,0xf8,0x5b,0x42,0x36,0x2a,0x00,0x00,0x00,0x00,0x7f,0x7f,0x7f,0x02,0x00,0x00,0x00,0x00,0x00,0x00,0x00,0x00,0x00,0x00,0x00,0x00,0x00,0x00,0x00,0x00,
0x00,0x00,0x00,0x00,0x00,0x00,0x00,0x00,0x00,0x00,0x00,0x00,0x00,0x00,0x00,0x00,0x00,0x00,0x00,0x00,0x55,0x55,0x55,0x03,0x00,0x00,0x00,0x00,0x5b,0x42,0x38,0xb0,
0x61,0x47,0x3b,0xfe,0x5b,0x43,0x37,0xfb,0x5d,0x45,0x3a,0xff,0x53,0x39,0x2d,0xff,0xb9,0xb5,0xb7,0xff,0xff,0xff,0xff,0xff,0xec,0xf4,0xfc,0xff,0xed,0xf5,0xfd,0xff,
0xee,0xf5,0xfd,0xff,0xee,0xf5,0xfd,0xff,0xee,0xf5,0xfd,0xff,0xee,0xf5,0xfd,0xff,0xee,0xf5,0xfd,0xff,0xec,0xf4,0xfc,0xff,0xfa,0xff,0xff,0xff,0xdb,0xde,0xe3,0xff,
0x5f,0x48,0x3d,0xff,0x52,0x38,0x2c,0xff,0xb9,0xb6,0xb7,0xff,0xff,0xff,0xff,0xff,0xec,0xf4,0xfc,0xff,0xed,0xf5,0xfd,0xff,0xee,0xf5,0xfd,0xff,0xee,0xf5,0xfd,0xff,
0xee,0xf5,0xfd,0xff,0xee,0xf5,0xfd,0xff,0xee,0xf5,0xfd,0xff,0xec,0xf4,0xfc,0xff,0xfa,0xff,0xff,0xff,0xdb,0xde,0xe3,0xff,0x5d,0x46,0x3b,0xff,0x5a,0x42,0x37,0xff,
0x5c,0x44,0x39,0xff,0x5b,0x43,0x38,0xff,0x5b,0x43,0x38,0xff,0x5b,0x43,0x38,0xff,0x5b,0x43,0x38,0xff,0x5b,0x43,0x38,0xff,0x5b,0x43,0x38,0xff,0x5b,0x43,0x38,0xff,
0x5b,0x43,0x38,0xff,0x5b,0x43,0x38,0xff,0x5b,0x43,0x38,0xff,0x5b,0x43,0x38,0xff,0x5b,0x43,0x38,0xff,0x5b,0x43,0x38,0xff,0x5b,0x43,0x38,0xfd,0x5e,0x45,0x39,0xff,
0x5b,0x42,0x37,0xe5,0x55,0x38,0x38,0x09,0x00,0x00,0x00,0x00,0x00,0x00,0x00,0x01,0x00,0x00,0x00,0x00,0x00,0x00,0x00,0x00,0x00,0x00,0x00,0x00,0x00,0x00,0x00,0x00,
0x00,0x00,0x00,0x00,0x00,0x00,0x00,0x00,0x00,0x00,0x00,0x00,0x00,0x00,0x00,0x00,0x00,0x00,0x00,0x00,0x3f,0x3f,0x3f,0x04,0x00,0x00,0x00,0x00,0x5a,0x41,0x36,0x5d,
0x61,0x47,0x3c,0xff,0x5a,0x42,0x37,0xfc,0x5c,0x44,0x39,0xff,0x58,0x40,0x34,0xff,0x63,0x4d,0x43,0xff,0xc6,0xc5,0xc5,0xff,0xf5,0xfe,0xff,0xff,0xf6,0xff,0xff,0xff,
0xf5,0xff,0xff,0xff,0xf6,0xff,0xff,0xff,0xf6,0xff,0xff,0xff,0xf6,0xff,0xff,0xff,0xf5,0xff,0xff,0xff,0xf6,0xff,0xff,0xff,0xdb,0xdd,0xdd,0xff,0x77,0x65,0x5e,0xff,
0x56,0x3c,0x30,0xff,0x5a,0x41,0x36,0xff,0x63,0x4d,0x43,0xff,0xc6,0xc5,0xc5,0xff,0xf5,0xfe,0xff,0xff,0xf6,0xff,0xff,0xff,0xf5,0xff,0xff,0xff,0xf6,0xff,0xff,0xff,
0xf6,0xff,0xff,0xff,0xf6,0xff,0xff,0xff,0xf5,0xff,0xff,0xff,0xf6,0xff,0xff,0xff,0xdb,0xdd,0xdd,0xff,0x77,0x65,0x5e,0xff,0x55,0x3b,0x30,0xff,0x5d,0x45,0x3a,0xff,
0x5b,0x43,0x38,0xff,0x5b,0x43,0x38,0xff,0x5b,0x43,0x38,0xff,0x5b,0x43,0x38,0xff,0x5b,0x43,0x38,0xff,0x5b,0x43,0x38,0xff,0x5b,0x43,0x38,0xff,0x5b,0x43,0x38,0xff,
0x5b,0x43,0x38,0xff,0x5b,0x43,0x38,0xff,0x5b,0x43,0x38,0xff,0x5b,0x43,0x38,0xff,0x5b,0x43,0x38,0xff,0x5b,0x43,0x38,0xff,0x5a,0x43,0x37,0xfb,0x61,0x48,0x3c,0xff,
0x5a,0x42,0x38,0x9d,0x00,0x00,0x00,0x00,0xaa,0x55,0x55,0x03,0x00,0x00,0x00,0x00,0x00,0x00,0x00,0x00,0x00,0x00,0x00,0x00,0x00,0x00,0x00,0x00,0x00,0x00,0x00,0x00,
0x00,0x00,0x00,0x00,0x00,0x00,0x00,0x00,0x00,0x00,0x00,0x00,0x00,0x00,0x00,0x00,0x00,0x00,0x00,0x00,0x00,0x00,0x00,0x01,0xff,0xff,0xff,0x01,0x6d,0x48,0x48,0x07,
0x5b,0x43,0x38,0xda,0x5f,0x46,0x3a,0xff,0x5b,0x42,0x37,0xfc,0x5c,0x44,0x39,0xff,0x58,0x3f,0x34,0xff,0x56,0x3d,0x32,0xff,0x7b,0x6a,0x61,0xff,0x82,0x72,0x6b,0xff,
0x81,0x71,0x6b,0xff,0x81,0x71,0x6b,0xff,0x81,0x71,0x6b,0xff,0x81,0x71,0x6b,0xff,0x81,0x71,0x6b,0xff,0x81,0x70,0x69,0xff,0x5d,0x46,0x3c,0xff,0x55,0x3b,0x30,0xff,
0x5c,0x45,0x3a,0xff,0x5c,0x44,0x39,0xff,0x58,0x3f,0x34,0xff,0x56,0x3d,0x32,0xff,0x7b,0x6a,0x61,0xff,0x82,0x72,0x6b,0xff,0x81,0x71,0x6b,0xff,0x81,0x71,0x6b,0xff,
0x81,0x71,0x6b,0xff,0x81,0x71,0x6b,0xff,0x81,0x71,0x6b,0xff,0x81,0x70,0x69,0xff,0x5d,0x46,0x3c,0xff,0x55,0x3b,0x30,0xff,0x5d,0x45,0x3a,0xff,0x5b,0x43,0x38,0xff,
0x5b,0x43,0x38,0xff,0x5b,0x43,0x38,0xff,0x5b,0x43,0x38,0xff,0x5b,0x43,0x38,0xff,0x5b,0x43,0x38,0xff,0x5b,0x43,0x38,0xff,0x5b,0x43,0x38,0xff,0x5b,0x43,0x38,0xff,
0x5b,0x43,0x38,0xff,0x5b,0x43,0x38,0xff,0x5b,0x43,0x38,0xff,0x5b,0x43,0x38,0xff,0x5b,0x43,0x38,0xff,0x5b,0x43,0x38,0xfe,0x5c,0x43,0x38,0xfc,0x5d,0x44,0x39,0xfc,
0x59,0x3f,0x39,0x28,0x00,0x00,0x00,0x00,0x7f,0x00,0x00,0x02,0x00,0x00,0x00,0x00,0x00,0x00,0x00,0x00,0x00,0x00,0x00,0x00,0x00,0x00,0x00,0x00,0x00,0x00,0x00,0x00,
0x00,0x00,0x00,0x00,0x00,0x00,0x00,0x00,0x00,0x00,0x00,0x00,0x00,0x00,0x00,0x00,0x00,0x00,0x00,0x00,0x00,0x00,0x00,0x00,0x7f,0x7f,0x7f,0x02,0x00,0x00,0x00,0x00,
0x5b,0x44,0x36,0x38,0x5e,0x45,0x3a,0xfe,0x5c,0x43,0x38,0xfd,0x5a,0x42,0x37,0xfd,0x5c,0x44,0x39,0xff,0x5c,0x44,0x39,0xff,0x54,0x3b,0x2f,0xff,0x53,0x39,0x2d,0xff,
0x53,0x39,0x2d,0xff,0x53,0x39,0x2d,0xff,0x53,0x39,0x2d,0xff,0x53,0x39,0x2d,0xff,0x53,0x39,0x2d,0xff,0x53,0x39,0x2e,0xff,0x5a,0x42,0x37,0xff,0x5d,0x45,0x3a,0xff,
0x5b,0x43,0x38,0xff,0x5b,0x43,0x38,0xff,0x5c,0x44,0x39,0xff,0x5c,0x44,0x39,0xff,0x54,0x3b,0x2f,0xff,0x53,0x39,0x2d,0xff,0x53,0x39,0x2d,0xff,0x53,0x39,0x2d,0xff,
0x53,0x39,0x2d,0xff,0x53,0x39,0x2d,0xff,0x53,0x39,0x2d,0xff,0x53,0x39,0x2e,0xff,0x5a,0x42,0x37,0xff,0x5d,0x45,0x3a,0xff,0x5b,0x43,0x38,0xff,0x5b,0x43,0x38,0xff,
0x5b,0x43,0x38,0xff,0x5b,0x43,0x38,0xff,0x5b,0x43,0x38,0xff,0x5b,0x43,0x38,0xff,0x5b,0x43,0x38,0xff,0x5b,0x43,0x38,0xff,0x5b,0x43,0x38,0xff,0x5b,0x43,0x38,0xff,
0x5b,0x43,0x38,0xff,0x5b,0x43,0x38,0xff,0x5b,0x43,0x38,0xff,0x5b,0x43,0x38,0xff,0x5b,0x43,0x38,0xfe,0x5a,0x42,0x38,0xfa,0x63,0x49,0x3d,0xff,0x5b,0x42,0x36,0x70,
0x00,0x00,0x00,0x00,0x55,0x55,0x55,0x03,0x00,0x00,0x00,0x00,0x00,0x00,0x00,0x00,0x00,0x00,0x00,0x00,0x00,0x00,0x00,0x00,0x00,0x00,0x00,0x00,0x00,0x00,0x00,0x00,
0x00,0x00,0x00,0x00,0x00,0x00,0x00,0x00,0x00,0x00,0x00,0x00,0x00,0x00,0x00,0x00,0x00,0x00,0x00,0x00,0x00,0x00,0x00,0x00,0x00,0x00,0x00,0x00,0x55,0x55,0x55,0x03,
0x00,0x00,0x00,0x00,0x58,0x41,0x37,0x65,0x60,0x47,0x3b,0xff,0x5d,0x44,0x39,0xff,0x5a,0x43,0x37,0xfb,0x5a,0x43,0x38,0xfd,0x5c,0x45,0x3a,0xfe,0x5d,0x45,0x3a,0xff,
0x5d,0x45,0x3a,0xff,0x5d,0x45,0x3a,0xff,0x5d,0x45,0x3a,0xff,0x5d,0x45,0x3a,0xff,0x5d,0x45,0x3a,0xff,0x5d,0x45,0x3a,0xff,0x5b,0x43,0x39,0xff,0x5b,0x43,0x38,0xff,
0x5b,0x43,0x38,0xff,0x5b,0x43,0x38,0xff,0x5b,0x43,0x38,0xff,0x5b,0x43,0x38,0xff,0x5c,0x45,0x3a,0xff,0x5d,0x45,0x3a,0xff,0x5d,0x45,0x3a,0xff,0x5d,0x45,0x3a,0xff,
0x5d,0x45,0x3a,0xff,0x5d,0x45,0x3a,0xff,0x5d,0x45,0x3a,0xff,0x5d,0x45,0x3a,0xff,0x5b,0x43,0x39,0xff,0x5b,0x43,0x38,0xff,0x5b,0x43,0x38,0xff,0x5b,0x43,0x38,0xff,
0x5b,0x43,0x38,0xff,0x5b,0x43,0x38,0xff,0x5b,0x43,0x38,0xff,0x5b,0x43,0x38,0xff,0x5b,0x43,0x38,0xff,0x5b,0x43,0x38,0xff,0x5b,0x43,0x38,0xff,0x5b,0x43,0x38,0xff,
0x5b,0x43,0x38,0xff,0x5b,0x43,0x38,0xfe,0x5b,0x43,0x38,0xfe,0x5a,0x43,0x37,0xfb,0x5b,0x43,0x38,0xfe,0x63,0x49,0x3d,0xff,0x5b,0x43,0x38,0x9a,0x00,0x00,0x00,0x00,
0x55,0x55,0x55,0x03,0x00,0x00,0x00,0x00,0x00,0x00,0x00,0x00,0x00,0x00,0x00,0x00,0x00,0x00,0x00,0x00,0x00,0x00,0x00,0x00,0x00,0x00,0x00,0x00,0x00,0x00,0x00,0x00,
0x00,0x00,0x00,0x00,0x00,0x00,0x00,0x00,0x00,0x00,0x00,0x00,0x00,0x00,0x00,0x00,0x00,0x00,0x00,0x00,0x00,0x00,0x00,0x00,0x00,0x00,0x00,0x00,0x00,0x00,0x00,0x00,
0x55,0x55,0x55,0x03,0x00,0x00,0x00,0x00,0x59,0x40,0x35,0x47,0x5d,0x45,0x39,0xe5,0x62,0x48,0x3c,0xff,0x5e,0x45,0x3a,0xff,0x5c,0x43,0x38,0xff,0x5a,0x42,0x37,0xfd,
0x5a,0x42,0x37,0xfd,0x5a,0x42,0x37,0xfd,0x5a,0x42,0x37,0xfd,0x5a,0x42,0x37,0xfd,0x5a,0x42,0x37,0xfd,0x5a,0x42,0x37,0xfd,0x5a,0x42,0x37,0xfd,0x5a,0x42,0x37,0xfd,
0x5a,0x42,0x37,0xfd,0x5a,0x42,0x37,0xfd,0x5a,0x42,0x37,0xfd,0x5a,0x42,0x37,0xfd,0x5a,0x42,0x37,0xfd,0x5a,0x42,0x37,0xfd,0x5a,0x42,0x37,0xfd,0x5a,0x42,0x37,0xfd,
0x5a,0x42,0x37,0xfd,0x5a,0x42,0x37,0xfd,0x5a,0x42,0x37,0xfd,0x5a,0x42,0x37,0xfd,0x5a,0x42,0x37,0xfd,0x5a,0x42,0x37,0xfd,0x5a,0x42,0x37,0xfd,0x5a,0x42,0x37,0xfd,
0x5a,0x42,0x37,0xfd,0x5a,0x42,0x37,0xfd,0x5a,0x42,0x37,0xfd,0x5a,0x42,0x37,0xfd,0x5a,0x42,0x37,0xfd,0x5a,0x42,0x37,0xfd,0x5a,0x42,0x37,0xfd,0x5a,0x42,0x37,0xfd,
0x5a,0x42,0x37,0xfd,0x5b,0x43,0x38,0xff,0x5d,0x45,0x39,0xff,0x61,0x47,0x3c,0xff,0x5e,0x45,0x3a,0xf9,0x5d,0x44,0x38,0x70,0x00,0x00,0x00,0x00,0x7f,0x7f,0x7f,0x02,
0x00,0x00,0x00,0x01,0x00,0x00,0x00,0x00,0x00,0x00,0x00,0x00,0x00,0x00,0x00,0x00,0x00,0x00,0x00,0x00,0x00,0x00,0x00,0x00,0x00,0x00,0x00,0x00,0x00,0x00,0x00,0x00,
0x00,0x00,0x00,0x00,0x00,0x00,0x00,0x00,0x00,0x00,0x00,0x00,0x00,0x00,0x00,0x00,0x00,0x00,0x00,0x00,0x00,0x00,0x00,0x00,0x00,0x00,0x00,0x00,0x00,0x00,0x00,0x00,
0x00,0x00,0x00,0x00,0x55,0x55,0x55,0x03,0x00,0x00,0x00,0x00,0x5c,0x45,0x39,0x16,0x5d,0x45,0x39,0x80,0x5d,0x45,0x39,0xd5,0x5b,0x43,0x38,0xf4,0x5f,0x46,0x3b,0xff,
0x5f,0x46,0x3a,0xff,0x5f,0x46,0x3b,0xff,0x5f,0x46,0x3b,0xff,0x5f,0x46,0x3b,0xff,0x5f,0x46,0x3b,0xff,0x5f,0x46,0x3b,0xff,0x5f,0x46,0x3b,0xff,0x5f,0x46,0x3b,0xff,
0x5f,0x46,0x3b,0xff,0x5f,0x46,0x3b,0xff,0x5f,0x46,0x3b,0xff,0x5f,0x46,0x3b,0xff,0x5f,0x46,0x3b,0xff,0x5f,0x46,0x3b,0xff,0x5f,0x46,0x3b,0xff,0x5f,0x46,0x3b,0xff,
0x5f,0x46,0x3b,0xff,0x5f,0x46,0x3b,0xff,0x5f,0x46,0x3b,0xff,0x5f,0x46,0x3b,0xff,0x5f,0x46,0x3b,0xff,0x5f,0x46,0x3b,0xff,0x5f,0x46,0x3b,0xff,0x5f,0x46,0x3b,0xff,
0x5f,0x46,0x3b,0xff,0x5f,0x46,0x3b,0xff,0x5f,0x46,0x3b,0xff,0x5f,0x46,0x3b,0xff,0x5f,0x46,0x3b,0xff,0x5f,0x46,0x3b,0xff,0x5f,0x46,0x3b,0xff,0x5f,0x46,0x3a,0xff,
0x60,0x46,0x3b,0xff,0x5c,0x44,0x38,0xfb,0x5e,0x45,0x39,0xe1,0x5d,0x45,0x39,0x9b,0x5c,0x45,0x39,0x2c,0x00,0x00,0x00,0x00,0x7f,0x00,0x00,0x02,0x00,0x00,0x00,0x01,
0x00,0x00,0x00,0x00,0x00,0x00,0x00,0x00,0x00,0x00,0x00,0x00,0x00,0x00,0x00,0x00,0x00,0x00,0x00,0x00,0x00,0x00,0x00,0x00,0x00,0x00,0x00,0x00,0x00,0x00,0x00,0x00,
0x00,0x00,0x00,0x00,0x00,0x00,0x00,0x00,0x00,0x00,0x00,0x00,0x00,0x00,0x00,0x00,0x00,0x00,0x00,0x00,0x00,0x00,0x00,0x00,0x00,0x00,0x00,0x00,0x00,0x00,0x00,0x00,
0x00,0x00,0x00,0x00,0x00,0x00,0x00,0x00,0x55,0x55,0x55,0x03,0x00,0x00,0x00,0x00,0x00,0x00,0x00,0x00,0x55,0x55,0x55,0x03,0x60,0x46,0x3d,0x1d,0x5e,0x46,0x3a,0x41,
0x5a,0x42,0x36,0x41,0x5a,0x42,0x36,0x41,0x5a,0x42,0x36,0x41,0x5a,0x42,0x36,0x41,0x5a,0x42,0x36,0x41,0x5a,0x42,0x36,0x41,0x5a,0x42,0x36,0x41,0x5a,0x42,0x36,0x41,
0x5a,0x42,0x36,0x41,0x5a,0x42,0x36,0x41,0x5a,0x42,0x36,0x41,0x5a,0x42,0x36,0x41,0x5a,0x42,0x36,0x41,0x5a,0x42,0x36,0x41,0x5a,0x42,0x36,0x41,0x5a,0x42,0x36,0x41,
0x5a,0x42,0x36,0x41,0x5a,0x42,0x36,0x41,0x5a,0x42,0x36,0x41,0x5a,0x42,0x36,0x41,0x5a,0x42,0x36,0x41,0x5a,0x42,0x36,0x41,0x5a,0x42,0x36,0x41,0x5a,0x42,0x36,0x41,
0x5a,0x42,0x36,0x41,0x5a,0x42,0x36,0x41,0x5a,0x42,0x36,0x41,0x5a,0x42,0x36,0x41,0x5a,0x42,0x36,0x41,0x5a,0x42,0x36,0x41,0x5a,0x42,0x36,0x41,0x5a,0x42,0x36,0x41,
0x62,0x46,0x3a,0x41,0x5d,0x44,0x37,0x29,0x66,0x4c,0x33,0x0a,0x00,0x00,0x00,0x00,0x00,0x00,0x00,0x00,0x55,0x55,0x55,0x03,0x00,0x00,0x00,0x00,0x00,0x00,0x00,0x00,
0x00,0x00,0x00,0x00,0x00,0x00,0x00,0x00,0x00,0x00,0x00,0x00,0x00,0x00,0x00,0x00,0x00,0x00,0x00,0x00,0x00,0x00,0x00,0x00,0x00,0x00,0x00,0x00,0x00,0x00,0x00,0x00,
0x00,0x00,0x00,0x00,0x00,0x00,0x00,0x00,0x00,0x00,0x00,0x00,0x00,0x00,0x00,0x00,0x00,0x00,0x00,0x00,0x00,0x00,0x00,0x00,0x00,0x00,0x00,0x00,0x00,0x00,0x00,0x00,
0x00,0x00,0x00,0x00,0x00,0x00,0x00,0x00,0x00,0x00,0x00,0x00,0x00,0x00,0x00,0x01,0x55,0x55,0x55,0x03,0x00,0x00,0x00,0x00,0x00,0x00,0x00,0x00,0x00,0x00,0x00,0x00,
0x00,0x00,0x00,0x00,0x00,0x00,0x00,0x00,0x00,0x00,0x00,0x00,0x00,0x00,0x00,0x00,0x00,0x00,0x00,0x00,0x00,0x00,0x00,0x00,0x00,0x00,0x00,0x00,0x00,0x00,0x00,0x00,
0x00,0x00,0x00,0x00,0x00,0x00,0x00,0x00,0x00,0x00,0x00,0x00,0x00,0x00,0x00,0x00,0x00,0x00,0x00,0x00,0x00,0x00,0x00,0x00,0x00,0x00,0x00,0x00,0x00,0x00,0x00,0x00,
0x00,0x00,0x00,0x00,0x00,0x00,0x00,0x00,0x00,0x00,0x00,0x00,0x00,0x00,0x00,0x00,0x00,0x00,0x00,0x00,0x00,0x00,0x00,0x00,0x00,0x00,0x00,0x00,0x00,0x00,0x00,0x00,
0x00,0x00,0x00,0x00,0x00,0x00,0x00,0x00,0x00,0x00,0x00,0x00,0x00,0x00,0x00,0x00,0x00,0x00,0x00,0x00,0x00,0x00,0x00,0x00,0x00,0x00,0x00,0x00,0x00,0x00,0x00,0x00,
0x00,0x00,0x00,0x00,0x00,0x00,0x00,0x00,0x00,0x00,0x00,0x00,0x55,0x55,0x55,0x03,0x7f,0x7f,0x00,0x02,0x00,0x00,0x00,0x00,0x00,0x00,0x00,0x00,0x00,0x00,0x00,0x00,
0x00,0x00,0x00,0x00,0x00,0x00,0x00,0x00,0x00,0x00,0x00,0x00,0x00,0x00,0x00,0x00,0x00,0x00,0x00,0x00,0x00,0x00,0x00,0x00,0x00,0x00,0x00,0x00,0x00,0x00,0x00,0x00,
0x00,0x00,0x00,0x00,0x00,0x00,0x00,0x00,0x00,0x00,0x00,0x00,0x00,0x00,0x00,0x00,0x00,0x00,0x00,0x00,0x00,0x00,0x00,0x00,0x00,0x00,0x00,0x00,0x00,0x00,0x00,0x00,
0x00,0x00,0x00,0x00,0x00,0x00,0x00,0x00,0x00,0x00,0x00,0x00,0x00,0x00,0x00,0x00,0x00,0x00,0x00,0x00,0x00,0x00,0x00,0x01,0x7f,0x00,0x00,0x02,0x55,0x55,0x55,0x03,
0x55,0x55,0x55,0x03,0x55,0x55,0x55,0x03,0x55,0x55,0x55,0x03,0x55,0x55,0x55,0x03,0x55,0x55,0x55,0x03,0x55,0x55,0x55,0x03,0x55,0x55,0x55,0x03,0x55,0x55,0x55,0x03,
0x55,0x55,0x55,0x03,0x55,0x55,0x55,0x03,0x55,0x55,0x55,0x03,0x55,0x55,0x55,0x03,0x55,0x55,0x55,0x03,0x55,0x55,0x55,0x03,0x55,0x55,0x55,0x03,0x55,0x55,0x55,0x03,
0x55,0x55,0x55,0x03,0x55,0x55,0x55,0x03,0x55,0x55,0x55,0x03,0x55,0x55,0x55,0x03,0x55,0x55,0x55,0x03,0x55,0x55,0x55,0x03,0x55,0x55,0x55,0x03,0x55,0x55,0x55,0x03,
0x55,0x55,0x55,0x03,0x55,0x55,0x55,0x03,0x55,0x55,0x55,0x03,0x55,0x55,0x55,0x03,0x55,0x55,0x55,0x03,0x55,0x55,0x55,0x03,0x55,0x55,0x55,0x03,0x55,0x55,0x55,0x03,
0x55,0x55,0x55,0x03,0x7f,0x7f,0x00,0x02,0x00,0x00,0x00,0x01,0x00,0x00,0x00,0x00,0x00,0x00,0x00,0x00,0x00,0x00,0x00,0x00,0x00,0x00,0x00,0x00,0x00,0x00,0x00,0x00,
0x00,0x00,0x00,0x00,0x00,0x00,0x00,0x00,0x00,0x00,0x00,0x00,0x00,0x00,0x00,0x00,0x00,0x00,0x00,0x00,0x00,0x00,0x00,0x00,0x00,0x00,0x00,0x00,0x00,0x00,0x00,0x00,
0x00,0x00,0x00,0x00,0x00,0x00,0x00,0x00,0x00,0x00,0x00,0x00,0x00,0x00,0x00,0x00,0x00,0x00,0x00,0x00,0x00,0x00,0x00,0x00,0x00,0x00,0x00,0x00,0x00,0x00,0x00,0x00,
0x00,0x00,0x00,0x00,0x00,0x00,0x00,0x00,0x00,0x00,0x00,0x00,0x00,0x00,0x00,0x00,0x00,0x00,0x00,0x00,0x00,0x00,0x00,0x00,0x00,0x00,0x00,0x00,0x00,0x00,0x00,0x00,
0x00,0x00,0x00,0x00,0x00,0x00,0x00,0x00,0x00,0x00,0x00,0x00,0x00,0x00,0x00,0x00,0x00,0x00,0x00,0x00,0x00,0x00,0x00,0x00,0x00,0x00,0x00,0x00,0x00,0x00,0x00,0x00,
0x00,0x00,0x00,0x00,0x00,0x00,0x00,0x00,0x00,0x00,0x00,0x00,0x00,0x00,0x00,0x00,0x00,0x00,0x00,0x00,0x00,0x00,0x00,0x00,0x00,0x00,0x00,0x00,0x00,0x00,0x00,0x00,
0x00,0x00,0x00,0x00,0x00,0x00,0x00,0x00,0x00,0x00,0x00,0x00,0x00,0x00,0x00,0x00,0x00,0x00,0x00,0x00,0x00,0x00,0x00,0x00,0x00,0x00,0x00,0x00,0x00,0x00,0x00,0x00,
0x00,0x00,0x00,0x00,0x00,0x00,0x00,0x00,0x00,0x00,0x00,0x00,0x00,0x00,0x00,0x00,0x00,0x00,0x00,0x00,0x00,0x00,0x00,0x00,0x00,0x00,0x00,0x00,0x00,0x00,0x00,0x00,
0x00,0x00,0x00,0x00,0x00,0x00,0x00,0x00,0x00,0x00,0x00,0x00,0x00,0x00,0x00,0x00,0x00,0x00,0x00,0x00,0x00,0x00,0x00,0x00,0x00,0x00,0x00,0x00,0x00,0x00,0x00,0x00,
0x00,0x00,0x00,0x00,0x00,0x00,0x00,0x00,0x00,0x00,0x00,0x00,0x00,0x00,0x00,0x00,0x00,0x00,0x00,0x00,0x00,0x00,0x00,0x00,0x00,0x00,0x00,0x00,0x00,0x00,0x00,0x00,
0x00,0x00,0x00,0x00,0x00,0x00,0x00,0x00,0x00,0x00,0x00,0x00,0x00,0x00,0x00,0x00,0x00,0x00,0x00,0x00,0x00,0x00,0x00,0x00,0x00,0x00,0x00,0x00,0x00,0x00,0x00,0x00,
0x00,0x00,0x00,0x00,0x00,0x00,0x00,0x00,0x00,0x00,0x00,0x00,0x00,0x00,0x00,0x00,0x00,0x00,0x00,0x00,0x00,0x00,0x00,0x00,0x00,0x00,0x00,0x00,0x00,0x00,0x00,0x00,
0x00,0x00,0x00,0x00,0x00,0x00,0x00,0x00,0x00,0x00,0x00,0x00,0x00,0x00,0x00,0x00,0x00,0x00,0x00,0x00,0x00,0x00,0x00,0x00,0x00,0x00,0x00,0x00,0x00,0x00,0x00,0x00,
0x00,0x00,0x00,0x00,0x00,0x00,0x00,0x00,0x00,0x00,0x00,0x00,0x00,0x00,0x00,0x00,0x00,0x00,0x00,0x00,0x00,0x00,0x00,0x00,0x00,0x00,0x00,0x00,0x00,0x00,0x00,0x00,
0x00,0x00,0x00,0x00,0x00,0x00,0x00,0x00,0x00,0x00,0x00,0x00,0x00,0x00,0x00,0x00,0x00,0x00,0x00,0x00,0x00,0x00,0x00,0x00,0x00,0x00,0x00,0x00,0x00,0x00,0x00,0x00,
0x00,0x00,0x00,0x00,0x00,0x00,0x00,0x00,0x00,0x00,0x00,0x00,0x00,0x00,0x00,0x00,0x00,0x00,0x00,0x00,0x00,0x00,0x00,0x00,0x00,0x00,0x00,0x00,0x00,0x00,0x00,0x00,
0x00,0x00,0x00,0x00,0x00,0x00,0x00,0x00,0x00,0x00,0x00,0x00,0x00,0x00,0x00,0x00,0x00,0x00,0x00,0x00,0x00,0x00,0x00,0x00,0x00,0x00,0x00,0x00,0x00,0x00,0x00,0x00,
0x00,0x00,0x00,0x00,0x00,0x00,0x00,0x00,0x00,0x00,0x00,0x00,0x00,0x00,0x00,0x00,0x00,0x00,0x00,0x00,0x00,0x00,0x00,0x00,0x00,0x00,0x00,0x00,0x00,0x00,0x00,0x00,
0x00,0x00,0x00,0x00,0x00,0x00,0x00,0x00,0x00,0x00,0x00,0x00,0x00,0x00,0x00,0x00,0x00,0x00,0x00,0x00,0x00,0x00,0x00,0x00,0x00,0x00,0x00,0x00,0x00,0x00,0x00,0x00,
0x00,0x00,0x00,0x00,0x00,0x00,0x00,0x00,0x00,0x00,0x00,0x00,0x00,0x00,0x00,0x00,0x00,0x00,0x00,0x00,0x00,0x00,0x00,0x00,0x00,0x00,0x00,0x00,0x00,0x00,0x00,0x00,
0x00,0x00,0x00,0x00,0x00,0x00,0x00,0x00,0x00,0x00,0x00,0x00,0x00,0x00,0x00,0x00,0x00,0x00,0x00,0x00,0x00,0x00,0x00,0x00,0x00,0x00,0x00,0x00,0x00,0x00,0x00,0x00,
0x00,0x00,0x00,0x00,0x00,0x00,0x00,0x00,0x00,0x00,0x00,0x00,0x00,0x00,0x00,0x00,0x00,0x00,0x00,0x00,0x00,0x00,0x00,0x00,0x00,0x00,0x00,0x00,0x00,0x00,0x00,0x00,
0x00,0x00,0x00,0x00,0x00,0x00,0x00,0x00,0x00,0x00,0x00,0x00,0x00,0x00,0x00,0x00,0x00,0x00,0x00,0x00,0x00,0x00,0x00,0x00,0x00,0x00,0x00,0x00,0x00,0x00,0x00,0x00,
0x00,0x00,0x00,0x00,0x00,0x00,0x00,0x00,0x00,0x00,0x00,0x00,0x00,0x00,0x00,0x00,0x00,0x00,0x00,0x00,0x00,0x00,0x00,0x00,0x00,0x00,0x00,0x00,0x00,0x00,0x00,0x00,
0x00,0x00,0x00,0x00,0x00,0x00,0x00,0x00,0x00,0x00,0x00,0x00,0x00,0x00,0x00,0x00,0x00,0x00,0x00,0x00,0x00,0x00,0x00,0x00,0x00,0x00,0x00,0x00,0x00,0x00,0x00,0x00,
0x00,0x00,0x00,0x00,0x00,0x00,0x00,0x00,0x00,0x00,0x00,0x00,0x00,0x00,0x00,0x00,0x00,0x00,0x00,0x00,0x00,0x00,0x00,0x00,0x00,0x00,0x00,0x00,0x00,0x00,0x00,0x00,
0x00,0x00,0x00,0x00,0x00,0x00,0x00,0x00,0x00,0x00,0x00,0x00,0x00,0x00,0x00,0x00,0x00,0x00,0x00,0x00,0x00,0x00,0x00,0x00,0x00,0x00,0x00,0x00,0x00,0x00,0x00,0x00,
0x00,0x00,0x00,0x00,0x00,0x00,0x00,0x00,0x00,0x00,0x00,0x00,0x00,0x00,0x00,0x00,0x00,0x00,0x00,0x00,0x00,0x00,0x00,0x00,0x00,0x00,0x00,0x00,0x00,0x00,0x00,0x00,
0x00,0x00,0x00,0x00,0x00,0x00,0x00,0x00,0x00,0x00,0x00,0x00,0x00,0x00,0x00,0x00,0x00,0x00,0x00,0x00,0x00,0x00,0x00,0x00,0x00,0x00,0x00,0x00,0x00,0x00,0x00,0x00,
0x00,0x00,0x00,0x00,0x00,0x00,0x00,0x00,0x00,0x00,0x00,0x00,0x00,0x00,0x00,0x00,0x00,0x00,0x00,0x00,0x00,0x00,0x00,0x00,0x00,0x00,0x00,0x00,0x00,0x00,0x00,0x00,
0x00,0x00,0x00,0x00,0x00,0x00,0x00,0x00,0x00,0x00,0x00,0x00,0x00,0x00,0x00,0x00,0x00,0x00,0x00,0x00,0x00,0x00,0x00,0x00,0x00,0x00,0x00,0x00,0x00,0x00,0x00,0x00,
0x00,0x00,0x00,0x00,0x00,0x00,0x00,0x00,0x00,0x00,0x00,0x00,0x00,0x00,0x00,0x00,0x00,0x00,0x00,0x00,0x00,0x00,0x00,0x00,0x00,0x00,0x00,0x00,0x00,0x00,0x00,0x00,
0x00,0x00,0x00,0x00,0x00,0x00,0x00,0x00,0x00,0x00,0x00,0x00,0x00,0x00,0x00,0x00,0x00,0x00,0x00,0x00,0x00,0x00,0x00,0x00,0x00,0x00,0x00,0x00,0x00,0x00,0x00,0x00,
0x00,0x00,0x00,0x00,0x00,0x00,0x00,0x00,0x00,0x00,0x00,0x00,0x00,0x00,0x00,0x00,0x00,0x00,0x00,0x00,0x00,0x00,0x00,0x00,0x00,0x00,0x00,0x00,0x00,0x00,0x00,0x00,
};
const lv_image_dsc_t icon_puzzle = {
.header = {.magic = LV_IMAGE_HEADER_MAGIC, .cf = LV_COLOR_FORMAT_ARGB8888, .w = 64, .h = 64, .stride = 256},
.data_size = sizeof icon_puzzle_pixels, .data = icon_puzzle_pixels
};
static const uint8_t icon_flappy_pixels[] = {
0x00,0x00,0x00,0x00,0x00,0x00,0x00,0x00,0x00,0x00,0x00,0x00,0x00,0x00,0x00,0x00,0x00,0x00,0x00,0x00,0x00,0x00,0x00,0x00,0x00,0x00,0x00,0x00,0x00,0x00,0x00,0x00,
0x00,0x00,0x00,0x00,0x00,0x00,0x00,0x00,0x00,0x00,0x00,0x00,0x00,0x00,0x00,0x00,0x00,0x00,0x00,0x00,0x00,0x00,0x00,0x00,0x00,0x00,0x00,0x00,0x00,0x00,0x00,0x00,
0x00,0x00,0x00,0x00,0x00,0x00,0x00,0x00,0x00,0x00,0x00,0x00,0x00,0x00,0x00,0x00,0x00,0x00,0x00,0x00,0x00,0x00,0x00,0x00,0x00,0x00,0x00,0x00,0x00,0x00,0x00,0x00,
0x00,0x00,0x00,0x00,0x00,0x00,0x00,0x00,0x00,0x00,0x00,0x00,0x00,0x00,0x00,0x00,0x00,0x00,0x00,0x00,0x00,0x00,0x00,0x00,0x00,0x00,0x00,0x00,0x00,0x00,0x00,0x00,
0x00,0x00,0x00,0x00,0x00,0x00,0x00,0x00,0x00,0x00,0x00,0x00,0x00,0x00,0x00,0x00,0x00,0x00,0x00,0x00,0x00,0x00,0x00,0x00,0x00,0x00,0x00,0x00,0x00,0x00,0x00,0x00,
0x00,0x00,0x00,0x00,0x00,0x00,0x00,0x00,0x00,0x00,0x00,0x00,0x00,0x00,0x00,0x00,0x00,0x00,0x00,0x00,0x00,0x00,0x00,0x00,0x00,0x00,0x00,0x00,0x00,0x00,0x00,0x00,
0x00,0x00,0x00,0x00,0x00,0x00,0x00,0x00,0x00,0x00,0x00,0x00,0x00,0x00,0x00,0x00,0x00,0x00,0x00,0x00,0x00,0x00,0x00,0x00,0x00,0x00,0x00,0x00,0x00,0x00,0x00,0x00,
0x00,0x00,0x00,0x00,0x00,0x00,0x00,0x00,0x00,0x00,0x00,0x00,0x00,0x00,0x00,0x00,0x00,0x00,0x00,0x00,0x00,0x00,0x00,0x00,0x00,0x00,0x00,0x00,0x00,0x00,0x00,0x00,
0x00,0x00,0x00,0x00,0x00,0x00,0x00,0x00,0x00,0x00,0x00,0x00,0x00,0x00,0x00,0x00,0x00,0x00,0x00,0x00,0x00,0x00,0x00,0x00,0x00,0x00,0x00,0x00,0x00,0x00,0x00,0x00,
0x00,0x00,0x00,0x00,0x00,0x00,0x00,0x00,0x00,0x00,0x00,0x00,0x00,0x00,0x00,0x00,0x00,0x00,0x00,0x00,0x00,0x00,0x00,0x00,0x00,0x00,0x00,0x00,0x00,0x00,0x00,0x00,
0x00,0x00,0x00,0x00,0x00,0x00,0x00,0x00,0x00,0x00,0x00,0x00,0x00,0x00,0x00,0x00,0x00,0x00,0x00,0x00,0x00,0x00,0x00,0x00,0x00,0x00,0x00,0x00,0x00,0x00,0x00,0x00,
0x00,0x00,0x00,0x00,0x00,0x00,0x00,0x00,0x00,0x00,0x00,0x00,0x00,0x00,0x00,0x00,0x00,0x00,0x00,0x00,0x00,0x00,0x00,0x00,0x00,0x00,0x00,0x00,0x00,0x00,0x00,0x00,
0x00,0x00,0x00,0x00,0x00,0x00,0x00,0x00,0x00,0x00,0x00,0x00,0x00,0x00,0x00,0x00,0x00,0x00,0x00,0x00,0x00,0x00,0x00,0x00,0x00,0x00,0x00,0x00,0x00,0x00,0x00,0x00,
0x00,0x00,0x00,0x00,0x00,0x00,0x00,0x00,0x00,0x00,0x00,0x00,0x00,0x00,0x00,0x00,0x00,0x00,0x00,0x00,0x00,0x00,0x00,0x00,0x00,0x00,0x00,0x00,0x00,0x00,0x00,0x00,
0x00,0x00,0x00,0x00,0x00,0x00,0x00,0x00,0x00,0x00,0x00,0x00,0x00,0x00,0x00,0x00,0x00,0x00,0x00,0x00,0x00,0x00,0x00,0x00,0x00,0x00,0x00,0x00,0x00,0x00,0x00,0x00,
0x00,0x00,0x00,0x00,0x00,0x00,0x00,0x00,0x00,0x00,0x00,0x00,0x00,0x00,0x00,0x00,0x00,0x00,0x00,0x00,0x00,0x00,0x00,0x00,0x00,0x00,0x00,0x00,0x00,0x00,0x00,0x00,
0x00,0x00,0x00,0x00,0x00,0x00,0x00,0x00,0x00,0x00,0x00,0x00,0x00,0x00,0x00,0x00,0x00,0x00,0x00,0x00,0x00,0x00,0x00,0x00,0x00,0x00,0x00,0x00,0x00,0x00,0x00,0x00,
0x00,0x00,0x00,0x00,0x00,0x00,0x00,0x00,0x00,0x00,0x00,0x00,0x00,0x00,0x00,0x00,0x00,0x00,0x00,0x00,0x00,0x00,0x00,0x00,0x00,0x00,0x00,0x00,0x00,0x00,0x00,0x00,
0x00,0x00,0x00,0x00,0x00,0x00,0x00,0x00,0x00,0x00,0x00,0x00,0x00,0x00,0x00,0x00,0x00,0x00,0x00,0x00,0x00,0x00,0x00,0x00,0x00,0x00,0x00,0x00,0x00,0x00,0x00,0x00,
0x00,0x00,0x00,0x00,0x00,0x00,0x00,0x00,0x00,0x00,0x00,0x00,0x00,0x00,0x00,0x00,0x00,0x00,0x00,0x00,0x00,0x00,0x00,0x00,0x00,0x00,0x00,0x00,0x00,0x00,0x00,0x00,
0x00,0x00,0x00,0x00,0x00,0x00,0x00,0x00,0x00,0x00,0x00,0x00,0x00,0x00,0x00,0x00,0x00,0x00,0x00,0x00,0x00,0x00,0x00,0x00,0x00,0x00,0x00,0x00,0x00,0x00,0x00,0x00,
0x00,0x00,0x00,0x00,0x00,0x00,0x00,0x00,0x00,0x00,0x00,0x00,0xff,0xff,0xff,0x01,0xff,0xff,0xff,0x01,0xff,0xff,0xff,0x01,0xff,0xff,0xff,0x01,0xff,0xff,0xff,0x01,
0xff,0xff,0xff,0x01,0xff,0xff,0xff,0x01,0xff,0xff,0xff,0x01,0xff,0xff,0xff,0x01,0xff,0xff,0xff,0x01,0xff,0xff,0xff,0x01,0xff,0xff,0xff,0x01,0xff,0xff,0xff,0x01,
0xff,0xff,0xff,0x01,0xff,0xff,0xff,0x01,0xff,0xff,0xff,0x01,0x00,0x00,0x00,0x00,0x00,0x00,0x00,0x00,0x00,0x00,0x00,0x00,0x00,0x00,0x00,0x00,0x00,0x00,0x00,0x00,
0x00,0x00,0x00,0x00,0x00,0x00,0x00,0x00,0x00,0x00,0x00,0x00,0x00,0x00,0x00,0x00,0x00,0x00,0x00,0x00,0x00,0x00,0x00,0x00,0x00,0x00,0x00,0x00,0x00,0x00,0x00,0x00,
0x00,0x00,0x00,0x00,0x00,0x00,0x00,0x00,0x00,0x00,0x00,0x00,0x00,0x00,0x00,0x00,0x00,0x00,0x00,0x00,0x00,0x00,0x00,0x00,0x00,0x00,0x00,0x00,0x00,0x00,0x00,0x00,
0x00,0x00,0x00,0x00,0x00,0x00,0x00,0x00,0x00,0x00,0x00,0x00,0x00,0x00,0x00,0x00,0x00,0x00,0x00,0x00,0x00,0x00,0x00,0x00,0x00,0x00,0x00,0x00,0x00,0x00,0x00,0x00,
0x00,0x00,0x00,0x00,0x00,0x00,0x00,0x00,0x00,0x00,0x00,0x00,0x00,0x00,0x00,0x00,0x00,0x00,0x00,0x00,0x00,0x00,0x00,0x00,0x00,0x00,0x00,0x00,0x00,0x00,0x00,0x00,
0x00,0x00,0x00,0x00,0x00,0x00,0x00,0x00,0x00,0x00,0x00,0x00,0x00,0x00,0x00,0x00,0x00,0x00,0x00,0x00,0x00,0x00,0x00,0x00,0x00,0x00,0x00,0x00,0x00,0x00,0x00,0x00,
0x00,0x00,0x00,0x00,0x00,0x00,0x00,0x00,0xff,0xff,0xff,0x02,0x00,0x00,0x00,0x00,0x00,0x00,0x00,0x00,0x00,0x00,0x00,0x00,0x00,0x00,0x00,0x00,0x00,0x00,0x00,0x00,
0x00,0x00,0x00,0x00,0x00,0x00,0x00,0x00,0x00,0x00,0x00,0x00,0x00,0x00,0x00,0x00,0x00,0x00,0x00,0x00,0x00,0x00,0x00,0x00,0x00,0x00,0x00,0x00,0x00,0x00,0x00,0x00,
0x00,0x00,0x00,0x00,0x00,0x00,0x00,0x00,0x00,0x00,0x00,0x00,0xaa,0xff,0xff,0x03,0x00,0x00,0x00,0x00,0x00,0x00,0x00,0x00,0x00,0x00,0x00,0x00,0x00,0x00,0x00,0x00,
0x00,0x00,0x00,0x00,0x00,0x00,0x00,0x00,0x00,0x00,0x00,0x00,0x00,0x00,0x00,0x00,0x00,0x00,0x00,0x00,0x00,0x00,0x00,0x00,0x00,0x00,0x00,0x00,0x00,0x00,0x00,0x00,
0x00,0x00,0x00,0x00,0x00,0x00,0x00,0x00,0x00,0x00,0x00,0x00,0x00,0x00,0x00,0x00,0x00,0x00,0x00,0x00,0x00,0x00,0x00,0x00,0x00,0x00,0x00,0x00,0x00,0x00,0x00,0x00,
0x00,0x00,0x00,0x00,0x00,0x00,0x00,0x00,0x00,0x00,0x00,0x00,0x00,0x00,0x00,0x00,0x00,0x00,0x00,0x00,0x00,0x00,0x00,0x00,0x00,0x00,0x00,0x00,0x00,0x00,0x00,0x00,
0x00,0x00,0x00,0x00,0x00,0x00,0x00,0x00,0x00,0x00,0x00,0x00,0x00,0x00,0x00,0x00,0x00,0x00,0x00,0x00,0x00,0x00,0x00,0x00,0x00,0x00,0x00,0x00,0x00,0x00,0x00,0x00,
0x00,0x00,0x00,0x00,0x00,0x00,0x00,0x00,0x00,0x00,0x00,0x00,0x00,0x00,0x00,0x00,0x00,0x00,0x00,0x00,0x00,0x00,0x00,0x00,0x00,0x00,0x00,0x00,0x00,0x00,0x00,0x00,
0x00,0x00,0x00,0x00,0xff,0xff,0xff,0x01,0x00,0x00,0x00,0x00,0x7f,0x7f,0xff,0x02,0xff,0xff,0xff,0x11,0xdf,0xff,0xff,0x10,0xe1,0xf0,0xff,0x11,0xe1,0xf0,0xff,0x11,
0xe1,0xf0,0xff,0x11,0xe1,0xf0,0xff,0x11,0xe1,0xf0,0xff,0x11,0xe1,0xf0,0xff,0x11,0xe1,0xf0,0xff,0x11,0xe1,0xf0,0xff,0x11,0xe1,0xf0,0xff,0x11,0xe1,0xf0,0xff,0x11,
0xef,0xff,0xff,0x10,0xf0,0xff,0xff,0x11,0xe2,0xff,0xff,0x09,0x00,0x00,0x00,0x00,0xff,0xff,0xff,0x01,0x00,0x00,0x00,0x00,0x00,0x00,0x00,0x00,0x00,0x00,0x00,0x00,
0x00,0x00,0x00,0x00,0x00,0x00,0x00,0x00,0x00,0x00,0x00,0x00,0x00,0x00,0x00,0x00,0x00,0x00,0x00,0x00,0x00,0x00,0x00,0x00,0x00,0x00,0x00,0x00,0x00,0x00,0x00,0x00,
0x00,0x00,0x00,0x00,0x00,0x00,0x00,0x00,0x00,0x00,0x00,0x00,0x00,0x00,0x00,0x00,0x00,0x00,0x00,0x00,0x00,0x00,0x00,0x00,0x00,0x00,0x00,0x00,0x00,0x00,0x00,0x00,
0x00,0x00,0x00,0x00,0x00,0x00,0x00,0x00,0x00,0x00,0x00,0x00,0x00,0x00,0x00,0x00,0x00,0x00,0x00,0x00,0x00,0x00,0x00,0x00,0x00,0x00,0x00,0x00,0x00,0x00,0x00,0x00,
0x00,0x00,0x00,0x00,0x00,0x00,0x00,0x00,0x00,0x00,0x00,0x00,0x00,0x00,0x00,0x00,0x00,0x00,0x00,0x00,0x00,0x00,0x00,0x00,0x00,0x00,0x00,0x00,0x00,0x00,0x00,0x00,
0x00,0x00,0x00,0x00,0x00,0x00,0x00,0x00,0x00,0x00,0x00,0x00,0x00,0x00,0x00,0x00,0x00,0x00,0x00,0x00,0x00,0x00,0x00,0x00,0x00,0x00,0x00,0x00,0x00,0x00,0x00,0x00,
0xff,0xff,0xff,0x02,0x00,0x00,0x00,0x00,0xe6,0xf5,0xff,0x35,0xef,0xfc,0xff,0xd2,0xeb,0xf9,0xff,0xed,0xe7,0xf7,0xff,0xed,0xe7,0xf7,0xff,0xee,0xe7,0xf7,0xff,0xee,
0xe7,0xf7,0xff,0xee,0xe7,0xf7,0xff,0xee,0xe7,0xf7,0xff,0xee,0xe7,0xf7,0xff,0xee,0xe7,0xf7,0xff,0xee,0xe7,0xf7,0xff,0xee,0xe7,0xf7,0xff,0xee,0xe7,0xf7,0xff,0xee,
0xe6,0xf6,0xff,0xee,0xe9,0xf8,0xff,0xec,0xf1,0xfd,0xff,0xe2,0xe4,0xf4,0xff,0x62,0x00,0x00,0x00,0x00,0xff,0xff,0xff,0x02,0x00,0x00,0x00,0x00,0x00,0x00,0x00,0x00,
0x00,0x00,0x00,0x00,0x00,0x00,0x00,0x00,0x00,0x00,0x00,0x00,0x00,0x00,0x00,0x00,0x00,0x00,0x00,0x00,0x00,0x00,0x00,0x00,0x00,0x00,0x00,0x00,0x00,0x00,0x00,0x00,
0x00,0x00,0x00,0x00,0x00,0x00,0x00,0x00,0x00,0x00,0x00,0x00,0x00,0x00,0x00,0x00,0x00,0x00,0x00,0x00,0x00,0x00,0x00,0x00,0x00,0x00,0x00,0x00,0x00,0x00,0x00,0x00,
0x00,0x00,0x00,0x00,0x00,0x00,0x00,0x00,0x00,0x00,0x00,0x00,0x00,0x00,0x00,0x00,0x00,0x00,0x00,0x00,0x00,0x00,0x00,0x00,0x00,0x00,0x00,0x00,0x00,0x00,0x00,0x00,
0x00,0x00,0x00,0x00,0x00,0x00,0x00,0x00,0x00,0x00,0x00,0x00,0x00,0x00,0x00,0x00,0x00,0x00,0x00,0x00,0x00,0x00,0x00,0x00,0x00,0x00,0x00,0x00,0x00,0x00,0x00,0x00,
0x00,0x00,0x00,0x00,0x00,0x00,0x00,0x00,0x00,0x00,0x00,0x00,0x00,0x00,0x00,0x00,0x00,0x00,0x00,0x00,0x00,0x00,0x00,0x00,0x00,0x00,0x00,0x00,0xff,0xff,0xff,0x01,
0xff,0xff,0xff,0x01,0xdf,0xff,0xff,0x08,0xe7,0xf7,0xff,0xd9,0xf9,0xff,0xff,0xff,0xe8,0xf9,0xff,0xff,0xeb,0xfb,0xff,0xff,0xeb,0xfb,0xff,0xff,0xeb,0xfb,0xff,0xff,
0xeb,0xfb,0xff,0xff,0xeb,0xfb,0xff,0xff,0xeb,0xfb,0xff,0xff,0xeb,0xfb,0xff,0xff,0xeb,0xfb,0xff,0xff,0xeb,0xfb,0xff,0xff,0xeb,0xfb,0xff,0xff,0xeb,0xfb,0xff,0xff,
0xeb,0xfb,0xff,0xff,0xea,0xfa,0xff,0xff,0xef,0xff,0xff,0xff,0xec,0xfb,0xff,0xfe,0xe5,0xf2,0xff,0x28,0x00,0x00,0x00,0x00,0xff,0xff,0xff,0x02,0x00,0x00,0x00,0x00,
0x00,0x00,0x00,0x00,0x00,0x00,0x00,0x00,0x00,0x00,0x00,0x00,0x00,0x00,0x00,0x00,0x00,0x00,0x00,0x00,0x00,0x00,0x00,0x00,0x00,0x00,0x00,0x00,0x00,0x00,0x00,0x00,
0x00,0x00,0x00,0x00,0x00,0x00,0x00,0x00,0x00,0x00,0x00,0x00,0x00,0x00,0x00,0x00,0x00,0x00,0x00,0x00,0x00,0x00,0x00,0x00,0x00,0x00,0x00,0x00,0x00,0x00,0x00,0x00,
0x00,0x00,0x00,0x00,0x00,0x00,0x00,0x00,0x00,0x00,0x00,0x00,0x00,0x00,0x00,0x00,0x00,0x00,0x00,0x00,0x00,0x00,0x00,0x00,0x00,0x00,0x00,0x00,0x00,0x00,0x00,0x00,
0x00,0x00,0x00,0x00,0x00,0x00,0x00,0x00,0x00,0x00,0x00,0x00,0x00,0x00,0x00,0x00,0x00,0x00,0x00,0x00,0x00,0x00,0x00,0x00,0x00,0x00,0x00,0x00,0x00,0x00,0x00,0x00,
0x00,0x00,0x00,0x00,0x00,0x00,0x00,0x00,0x00,0x00,0x00,0x00,0x00,0x00,0x00,0x00,0x00,0x00,0x00,0x00,0x00,0x00,0x00,0x00,0x00,0x00,0x00,0x00,0xff,0xff,0xff,0x01,
0x00,0x00,0x00,0x00,0xe2,0xf0,0xff,0x12,0xe7,0xf7,0xff,0xf1,0xe9,0xf9,0xff,0xfd,0xe6,0xf6,0xff,0xfd,0xe6,0xf6,0xff,0xfe,0xe6,0xf6,0xff,0xfe,0xe6,0xf6,0xff,0xfe,
0xe6,0xf6,0xff,0xfe,0xe6,0xf6,0xff,0xfe,0xe6,0xf6,0xff,0xfe,0xe6,0xf6,0xff,0xfe,0xe6,0xf6,0xff,0xfe,0xe6,0xf6,0xff,0xfe,0xe6,0xf6,0xff,0xfe,0xe6,0xf6,0xff,0xfe,
0xe6,0xf6,0xff,0xfe,0xe6,0xf6,0xff,0xfe,0xe6,0xf6,0xff,0xfb,0xf1,0xff,0xff,0xff,0xe8,0xf7,0xff,0x45,0x00,0x00,0x00,0x00,0xff,0xff,0xff,0x03,0x00,0x00,0x00,0x00,
0x00,0x00,0x00,0x00,0x00,0x00,0x00,0x00,0x00,0x00,0x00,0x00,0x00,0x00,0x00,0x00,0x00,0x00,0x00,0x00,0x00,0x00,0x00,0x00,0x00,0x00,0x00,0x00,0x00,0x00,0x00,0x00,
0x00,0x00,0x00,0x00,0x00,0x00,0x00,0x00,0x00,0x00,0x00,0x00,0x00,0x00,0x00,0x00,0x00,0x00,0x00,0x00,0x00,0x00,0x00,0x00,0x00,0x00,0x00,0x00,0x00,0x00,0x00,0x00,
0x00,0x00,0x00,0x00,0x00,0x00,0x00,0x00,0x00,0x00,0x00,0x00,0x00,0x00,0x00,0x00,0x00,0x00,0x00,0x00,0x00,0x00,0x00,0x00,0x00,0x00,0x00,0x00,0x00,0x00,0x00,0x00,
0x00,0x00,0x00,0x00,0x00,0x00,0x00,0x00,0x00,0x00,0x00,0x00,0x00,0x00,0x00,0x00,0x00,0x00,0x00,0x00,0x00,0x00,0x00,0x00,0x00,0x00,0x00,0x00,0x00,0x00,0x00,0x00,
0x00,0x00,0x00,0x00,0x00,0x00,0x00,0x00,0x00,0x00,0x00,0x00,0x00,0x00,0x00,0x00,0x00,0x00,0x00,0x00,0x00,0x00,0x00,0x00,0x00,0x00,0x00,0x00,0xff,0xff,0xff,0x01,
0x00,0x00,0x00,0x00,0xe1,0xf0,0xff,0x11,0xe7,0xf7,0xff,0xed,0xeb,0xfb,0xff,0xff,0xe6,0xf6,0xff,0xfe,0xe7,0xf7,0xff,0xff,0xe7,0xf7,0xff,0xff,0xe7,0xf7,0xff,0xff,
0xe7,0xf7,0xff,0xff,0xe7,0xf7,0xff,0xff,0xe7,0xf7,0xff,0xff,0xe7,0xf7,0xff,0xff,0xe7,0xf7,0xff,0xff,0xe7,0xf7,0xff,0xff,0xe7,0xf7,0xff,0xff,0xe7,0xf7,0xff,0xff,
0xe7,0xf7,0xff,0xff,0xe7,0xf7,0xff,0xff,0xe6,0xf6,0xff,0xfd,0xf0,0xff,0xff,0xfe,0xe7,0xf7,0xff,0x40,0x00,0x00,0x00,0x00,0xff,0xff,0xff,0x03,0x00,0x00,0x00,0x00,
0x00,0x00,0x00,0x00,0x00,0x00,0x00,0x00,0x00,0x00,0x00,0x00,0x00,0x00,0x00,0x00,0x00,0x00,0x00,0x00,0x00,0x00,0x00,0x00,0x00,0x00,0x00,0x00,0x00,0x00,0x00,0x00,
0x00,0x00,0x00,0x00,0x00,0x00,0x00,0x00,0x00,0x00,0x00,0x00,0x00,0x00,0x00,0x00,0x00,0x00,0x00,0x00,0x00,0x00,0x00,0x00,0x00,0x00,0x00,0x00,0x00,0x00,0x00,0x00,
0x00,0x00,0x00,0x00,0x00,0x00,0x00,0x00,0x00,0x00,0x00,0x00,0x00,0x00,0x00,0x00,0x00,0x00,0x00,0x00,0x00,0x00,0x00,0x00,0x00,0x00,0x00,0x00,0x00,0x00,0x00,0x00,
0x00,0x00,0x00,0x00,0x00,0x00,0x00,0x00,0x00,0x00,0x00,0x00,0x00,0x00,0x00,0x00,0x00,0x00,0x00,0x00,0x00,0x00,0x00,0x00,0x00,0x00,0x00,0x00,0x00,0x00,0x00,0x00,
0x00,0x00,0x00,0x00,0x00,0x00,0x00,0x00,0x00,0x00,0x00,0x00,0x00,0x00,0x00,0x00,0x00,0x00,0x00,0x00,0x00,0x00,0x00,0x00,0x00,0x00,0x00,0x00,0xff,0xff,0xff,0x01,
0x00,0x00,0x00,0x00,0xe1,0xf0,0xff,0x11,0xe7,0xf7,0xff,0xee,0xeb,0xfb,0xff,0xff,0xe6,0xf6,0xff,0xfe,0xe7,0xf7,0xff,0xff,0xe7,0xf7,0xff,0xff,0xe7,0xf7,0xff,0xff,
0xe7,0xf7,0xff,0xff,0xe7,0xf7,0xff,0xff,0xe7,0xf7,0xff,0xff,0xe7,0xf7,0xff,0xff,0xe7,0xf7,0xff,0xff,0xe7,0xf7,0xff,0xff,0xe7,0xf7,0xff,0xff,0xe7,0xf7,0xff,0xff,
0xe7,0xf7,0xff,0xff,0xe7,0xf7,0xff,0xff,0xe6,0xf6,0xff,0xfd,0xf1,0xff,0xff,0xff,0xe7,0xf7,0xff,0x41,0x00,0x00,0x00,0x00,0xff,0xff,0xff,0x03,0x00,0x00,0x00,0x00,
0x00,0x00,0x00,0x00,0x00,0x00,0x00,0x00,0x00,0x00,0x00,0x00,0x00,0x00,0x00,0x00,0x00,0x00,0x00,0x00,0x00,0x00,0x00,0x00,0x00,0x00,0x00,0x00,0x00,0x00,0x00,0x00,
0x00,0x00,0x00,0x00,0x00,0x00,0x00,0x00,0x00,0x00,0x00,0x00,0x00,0x00,0x00,0x00,0x00,0x00,0x00,0x00,0x00,0x00,0x00,0x00,0x00,0x00,0x00,0x00,0x00,0x00,0x00,0x00,
0x00,0x00,0x00,0x00,0x00,0x00,0x00,0x00,0x00,0x00,0x00,0x00,0x00,0x00,0x00,0x00,0x00,0x00,0x00,0x00,0x00,0x00,0x00,0x00,0x00,0x00,0x00,0x00,0x00,0x00,0x00,0x00,
0x00,0x00,0x00,0x00,0x00,0x00,0x00,0x00,0x00,0x00,0x00,0x00,0x00,0x00,0x00,0x00,0x00,0x00,0x00,0x00,0x00,0x00,0x00,0x00,0x00,0x00,0x00,0x00,0x00,0x00,0x00,0x00,
0x00,0x00,0x00,0x00,0x00,0x00,0x00,0x00,0x00,0x00,0x00,0x00,0x00,0x00,0x00,0x00,0x00,0x00,0x00,0x00,0x00,0x00,0x00,0x00,0x00,0x00,0x00,0x00,0xff,0xff,0xff,0x01,
0x00,0x00,0x00,0x00,0xe1,0xf0,0xff,0x11,0xe7,0xf7,0xff,0xee,0xeb,0xfb,0xff,0xff,0xe6,0xf6,0xff,0xfe,0xe7,0xf7,0xff,0xff,0xe7,0xf7,0xff,0xff,0xe7,0xf7,0xff,0xff,
0xe7,0xf7,0xff,0xff,0xe7,0xf7,0xff,0xff,0xe7,0xf7,0xff,0xff,0xe7,0xf7,0xff,0xff,0xe7,0xf7,0xff,0xff,0xe7,0xf7,0xff,0xff,0xe7,0xf7,0xff,0xff,0xe7,0xf7,0xff,0xff,
0xe7,0xf7,0xff,0xff,0xe7,0xf7,0xff,0xff,0xe6,0xf6,0xff,0xfd,0xf1,0xff,0xff,0xff,0xe7,0xf7,0xff,0x41,0x00,0x00,0x00,0x00,0xff,0xff,0xff,0x03,0x00,0x00,0x00,0x00,
0x00,0x00,0x00,0x00,0x00,0x00,0x00,0x00,0x00,0x00,0x00,0x00,0x00,0x00,0x00,0x00,0x00,0x00,0x00,0x00,0x00,0x00,0x00,0x00,0x00,0x00,0x00,0x00,0x00,0x00,0x00,0x00,
0x00,0x00,0x00,0x00,0x00,0x00,0x00,0x00,0x00,0x00,0x00,0x00,0x00,0x00,0x00,0x00,0x00,0x00,0x00,0x00,0x00,0x00,0x00,0x00,0x00,0x00,0x00,0x00,0x00,0x00,0x00,0x00,
0x00,0x00,0x00,0x00,0x00,0x00,0x00,0x00,0x00,0x00,0x00,0x00,0x00,0x00,0x00,0x00,0x00,0x00,0x00,0x00,0x00,0x00,0x00,0x00,0x00,0x00,0x00,0x00,0x00,0x00,0x00,0x00,
0x00,0x00,0x00,0x00,0x00,0x00,0x00,0x00,0x00,0x00,0x00,0x00,0x00,0x00,0x00,0x00,0x00,0x00,0x00,0x00,0x00,0x00,0x00,0x00,0x00,0x00,0x00,0x00,0x00,0x00,0x00,0x00,
0x00,0x00,0x00,0x00,0x00,0x00,0x00,0x00,0x00,0x00,0x00,0x00,0x00,0x00,0x00,0x00,0x00,0x00,0x00,0x00,0x00,0x00,0x00,0x00,0x00,0x00,0x00,0x00,0xff,0xff,0xff,0x01,
0x00,0x00,0x00,0x00,0xe1,0xf0,0xff,0x11,0xe7,0xf7,0xff,0xed,0xeb,0xfb,0xff,0xff,0xe6,0xf6,0xff,0xfe,0xe7,0xf7,0xff,0xff,0xe7,0xf7,0xff,0xff,0xe7,0xf7,0xff,0xff,
0xe7,0xf7,0xff,0xff,0xe7,0xf7,0xff,0xff,0xe7,0xf7,0xff,0xff,0xe7,0xf7,0xff,0xff,0xe7,0xf7,0xff,0xff,0xe7,0xf7,0xff,0xff,0xe7,0xf7,0xff,0xff,0xe7,0xf7,0xff,0xff,
0xe7,0xf7,0xff,0xff,0xe7,0xf7,0xff,0xff,0xe6,0xf6,0xff,0xfd,0xf1,0xff,0xff,0xff,0xe7,0xf7,0xff,0x40,0x00,0x00,0x00,0x00,0xff,0xff,0xff,0x03,0x00,0x00,0x00,0x00,
0x00,0x00,0x00,0x00,0x00,0x00,0x00,0x00,0x00,0x00,0x00,0x00,0x00,0x00,0x00,0x00,0x00,0x00,0x00,0x00,0x00,0x00,0x00,0x00,0x00,0x00,0x00,0x00,0x00,0x00,0x00,0x00,
0x00,0x00,0x00,0x00,0x00,0x00,0x00,0x00,0x00,0x00,0x00,0x00,0x00,0x00,0x00,0x00,0x00,0x00,0x00,0x00,0x00,0x00,0x00,0x00,0x00,0x00,0x00,0x00,0x00,0x00,0x00,0x00,
0x00,0x00,0x00,0x00,0x00,0x00,0x00,0x00,0x00,0x00,0x00,0x00,0x00,0x00,0x00,0x00,0x00,0x00,0x00,0x00,0x00,0x00,0x00,0x00,0x00,0x00,0x00,0x00,0x00,0x00,0x00,0x00,
0x00,0x00,0x00,0x00,0x00,0x00,0x00,0x00,0x00,0x00,0x00,0x00,0x00,0x00,0x00,0x00,0x00,0x00,0x00,0x00,0x00,0x00,0x00,0x00,0x00,0x00,0x00,0x00,0x00,0x00,0x00,0x00,
0x00,0x00,0x00,0x00,0x00,0x00,0x00,0x00,0x00,0x00,0x00,0x00,0x00,0x00,0x00,0x00,0x00,0x00,0x00,0x00,0x00,0x00,0x00,0x00,0x00,0x00,0x00,0x00,0xff,0xff,0xff,0x01,
0x00,0x00,0x00,0x00,0xe2,0xf0,0xff,0x12,0xe7,0xf7,0xff,0xee,0xea,0xfa,0xff,0xfe,0xe6,0xf6,0xff,0xfe,0xe7,0xf7,0xff,0xff,0xe7,0xf7,0xff,0xff,0xe7,0xf7,0xff,0xff,
0xe7,0xf7,0xff,0xff,0xe7,0xf7,0xff,0xff,0xe7,0xf7,0xff,0xff,0xe7,0xf7,0xff,0xff,0xe7,0xf7,0xff,0xff,0xe7,0xf7,0xff,0xff,0xe7,0xf7,0xff,0xff,0xe7,0xf7,0xff,0xff,
0xe7,0xf7,0xff,0xff,0xe7,0xf7,0xff,0xff,0xe5,0xf5,0xff,0xfd,0xf1,0xff,0xff,0xfd,0xe8,0xf7,0xff,0x43,0x00,0x00,0x00,0x00,0xff,0xff,0xff,0x03,0x00,0x00,0x00,0x00,
0x00,0x00,0x00,0x00,0x00,0x00,0x00,0x00,0x00,0x00,0x00,0x00,0x00,0x00,0x00,0x00,0x00,0x00,0x00,0x00,0x00,0x00,0x00,0x00,0x00,0x00,0x00,0x00,0x00,0x00,0x00,0x00,
0x00,0x00,0x00,0x00,0x00,0x00,0x00,0x00,0x00,0x00,0x00,0x00,0x00,0x00,0x00,0x00,0x00,0x00,0x00,0x00,0x00,0x00,0x00,0x00,0x00,0x00,0x00,0x00,0x00,0x00,0x00,0x00,
0x00,0x00,0x00,0x00,0x00,0x00,0x00,0x00,0x00,0x00,0x00,0x00,0x00,0x00,0x00,0x00,0x00,0x00,0x00,0x00,0x00,0x00,0x00,0x00,0x00,0x00,0x00,0x00,0x00,0x00,0x00,0x00,
0x00,0x00,0x00,0x00,0x00,0x00,0x00,0x00,0x00,0x00,0x00,0x00,0x00,0x00,0x00,0x00,0x00,0x00,0x00,0x00,0x00,0x00,0x00,0x00,0x00,0x00,0x00,0x00,0x00,0x00,0x00,0x00,
0x00,0x00,0x00,0x00,0x00,0x00,0x00,0x00,0x00,0x00,0x00,0x00,0x00,0x00,0x00,0x00,0x00,0x00,0x00,0x00,0x00,0x00,0x00,0x00,0x00,0x00,0x00,0x00,0xff,0xff,0xff,0x01,
0xff,0xff,0xff,0x01,0xd7,0xeb,0xff,0x0d,0xe7,0xf7,0xff,0xec,0xef,0xfe,0xff,0xff,0xe5,0xf6,0xff,0xfb,0xe6,0xf6,0xff,0xfd,0xe6,0xf6,0xfd,0xff,0xe6,0xf6,0xfd,0xff,
0xe6,0xf6,0xfd,0xff,0xe6,0xf6,0xfd,0xff,0xe6,0xf6,0xfd,0xff,0xe6,0xf6,0xfd,0xff,0xe6,0xf6,0xfd,0xff,0xe6,0xf6,0xfd,0xff,0xe6,0xf6,0xfd,0xff,0xe6,0xf6,0xfd,0xff,
0xe6,0xf6,0xff,0xfd,0xe6,0xf6,0xff,0xfc,0xe7,0xf7,0xff,0xfd,0xf5,0xff,0xff,0xff,0xe6,0xfa,0xff,0x35,0x00,0x00,0x00,0x00,0xff,0xff,0xff,0x03,0x00,0x00,0x00,0x00,
0x00,0x00,0x00,0x00,0x00,0x00,0x00,0x00,0x00,0x00,0x00,0x00,0x00,0x00,0x00,0x00,0x00,0x00,0x00,0x00,0x00,0x00,0x00,0x00,0x00,0x00,0x00,0x00,0x00,0x00,0x00,0x00,
0x00,0x00,0x00,0x00,0x00,0x00,0x00,0x00,0x00,0x00,0x00,0x00,0x00,0x00,0x00,0x00,0x00,0x00,0x00,0x00,0x00,0x00,0x00,0x00,0x00,0x00,0x00,0x00,0x00,0x00,0x00,0x00,
0x00,0x00,0x00,0x00,0x00,0x00,0x00,0x00,0x00,0x00,0x00,0x00,0x00,0x00,0x00,0x00,0x00,0x00,0x00,0x00,0x00,0x00,0x00,0x00,0x00,0x00,0x00,0x00,0xff,0xff,0xff,0x01,
0xff,0xff,0xff,0x01,0xff,0xff,0xff,0x01,0xff,0xff,0xff,0x01,0xff,0xff,0xff,0x01,0x00,0x00,0x00,0x00,0x00,0x00,0x00,0x00,0x00,0x00,0x00,0x00,0x00,0x00,0x00,0x00,
0x00,0x00,0x00,0x00,0x00,0x00,0x00,0x00,0x00,0x00,0x00,0x00,0x00,0x00,0x00,0x00,0x00,0x00,0x00,0x00,0x00,0x00,0x00,0x00,0x00,0x00,0x00,0x00,0x00,0x00,0x00,0x00,
0xff,0xff,0xff,0x02,0x00,0x00,0x00,0x00,0xe7,0xf7,0xff,0x61,0xf1,0xfd,0xff,0xf9,0xf2,0xff,0xff,0xff,0xf0,0xff,0xff,0xff,0xed,0xfd,0xff,0xff,0xed,0xfc,0xff,0xff,
0xed,0xfd,0xff,0xff,0xed,0xfc,0xff,0xff,0xed,0xfc,0xff,0xff,0xed,0xfc,0xff,0xff,0xed,0xfc,0xff,0xff,0xed,0xfc,0xff,0xff,0xed,0xfd,0xff,0xff,0xed,0xfc,0xff,0xff,
0xf0,0xff,0xff,0xff,0xf0,0xff,0xff,0xff,0xf5,0xff,0xff,0xff,0xe7,0xf6,0xff,0x96,0xff,0xff,0xff,0x02,0xff,0xff,0xff,0x02,0x00,0x00,0x00,0x00,0x00,0x00,0x00,0x00,
0x00,0x00,0x00,0x00,0x00,0x00,0x00,0x00,0x00,0x00,0x00,0x00,0x00,0x00,0x00,0x00,0x00,0x00,0x00,0x00,0x00,0x00,0x00,0x00,0x00,0x00,0x00,0x00,0x00,0x00,0x00,0x00,
0x00,0x00,0x00,0x00,0x00,0x00,0x00,0x00,0x00,0x00,0x00,0x00,0x00,0x00,0x00,0x00,0x00,0x00,0x00,0x00,0x00,0x00,0x00,0x00,0x00,0x00,0x00,0x00,0x00,0x00,0x00,0x00,
0x00,0x00,0x00,0x00,0x00,0x00,0x00,0x00,0xff,0xff,0xff,0x01,0xaa,0xaa,0xff,0x03,0xff,0xff,0xff,0x04,0xff,0xff,0xff,0x03,0xff,0xff,0xff,0x02,0x00,0x00,0x00,0x00,
0x00,0x00,0x00,0x00,0x00,0x00,0x00,0x00,0x00,0x00,0x00,0x00,0x00,0x00,0x00,0x00,0xff,0xff,0xff,0x02,0xaa,0xaa,0xff,0x03,0xff,0xff,0xff,0x04,0xff,0xff,0xff,0x03,
0xff,0xff,0xff,0x01,0x00,0x00,0x00,0x01,0x00,0x00,0x00,0x01,0x00,0x00,0x00,0x01,0x00,0x00,0x00,0x00,0x00,0x00,0x00,0x00,0x00,0x00,0x00,0x00,0x00,0x00,0x00,0x00,
0x00,0x00,0x00,0x00,0xff,0xff,0xff,0x01,0x00,0x00,0x00,0x00,0xdf,0xf2,0xf8,0x28,0xf3,0xfb,0xff,0x42,0xd3,0xe1,0xe1,0x4d,0x88,0x9e,0x79,0xf2,0x89,0x9e,0x78,0xff,
0x87,0x9c,0x77,0xfe,0x87,0x9c,0x77,0xff,0x87,0x9c,0x77,0xff,0x87,0x9c,0x77,0xff,0x87,0x9c,0x77,0xff,0x87,0x9c,0x77,0xff,0x86,0x9c,0x76,0xfe,0x8b,0xa1,0x79,0xff,
0xb0,0xc4,0xb0,0x71,0xef,0xff,0xff,0x41,0xe7,0xf5,0xfa,0x37,0x00,0x00,0x00,0x00,0x00,0x00,0x00,0x00,0x00,0x00,0x00,0x00,0x00,0x00,0x00,0x00,0x00,0x00,0x00,0x00,
0x00,0x00,0x00,0x00,0x00,0x00,0x00,0x00,0x00,0x00,0x00,0x00,0x00,0x00,0x00,0x00,0x00,0x00,0x00,0x00,0x00,0x00,0x00,0x00,0x00,0x00,0x00,0x00,0x00,0x00,0x00,0x00,
0x00,0x00,0x00,0x00,0x00,0x00,0x00,0x00,0x00,0x00,0x00,0x00,0x00,0x00,0x00,0x00,0x00,0x00,0x00,0x00,0x00,0x00,0x00,0x00,0x00,0x00,0x00,0x00,0x00,0x00,0x00,0x00,
0xaa,0xff,0xff,0x03,0xff,0xff,0xff,0x03,0x00,0x00,0x00,0x00,0x00,0x00,0x00,0x00,0x00,0x00,0x00,0x00,0x00,0x00,0x00,0x00,0x00,0x00,0x00,0x00,0xe2,0xff,0xff,0x09,
0xf0,0xff,0xff,0x11,0xef,0xff,0xff,0x10,0xe1,0xf0,0xff,0x11,0xdd,0xee,0xff,0x0f,0x00,0x00,0x00,0x00,0x00,0x00,0x00,0x00,0x00,0x00,0x00,0x00,0x00,0x00,0x00,0x00,
0x00,0x00,0x00,0x00,0x00,0x00,0x00,0x00,0x00,0x00,0x00,0x00,0x00,0x00,0x00,0x00,0x7f,0x7f,0x00,0x02,0x3f,0x3f,0x3f,0x04,0x00,0x00,0x00,0x01,0x00,0x00,0x00,0x00,
0x00,0x00,0x00,0x00,0x00,0x00,0x00,0x00,0xff,0xff,0xff,0x02,0x00,0x00,0x00,0x00,0x00,0x00,0x00,0x00,0x00,0x00,0x00,0x04,0x5e,0x76,0x3d,0xed,0x61,0x79,0x3f,0xff,
0x5f,0x75,0x3e,0xfe,0x5f,0x76,0x3e,0xff,0x5f,0x76,0x3e,0xff,0x5f,0x76,0x3e,0xff,0x5f,0x76,0x3e,0xff,0x5f,0x76,0x3e,0xff,0x5e,0x75,0x3d,0xfd,0x64,0x7d,0x41,0xff,
0x45,0x61,0x17,0x37,0x00,0x00,0x00,0x00,0x00,0x00,0x00,0x00,0xff,0xff,0xff,0x01,0x00,0x00,0x00,0x00,0x00,0x00,0x00,0x00,0x00,0x00,0x00,0x00,0x00,0x00,0x00,0x00,
0x00,0x00,0x00,0x00,0x00,0x00,0x00,0x00,0x00,0x00,0x00,0x00,0x00,0x00,0x00,0x00,0x00,0x00,0x00,0x00,0x00,0x00,0x00,0x00,0x00,0x00,0x00,0x00,0x00,0x00,0x00,0x00,
0x00,0x00,0x00,0x00,0x00,0x00,0x00,0x00,0x00,0x00,0x00,0x00,0x00,0x00,0x00,0x00,0x00,0x00,0x00,0x00,0x00,0x00,0x00,0x00,0xaa,0xff,0xff,0x03,0xff,0xff,0xff,0x01,
0x00,0x00,0x00,0x00,0x00,0x00,0x00,0x00,0xff,0xff,0xff,0x0a,0xf0,0xff,0xff,0x35,0xec,0xfa,0xff,0x6f,0xea,0xf9,0xff,0xae,0xea,0xf9,0xff,0xbd,0xe7,0xf7,0xff,0xe1,
0xe9,0xf9,0xff,0xee,0xe6,0xf6,0xff,0xee,0xe8,0xf8,0xff,0xee,0xe7,0xf7,0xff,0xeb,0xe8,0xf8,0xff,0xc1,0xe7,0xf6,0xfd,0xb9,0xe7,0xf7,0xfd,0x80,0xff,0xff,0xff,0x42,
0xff,0xff,0xff,0x11,0x73,0x5c,0x5c,0x0b,0x5a,0x4b,0x3c,0x11,0x55,0x44,0x33,0x0f,0x00,0x00,0x00,0x00,0x00,0x00,0x00,0x00,0x00,0x00,0x00,0x00,0x7f,0x7f,0x00,0x02,
0x00,0x00,0x00,0x00,0x00,0x00,0x00,0x00,0x00,0x00,0x00,0x00,0xaa,0xff,0xaa,0x03,0xff,0xff,0xff,0x03,0x7f,0x8c,0x66,0x14,0x67,0x7f,0x49,0xee,0x6a,0x80,0x4b,0xff,
0x68,0x7d,0x4a,0xfe,0x68,0x7e,0x4a,0xff,0x68,0x7e,0x4a,0xff,0x68,0x7e,0x4a,0xff,0x68,0x7e,0x4a,0xff,0x68,0x7e,0x4a,0xff,0x67,0x7d,0x49,0xfd,0x6c,0x84,0x4d,0xff,
0x6a,0x85,0x4f,0x43,0xff,0xff,0xff,0x03,0x7f,0xaa,0xaa,0x06,0x00,0x00,0x00,0x00,0x00,0x00,0x00,0x00,0x00,0x00,0x00,0x00,0x00,0x00,0x00,0x00,0x00,0x00,0x00,0x00,
0x00,0x00,0x00,0x00,0x00,0x00,0x00,0x00,0x00,0x00,0x00,0x00,0x00,0x00,0x00,0x00,0x00,0x00,0x00,0x00,0x00,0x00,0x00,0x00,0x00,0x00,0x00,0x00,0x00,0x00,0x00,0x00,
0x00,0x00,0x00,0x00,0x00,0x00,0x00,0x00,0x00,0x00,0x00,0x00,0x00,0x00,0x00,0x00,0xff,0xff,0xff,0x01,0xff,0xff,0xff,0x03,0x00,0x00,0x00,0x00,0x00,0x00,0x00,0x00,
0xed,0xfa,0xff,0x3a,0xeb,0xfa,0xff,0x9a,0xeb,0xf9,0xff,0xe2,0xec,0xfb,0xff,0xff,0xf7,0xff,0xff,0xff,0xf5,0xff,0xff,0xff,0xf3,0xff,0xff,0xff,0xed,0xfe,0xff,0xff,
0xea,0xfb,0xff,0xff,0xeb,0xfb,0xff,0xff,0xeb,0xfb,0xff,0xff,0xec,0xfc,0xff,0xff,0xf1,0xff,0xff,0xff,0xf6,0xff,0xff,0xff,0xfc,0xff,0xff,0xff,0xc7,0xcb,0xcb,0xff,
0x7e,0x70,0x6b,0xeb,0x5b,0x43,0x38,0xe5,0x5d,0x44,0x39,0xee,0x5b,0x43,0x38,0xea,0x5d,0x45,0x38,0xbc,0x5f,0x46,0x3a,0x65,0x55,0x33,0x33,0x0f,0x00,0x00,0x00,0x00,
0x55,0x55,0x55,0x03,0x00,0x00,0x00,0x00,0x00,0x00,0x00,0x00,0x00,0xff,0x00,0x01,0x00,0x00,0x00,0x00,0x69,0x78,0x4b,0x11,0x65,0x7d,0x47,0xee,0x68,0x7f,0x49,0xff,
0x66,0x7c,0x48,0xfe,0x66,0x7d,0x48,0xff,0x66,0x7d,0x48,0xff,0x66,0x7d,0x48,0xff,0x66,0x7d,0x48,0xff,0x66,0x7d,0x48,0xff,0x65,0x7c,0x47,0xfd,0x6b,0x83,0x4b,0xff,
0x66,0x7d,0x46,0x41,0x00,0x00,0x00,0x00,0x55,0x55,0x55,0x03,0x00,0x00,0x00,0x00,0x00,0x00,0x00,0x00,0x00,0x00,0x00,0x00,0x00,0x00,0x00,0x00,0x00,0x00,0x00,0x00,
0x00,0x00,0x00,0x00,0x00,0x00,0x00,0x00,0x00,0x00,0x00,0x00,0x00,0x00,0x00,0x00,0x00,0x00,0x00,0x00,0x00,0x00,0x00,0x00,0x00,0x00,0x00,0x00,0x00,0x00,0x00,0x00,
0x00,0x00,0x00,0x00,0x00,0x00,0x00,0x00,0x00,0x00,0x00,0x00,0xff,0xff,0xff,0x02,0x00,0x00,0x00,0x00,0x00,0x00,0x00,0x00,0xeb,0xf7,0xff,0x43,0xee,0xfc,0xff,0xba,
0xef,0xfe,0xff,0xff,0xf6,0xff,0xff,0xff,0xed,0xfd,0xff,0xff,0xe6,0xf6,0xff,0xfe,0xe6,0xf6,0xff,0xfb,0xe6,0xf6,0xff,0xfc,0xe6,0xf6,0xff,0xfc,0xe7,0xf6,0xff,0xfd,
0xe6,0xf6,0xff,0xfe,0xe6,0xf6,0xff,0xfe,0xe6,0xf6,0xff,0xfe,0xe4,0xf4,0xfc,0xfe,0xeb,0xfb,0xff,0xfc,0xe0,0xee,0xf1,0xfc,0x7d,0x6f,0x69,0xfb,0x4f,0x34,0x28,0xfd,
0x59,0x3f,0x33,0xff,0x5d,0x44,0x38,0xff,0x5b,0x42,0x36,0xff,0x5e,0x46,0x3b,0xff,0x5f,0x46,0x3b,0xff,0x62,0x48,0x3c,0xff,0x5f,0x45,0x3a,0xd9,0x5b,0x43,0x34,0x35,
0x00,0x00,0x00,0x00,0x55,0x55,0x55,0x03,0x00,0x00,0x00,0x00,0x00,0xff,0x00,0x01,0x00,0x00,0x00,0x00,0x69,0x78,0x4b,0x11,0x65,0x7d,0x47,0xee,0x68,0x7f,0x49,0xff,
0x66,0x7c,0x48,0xfe,0x66,0x7d,0x48,0xff,0x66,0x7d,0x48,0xff,0x66,0x7d,0x48,0xff,0x66,0x7d,0x48,0xff,0x66,0x7d,0x48,0xff,0x65,0x7c,0x47,0xfd,0x6b,0x83,0x4b,0xff,
0x66,0x7d,0x46,0x41,0x00,0x00,0x00,0x00,0x55,0x55,0x55,0x03,0x00,0x00,0x00,0x00,0x00,0x00,0x00,0x00,0x00,0x00,0x00,0x00,0x00,0x00,0x00,0x00,0x00,0x00,0x00,0x00,
0x00,0x00,0x00,0x00,0x00,0x00,0x00,0x00,0x00,0x00,0x00,0x00,0x00,0x00,0x00,0x00,0x00,0x00,0x00,0x00,0x00,0x00,0x00,0x00,0x00,0x00,0x00,0x00,0x00,0x00,0x00,0x00,
0x00,0x00,0x00,0x00,0x00,0x00,0x00,0x00,0xff,0xff,0xff,0x04,0x00,0x00,0x00,0x00,0xd6,0xf1,0xff,0x13,0xed,0xfb,0xff,0x9e,0xee,0xfc,0xff,0xff,0xf4,0xff,0xff,0xff,
0xe5,0xf5,0xff,0xfe,0xe6,0xf5,0xff,0xfc,0xe7,0xf7,0xff,0xfd,0xe7,0xf7,0xff,0xff,0xe7,0xf7,0xff,0xff,0xe7,0xf7,0xff,0xff,0xe7,0xf7,0xff,0xff,0xe7,0xf7,0xff,0xff,
0xe7,0xf7,0xff,0xff,0xe7,0xf7,0xff,0xff,0xe6,0xf6,0xfe,0xff,0xea,0xfa,0xfe,0xff,0xe1,0xee,0xf0,0xff,0x75,0x65,0x5e,0xff,0x4f,0x34,0x28,0xff,0x5f,0x48,0x3d,0xff,
0x57,0x3e,0x32,0xfe,0x5c,0x44,0x3a,0xfe,0x61,0x4a,0x41,0xfe,0x54,0x3a,0x2e,0xfe,0x5c,0x43,0x39,0xfc,0x5a,0x42,0x37,0xfa,0x5f,0x46,0x3b,0xff,0x5e,0x45,0x39,0xee,
0x59,0x42,0x38,0x36,0x00,0x00,0x00,0x00,0x7f,0x7f,0x7f,0x02,0x00,0xff,0x00,0x01,0x00,0x00,0x00,0x00,0x69,0x78,0x4b,0x11,0x65,0x7d,0x47,0xee,0x68,0x7f,0x49,0xff,
0x66,0x7c,0x48,0xfe,0x66,0x7d,0x48,0xff,0x66,0x7d,0x48,0xff,0x66,0x7d,0x48,0xff,0x66,0x7d,0x48,0xff,0x66,0x7d,0x48,0xff,0x65,0x7c,0x47,0xfd,0x6b,0x83,0x4b,0xff,
0x66,0x7d,0x46,0x41,0x00,0x00,0x00,0x00,0x55,0x55,0x55,0x03,0x00,0x00,0x00,0x00,0x00,0x00,0x00,0x00,0x00,0x00,0x00,0x00,0x00,0x00,0x00,0x00,0x00,0x00,0x00,0x00,
0x00,0x00,0x00,0x00,0x00,0x00,0x00,0x00,0x00,0x00,0x00,0x00,0x00,0x00,0x00,0x00,0x00,0x00,0x00,0x00,0x00,0x00,0x00,0x00,0x00,0x00,0x00,0x00,0x00,0x00,0x00,0x00,
0x00,0x00,0x00,0x00,0xff,0xff,0xff,0x03,0x00,0x00,0x00,0x00,0xe2,0xf5,0xff,0x36,0xee,0xfb,0xff,0xda,0xf9,0xff,0xff,0xff,0xe6,0xf6,0xff,0xfd,0xe6,0xf6,0xff,0xfc,
0xe7,0xf7,0xff,0xff,0xe7,0xf7,0xff,0xff,0xe7,0xf7,0xff,0xff,0xe7,0xf7,0xff,0xff,0xe7,0xf7,0xff,0xff,0xe7,0xf7,0xff,0xff,0xe7,0xf7,0xff,0xff,0xe7,0xf7,0xff,0xff,
0xe7,0xf7,0xff,0xff,0xe7,0xf7,0xff,0xff,0xe7,0xf6,0xfd,0xff,0xeb,0xfa,0xfc,0xff,0x80,0x72,0x6d,0xff,0x50,0x34,0x28,0xff,0x60,0x4a,0x3f,0xff,0x55,0x3b,0x30,0xff,
0x73,0x61,0x5a,0xff,0xd3,0xdc,0xdd,0xff,0xdf,0xeb,0xeb,0xff,0x8b,0x82,0x7e,0xff,0x53,0x39,0x2d,0xff,0x5d,0x45,0x3a,0xff,0x5a,0x42,0x37,0xfc,0x5f,0x45,0x3a,0xff,
0x5d,0x44,0x38,0xe9,0x58,0x44,0x3a,0x1a,0xff,0x00,0x00,0x01,0x7f,0x7f,0x7f,0x02,0x00,0x00,0x00,0x00,0x69,0x78,0x4b,0x11,0x65,0x7d,0x47,0xee,0x68,0x7f,0x49,0xff,
0x66,0x7c,0x48,0xfe,0x66,0x7d,0x48,0xff,0x66,0x7d,0x48,0xff,0x66,0x7d,0x48,0xff,0x66,0x7d,0x48,0xff,0x66,0x7d,0x48,0xff,0x65,0x7c,0x47,0xfd,0x6b,0x83,0x4b,0xff,
0x66,0x7d,0x46,0x41,0x00,0x00,0x00,0x00,0x55,0x55,0x55,0x03,0x00,0x00,0x00,0x00,0x00,0x00,0x00,0x00,0x00,0x00,0x00,0x00,0x00,0x00,0x00,0x00,0x00,0x00,0x00,0x00,
0x00,0x00,0x00,0x00,0x00,0x00,0x00,0x00,0x00,0x00,0x00,0x00,0x00,0x00,0x00,0x00,0x00,0x00,0x00,0x00,0x00,0x00,0x00,0x00,0x00,0x00,0x00,0x00,0x00,0x00,0x00,0x00,
0xff,0xff,0xff,0x04,0x00,0x00,0x00,0x00,0xe4,0xf4,0xff,0x62,0xf1,0xfc,0xff,0xf2,0xf0,0xff,0xff,0xff,0xe6,0xf6,0xff,0xfa,0xe7,0xf7,0xff,0xff,0xe7,0xf7,0xff,0xff,
0xe7,0xf7,0xff,0xff,0xe7,0xf7,0xff,0xff,0xe7,0xf7,0xff,0xff,0xe7,0xf7,0xff,0xff,0xe7,0xf7,0xff,0xff,0xe7,0xf7,0xff,0xff,0xe7,0xf7,0xff,0xff,0xe7,0xf7,0xff,0xff,
0xe7,0xf7,0xff,0xff,0xe5,0xf5,0xfd,0xff,0xf0,0xff,0xff,0xff,0xbc,0xc1,0xc3,0xff,0x52,0x37,0x2a,0xff,0x5e,0x47,0x3c,0xff,0x5c,0x44,0x39,0xff,0x57,0x3d,0x32,0xff,
0xc5,0xcb,0xcf,0xff,0xf3,0xff,0xff,0xff,0xec,0xfe,0xff,0xff,0xe1,0xef,0xf4,0xff,0x66,0x51,0x48,0xff,0x58,0x40,0x35,0xff,0x5c,0x44,0x39,0xff,0x59,0x42,0x37,0xfa,
0x63,0x49,0x3c,0xff,0x5c,0x42,0x38,0x8d,0xff,0xff,0xff,0x01,0x66,0x66,0x33,0x05,0x00,0x00,0x00,0x00,0x69,0x78,0x4b,0x11,0x65,0x7d,0x47,0xee,0x68,0x7f,0x49,0xff,
0x66,0x7c,0x48,0xfe,0x66,0x7d,0x48,0xff,0x66,0x7d,0x48,0xff,0x66,0x7d,0x48,0xff,0x66,0x7d,0x48,0xff,0x66,0x7d,0x48,0xff,0x65,0x7c,0x47,0xfd,0x6b,0x83,0x4b,0xff,
0x66,0x7d,0x46,0x41,0x00,0x00,0x00,0x00,0x55,0x55,0x55,0x03,0x00,0x00,0x00,0x00,0x00,0x00,0x00,0x00,0x00,0x00,0x00,0x00,0x00,0x00,0x00,0x00,0x00,0x00,0x00,0x00,
0x00,0x00,0x00,0x00,0x00,0x00,0x00,0x00,0x00,0x00,0x00,0x00,0x00,0x00,0x00,0x00,0x00,0x00,0x00,0x00,0x00,0x00,0x00,0x00,0x00,0x00,0x00,0x00,0xff,0xff,0xff,0x03,
0x00,0x00,0x00,0x00,0xe3,0xf5,0xff,0x53,0xf6,0xff,0xff,0xff,0xe9,0xf9,0xff,0xff,0xe6,0xf6,0xff,0xfc,0xe7,0xf7,0xff,0xff,0xe7,0xf7,0xff,0xff,0xe7,0xf7,0xff,0xff,
0xe7,0xf7,0xff,0xff,0xe7,0xf7,0xff,0xff,0xe7,0xf7,0xff,0xff,0xe7,0xf7,0xff,0xff,0xe7,0xf7,0xff,0xff,0xe7,0xf7,0xff,0xff,0xe7,0xf7,0xff,0xff,0xe7,0xf7,0xff,0xff,
0xe7,0xf7,0xff,0xff,0xe6,0xf4,0xfd,0xff,0xef,0xff,0xff,0xff,0x87,0x7b,0x77,0xff,0x52,0x38,0x2c,0xff,0x5d,0x46,0x3b,0xff,0x59,0x3f,0x34,0xff,0x66,0x52,0x48,0xff,
0xe2,0xf0,0xf7,0xff,0xe6,0xf7,0xfd,0xff,0xe3,0xf3,0xfa,0xff,0xee,0xff,0xff,0xff,0x83,0x77,0x71,0xff,0x52,0x38,0x2c,0xff,0x5d,0x45,0x3a,0xff,0x5b,0x43,0x38,0xfd,
0x5e,0x45,0x39,0xfe,0x5a,0x43,0x36,0xe4,0x00,0x00,0x00,0x03,0x7f,0xff,0xff,0x02,0x00,0x00,0x00,0x00,0x69,0x78,0x4b,0x11,0x65,0x7d,0x47,0xee,0x68,0x7f,0x49,0xff,
0x66,0x7c,0x48,0xfe,0x66,0x7d,0x48,0xff,0x66,0x7d,0x48,0xff,0x66,0x7d,0x48,0xff,0x66,0x7d,0x48,0xff,0x66,0x7d,0x48,0xff,0x65,0x7c,0x47,0xfd,0x6b,0x83,0x4b,0xff,
0x66,0x7d,0x46,0x41,0x00,0x00,0x00,0x00,0x55,0x55,0x55,0x03,0x00,0x00,0x00,0x00,0x00,0x00,0x00,0x00,0x00,0x00,0x00,0x00,0x00,0x00,0x00,0x00,0x00,0x00,0x00,0x00,
0x00,0x00,0x00,0x00,0x00,0x00,0x00,0x00,0x00,0x00,0x00,0x00,0x00,0x00,0x00,0x00,0x00,0x00,0x00,0x00,0x00,0x00,0x00,0x00,0xff,0xff,0xff,0x02,0x00,0x00,0x00,0x00,
0xe8,0xf3,0xff,0x2e,0xee,0xfb,0xff,0xee,0xeb,0xf9,0xff,0xfd,0xe5,0xf5,0xff,0xfd,0xe7,0xf7,0xff,0xff,0xe7,0xf7,0xff,0xff,0xe7,0xf7,0xff,0xff,0xe7,0xf7,0xff,0xff,
0xe7,0xf7,0xff,0xff,0xe7,0xf7,0xff,0xff,0xe7,0xf7,0xff,0xff,0xe7,0xf7,0xff,0xff,0xe7,0xf7,0xff,0xff,0xe7,0xf7,0xff,0xff,0xe7,0xf7,0xff,0xff,0xe7,0xf7,0xff,0xff,
0xe6,0xf6,0xfe,0xff,0xe8,0xf9,0xff,0xff,0xe2,0xf0,0xf5,0xff,0x6a,0x56,0x4d,0xff,0x58,0x3f,0x33,0xff,0x5c,0x45,0x3a,0xff,0x5b,0x43,0x38,0xff,0x5b,0x44,0x38,0xff,
0xd2,0xdc,0xe1,0xff,0xed,0xfe,0xff,0xff,0xe6,0xf6,0xfd,0xff,0xe9,0xf9,0xfd,0xff,0x70,0x5e,0x56,0xff,0x56,0x3d,0x31,0xff,0x5c,0x44,0x39,0xff,0x5b,0x43,0x38,0xff,
0x5a,0x42,0x37,0xfd,0x60,0x48,0x3d,0xfd,0x96,0x8f,0x8c,0x62,0x00,0x00,0x00,0x00,0x00,0x00,0x00,0x00,0x69,0x78,0x4b,0x11,0x65,0x7d,0x47,0xee,0x68,0x7f,0x49,0xff,
0x66,0x7c,0x48,0xfe,0x66,0x7d,0x48,0xff,0x66,0x7d,0x48,0xff,0x66,0x7d,0x48,0xff,0x66,0x7d,0x48,0xff,0x66,0x7d,0x48,0xff,0x65,0x7c,0x47,0xfd,0x6b,0x83,0x4b,0xff,
0x66,0x7d,0x46,0x41,0x00,0x00,0x00,0x00,0x55,0x55,0x55,0x03,0x00,0x00,0x00,0x00,0x00,0x00,0x00,0x00,0x00,0x00,0x00,0x00,0x00,0x00,0x00,0x00,0x00,0x00,0x00,0x00,
0x00,0x00,0x00,0x00,0x00,0x00,0x00,0x00,0x00,0x00,0x00,0x00,0x00,0x00,0x00,0x00,0x00,0x00,0x00,0x00,0xff,0xff,0xff,0x01,0xff,0xff,0xff,0x02,0xda,0xda,0xff,0x07,
0xe6,0xf7,0xff,0xcf,0xf4,0xff,0xff,0xff,0xe5,0xf6,0xff,0xfc,0xe7,0xf7,0xff,0xff,0xe7,0xf7,0xff,0xff,0xe7,0xf7,0xff,0xff,0xe7,0xf7,0xff,0xff,0xe7,0xf7,0xff,0xff,
0xe7,0xf7,0xff,0xff,0xe7,0xf7,0xff,0xff,0xe7,0xf7,0xff,0xff,0xe7,0xf7,0xff,0xff,0xe7,0xf7,0xff,0xff,0xe7,0xf7,0xff,0xff,0xe7,0xf7,0xff,0xff,0xe7,0xf7,0xff,0xff,
0xe6,0xf6,0xfe,0xff,0xe9,0xfa,0xff,0xff,0xdd,0xea,0xf1,0xff,0x63,0x4d,0x43,0xff,0x59,0x40,0x36,0xff,0x5c,0x44,0x39,0xff,0x5d,0x45,0x3a,0xff,0x53,0x38,0x2c,0xff,
0x87,0x7c,0x77,0xff,0xea,0xf9,0xfb,0xff,0xf1,0xff,0xff,0xff,0xa6,0xa4,0xa4,0xff,0x53,0x39,0x2d,0xff,0x5d,0x45,0x3a,0xff,0x5b,0x43,0x38,0xff,0x5b,0x43,0x38,0xff,
0x5b,0x44,0x39,0xfe,0x58,0x3e,0x33,0xfe,0xc6,0xcb,0xcd,0xf4,0xff,0xff,0xff,0x24,0xff,0xff,0xff,0x01,0x78,0x86,0x5d,0x13,0x65,0x7d,0x47,0xee,0x68,0x7f,0x49,0xff,
0x66,0x7c,0x48,0xfe,0x66,0x7d,0x48,0xff,0x66,0x7d,0x48,0xff,0x66,0x7d,0x48,0xff,0x66,0x7d,0x48,0xff,0x66,0x7d,0x48,0xff,0x65,0x7c,0x47,0xfd,0x6b,0x83,0x4b,0xff,
0x66,0x7d,0x46,0x41,0x00,0x00,0x00,0x00,0x55,0x55,0x55,0x03,0x00,0x00,0x00,0x00,0x00,0x00,0x00,0x00,0x00,0x00,0x00,0x00,0x00,0x00,0x00,0x00,0x00,0x00,0x00,0x00,
0x00,0x00,0x00,0x00,0x00,0x00,0x00,0x00,0x00,0x00,0x00,0x00,0x00,0x00,0x00,0x00,0x00,0x00,0x00,0x00,0xff,0xff,0xff,0x03,0x00,0x00,0x00,0x00,0xe6,0xf6,0xff,0x5f,
0xf8,0xff,0xff,0xff,0xe5,0xf6,0xff,0xfb,0xe7,0xf7,0xff,0xff,0xe7,0xf7,0xff,0xff,0xe7,0xf7,0xff,0xff,0xe7,0xf7,0xff,0xff,0xe7,0xf7,0xff,0xff,0xe6,0xf7,0xff,0xff,
0xe6,0xf7,0xff,0xff,0xe6,0xf7,0xff,0xff,0xe7,0xf7,0xff,0xff,0xe7,0xf7,0xff,0xff,0xe7,0xf7,0xff,0xff,0xe7,0xf7,0xff,0xff,0xe7,0xf7,0xff,0xff,0xe7,0xf7,0xff,0xff,
0xe6,0xf6,0xfe,0xff,0xe9,0xfa,0xff,0xff,0xdf,0xed,0xf3,0xff,0x66,0x52,0x48,0xff,0x59,0x40,0x35,0xff,0x5c,0x44,0x39,0xff,0x5b,0x43,0x38,0xff,0x5c,0x44,0x39,0xff,
0x55,0x3c,0x30,0xff,0x71,0x60,0x58,0xff,0x7b,0x6b,0x64,0xff,0x57,0x3e,0x33,0xff,0x5b,0x43,0x38,0xff,0x5b,0x43,0x38,0xff,0x5b,0x43,0x38,0xff,0x5b,0x43,0x38,0xff,
0x5c,0x45,0x3a,0xff,0x53,0x38,0x2c,0xfb,0xd6,0xdd,0xe1,0xff,0xef,0xff,0xff,0xa3,0x00,0x00,0x00,0x00,0x7f,0x8c,0x66,0x14,0x65,0x7d,0x47,0xee,0x68,0x7f,0x49,0xff,
0x66,0x7c,0x48,0xfe,0x66,0x7d,0x48,0xff,0x66,0x7d,0x48,0xff,0x66,0x7d,0x48,0xff,0x66,0x7d,0x48,0xff,0x66,0x7d,0x48,0xff,0x65,0x7c,0x47,0xfd,0x6b,0x83,0x4b,0xff,
0x66,0x7d,0x46,0x41,0x00,0x00,0x00,0x00,0x55,0x55,0x55,0x03,0x00,0x00,0x00,0x00,0x00,0x00,0x00,0x00,0x00,0x00,0x00,0x00,0x00,0x00,0x00,0x00,0x00,0x00,0x00,0x00,
0x00,0x00,0x00,0x00,0x00,0x00,0x00,0x00,0x00,0x00,0x00,0x00,0x00,0x00,0x00,0x00,0xff,0xff,0xff,0x01,0xff,0xff,0xff,0x01,0xe2,0xff,0xff,0x09,0xe7,0xf7,0xff,0xd8,
0xef,0xfc,0xff,0xfe,0xe6,0xf6,0xff,0xfd,0xe6,0xf7,0xff,0xff,0xe5,0xf6,0xff,0xff,0xe5,0xf6,0xff,0xff,0xe6,0xf6,0xff,0xff,0xe8,0xf8,0xff,0xff,0xea,0xf9,0xff,0xff,
0xe9,0xf8,0xff,0xff,0xe9,0xf8,0xff,0xff,0xe6,0xf6,0xff,0xff,0xe5,0xf6,0xff,0xff,0xe5,0xf6,0xff,0xff,0xe6,0xf7,0xff,0xff,0xe7,0xf7,0xff,0xff,0xe7,0xf7,0xff,0xff,
0xe7,0xf7,0xff,0xff,0xe6,0xf5,0xfd,0xff,0xec,0xfe,0xfe,0xff,0x7d,0x6f,0x69,0xff,0x54,0x3a,0x2e,0xff,0x5d,0x45,0x3a,0xff,0x5b,0x43,0x38,0xff,0x5b,0x43,0x38,0xff,
0x5c,0x45,0x3a,0xff,0x56,0x3d,0x31,0xff,0x54,0x3a,0x2f,0xff,0x5c,0x44,0x39,0xff,0x5b,0x43,0x38,0xff,0x5b,0x43,0x38,0xff,0x5b,0x43,0x38,0xff,0x5c,0x44,0x39,0xff,
0x59,0x41,0x36,0xff,0x63,0x4d,0x43,0xfe,0xde,0xeb,0xf2,0xfd,0xef,0xfc,0xff,0xf9,0xf8,0xff,0xff,0x25,0x3f,0x5f,0x1f,0x08,0x66,0x7d,0x49,0xf1,0x68,0x7f,0x49,0xff,
0x66,0x7c,0x48,0xfe,0x66,0x7d,0x48,0xff,0x66,0x7d,0x48,0xff,0x66,0x7d,0x48,0xff,0x66,0x7d,0x48,0xff,0x66,0x7d,0x48,0xff,0x65,0x7c,0x47,0xfd,0x6b,0x83,0x4b,0xff,
0x66,0x7d,0x46,0x41,0x00,0x00,0x00,0x00,0x55,0x55,0x55,0x03,0x00,0x00,0x00,0x00,0x00,0x00,0x00,0x00,0x00,0x00,0x00,0x00,0x00,0x00,0x00,0x00,0x00,0x00,0x00,0x00,
0x00,0x00,0x00,0x00,0x00,0x00,0x00,0x00,0x00,0x00,0x00,0x00,0x00,0x00,0x00,0x00,0xff,0xff,0xff,0x03,0x00,0x00,0x00,0x00,0xe7,0xf4,0xff,0x4b,0xf5,0xff,0xff,0xff,
0xe5,0xf6,0xff,0xfc,0xe5,0xf6,0xff,0xff,0xe9,0xf8,0xff,0xff,0xef,0xfc,0xff,0xff,0xf0,0xfd,0xff,0xff,0xee,0xfb,0xff,0xff,0xe2,0xf4,0xfe,0xff,0xdd,0xf1,0xfd,0xff,
0xde,0xf1,0xfd,0xff,0xdf,0xf2,0xfe,0xff,0xec,0xfa,0xff,0xff,0xf0,0xfc,0xff,0xff,0xf0,0xfd,0xff,0xff,0xea,0xf9,0xff,0xff,0xe5,0xf6,0xff,0xff,0xe6,0xf6,0xff,0xff,
0xe7,0xf7,0xff,0xff,0xe5,0xf4,0xfc,0xff,0xf1,0xff,0xff,0xff,0xae,0xae,0xaf,0xff,0x50,0x35,0x29,0xff,0x5e,0x47,0x3c,0xff,0x5b,0x43,0x38,0xff,0x5b,0x43,0x38,0xff,
0x5b,0x43,0x38,0xff,0x5c,0x44,0x3a,0xff,0x5d,0x45,0x3a,0xff,0x5b,0x43,0x38,0xff,0x5b,0x43,0x38,0xff,0x5b,0x43,0x38,0xff,0x5b,0x43,0x38,0xff,0x5e,0x46,0x3c,0xff,
0x51,0x37,0x2b,0xff,0x8b,0x80,0x7c,0xff,0xee,0xff,0xff,0xfb,0xf8,0xff,0xff,0xff,0xec,0xfb,0xff,0x87,0x00,0x00,0x00,0x00,0x67,0x7e,0x4b,0xf3,0x68,0x7f,0x49,0xff,
0x66,0x7c,0x48,0xfe,0x66,0x7d,0x48,0xff,0x66,0x7d,0x48,0xff,0x66,0x7d,0x48,0xff,0x66,0x7d,0x48,0xff,0x66,0x7d,0x48,0xff,0x65,0x7c,0x47,0xfd,0x6b,0x83,0x4b,0xff,
0x66,0x7d,0x46,0x41,0x00,0x00,0x00,0x00,0x55,0x55,0x55,0x03,0x00,0x00,0x00,0x00,0x00,0x00,0x00,0x00,0x00,0x00,0x00,0x00,0x00,0x00,0x00,0x00,0x00,0x00,0x00,0x00,
0x00,0x00,0x00,0x00,0x00,0x00,0x00,0x00,0x00,0x00,0x00,0x00,0x00,0x00,0x00,0x00,0xff,0xff,0xff,0x03,0x00,0x00,0x00,0x00,0xe7,0xf7,0xff,0xa2,0xf4,0xff,0xff,0xfe,
0xe8,0xf7,0xff,0xfb,0xf1,0xfd,0xff,0xff,0xe1,0xf4,0xfe,0xff,0xbe,0xdd,0xf7,0xff,0x98,0xc5,0xf1,0xff,0x80,0xb6,0xec,0xff,0x6d,0xaa,0xe9,0xff,0x65,0xa5,0xe7,0xff,
0x66,0xa6,0xe8,0xff,0x68,0xa7,0xe8,0xff,0x7d,0xb4,0xec,0xff,0x8f,0xc0,0xef,0xff,0xb4,0xd7,0xf5,0xff,0xda,0xef,0xfc,0xff,0xf0,0xfd,0xff,0xff,0xeb,0xfa,0xff,0xff,
0xe5,0xf6,0xff,0xff,0xe6,0xf6,0xfe,0xff,0xe9,0xf8,0xfe,0xff,0xe3,0xf1,0xf3,0xff,0x6c,0x58,0x50,0xff,0x54,0x3a,0x2e,0xff,0x5e,0x46,0x3c,0xff,0x5b,0x43,0x38,0xff,
0x5b,0x43,0x38,0xff,0x5b,0x43,0x38,0xff,0x5b,0x43,0x38,0xff,0x5b,0x43,0x38,0xff,0x5b,0x43,0x38,0xff,0x5b,0x43,0x38,0xff,0x5c,0x45,0x3a,0xff,0x5a,0x42,0x37,0xff,
0x57,0x3e,0x32,0xff,0xcc,0xd4,0xd8,0xff,0xec,0xfd,0xff,0xfd,0xee,0xfd,0xff,0xff,0xe9,0xfa,0xff,0xd4,0x86,0x93,0x86,0x13,0x65,0x7c,0x47,0xee,0x68,0x7f,0x49,0xff,
0x66,0x7c,0x48,0xfe,0x66,0x7d,0x48,0xff,0x66,0x7d,0x48,0xff,0x66,0x7d,0x48,0xff,0x66,0x7d,0x48,0xff,0x66,0x7d,0x48,0xff,0x65,0x7c,0x47,0xfd,0x6b,0x83,0x4b,0xff,
0x66,0x7d,0x46,0x41,0x00,0x00,0x00,0x00,0x55,0x55,0x55,0x03,0x00,0x00,0x00,0x00,0x00,0x00,0x00,0x00,0x00,0x00,0x00,0x00,0x00,0x00,0x00,0x00,0x00,0x00,0x00,0x00,
0x00,0x00,0x00,0x00,0x00,0x00,0x00,0x00,0x00,0x00,0x00,0x00,0x00,0x00,0x00,0x00,0xff,0xff,0xff,0x02,0xff,0xff,0xff,0x01,0xe3,0xf4,0xfd,0xc5,0xf8,0xff,0xff,0xff,
0xe2,0xf4,0xfd,0xfc,0xa1,0xcb,0xf2,0xff,0x69,0xa7,0xe8,0xff,0x56,0x9c,0xe5,0xff,0x53,0x9a,0xe4,0xff,0x56,0x9b,0xe5,0xff,0x59,0x9e,0xe5,0xff,0x5b,0x9f,0xe6,0xff,
0x5b,0x9f,0xe6,0xff,0x5a,0x9e,0xe6,0xff,0x56,0x9c,0xe5,0xff,0x54,0x9a,0xe4,0xff,0x54,0x9a,0xe4,0xff,0x62,0xa3,0xe7,0xff,0x90,0xc0,0xef,0xff,0xd5,0xec,0xfb,0xff,
0xf0,0xfd,0xff,0xff,0xe5,0xf6,0xff,0xff,0xe5,0xf5,0xfd,0xff,0xed,0xfd,0xff,0xff,0xcd,0xd5,0xd7,0xff,0x5f,0x49,0x3f,0xff,0x56,0x3c,0x30,0xff,0x5f,0x47,0x3d,0xff,
0x5c,0x44,0x39,0xff,0x5b,0x43,0x38,0xff,0x5b,0x43,0x38,0xff,0x5b,0x43,0x38,0xff,0x5b,0x44,0x39,0xff,0x5e,0x47,0x3c,0xff,0x5a,0x42,0x37,0xff,0x53,0x39,0x2d,0xff,
0xb1,0xb2,0xb2,0xff,0xf0,0xff,0xff,0xff,0xe4,0xf3,0xfc,0xfe,0xe9,0xf9,0xfe,0xff,0xe9,0xf9,0xff,0xee,0xb5,0xc2,0xae,0x26,0x62,0x7a,0x43,0xe9,0x69,0x80,0x4a,0xff,
0x66,0x7c,0x48,0xfe,0x66,0x7d,0x48,0xff,0x66,0x7d,0x48,0xff,0x66,0x7d,0x48,0xff,0x66,0x7d,0x48,0xff,0x66,0x7d,0x48,0xff,0x65,0x7c,0x47,0xfd,0x6b,0x83,0x4b,0xff,
0x66,0x7d,0x46,0x41,0x00,0x00,0x00,0x00,0x55,0x55,0x55,0x03,0x00,0x00,0x00,0x00,0x00,0x00,0x00,0x00,0x00,0x00,0x00,0x00,0x00,0x00,0x00,0x00,0x00,0x00,0x00,0x00,
0x00,0x00,0x00,0x00,0x00,0x00,0x00,0x00,0x00,0x00,0x00,0x00,0xff,0xff,0xff,0x01,0x00,0x00,0x00,0x00,0xb4,0xd2,0xf0,0x11,0xf0,0xfd,0xff,0xea,0xd2,0xeb,0xfc,0xff,
0x6c,0xa9,0xe8,0xfe,0x52,0x99,0xe4,0xff,0x5a,0x9e,0xe5,0xff,0x5f,0xa1,0xe6,0xff,0x5f,0xa1,0xe6,0xff,0x5f,0xa1,0xe6,0xff,0x5e,0xa1,0xe6,0xff,0x5e,0xa0,0xe6,0xff,
0x5e,0xa0,0xe6,0xff,0x5e,0xa0,0xe6,0xff,0x5f,0xa1,0xe6,0xff,0x5f,0xa1,0xe6,0xff,0x5f,0xa1,0xe6,0xff,0x5c,0x9f,0xe6,0xff,0x53,0x9a,0xe4,0xff,0x5f,0xa1,0xe6,0xff,
0xb5,0xd8,0xf6,0xff,0xf1,0xfe,0xff,0xff,0xe6,0xf6,0xff,0xff,0xe5,0xf4,0xfd,0xff,0xf0,0xff,0xff,0xff,0xcd,0xd5,0xd7,0xff,0x64,0x4f,0x45,0xff,0x50,0x34,0x28,0xff,
0x58,0x3f,0x34,0xff,0x5c,0x44,0x39,0xff,0x5d,0x45,0x3a,0xff,0x5c,0x44,0x3a,0xff,0x59,0x41,0x35,0xff,0x52,0x37,0x2b,0xff,0x57,0x3e,0x33,0xff,0xb1,0xb1,0xb1,0xff,
0xf2,0xff,0xff,0xff,0xe4,0xf3,0xfc,0xff,0xe9,0xf9,0xff,0xff,0xeb,0xfd,0xff,0xfe,0xf1,0xff,0xff,0xfd,0xcc,0xdb,0xd8,0x50,0x5f,0x76,0x40,0xe2,0x6a,0x82,0x4d,0xff,
0x66,0x7c,0x48,0xfe,0x66,0x7d,0x48,0xff,0x66,0x7d,0x48,0xff,0x66,0x7d,0x48,0xff,0x66,0x7d,0x48,0xff,0x66,0x7d,0x48,0xff,0x65,0x7c,0x47,0xfd,0x6b,0x83,0x4b,0xff,
0x66,0x7d,0x46,0x41,0x00,0x00,0x00,0x00,0x55,0x55,0x55,0x03,0x00,0x00,0x00,0x00,0x00,0x00,0x00,0x00,0x00,0x00,0x00,0x00,0x00,0x00,0x00,0x00,0x00,0x00,0x00,0x00,
0x00,0x00,0x00,0x00,0x00,0x00,0x00,0x00,0x00,0x00,0x00,0x00,0xff,0xff,0xff,0x01,0x00,0x00,0x00,0x00,0xff,0xff,0xff,0x10,0xca,0xe5,0xf9,0xee,0x66,0xa8,0xec,0xff,
0x56,0x9b,0xe4,0xfe,0x60,0xa2,0xe6,0xff,0x5e,0xa0,0xe6,0xff,0x5d,0xa0,0xe6,0xff,0x5d,0xa0,0xe6,0xff,0x5d,0xa0,0xe6,0xff,0x5d,0xa0,0xe6,0xff,0x5d,0xa0,0xe6,0xff,
0x5d,0xa0,0xe6,0xff,0x5d,0xa0,0xe6,0xff,0x5d,0xa0,0xe6,0xff,0x5d,0xa0,0xe6,0xff,0x5d,0xa0,0xe6,0xff,0x5d,0xa0,0xe6,0xff,0x60,0xa2,0xe6,0xff,0x5b,0x9f,0xe6,0xff,
0x55,0x9b,0xe5,0xff,0xb2,0xd6,0xf5,0xff,0xee,0xfc,0xff,0xff,0xe5,0xf6,0xff,0xff,0xe5,0xf4,0xfd,0xff,0xed,0xff,0xff,0xff,0xdc,0xe8,0xec,0xff,0x99,0x93,0x8f,0xff,
0x6a,0x56,0x4c,0xff,0x58,0x3f,0x33,0xff,0x54,0x3a,0x2e,0xff,0x56,0x3d,0x31,0xff,0x63,0x4d,0x43,0xff,0x8b,0x80,0x7b,0xff,0xcc,0xd3,0xd5,0xff,0xef,0xff,0xff,0xff,
0xe6,0xf7,0xfc,0xff,0xe2,0xf0,0xfd,0xff,0xb6,0xac,0xed,0xff,0xc5,0xc4,0xf2,0xfe,0xe6,0xef,0xfe,0xff,0xcf,0xe3,0xd6,0x4b,0x59,0x74,0x30,0xdf,0x68,0x81,0x46,0xff,
0x66,0x7c,0x49,0xfe,0x67,0x7d,0x4b,0xff,0x66,0x7d,0x49,0xff,0x66,0x7d,0x48,0xff,0x66,0x7d,0x48,0xff,0x66,0x7d,0x48,0xff,0x65,0x7c,0x47,0xfd,0x6b,0x83,0x4b,0xff,
0x66,0x7d,0x46,0x41,0x00,0x00,0x00,0x00,0x55,0x55,0x55,0x03,0x00,0x00,0x00,0x00,0x00,0x00,0x00,0x00,0x00,0x00,0x00,0x00,0x00,0x00,0x00,0x00,0x00,0x00,0x00,0x00,
0x00,0x00,0x00,0x00,0x00,0x00,0x00,0x00,0x00,0x00,0x00,0x00,0x7f,0x7f,0xff,0x02,0x00,0x00,0x00,0x00,0x8a,0xbf,0xe9,0x18,0x63,0xa5,0xe9,0xf2,0x5a,0x9f,0xe8,0xff,
0x5f,0xa1,0xe6,0xfe,0x5d,0xa0,0xe6,0xff,0x5d,0xa0,0xe6,0xff,0x5d,0xa0,0xe6,0xff,0x5d,0xa0,0xe6,0xff,0x5d,0xa0,0xe6,0xff,0x5d,0xa0,0xe6,0xff,0x5d,0xa0,0xe6,0xff,
0x5d,0xa0,0xe6,0xff,0x5d,0xa0,0xe6,0xff,0x5d,0xa0,0xe6,0xff,0x5d,0xa0,0xe6,0xff,0x5d,0xa0,0xe6,0xff,0x5d,0xa0,0xe6,0xff,0x5d,0xa0,0xe6,0xff,0x5e,0xa1,0xe6,0xff,
0x5d,0xa0,0xe6,0xff,0x55,0x9b,0xe5,0xff,0xc6,0xe2,0xf9,0xff,0xee,0xfc,0xff,0xff,0xe5,0xf6,0xff,0xff,0xe5,0xf5,0xfd,0xff,0xea,0xfb,0xff,0xff,0xf1,0xff,0xff,0xff,
0xe3,0xf2,0xf7,0xff,0xc9,0xd1,0xd5,0xff,0xc1,0xc7,0xca,0xff,0xc5,0xcb,0xcf,0xff,0xdd,0xea,0xf0,0xff,0xef,0xff,0xff,0xff,0xed,0xfe,0xff,0xff,0xe5,0xf5,0xfd,0xff,
0xe8,0xf9,0xff,0xff,0xe3,0xf0,0xfd,0xff,0xa5,0x92,0xe8,0xff,0x9e,0x86,0xe4,0xff,0xa7,0x93,0xea,0xff,0xa5,0x92,0xe4,0xd2,0x83,0x85,0x92,0xf7,0x70,0x81,0x61,0xff,
0x64,0x7c,0x43,0xff,0x62,0x7c,0x3c,0xff,0x64,0x7c,0x42,0xff,0x66,0x7d,0x49,0xff,0x67,0x7d,0x4b,0xff,0x66,0x7d,0x49,0xff,0x65,0x7c,0x47,0xfd,0x6b,0x83,0x4b,0xff,
0x66,0x7d,0x46,0x41,0x00,0x00,0x00,0x00,0x55,0x55,0x55,0x03,0x00,0x00,0x00,0x00,0x00,0x00,0x00,0x00,0x00,0x00,0x00,0x00,0x00,0x00,0x00,0x00,0x00,0x00,0x00,0x00,
0x00,0x00,0x00,0x00,0x00,0x00,0x00,0x00,0x00,0x00,0x00,0x00,0xaa,0xff,0xff,0x03,0x00,0x00,0x00,0x00,0x5b,0x9d,0xe4,0x7e,0x62,0xab,0xf5,0xff,0x5d,0x9f,0xe5,0xfc,
0x5d,0xa0,0xe6,0xff,0x5d,0xa0,0xe6,0xff,0x5d,0xa0,0xe6,0xff,0x5d,0xa0,0xe6,0xff,0x5d,0xa0,0xe6,0xff,0x5d,0xa0,0xe6,0xff,0x5d,0xa0,0xe6,0xff,0x5d,0xa0,0xe6,0xff,
0x5d,0xa0,0xe6,0xff,0x5d,0xa0,0xe6,0xff,0x5d,0xa0,0xe6,0xff,0x5d,0xa0,0xe6,0xff,0x5d,0xa0,0xe6,0xff,0x5d,0xa0,0xe6,0xff,0x5d,0xa0,0xe6,0xff,0x5d,0xa0,0xe6,0xff,
0x5f,0xa1,0xe6,0xff,0x56,0x9b,0xe5,0xff,0x80,0xb6,0xec,0xff,0xed,0xfb,0xff,0xff,0xe6,0xf6,0xff,0xff,0xe7,0xf7,0xff,0xff,0xe6,0xf6,0xfe,0xff,0xe5,0xf4,0xfc,0xff,
0xe8,0xf9,0xff,0xff,0xed,0xff,0xff,0xff,0xef,0xff,0xff,0xff,0xee,0xff,0xff,0xff,0xea,0xfa,0xff,0xff,0xe5,0xf5,0xfd,0xff,0xe6,0xf5,0xfd,0xff,0xe7,0xf7,0xff,0xff,
0xe8,0xf9,0xff,0xff,0xe3,0xf0,0xfd,0xff,0xa9,0x98,0xe9,0xff,0xa4,0x90,0xe8,0xff,0xa3,0x8f,0xe6,0xff,0xaa,0x95,0xf0,0xff,0xa9,0x92,0xf3,0xff,0xa4,0x90,0xe7,0xff,
0x96,0x8c,0xc4,0xff,0x82,0x86,0x91,0xff,0x70,0x80,0x60,0xff,0x64,0x7c,0x43,0xff,0x61,0x7b,0x3b,0xff,0x63,0x7c,0x40,0xff,0x65,0x7c,0x46,0xfd,0x6b,0x83,0x4b,0xff,
0x66,0x7d,0x46,0x41,0x00,0x00,0x00,0x00,0x55,0x55,0x55,0x03,0x00,0x00,0x00,0x00,0x00,0x00,0x00,0x00,0x00,0x00,0x00,0x00,0x00,0x00,0x00,0x00,0x00,0x00,0x00,0x00,
0x00,0x00,0x00,0x00,0x00,0x00,0x00,0x00,0x00,0x00,0x00,0x00,0xff,0xff,0xff,0x01,0x5f,0x9f,0xdf,0x08,0x5d,0xa0,0xe6,0xdb,0x61,0xa6,0xee,0xff,0x5c,0x9f,0xe5,0xfd,
0x5d,0xa0,0xe6,0xff,0x5d,0xa0,0xe6,0xff,0x5d,0xa0,0xe6,0xff,0x5d,0xa0,0xe6,0xff,0x5d,0xa0,0xe6,0xff,0x5d,0xa0,0xe6,0xff,0x5d,0xa0,0xe6,0xff,0x5d,0xa0,0xe6,0xff,
0x5d,0xa0,0xe6,0xff,0x5d,0xa0,0xe6,0xff,0x5d,0xa0,0xe6,0xff,0x5d,0xa0,0xe6,0xff,0x5d,0xa0,0xe6,0xff,0x5d,0xa0,0xe6,0xff,0x5d,0xa0,0xe6,0xff,0x5d,0xa0,0xe6,0xff,
0x5d,0xa0,0xe6,0xff,0x5d,0xa0,0xe6,0xff,0x5c,0xa0,0xe6,0xff,0xd0,0xe9,0xfb,0xff,0xec,0xfa,0xff,0xff,0xe5,0xf7,0xff,0xff,0xe7,0xf7,0xff,0xff,0xe7,0xf7,0xff,0xff,
0xe7,0xf6,0xfe,0xff,0xe6,0xf5,0xfd,0xff,0xe5,0xf5,0xfd,0xff,0xe5,0xf5,0xfd,0xff,0xe6,0xf6,0xfe,0xff,0xe7,0xf7,0xff,0xff,0xe7,0xf7,0xff,0xff,0xe7,0xf7,0xff,0xff,
0xe8,0xf9,0xff,0xff,0xe3,0xf0,0xfd,0xff,0xa8,0x97,0xe9,0xff,0xa3,0x8e,0xe7,0xff,0xa4,0x90,0xe7,0xff,0xa4,0x90,0xe6,0xfd,0xa3,0x8f,0xe4,0xff,0xa4,0x90,0xe7,0xff,
0xa7,0x91,0xef,0xff,0xa8,0x91,0xf2,0xff,0xa3,0x90,0xe5,0xff,0x96,0x8c,0xc3,0xff,0x85,0x86,0x97,0xff,0x74,0x81,0x6b,0xff,0x66,0x7c,0x4a,0xfd,0x6b,0x83,0x4b,0xff,
0x66,0x7d,0x46,0x41,0x00,0x00,0x00,0x00,0x55,0x55,0x55,0x03,0x00,0x00,0x00,0x00,0x00,0x00,0x00,0x00,0x00,0x00,0x00,0x00,0x00,0x00,0x00,0x00,0x00,0x00,0x00,0x00,
0x00,0x00,0x00,0x00,0x00,0x00,0x00,0x00,0x00,0xff,0xff,0x01,0x00,0x00,0x00,0x00,0x5d,0x93,0xe4,0x13,0x5c,0xa0,0xe5,0xf2,0x5f,0xa2,0xe9,0xff,0x5d,0x9f,0xe5,0xfe,
0x5d,0xa0,0xe6,0xff,0x5d,0xa0,0xe6,0xff,0x5d,0xa0,0xe6,0xff,0x5d,0xa0,0xe6,0xff,0x5d,0xa0,0xe6,0xff,0x5d,0xa0,0xe6,0xff,0x5d,0xa0,0xe6,0xff,0x5d,0xa0,0xe6,0xff,
0x5d,0xa0,0xe6,0xff,0x5d,0xa0,0xe6,0xff,0x5d,0xa0,0xe6,0xff,0x5d,0xa0,0xe6,0xff,0x5d,0xa0,0xe6,0xff,0x5d,0xa0,0xe6,0xff,0x5d,0xa0,0xe6,0xff,0x5d,0xa0,0xe6,0xff,
0x5d,0xa0,0xe6,0xff,0x5e,0xa1,0xe6,0xff,0x56,0x9c,0xe5,0xff,0xc1,0xdf,0xf9,0xff,0xef,0xfc,0xff,0xff,0xe5,0xf6,0xff,0xff,0xe7,0xf7,0xff,0xff,0xe7,0xf7,0xff,0xff,
0xe7,0xf7,0xff,0xff,0xe7,0xf7,0xff,0xff,0xe7,0xf7,0xff,0xff,0xe7,0xf7,0xff,0xff,0xe7,0xf7,0xff,0xff,0xe7,0xf7,0xff,0xff,0xe7,0xf7,0xff,0xff,0xe7,0xf7,0xff,0xff,
0xe8,0xf9,0xff,0xff,0xe3,0xf0,0xfd,0xff,0xa8,0x97,0xe9,0xff,0xa3,0x8e,0xe7,0xff,0xa4,0x90,0xe7,0xff,0xa4,0x90,0xe7,0xff,0xa4,0x90,0xe7,0xff,0xa4,0x90,0xe6,0xff,
0xa2,0x8f,0xe3,0xff,0xa3,0x90,0xe5,0xff,0xa8,0x91,0xf1,0xff,0xa9,0x92,0xf5,0xff,0x9e,0x8e,0xd8,0xff,0x81,0x85,0x8d,0xff,0x67,0x7c,0x4c,0xfd,0x6a,0x83,0x4b,0xff,
0x66,0x7d,0x4a,0x41,0x00,0x00,0x00,0x00,0x55,0x55,0x55,0x03,0x00,0x00,0x00,0x00,0x00,0x00,0x00,0x00,0x00,0x00,0x00,0x00,0x00,0x00,0x00,0x00,0x00,0x00,0x00,0x00,
0x00,0x00,0x00,0x00,0x00,0x00,0x00,0x00,0x00,0xff,0xff,0x01,0x00,0x00,0x00,0x00,0x55,0x94,0xe9,0x0c,0x5d,0xa0,0xe5,0xe6,0x5f,0xa4,0xeb,0xfe,0x5d,0x9f,0xe5,0xfe,
0x5d,0xa0,0xe6,0xff,0x5d,0xa0,0xe6,0xff,0x5d,0xa0,0xe6,0xff,0x5d,0xa0,0xe6,0xff,0x5d,0xa0,0xe6,0xff,0x5d,0xa0,0xe6,0xff,0x5d,0xa0,0xe6,0xff,0x5d,0xa0,0xe6,0xff,
0x5d,0xa0,0xe6,0xff,0x5d,0xa0,0xe6,0xff,0x5d,0xa0,0xe6,0xff,0x5d,0xa0,0xe6,0xff,0x5d,0xa0,0xe6,0xff,0x5d,0xa0,0xe6,0xff,0x5d,0xa0,0xe6,0xff,0x5d,0xa0,0xe6,0xff,
0x5d,0xa0,0xe6,0xff,0x5e,0xa1,0xe6,0xff,0x59,0x9e,0xe6,0xff,0xca,0xe5,0xfa,0xff,0xed,0xfb,0xff,0xff,0xe5,0xf6,0xff,0xff,0xe7,0xf7,0xff,0xff,0xe7,0xf7,0xff,0xff,
0xe7,0xf7,0xff,0xff,0xe7,0xf7,0xff,0xff,0xe7,0xf7,0xff,0xff,0xe7,0xf7,0xff,0xff,0xe7,0xf7,0xff,0xff,0xe7,0xf7,0xff,0xff,0xe7,0xf7,0xff,0xff,0xe7,0xf7,0xff,0xff,
0xe8,0xf9,0xff,0xff,0xe3,0xf0,0xfd,0xff,0xa8,0x97,0xe9,0xff,0xa3,0x8e,0xe7,0xff,0xa4,0x90,0xe7,0xff,0xa3,0x8f,0xe6,0xfc,0xa3,0x90,0xe5,0xff,0xa6,0x91,0xeb,0xff,
0xa8,0x91,0xf3,0xff,0xa3,0x90,0xe5,0xff,0x92,0x8a,0xb8,0xff,0x76,0x82,0x71,0xff,0x64,0x7c,0x43,0xff,0x62,0x7c,0x3d,0xff,0x65,0x7c,0x46,0xfd,0x6b,0x83,0x4b,0xff,
0x66,0x7d,0x46,0x41,0x00,0x00,0x00,0x00,0x55,0x55,0x55,0x03,0x00,0x00,0x00,0x00,0x00,0x00,0x00,0x00,0x00,0x00,0x00,0x00,0x00,0x00,0x00,0x00,0x00,0x00,0x00,0x00,
0x00,0x00,0x00,0x00,0x00,0x00,0x00,0x00,0x00,0x00,0x00,0x00,0xaa,0xff,0xff,0x03,0x00,0x00,0x00,0x00,0x5c,0x9f,0xe5,0x9d,0x63,0xab,0xf5,0xff,0x5c,0x9f,0xe4,0xfb,
0x5d,0xa0,0xe6,0xff,0x5d,0xa0,0xe6,0xff,0x5d,0xa0,0xe6,0xff,0x5d,0xa0,0xe6,0xff,0x5d,0xa0,0xe6,0xff,0x5d,0xa0,0xe6,0xff,0x5d,0xa0,0xe6,0xff,0x5d,0xa0,0xe6,0xff,
0x5d,0xa0,0xe6,0xff,0x5d,0xa0,0xe6,0xff,0x5d,0xa0,0xe6,0xff,0x5d,0xa0,0xe6,0xff,0x5d,0xa0,0xe6,0xff,0x5d,0xa0,0xe6,0xff,0x5d,0xa0,0xe6,0xff,0x5d,0xa0,0xe6,0xff,
0x5f,0xa1,0xe6,0xff,0x59,0x9d,0xe6,0xff,0x73,0xae,0xea,0xff,0xe7,0xf7,0xfe,0xff,0xe7,0xf7,0xff,0xff,0xe7,0xf7,0xff,0xff,0xe7,0xf7,0xff,0xff,0xe7,0xf7,0xff,0xff,
0xe7,0xf7,0xff,0xff,0xe7,0xf7,0xff,0xff,0xe7,0xf7,0xff,0xff,0xe7,0xf7,0xff,0xff,0xe7,0xf7,0xff,0xff,0xe7,0xf7,0xff,0xff,0xe7,0xf7,0xff,0xff,0xe7,0xf7,0xff,0xff,
0xe8,0xf9,0xff,0xff,0xe3,0xf0,0xfd,0xff,0xa7,0x96,0xe8,0xfe,0xa3,0x8e,0xe7,0xfb,0xa3,0x8f,0xe6,0xfe,0xac,0x97,0xf3,0xff,0xa8,0x92,0xf1,0xff,0x9e,0x8e,0xd9,0xff,
0x85,0x87,0x98,0xff,0x6e,0x80,0x5d,0xff,0x63,0x7c,0x3f,0xff,0x63,0x7c,0x40,0xff,0x66,0x7d,0x48,0xff,0x67,0x7d,0x4a,0xff,0x65,0x7c,0x47,0xfd,0x6b,0x83,0x4b,0xff,
0x66,0x7d,0x46,0x41,0x00,0x00,0x00,0x00,0x55,0x55,0x55,0x03,0x00,0x00,0x00,0x00,0x00,0x00,0x00,0x00,0x00,0x00,0x00,0x00,0x00,0x00,0x00,0x00,0x00,0x00,0x00,0x00,
0x00,0x00,0x00,0x00,0x00,0x00,0x00,0x00,0x00,0x00,0x00,0x00,0x7f,0xff,0xff,0x02,0x00,0x00,0x00,0x00,0x5f,0x9f,0xe5,0x28,0x5f,0xa4,0xeb,0xfe,0x5e,0xa2,0xe9,0xfd,
0x5c,0x9f,0xe5,0xfd,0x5d,0xa0,0xe6,0xff,0x5d,0xa0,0xe6,0xff,0x5d,0xa0,0xe6,0xff,0x5d,0xa0,0xe6,0xff,0x5d,0xa0,0xe6,0xff,0x5d,0xa0,0xe6,0xff,0x5d,0xa0,0xe6,0xff,
0x5d,0xa0,0xe6,0xff,0x5d,0xa0,0xe6,0xff,0x5d,0xa0,0xe6,0xff,0x5d,0xa0,0xe6,0xff,0x5d,0xa0,0xe6,0xff,0x5d,0xa0,0xe6,0xff,0x5d,0xa0,0xe6,0xff,0x5d,0xa0,0xe6,0xff,
0x60,0xa2,0xe6,0xff,0x50,0x97,0xe4,0xff,0xb4,0xd7,0xf6,0xff,0xf0,0xfd,0xff,0xff,0xe5,0xf6,0xff,0xff,0xe7,0xf7,0xff,0xff,0xe7,0xf7,0xff,0xff,0xe7,0xf7,0xff,0xff,
0xe7,0xf7,0xff,0xff,0xe7,0xf7,0xff,0xff,0xe7,0xf7,0xff,0xff,0xe7,0xf7,0xff,0xff,0xe7,0xf7,0xff,0xff,0xe7,0xf7,0xff,0xff,0xe7,0xf7,0xff,0xff,0xe7,0xf7,0xff,0xff,
0xe8,0xf9,0xff,0xff,0xe2,0xef,0xfc,0xfd,0xab,0x99,0xed,0xff,0xae,0x97,0xf6,0xff,0xaa,0x95,0xef,0xff,0xa3,0x90,0xe4,0xc1,0x7d,0x83,0x82,0xf2,0x69,0x7f,0x4f,0xff,
0x62,0x7b,0x3d,0xff,0x64,0x7c,0x43,0xff,0x67,0x7d,0x4a,0xff,0x67,0x7d,0x4a,0xff,0x66,0x7d,0x48,0xff,0x66,0x7d,0x48,0xff,0x65,0x7c,0x47,0xfd,0x6b,0x83,0x4b,0xff,
0x66,0x7d,0x46,0x41,0x00,0x00,0x00,0x00,0x55,0x55,0x55,0x03,0x00,0x00,0x00,0x00,0x00,0x00,0x00,0x00,0x00,0x00,0x00,0x00,0x00,0x00,0x00,0x00,0x00,0x00,0x00,0x00,
0x00,0x00,0x00,0x00,0x00,0x00,0x00,0x00,0x00,0x00,0x00,0x00,0x00,0x00,0x00,0x00,0x7f,0xff,0xff,0x02,0x00,0x00,0x00,0x00,0x5a,0x9c,0xe3,0x65,0x62,0xa9,0xf2,0xff,
0x5e,0xa1,0xe7,0xfe,0x5d,0x9e,0xe4,0xfc,0x5d,0xa0,0xe6,0xff,0x5d,0xa0,0xe6,0xff,0x5d,0xa0,0xe6,0xff,0x5d,0xa0,0xe6,0xff,0x5d,0xa0,0xe6,0xff,0x5d,0xa0,0xe6,0xff,
0x5d,0xa0,0xe6,0xff,0x5d,0xa0,0xe6,0xff,0x5d,0xa0,0xe6,0xff,0x5d,0xa0,0xe6,0xff,0x5d,0xa0,0xe6,0xff,0x5d,0xa0,0xe6,0xff,0x5e,0xa1,0xe6,0xff,0x5f,0xa1,0xe6,0xff,
0x51,0x99,0xe4,0xff,0x93,0xc2,0xf0,0xff,0xeb,0xfa,0xff,0xff,0xe6,0xf7,0xff,0xff,0xe7,0xf7,0xff,0xff,0xe7,0xf7,0xff,0xff,0xe7,0xf7,0xff,0xff,0xe7,0xf7,0xff,0xff,
0xe7,0xf7,0xff,0xff,0xe7,0xf7,0xff,0xff,0xe7,0xf7,0xff,0xff,0xe7,0xf7,0xff,0xff,0xe7,0xf7,0xff,0xff,0xe7,0xf7,0xff,0xff,0xe7,0xf7,0xff,0xff,0xe7,0xf7,0xff,0xff,
0xe7,0xf8,0xff,0xfc,0xea,0xf8,0xff,0xff,0xac,0x9b,0xed,0xe9,0xa4,0x8f,0xe9,0x9b,0xab,0x94,0xf5,0x37,0x38,0x71,0x00,0x09,0x61,0x7c,0x3c,0xec,0x68,0x7f,0x48,0xff,
0x67,0x7c,0x4b,0xfe,0x66,0x7d,0x49,0xff,0x66,0x7d,0x48,0xff,0x66,0x7d,0x48,0xff,0x66,0x7d,0x48,0xff,0x66,0x7d,0x48,0xff,0x65,0x7c,0x47,0xfd,0x6b,0x83,0x4b,0xff,
0x66,0x7d,0x46,0x41,0x00,0x00,0x00,0x00,0x55,0x55,0x55,0x03,0x00,0x00,0x00,0x00,0x00,0x00,0x00,0x00,0x00,0x00,0x00,0x00,0x00,0x00,0x00,0x00,0x00,0x00,0x00,0x00,
0x00,0x00,0x00,0x00,0x00,0x00,0x00,0x00,0x00,0x00,0x00,0x00,0x00,0x00,0x00,0x00,0x00,0x00,0x00,0x00,0x55,0xaa,0xff,0x03,0x00,0x00,0x00,0x00,0x5d,0x9f,0xe3,0x65,
0x61,0xa6,0xef,0xfb,0x62,0xa8,0xf2,0xff,0x5c,0x9e,0xe4,0xfe,0x5d,0xa0,0xe5,0xfb,0x5e,0xa0,0xe6,0xfe,0x5e,0xa0,0xe6,0xff,0x5d,0xa0,0xe6,0xff,0x5d,0xa0,0xe6,0xff,
0x5d,0xa0,0xe6,0xff,0x5d,0xa0,0xe6,0xff,0x5e,0xa0,0xe6,0xff,0x5e,0xa1,0xe6,0xff,0x5f,0xa1,0xe6,0xff,0x5f,0xa1,0xe6,0xff,0x58,0x9d,0xe5,0xff,0x53,0x99,0xe4,0xff,
0x95,0xc3,0xf0,0xff,0xee,0xfc,0xff,0xff,0xe7,0xf7,0xff,0xff,0xe6,0xf7,0xff,0xff,0xe7,0xf7,0xff,0xff,0xe7,0xf7,0xff,0xff,0xe7,0xf7,0xff,0xff,0xe7,0xf7,0xff,0xff,
0xe7,0xf7,0xff,0xff,0xe7,0xf7,0xff,0xff,0xe7,0xf7,0xff,0xff,0xe7,0xf7,0xff,0xff,0xe7,0xf7,0xff,0xff,0xe7,0xf7,0xff,0xff,0xe7,0xf7,0xff,0xff,0xe6,0xf6,0xff,0xfa,
0xfa,0xff,0xff,0xff,0xe8,0xf8,0xff,0xbe,0xad,0xa2,0xf3,0x16,0x00,0x00,0x00,0x00,0x00,0x00,0x00,0x00,0x6b,0x78,0x50,0x13,0x66,0x7d,0x4a,0xef,0x68,0x7f,0x49,0xff,
0x66,0x7c,0x48,0xfe,0x66,0x7d,0x48,0xff,0x66,0x7d,0x48,0xff,0x66,0x7d,0x48,0xff,0x66,0x7d,0x48,0xff,0x66,0x7d,0x48,0xff,0x65,0x7c,0x47,0xfd,0x6b,0x83,0x4b,0xff,
0x66,0x7d,0x46,0x41,0x00,0x00,0x00,0x00,0x55,0x55,0x55,0x03,0x00,0x00,0x00,0x00,0x00,0x00,0x00,0x00,0x00,0x00,0x00,0x00,0x00,0x00,0x00,0x00,0x00,0x00,0x00,0x00,
0x00,0x00,0x00,0x00,0x00,0x00,0x00,0x00,0x00,0x00,0x00,0x00,0x00,0x00,0x00,0x00,0x00,0x00,0x00,0x00,0x00,0x00,0x00,0x00,0x3f,0x7f,0xbf,0x04,0x00,0x00,0x00,0x00,
0x5c,0x9d,0xe3,0x37,0x5f,0xa5,0xee,0xba,0x60,0xa5,0xee,0xff,0x63,0xaa,0xf5,0xff,0x58,0x9d,0xe6,0xff,0x58,0x9d,0xe4,0xfd,0x5e,0xa0,0xe6,0xff,0x5e,0xa1,0xe6,0xff,
0x5e,0xa1,0xe6,0xff,0x5e,0xa1,0xe6,0xff,0x5b,0x9f,0xe6,0xff,0x58,0x9d,0xe5,0xff,0x54,0x9a,0xe4,0xff,0x55,0x9b,0xe5,0xff,0x71,0xac,0xea,0xff,0xb9,0xda,0xf6,0xff,
0xee,0xfc,0xff,0xff,0xe7,0xf7,0xff,0xff,0xe6,0xf7,0xff,0xff,0xe7,0xf7,0xff,0xff,0xe7,0xf7,0xff,0xff,0xe7,0xf7,0xff,0xff,0xe7,0xf7,0xff,0xff,0xe7,0xf7,0xff,0xff,
0xe7,0xf7,0xff,0xff,0xe7,0xf7,0xff,0xff,0xe7,0xf7,0xff,0xff,0xe7,0xf7,0xff,0xff,0xe7,0xf7,0xff,0xff,0xe5,0xf5,0xff,0xfe,0xe6,0xf6,0xff,0xfc,0xf7,0xff,0xff,0xff,
0xeb,0xf9,0xff,0xc4,0xe2,0xff,0xff,0x12,0x00,0x00,0x00,0x00,0xaa,0xaa,0xaa,0x06,0xaa,0x55,0xaa,0x03,0x69,0x78,0x4b,0x11,0x65,0x7d,0x47,0xee,0x68,0x7f,0x49,0xff,
0x66,0x7c,0x48,0xfe,0x66,0x7d,0x48,0xff,0x66,0x7d,0x48,0xff,0x66,0x7d,0x48,0xff,0x66,0x7d,0x48,0xff,0x66,0x7d,0x48,0xff,0x65,0x7c,0x47,0xfd,0x6b,0x83,0x4b,0xff,
0x66,0x7d,0x46,0x41,0x00,0x00,0x00,0x00,0x55,0x55,0x55,0x03,0x00,0x00,0x00,0x00,0x00,0x00,0x00,0x00,0x00,0x00,0x00,0x00,0x00,0x00,0x00,0x00,0x00,0x00,0x00,0x00,
0x00,0x00,0x00,0x00,0x00,0x00,0x00,0x00,0x00,0x00,0x00,0x00,0x00,0x00,0x00,0x00,0x00,0x00,0x00,0x00,0x00,0x00,0x00,0x00,0x00,0x00,0x00,0x00,0x55,0xaa,0xaa,0x03,
0x00,0x00,0x00,0x00,0x00,0x00,0x00,0x00,0x60,0xa2,0xe9,0x3a,0x64,0xa7,0xeb,0x8e,0x79,0xb3,0xee,0xfa,0x70,0xaf,0xf0,0xff,0x58,0x9d,0xe5,0xfb,0x55,0x9a,0xe4,0xfe,
0x57,0x9c,0xe5,0xff,0x58,0x9d,0xe5,0xff,0x64,0xa4,0xe7,0xff,0x71,0xad,0xea,0xff,0x91,0xc1,0xef,0xff,0xbe,0xdd,0xf7,0xff,0xe6,0xf7,0xff,0xff,0xf0,0xfc,0xff,0xff,
0xe6,0xf6,0xff,0xff,0xe7,0xf7,0xff,0xff,0xe7,0xf7,0xff,0xff,0xe7,0xf7,0xff,0xff,0xe7,0xf7,0xff,0xff,0xe7,0xf7,0xff,0xff,0xe7,0xf7,0xff,0xff,0xe7,0xf7,0xff,0xff,
0xe7,0xf7,0xff,0xff,0xe7,0xf7,0xff,0xff,0xe7,0xf7,0xff,0xff,0xe7,0xf6,0xff,0xfe,0xe6,0xf6,0xff,0xfb,0xeb,0xfa,0xff,0xff,0xf6,0xff,0xff,0xff,0xea,0xf8,0xff,0x98,
0xbf,0xff,0xff,0x04,0x00,0x00,0x00,0x00,0xff,0xff,0xff,0x02,0x00,0xff,0x00,0x01,0x00,0x00,0x00,0x00,0x69,0x78,0x4b,0x11,0x65,0x7d,0x47,0xee,0x68,0x7f,0x49,0xff,
0x66,0x7c,0x48,0xfe,0x66,0x7d,0x48,0xff,0x66,0x7d,0x48,0xff,0x66,0x7d,0x48,0xff,0x66,0x7d,0x48,0xff,0x66,0x7d,0x48,0xff,0x65,0x7c,0x47,0xfd,0x6b,0x83,0x4b,0xff,
0x66,0x7d,0x46,0x41,0x00,0x00,0x00,0x00,0x55,0x55,0x55,0x03,0x00,0x00,0x00,0x00,0x00,0x00,0x00,0x00,0x00,0x00,0x00,0x00,0x00,0x00,0x00,0x00,0x00,0x00,0x00,0x00,
0x00,0x00,0x00,0x00,0x00,0x00,0x00,0x00,0x00,0x00,0x00,0x00,0x00,0x00,0x00,0x00,0x00,0x00,0x00,0x00,0x00,0x00,0x00,0x00,0x00,0x00,0x00,0x00,0x00,0x00,0x00,0x00,
0x7f,0x7f,0xff,0x02,0xff,0xff,0xff,0x01,0x00,0x00,0x00,0x00,0x00,0x00,0x00,0x00,0xf2,0xff,0xff,0x3b,0xe4,0xf4,0xfc,0xd4,0xda,0xf4,0xff,0xff,0xc6,0xe4,0xfc,0xff,
0xc2,0xdf,0xf8,0xfb,0xc5,0xe1,0xf8,0xfd,0xdb,0xef,0xfc,0xff,0xe6,0xf6,0xff,0xff,0xf0,0xfd,0xff,0xff,0xef,0xfc,0xff,0xff,0xe7,0xf7,0xff,0xff,0xe5,0xf6,0xff,0xff,
0xe7,0xf7,0xff,0xff,0xe7,0xf7,0xff,0xff,0xe7,0xf7,0xff,0xff,0xe7,0xf7,0xff,0xff,0xe7,0xf7,0xff,0xff,0xe7,0xf7,0xff,0xff,0xe7,0xf7,0xff,0xff,0xe7,0xf7,0xff,0xff,
0xe7,0xf7,0xff,0xff,0xe6,0xf6,0xff,0xfe,0xe6,0xf6,0xff,0xfb,0xe7,0xf8,0xff,0xff,0xf6,0xff,0xff,0xff,0xf0,0xfc,0xff,0xe9,0xea,0xf9,0xff,0x64,0x00,0x00,0x00,0x00,
0xff,0xff,0xff,0x01,0x7f,0xff,0xff,0x02,0x00,0x00,0x00,0x00,0x00,0xff,0x00,0x01,0x00,0x00,0x00,0x00,0x69,0x78,0x4b,0x11,0x65,0x7d,0x47,0xee,0x68,0x7f,0x49,0xff,
0x66,0x7c,0x48,0xfe,0x66,0x7d,0x48,0xff,0x66,0x7d,0x48,0xff,0x66,0x7d,0x48,0xff,0x66,0x7d,0x48,0xff,0x66,0x7d,0x48,0xff,0x65,0x7c,0x47,0xfd,0x6b,0x83,0x4b,0xff,
0x66,0x7d,0x46,0x41,0x00,0x00,0x00,0x00,0x55,0x55,0x55,0x03,0x00,0x00,0x00,0x00,0x00,0x00,0x00,0x00,0x00,0x00,0x00,0x00,0x00,0x00,0x00,0x00,0x00,0x00,0x00,0x00,
0x00,0x00,0x00,0x00,0x00,0x00,0x00,0x00,0x00,0x00,0x00,0x00,0x00,0x00,0x00,0x00,0x00,0x00,0x00,0x00,0x00,0x00,0x00,0x00,0x00,0x00,0x00,0x00,0x00,0x00,0x00,0x00,
0x00,0x00,0x00,0x00,0x00,0x00,0x00,0x00,0x7f,0xff,0xff,0x02,0x3f,0xbf,0xff,0x04,0x00,0x00,0x00,0x00,0xff,0xff,0xff,0x06,0xf8,0xff,0xff,0x7c,0xf5,0xff,0xff,0xe9,
0xff,0xff,0xff,0xff,0xf6,0xff,0xff,0xff,0xe9,0xf8,0xff,0xfe,0xe7,0xf7,0xff,0xfb,0xe4,0xf4,0xfd,0xfc,0xe5,0xf5,0xff,0xfd,0xe6,0xf6,0xff,0xfe,0xe7,0xf7,0xff,0xff,
0xe7,0xf7,0xff,0xff,0xe7,0xf7,0xff,0xff,0xe7,0xf7,0xff,0xff,0xe7,0xf7,0xff,0xff,0xe6,0xf6,0xff,0xfe,0xe6,0xf6,0xff,0xfe,0xe6,0xf6,0xff,0xfc,0xe6,0xf6,0xff,0xfb,
0xe6,0xf6,0xff,0xfd,0xec,0xfc,0xff,0xff,0xf8,0xff,0xff,0xff,0xec,0xf9,0xff,0xf9,0xeb,0xfa,0xff,0x9e,0xd9,0xec,0xff,0x1b,0x00,0x00,0x00,0x00,0xff,0xff,0xff,0x02,
0xff,0xff,0xff,0x01,0x00,0x00,0x00,0x00,0x00,0x00,0x00,0x00,0x00,0xff,0x00,0x01,0x00,0x00,0x00,0x00,0x69,0x78,0x4b,0x11,0x66,0x7d,0x48,0xed,0x68,0x7f,0x49,0xff,
0x66,0x7c,0x48,0xfe,0x66,0x7d,0x48,0xff,0x66,0x7d,0x48,0xff,0x66,0x7d,0x48,0xff,0x66,0x7d,0x48,0xff,0x66,0x7d,0x48,0xff,0x65,0x7c,0x47,0xfd,0x6b,0x83,0x4b,0xfe,
0x64,0x7b,0x45,0x42,0x00,0x00,0x00,0x00,0x55,0x55,0x55,0x03,0x00,0x00,0x00,0x00,0x00,0x00,0x00,0x00,0x00,0x00,0x00,0x00,0x00,0x00,0x00,0x00,0x00,0x00,0x00,0x00,
0x00,0x00,0x00,0x00,0x00,0x00,0x00,0x00,0x00,0x00,0x00,0x00,0x00,0x00,0x00,0x00,0x00,0x00,0x00,0x00,0x00,0x00,0x00,0x00,0x00,0x00,0x00,0x00,0x00,0x00,0x00,0x00,
0x00,0x00,0x00,0x00,0x00,0x00,0x00,0x00,0x00,0x00,0x00,0x00,0x00,0x00,0x00,0x00,0xff,0xff,0xff,0x02,0x00,0x00,0x00,0x00,0x00,0x00,0x00,0x00,0xd2,0xe8,0xf3,0x17,
0xeb,0xfa,0xff,0x74,0xe9,0xf8,0xff,0xd1,0xee,0xfc,0xff,0xff,0xf7,0xff,0xff,0xff,0xf5,0xff,0xff,0xff,0xed,0xfd,0xff,0xff,0xeb,0xfb,0xff,0xff,0xe6,0xf6,0xff,0xfe,
0xe6,0xf5,0xff,0xfd,0xe6,0xf6,0xff,0xfd,0xe6,0xf6,0xff,0xfd,0xe6,0xf6,0xff,0xfd,0xea,0xfb,0xff,0xff,0xeb,0xfc,0xff,0xff,0xf3,0xff,0xff,0xff,0xf7,0xff,0xff,0xff,
0xf2,0xff,0xff,0xff,0xea,0xfa,0xff,0xe3,0xee,0xfb,0xff,0x8b,0xe7,0xf9,0xff,0x2c,0x00,0x00,0x00,0x00,0x00,0x00,0x00,0x00,0xff,0xff,0xff,0x03,0x00,0x00,0x00,0x00,
0x00,0x00,0x00,0x00,0x00,0x00,0x00,0x00,0x00,0x00,0x00,0x00,0x00,0xff,0x00,0x01,0x00,0x00,0x00,0x00,0x6f,0x6f,0x4f,0x10,0x66,0x7d,0x48,0xf0,0x68,0x7f,0x48,0xfc,
0x66,0x7c,0x48,0xfe,0x66,0x7d,0x48,0xff,0x66,0x7d,0x48,0xff,0x66,0x7d,0x48,0xff,0x66,0x7d,0x48,0xff,0x66,0x7d,0x48,0xff,0x65,0x7c,0x47,0xfb,0x6b,0x84,0x4b,0xff,
0x65,0x7d,0x48,0x3f,0x00,0x00,0x00,0x00,0x55,0x55,0x55,0x03,0x00,0x00,0x00,0x00,0x00,0x00,0x00,0x00,0x00,0x00,0x00,0x00,0x00,0x00,0x00,0x00,0x00,0x00,0x00,0x00,
0x00,0x00,0x00,0x00,0x00,0x00,0x00,0x00,0x00,0x00,0x00,0x00,0x00,0x00,0x00,0x00,0x00,0x00,0x00,0x00,0x00,0x00,0x00,0x00,0x00,0x00,0x00,0x00,0x00,0x00,0x00,0x00,
0x00,0x00,0x00,0x00,0x00,0x00,0x00,0x00,0x00,0x00,0x00,0x00,0x00,0x00,0x00,0x00,0x00,0x00,0x00,0x00,0xff,0xff,0xff,0x01,0xff,0xff,0xff,0x03,0x00,0x00,0x00,0x00,
0x00,0x00,0x00,0x00,0xaa,0xaa,0xff,0x03,0xf0,0xff,0xff,0x35,0xea,0xfa,0xff,0x70,0xeb,0xfa,0xff,0xad,0xe9,0xf8,0xff,0xe2,0xe9,0xf8,0xff,0xee,0xea,0xfb,0xff,0xff,
0xf3,0xff,0xff,0xff,0xf1,0xff,0xff,0xff,0xf2,0xff,0xff,0xff,0xf0,0xff,0xff,0xff,0xe7,0xf7,0xff,0xf0,0xe8,0xf8,0xff,0xeb,0xe8,0xf8,0xff,0xbd,0xe8,0xf8,0xff,0x7f,
0xeb,0xfb,0xff,0x42,0xeb,0xff,0xff,0x0d,0x00,0x00,0x00,0x00,0x00,0x00,0x00,0x00,0xff,0xff,0xff,0x03,0xff,0xff,0xff,0x01,0x00,0x00,0x00,0x00,0x00,0x00,0x00,0x00,
0x00,0x00,0x00,0x00,0x00,0x00,0x00,0x00,0x00,0x00,0x00,0x00,0x00,0x00,0x00,0x00,0x55,0x55,0x55,0x03,0x00,0x00,0x00,0x01,0x65,0x7d,0x48,0xa1,0x72,0x8b,0x50,0xff,
0x65,0x7c,0x48,0xfb,0x65,0x7c,0x47,0xfd,0x65,0x7c,0x47,0xfd,0x65,0x7c,0x47,0xfd,0x65,0x7c,0x47,0xfd,0x65,0x7c,0x48,0xfb,0x6e,0x86,0x4d,0xff,0x66,0x7e,0x48,0xda,
0x73,0x73,0x45,0x0b,0xff,0xff,0xff,0x01,0x00,0xff,0x00,0x01,0x00,0x00,0x00,0x00,0x00,0x00,0x00,0x00,0x00,0x00,0x00,0x00,0x00,0x00,0x00,0x00,0x00,0x00,0x00,0x00,
0x00,0x00,0x00,0x00,0x00,0x00,0x00,0x00,0x00,0x00,0x00,0x00,0x00,0x00,0x00,0x00,0x00,0x00,0x00,0x00,0x00,0x00,0x00,0x00,0x00,0x00,0x00,0x00,0x00,0x00,0x00,0x00,
0x00,0x00,0x00,0x00,0x00,0x00,0x00,0x00,0x00,0x00,0x00,0x00,0x00,0x00,0x00,0x00,0x00,0x00,0x00,0x00,0x00,0x00,0x00,0x00,0x00,0x00,0x00,0x00,0xff,0xff,0xff,0x01,
0xff,0xff,0xff,0x04,0x00,0x00,0x00,0x00,0x00,0x00,0x00,0x00,0x00,0x00,0x00,0x00,0x00,0x00,0x00,0x00,0xe5,0xff,0xff,0x0a,0xff,0xff,0xff,0x10,0xe6,0xf5,0xff,0x35,
0xf3,0xff,0xff,0x41,0xe3,0xf7,0xff,0x41,0xeb,0xfb,0xff,0x41,0xe6,0xf6,0xff,0x3e,0xe5,0xf2,0xff,0x14,0xdd,0xee,0xff,0x0f,0x00,0x00,0x00,0x00,0x00,0x00,0x00,0x00,
0x00,0x00,0x00,0x00,0x00,0x00,0x00,0x00,0xff,0xff,0xff,0x04,0xff,0xff,0xff,0x02,0x00,0x00,0x00,0x00,0x00,0x00,0x00,0x00,0x00,0x00,0x00,0x00,0x00,0x00,0x00,0x00,
0x00,0x00,0x00,0x00,0x00,0x00,0x00,0x00,0x00,0x00,0x00,0x00,0x00,0x00,0x00,0x00,0x00,0xff,0x00,0x01,0x00,0x00,0x00,0x01,0x66,0x7f,0x4c,0x14,0x67,0x7f,0x48,0xb6,
0x6a,0x82,0x4b,0xff,0x6b,0x83,0x4b,0xff,0x6a,0x83,0x4b,0xff,0x6b,0x83,0x4b,0xff,0x6a,0x82,0x4b,0xff,0x6b,0x83,0x4b,0xff,0x69,0x81,0x4a,0xd4,0x65,0x7d,0x48,0x35,
0x00,0x00,0x00,0x00,0x7f,0x7f,0x7f,0x02,0x00,0x00,0x00,0x00,0x00,0x00,0x00,0x00,0x00,0x00,0x00,0x00,0x00,0x00,0x00,0x00,0x00,0x00,0x00,0x00,0x00,0x00,0x00,0x00,
0x00,0x00,0x00,0x00,0x00,0x00,0x00,0x00,0x00,0x00,0x00,0x00,0x00,0x00,0x00,0x00,0x00,0x00,0x00,0x00,0x00,0x00,0x00,0x00,0x00,0x00,0x00,0x00,0x00,0x00,0x00,0x00,
0x00,0x00,0x00,0x00,0x00,0x00,0x00,0x00,0x00,0x00,0x00,0x00,0x00,0x00,0x00,0x00,0x00,0x00,0x00,0x00,0x00,0x00,0x00,0x00,0x00,0x00,0x00,0x00,0x00,0x00,0x00,0x00,
0x00,0x00,0x00,0x00,0xff,0xff,0xff,0x01,0xaa,0xaa,0xff,0x03,0xff,0xff,0xff,0x04,0xff,0xff,0xff,0x03,0x00,0x00,0x00,0x00,0x00,0x00,0x00,0x00,0x00,0x00,0x00,0x00,
0x00,0x00,0x00,0x00,0x00,0x00,0x00,0x00,0x00,0x00,0x00,0x00,0x00,0x00,0x00,0x00,0x00,0x00,0x00,0x00,0x00,0x00,0x00,0x00,0xff,0xff,0xff,0x02,0xff,0xff,0xff,0x04,
0xff,0xff,0xff,0x03,0xff,0xff,0xff,0x01,0x00,0x00,0x00,0x00,0x00,0x00,0x00,0x00,0x00,0x00,0x00,0x00,0x00,0x00,0x00,0x00,0x00,0x00,0x00,0x00,0x00,0x00,0x00,0x00,
0x00,0x00,0x00,0x00,0x00,0x00,0x00,0x00,0x00,0x00,0x00,0x00,0x00,0x00,0x00,0x00,0x00,0x00,0x00,0x00,0x00,0x00,0x00,0x00,0x00,0x00,0x00,0x00,0x00,0x00,0x00,0x00,
0x69,0x81,0x48,0x35,0x69,0x81,0x4a,0x41,0x66,0x7d,0x46,0x41,0x66,0x7d,0x46,0x41,0x66,0x7d,0x4a,0x41,0x6a,0x83,0x4a,0x3e,0x66,0x66,0x33,0x05,0x00,0x00,0x00,0x00,
0x00,0xff,0x00,0x01,0x00,0x00,0x00,0x00,0x00,0x00,0x00,0x00,0x00,0x00,0x00,0x00,0x00,0x00,0x00,0x00,0x00,0x00,0x00,0x00,0x00,0x00,0x00,0x00,0x00,0x00,0x00,0x00,
0x00,0x00,0x00,0x00,0x00,0x00,0x00,0x00,0x00,0x00,0x00,0x00,0x00,0x00,0x00,0x00,0x00,0x00,0x00,0x00,0x00,0x00,0x00,0x00,0x00,0x00,0x00,0x00,0x00,0x00,0x00,0x00,
0x00,0x00,0x00,0x00,0x00,0x00,0x00,0x00,0x00,0x00,0x00,0x00,0x00,0x00,0x00,0x00,0x00,0x00,0x00,0x00,0x00,0x00,0x00,0x00,0x00,0x00,0x00,0x00,0x00,0x00,0x00,0x00,
0x00,0x00,0x00,0x00,0x00,0x00,0x00,0x00,0x00,0x00,0x00,0x00,0x00,0x00,0x00,0x00,0x00,0x00,0x00,0x00,0xff,0xff,0xff,0x01,0xff,0xff,0xff,0x01,0xaa,0xaa,0xff,0x03,
0xff,0xff,0xff,0x03,0xff,0xff,0xff,0x03,0xff,0xff,0xff,0x03,0xff,0xff,0xff,0x03,0xff,0xff,0xff,0x01,0xff,0xff,0xff,0x01,0x00,0x00,0x00,0x00,0x00,0x00,0x00,0x00,
0x00,0x00,0x00,0x00,0x00,0x00,0x00,0x00,0x00,0x00,0x00,0x00,0x00,0x00,0x00,0x00,0x00,0x00,0x00,0x00,0x00,0x00,0x00,0x00,0x00,0x00,0x00,0x00,0x00,0x00,0x00,0x00,
0x00,0x00,0x00,0x00,0x00,0x00,0x00,0x00,0x00,0x00,0x00,0x00,0x00,0x00,0x00,0x00,0x00,0x00,0x00,0x00,0x00,0x00,0x00,0x00,0x00,0xff,0x00,0x01,0xff,0xff,0x00,0x01,
0x00,0x00,0x00,0x00,0x00,0x00,0x00,0x00,0x00,0x00,0x00,0x00,0x00,0x00,0x00,0x00,0x00,0x00,0x00,0x00,0x00,0x00,0x00,0x00,0x00,0x00,0x00,0x00,0x7f,0x7f,0x7f,0x02,
0x00,0x00,0x00,0x00,0x00,0x00,0x00,0x00,0x00,0x00,0x00,0x00,0x00,0x00,0x00,0x00,0x00,0x00,0x00,0x00,0x00,0x00,0x00,0x00,0x00,0x00,0x00,0x00,0x00,0x00,0x00,0x00,
0x00,0x00,0x00,0x00,0x00,0x00,0x00,0x00,0x00,0x00,0x00,0x00,0x00,0x00,0x00,0x00,0x00,0x00,0x00,0x00,0x00,0x00,0x00,0x00,0x00,0x00,0x00,0x00,0x00,0x00,0x00,0x00,
0x00,0x00,0x00,0x00,0x00,0x00,0x00,0x00,0x00,0x00,0x00,0x00,0x00,0x00,0x00,0x00,0x00,0x00,0x00,0x00,0x00,0x00,0x00,0x00,0x00,0x00,0x00,0x00,0x00,0x00,0x00,0x00,
0x00,0x00,0x00,0x00,0x00,0x00,0x00,0x00,0x00,0x00,0x00,0x00,0x00,0x00,0x00,0x00,0x00,0x00,0x00,0x00,0x00,0x00,0x00,0x00,0x00,0x00,0x00,0x00,0x00,0x00,0x00,0x00,
0x00,0x00,0x00,0x00,0x00,0x00,0x00,0x00,0x00,0x00,0x00,0x00,0x00,0x00,0x00,0x00,0x00,0x00,0x00,0x00,0x00,0x00,0x00,0x00,0x00,0x00,0x00,0x00,0x00,0x00,0x00,0x00,
0x00,0x00,0x00,0x00,0x00,0x00,0x00,0x00,0x00,0x00,0x00,0x00,0x00,0x00,0x00,0x00,0x00,0x00,0x00,0x00,0x00,0x00,0x00,0x00,0x00,0x00,0x00,0x00,0x00,0x00,0x00,0x00,
0x00,0x00,0x00,0x00,0x00,0x00,0x00,0x00,0x00,0x00,0x00,0x00,0x00,0x00,0x00,0x00,0x00,0x00,0x00,0x00,0x00,0x00,0x00,0x00,0x00,0x00,0x00,0x00,0x00,0x00,0x00,0x00,
0x55,0x55,0x55,0x03,0x55,0xaa,0x55,0x03,0x55,0x55,0x55,0x03,0x55,0x55,0x55,0x03,0x55,0xaa,0x55,0x03,0x55,0x55,0x55,0x03,0x00,0x00,0x00,0x01,0x00,0x00,0x00,0x00,
0x00,0x00,0x00,0x00,0x00,0x00,0x00,0x00,0x00,0x00,0x00,0x00,0x00,0x00,0x00,0x00,0x00,0x00,0x00,0x00,0x00,0x00,0x00,0x00,0x00,0x00,0x00,0x00,0x00,0x00,0x00,0x00,
0x00,0x00,0x00,0x00,0x00,0x00,0x00,0x00,0x00,0x00,0x00,0x00,0x00,0x00,0x00,0x00,0x00,0x00,0x00,0x00,0x00,0x00,0x00,0x00,0x00,0x00,0x00,0x00,0x00,0x00,0x00,0x00,
0x00,0x00,0x00,0x00,0x00,0x00,0x00,0x00,0x00,0x00,0x00,0x00,0x00,0x00,0x00,0x00,0x00,0x00,0x00,0x00,0x00,0x00,0x00,0x00,0x00,0x00,0x00,0x00,0x00,0x00,0x00,0x00,
0x00,0x00,0x00,0x00,0x00,0x00,0x00,0x00,0x00,0x00,0x00,0x00,0x00,0x00,0x00,0x00,0x00,0x00,0x00,0x00,0x00,0x00,0x00,0x00,0x00,0x00,0x00,0x00,0x00,0x00,0x00,0x00,
0x00,0x00,0x00,0x00,0x00,0x00,0x00,0x00,0x00,0x00,0x00,0x00,0x00,0x00,0x00,0x00,0x00,0x00,0x00,0x00,0x00,0x00,0x00,0x00,0x00,0x00,0x00,0x00,0x00,0x00,0x00,0x00,
0x00,0x00,0x00,0x00,0x00,0x00,0x00,0x00,0x00,0x00,0x00,0x00,0x00,0x00,0x00,0x00,0x00,0x00,0x00,0x00,0x00,0x00,0x00,0x00,0x00,0x00,0x00,0x00,0x00,0x00,0x00,0x00,
0x00,0x00,0x00,0x00,0x00,0x00,0x00,0x00,0x00,0x00,0x00,0x00,0x00,0x00,0x00,0x00,0x00,0x00,0x00,0x00,0x00,0x00,0x00,0x00,0x00,0x00,0x00,0x00,0x00,0x00,0x00,0x00,
0x00,0x00,0x00,0x00,0x00,0x00,0x00,0x00,0x00,0x00,0x00,0x00,0x00,0x00,0x00,0x00,0x00,0x00,0x00,0x00,0x00,0x00,0x00,0x00,0x00,0x00,0x00,0x00,0x00,0x00,0x00,0x00,
0x00,0x00,0x00,0x00,0x00,0x00,0x00,0x00,0x00,0x00,0x00,0x00,0x00,0x00,0x00,0x00,0x00,0x00,0x00,0x00,0x00,0x00,0x00,0x00,0x00,0x00,0x00,0x00,0x00,0x00,0x00,0x00,
0x00,0x00,0x00,0x00,0x00,0x00,0x00,0x00,0x00,0x00,0x00,0x00,0x00,0x00,0x00,0x00,0x00,0x00,0x00,0x00,0x00,0x00,0x00,0x00,0x00,0x00,0x00,0x00,0x00,0x00,0x00,0x00,
0x00,0x00,0x00,0x00,0x00,0x00,0x00,0x00,0x00,0x00,0x00,0x00,0x00,0x00,0x00,0x00,0x00,0x00,0x00,0x00,0x00,0x00,0x00,0x00,0x00,0x00,0x00,0x00,0x00,0x00,0x00,0x00,
0x00,0x00,0x00,0x00,0x00,0x00,0x00,0x00,0x00,0x00,0x00,0x00,0x00,0x00,0x00,0x00,0x00,0x00,0x00,0x00,0x00,0x00,0x00,0x00,0x00,0x00,0x00,0x00,0x00,0x00,0x00,0x00,
0x00,0x00,0x00,0x00,0x00,0x00,0x00,0x00,0x00,0x00,0x00,0x00,0x00,0x00,0x00,0x00,0x00,0x00,0x00,0x00,0x00,0x00,0x00,0x00,0x00,0x00,0x00,0x00,0x00,0x00,0x00,0x00,
0x00,0x00,0x00,0x00,0x00,0x00,0x00,0x00,0x00,0x00,0x00,0x00,0x00,0x00,0x00,0x00,0x00,0x00,0x00,0x00,0x00,0x00,0x00,0x00,0x00,0x00,0x00,0x00,0x00,0x00,0x00,0x00,
0x00,0x00,0x00,0x00,0x00,0x00,0x00,0x00,0x00,0x00,0x00,0x00,0x00,0x00,0x00,0x00,0x00,0x00,0x00,0x00,0x00,0x00,0x00,0x00,0x00,0x00,0x00,0x00,0x00,0x00,0x00,0x00,
0x00,0x00,0x00,0x00,0x00,0x00,0x00,0x00,0x00,0x00,0x00,0x00,0x00,0x00,0x00,0x00,0x00,0x00,0x00,0x00,0x00,0x00,0x00,0x00,0x00,0x00,0x00,0x00,0x00,0x00,0x00,0x00,
0x00,0x00,0x00,0x00,0x00,0x00,0x00,0x00,0x00,0x00,0x00,0x00,0x00,0x00,0x00,0x00,0x00,0x00,0x00,0x00,0x00,0x00,0x00,0x00,0x00,0x00,0x00,0x00,0x00,0x00,0x00,0x00,
0x00,0x00,0x00,0x00,0x00,0x00,0x00,0x00,0x00,0x00,0x00,0x00,0x00,0x00,0x00,0x00,0x00,0x00,0x00,0x00,0x00,0x00,0x00,0x00,0x00,0x00,0x00,0x00,0x00,0x00,0x00,0x00,
0x00,0x00,0x00,0x00,0x00,0x00,0x00,0x00,0x00,0x00,0x00,0x00,0x00,0x00,0x00,0x00,0x00,0x00,0x00,0x00,0x00,0x00,0x00,0x00,0x00,0x00,0x00,0x00,0x00,0x00,0x00,0x00,
0x00,0x00,0x00,0x00,0x00,0x00,0x00,0x00,0x00,0x00,0x00,0x00,0x00,0x00,0x00,0x00,0x00,0x00,0x00,0x00,0x00,0x00,0x00,0x00,0x00,0x00,0x00,0x00,0x00,0x00,0x00,0x00,
0x00,0x00,0x00,0x00,0x00,0x00,0x00,0x00,0x00,0x00,0x00,0x00,0x00,0x00,0x00,0x00,0x00,0x00,0x00,0x00,0x00,0x00,0x00,0x00,0x00,0x00,0x00,0x00,0x00,0x00,0x00,0x00,
0x00,0x00,0x00,0x00,0x00,0x00,0x00,0x00,0x00,0x00,0x00,0x00,0x00,0x00,0x00,0x00,0x00,0x00,0x00,0x00,0x00,0x00,0x00,0x00,0x00,0x00,0x00,0x00,0x00,0x00,0x00,0x00,
0x00,0x00,0x00,0x00,0x00,0x00,0x00,0x00,0x00,0x00,0x00,0x00,0x00,0x00,0x00,0x00,0x00,0x00,0x00,0x00,0x00,0x00,0x00,0x00,0x00,0x00,0x00,0x00,0x00,0x00,0x00,0x00,
0x00,0x00,0x00,0x00,0x00,0x00,0x00,0x00,0x00,0x00,0x00,0x00,0x00,0x00,0x00,0x00,0x00,0x00,0x00,0x00,0x00,0x00,0x00,0x00,0x00,0x00,0x00,0x00,0x00,0x00,0x00,0x00,
0x00,0x00,0x00,0x00,0x00,0x00,0x00,0x00,0x00,0x00,0x00,0x00,0x00,0x00,0x00,0x00,0x00,0x00,0x00,0x00,0x00,0x00,0x00,0x00,0x00,0x00,0x00,0x00,0x00,0x00,0x00,0x00,
0x00,0x00,0x00,0x00,0x00,0x00,0x00,0x00,0x00,0x00,0x00,0x00,0x00,0x00,0x00,0x00,0x00,0x00,0x00,0x00,0x00,0x00,0x00,0x00,0x00,0x00,0x00,0x00,0x00,0x00,0x00,0x00,
0x00,0x00,0x00,0x00,0x00,0x00,0x00,0x00,0x00,0x00,0x00,0x00,0x00,0x00,0x00,0x00,0x00,0x00,0x00,0x00,0x00,0x00,0x00,0x00,0x00,0x00,0x00,0x00,0x00,0x00,0x00,0x00,
0x00,0x00,0x00,0x00,0x00,0x00,0x00,0x00,0x00,0x00,0x00,0x00,0x00,0x00,0x00,0x00,0x00,0x00,0x00,0x00,0x00,0x00,0x00,0x00,0x00,0x00,0x00,0x00,0x00,0x00,0x00,0x00,
0x00,0x00,0x00,0x00,0x00,0x00,0x00,0x00,0x00,0x00,0x00,0x00,0x00,0x00,0x00,0x00,0x00,0x00,0x00,0x00,0x00,0x00,0x00,0x00,0x00,0x00,0x00,0x00,0x00,0x00,0x00,0x00,
0x00,0x00,0x00,0x00,0x00,0x00,0x00,0x00,0x00,0x00,0x00,0x00,0x00,0x00,0x00,0x00,0x00,0x00,0x00,0x00,0x00,0x00,0x00,0x00,0x00,0x00,0x00,0x00,0x00,0x00,0x00,0x00,
0x00,0x00,0x00,0x00,0x00,0x00,0x00,0x00,0x00,0x00,0x00,0x00,0x00,0x00,0x00,0x00,0x00,0x00,0x00,0x00,0x00,0x00,0x00,0x00,0x00,0x00,0x00,0x00,0x00,0x00,0x00,0x00,
0x00,0x00,0x00,0x00,0x00,0x00,0x00,0x00,0x00,0x00,0x00,0x00,0x00,0x00,0x00,0x00,0x00,0x00,0x00,0x00,0x00,0x00,0x00,0x00,0x00,0x00,0x00,0x00,0x00,0x00,0x00,0x00,
0x00,0x00,0x00,0x00,0x00,0x00,0x00,0x00,0x00,0x00,0x00,0x00,0x00,0x00,0x00,0x00,0x00,0x00,0x00,0x00,0x00,0x00,0x00,0x00,0x00,0x00,0x00,0x00,0x00,0x00,0x00,0x00,
0x00,0x00,0x00,0x00,0x00,0x00,0x00,0x00,0x00,0x00,0x00,0x00,0x00,0x00,0x00,0x00,0x00,0x00,0x00,0x00,0x00,0x00,0x00,0x00,0x00,0x00,0x00,0x00,0x00,0x00,0x00,0x00,
0x00,0x00,0x00,0x00,0x00,0x00,0x00,0x00,0x00,0x00,0x00,0x00,0x00,0x00,0x00,0x00,0x00,0x00,0x00,0x00,0x00,0x00,0x00,0x00,0x00,0x00,0x00,0x00,0x00,0x00,0x00,0x00,
0x00,0x00,0x00,0x00,0x00,0x00,0x00,0x00,0x00,0x00,0x00,0x00,0x00,0x00,0x00,0x00,0x00,0x00,0x00,0x00,0x00,0x00,0x00,0x00,0x00,0x00,0x00,0x00,0x00,0x00,0x00,0x00,
0x00,0x00,0x00,0x00,0x00,0x00,0x00,0x00,0x00,0x00,0x00,0x00,0x00,0x00,0x00,0x00,0x00,0x00,0x00,0x00,0x00,0x00,0x00,0x00,0x00,0x00,0x00,0x00,0x00,0x00,0x00,0x00,
0x00,0x00,0x00,0x00,0x00,0x00,0x00,0x00,0x00,0x00,0x00,0x00,0x00,0x00,0x00,0x00,0x00,0x00,0x00,0x00,0x00,0x00,0x00,0x00,0x00,0x00,0x00,0x00,0x00,0x00,0x00,0x00,
0x00,0x00,0x00,0x00,0x00,0x00,0x00,0x00,0x00,0x00,0x00,0x00,0x00,0x00,0x00,0x00,0x00,0x00,0x00,0x00,0x00,0x00,0x00,0x00,0x00,0x00,0x00,0x00,0x00,0x00,0x00,0x00,
0x00,0x00,0x00,0x00,0x00,0x00,0x00,0x00,0x00,0x00,0x00,0x00,0x00,0x00,0x00,0x00,0x00,0x00,0x00,0x00,0x00,0x00,0x00,0x00,0x00,0x00,0x00,0x00,0x00,0x00,0x00,0x00,
0x00,0x00,0x00,0x00,0x00,0x00,0x00,0x00,0x00,0x00,0x00,0x00,0x00,0x00,0x00,0x00,0x00,0x00,0x00,0x00,0x00,0x00,0x00,0x00,0x00,0x00,0x00,0x00,0x00,0x00,0x00,0x00,
0x00,0x00,0x00,0x00,0x00,0x00,0x00,0x00,0x00,0x00,0x00,0x00,0x00,0x00,0x00,0x00,0x00,0x00,0x00,0x00,0x00,0x00,0x00,0x00,0x00,0x00,0x00,0x00,0x00,0x00,0x00,0x00,
0x00,0x00,0x00,0x00,0x00,0x00,0x00,0x00,0x00,0x00,0x00,0x00,0x00,0x00,0x00,0x00,0x00,0x00,0x00,0x00,0x00,0x00,0x00,0x00,0x00,0x00,0x00,0x00,0x00,0x00,0x00,0x00,
0x00,0x00,0x00,0x00,0x00,0x00,0x00,0x00,0x00,0x00,0x00,0x00,0x00,0x00,0x00,0x00,0x00,0x00,0x00,0x00,0x00,0x00,0x00,0x00,0x00,0x00,0x00,0x00,0x00,0x00,0x00,0x00,
0x00,0x00,0x00,0x00,0x00,0x00,0x00,0x00,0x00,0x00,0x00,0x00,0x00,0x00,0x00,0x00,0x00,0x00,0x00,0x00,0x00,0x00,0x00,0x00,0x00,0x00,0x00,0x00,0x00,0x00,0x00,0x00,
0x00,0x00,0x00,0x00,0x00,0x00,0x00,0x00,0x00,0x00,0x00,0x00,0x00,0x00,0x00,0x00,0x00,0x00,0x00,0x00,0x00,0x00,0x00,0x00,0x00,0x00,0x00,0x00,0x00,0x00,0x00,0x00,
0x00,0x00,0x00,0x00,0x00,0x00,0x00,0x00,0x00,0x00,0x00,0x00,0x00,0x00,0x00,0x00,0x00,0x00,0x00,0x00,0x00,0x00,0x00,0x00,0x00,0x00,0x00,0x00,0x00,0x00,0x00,0x00,
0x00,0x00,0x00,0x00,0x00,0x00,0x00,0x00,0x00,0x00,0x00,0x00,0x00,0x00,0x00,0x00,0x00,0x00,0x00,0x00,0x00,0x00,0x00,0x00,0x00,0x00,0x00,0x00,0x00,0x00,0x00,0x00,
0x00,0x00,0x00,0x00,0x00,0x00,0x00,0x00,0x00,0x00,0x00,0x00,0x00,0x00,0x00,0x00,0x00,0x00,0x00,0x00,0x00,0x00,0x00,0x00,0x00,0x00,0x00,0x00,0x00,0x00,0x00,0x00,
0x00,0x00,0x00,0x00,0x00,0x00,0x00,0x00,0x00,0x00,0x00,0x00,0x00,0x00,0x00,0x00,0x00,0x00,0x00,0x00,0x00,0x00,0x00,0x00,0x00,0x00,0x00,0x00,0x00,0x00,0x00,0x00,
0x00,0x00,0x00,0x00,0x00,0x00,0x00,0x00,0x00,0x00,0x00,0x00,0x00,0x00,0x00,0x00,0x00,0x00,0x00,0x00,0x00,0x00,0x00,0x00,0x00,0x00,0x00,0x00,0x00,0x00,0x00,0x00,
0x00,0x00,0x00,0x00,0x00,0x00,0x00,0x00,0x00,0x00,0x00,0x00,0x00,0x00,0x00,0x00,0x00,0x00,0x00,0x00,0x00,0x00,0x00,0x00,0x00,0x00,0x00,0x00,0x00,0x00,0x00,0x00,
0x00,0x00,0x00,0x00,0x00,0x00,0x00,0x00,0x00,0x00,0x00,0x00,0x00,0x00,0x00,0x00,0x00,0x00,0x00,0x00,0x00,0x00,0x00,0x00,0x00,0x00,0x00,0x00,0x00,0x00,0x00,0x00,
0x00,0x00,0x00,0x00,0x00,0x00,0x00,0x00,0x00,0x00,0x00,0x00,0x00,0x00,0x00,0x00,0x00,0x00,0x00,0x00,0x00,0x00,0x00,0x00,0x00,0x00,0x00,0x00,0x00,0x00,0x00,0x00,
0x00,0x00,0x00,0x00,0x00,0x00,0x00,0x00,0x00,0x00,0x00,0x00,0x00,0x00,0x00,0x00,0x00,0x00,0x00,0x00,0x00,0x00,0x00,0x00,0x00,0x00,0x00,0x00,0x00,0x00,0x00,0x00,
0x00,0x00,0x00,0x00,0x00,0x00,0x00,0x00,0x00,0x00,0x00,0x00,0x00,0x00,0x00,0x00,0x00,0x00,0x00,0x00,0x00,0x00,0x00,0x00,0x00,0x00,0x00,0x00,0x00,0x00,0x00,0x00,
0x00,0x00,0x00,0x00,0x00,0x00,0x00,0x00,0x00,0x00,0x00,0x00,0x00,0x00,0x00,0x00,0x00,0x00,0x00,0x00,0x00,0x00,0x00,0x00,0x00,0x00,0x00,0x00,0x00,0x00,0x00,0x00,
0x00,0x00,0x00,0x00,0x00,0x00,0x00,0x00,0x00,0x00,0x00,0x00,0x00,0x00,0x00,0x00,0x00,0x00,0x00,0x00,0x00,0x00,0x00,0x00,0x00,0x00,0x00,0x00,0x00,0x00,0x00,0x00,
0x00,0x00,0x00,0x00,0x00,0x00,0x00,0x00,0x00,0x00,0x00,0x00,0x00,0x00,0x00,0x00,0x00,0x00,0x00,0x00,0x00,0x00,0x00,0x00,0x00,0x00,0x00,0x00,0x00,0x00,0x00,0x00,
0x00,0x00,0x00,0x00,0x00,0x00,0x00,0x00,0x00,0x00,0x00,0x00,0x00,0x00,0x00,0x00,0x00,0x00,0x00,0x00,0x00,0x00,0x00,0x00,0x00,0x00,0x00,0x00,0x00,0x00,0x00,0x00,
0x00,0x00,0x00,0x00,0x00,0x00,0x00,0x00,0x00,0x00,0x00,0x00,0x00,0x00,0x00,0x00,0x00,0x00,0x00,0x00,0x00,0x00,0x00,0x00,0x00,0x00,0x00,0x00,0x00,0x00,0x00,0x00,
0x00,0x00,0x00,0x00,0x00,0x00,0x00,0x00,0x00,0x00,0x00,0x00,0x00,0x00,0x00,0x00,0x00,0x00,0x00,0x00,0x00,0x00,0x00,0x00,0x00,0x00,0x00,0x00,0x00,0x00,0x00,0x00,
0x00,0x00,0x00,0x00,0x00,0x00,0x00,0x00,0x00,0x00,0x00,0x00,0x00,0x00,0x00,0x00,0x00,0x00,0x00,0x00,0x00,0x00,0x00,0x00,0x00,0x00,0x00,0x00,0x00,0x00,0x00,0x00,
0x00,0x00,0x00,0x00,0x00,0x00,0x00,0x00,0x00,0x00,0x00,0x00,0x00,0x00,0x00,0x00,0x00,0x00,0x00,0x00,0x00,0x00,0x00,0x00,0x00,0x00,0x00,0x00,0x00,0x00,0x00,0x00,
0x00,0x00,0x00,0x00,0x00,0x00,0x00,0x00,0x00,0x00,0x00,0x00,0x00,0x00,0x00,0x00,0x00,0x00,0x00,0x00,0x00,0x00,0x00,0x00,0x00,0x00,0x00,0x00,0x00,0x00,0x00,0x00,
0x00,0x00,0x00,0x00,0x00,0x00,0x00,0x00,0x00,0x00,0x00,0x00,0x00,0x00,0x00,0x00,0x00,0x00,0x00,0x00,0x00,0x00,0x00,0x00,0x00,0x00,0x00,0x00,0x00,0x00,0x00,0x00,
0x00,0x00,0x00,0x00,0x00,0x00,0x00,0x00,0x00,0x00,0x00,0x00,0x00,0x00,0x00,0x00,0x00,0x00,0x00,0x00,0x00,0x00,0x00,0x00,0x00,0x00,0x00,0x00,0x00,0x00,0x00,0x00,
0x00,0x00,0x00,0x00,0x00,0x00,0x00,0x00,0x00,0x00,0x00,0x00,0x00,0x00,0x00,0x00,0x00,0x00,0x00,0x00,0x00,0x00,0x00,0x00,0x00,0x00,0x00,0x00,0x00,0x00,0x00,0x00,
0x00,0x00,0x00,0x00,0x00,0x00,0x00,0x00,0x00,0x00,0x00,0x00,0x00,0x00,0x00,0x00,0x00,0x00,0x00,0x00,0x00,0x00,0x00,0x00,0x00,0x00,0x00,0x00,0x00,0x00,0x00,0x00,
0x00,0x00,0x00,0x00,0x00,0x00,0x00,0x00,0x00,0x00,0x00,0x00,0x00,0x00,0x00,0x00,0x00,0x00,0x00,0x00,0x00,0x00,0x00,0x00,0x00,0x00,0x00,0x00,0x00,0x00,0x00,0x00,
0x00,0x00,0x00,0x00,0x00,0x00,0x00,0x00,0x00,0x00,0x00,0x00,0x00,0x00,0x00,0x00,0x00,0x00,0x00,0x00,0x00,0x00,0x00,0x00,0x00,0x00,0x00,0x00,0x00,0x00,0x00,0x00,
0x00,0x00,0x00,0x00,0x00,0x00,0x00,0x00,0x00,0x00,0x00,0x00,0x00,0x00,0x00,0x00,0x00,0x00,0x00,0x00,0x00,0x00,0x00,0x00,0x00,0x00,0x00,0x00,0x00,0x00,0x00,0x00,
0x00,0x00,0x00,0x00,0x00,0x00,0x00,0x00,0x00,0x00,0x00,0x00,0x00,0x00,0x00,0x00,0x00,0x00,0x00,0x00,0x00,0x00,0x00,0x00,0x00,0x00,0x00,0x00,0x00,0x00,0x00,0x00,
0x00,0x00,0x00,0x00,0x00,0x00,0x00,0x00,0x00,0x00,0x00,0x00,0x00,0x00,0x00,0x00,0x00,0x00,0x00,0x00,0x00,0x00,0x00,0x00,0x00,0x00,0x00,0x00,0x00,0x00,0x00,0x00,
0x00,0x00,0x00,0x00,0x00,0x00,0x00,0x00,0x00,0x00,0x00,0x00,0x00,0x00,0x00,0x00,0x00,0x00,0x00,0x00,0x00,0x00,0x00,0x00,0x00,0x00,0x00,0x00,0x00,0x00,0x00,0x00,
0x00,0x00,0x00,0x00,0x00,0x00,0x00,0x00,0x00,0x00,0x00,0x00,0x00,0x00,0x00,0x00,0x00,0x00,0x00,0x00,0x00,0x00,0x00,0x00,0x00,0x00,0x00,0x00,0x00,0x00,0x00,0x00,
0x00,0x00,0x00,0x00,0x00,0x00,0x00,0x00,0x00,0x00,0x00,0x00,0x00,0x00,0x00,0x00,0x00,0x00,0x00,0x00,0x00,0x00,0x00,0x00,0x00,0x00,0x00,0x00,0x00,0x00,0x00,0x00,
0x00,0x00,0x00,0x00,0x00,0x00,0x00,0x00,0x00,0x00,0x00,0x00,0x00,0x00,0x00,0x00,0x00,0x00,0x00,0x00,0x00,0x00,0x00,0x00,0x00,0x00,0x00,0x00,0x00,0x00,0x00,0x00,
0x00,0x00,0x00,0x00,0x00,0x00,0x00,0x00,0x00,0x00,0x00,0x00,0x00,0x00,0x00,0x00,0x00,0x00,0x00,0x00,0x00,0x00,0x00,0x00,0x00,0x00,0x00,0x00,0x00,0x00,0x00,0x00,
0x00,0x00,0x00,0x00,0x00,0x00,0x00,0x00,0x00,0x00,0x00,0x00,0x00,0x00,0x00,0x00,0x00,0x00,0x00,0x00,0x00,0x00,0x00,0x00,0x00,0x00,0x00,0x00,0x00,0x00,0x00,0x00,
0x00,0x00,0x00,0x00,0x00,0x00,0x00,0x00,0x00,0x00,0x00,0x00,0x00,0x00,0x00,0x00,0x00,0x00,0x00,0x00,0x00,0x00,0x00,0x00,0x00,0x00,0x00,0x00,0x00,0x00,0x00,0x00,
0x00,0x00,0x00,0x00,0x00,0x00,0x00,0x00,0x00,0x00,0x00,0x00,0x00,0x00,0x00,0x00,0x00,0x00,0x00,0x00,0x00,0x00,0x00,0x00,0x00,0x00,0x00,0x00,0x00,0x00,0x00,0x00,
0x00,0x00,0x00,0x00,0x00,0x00,0x00,0x00,0x00,0x00,0x00,0x00,0x00,0x00,0x00,0x00,0x00,0x00,0x00,0x00,0x00,0x00,0x00,0x00,0x00,0x00,0x00,0x00,0x00,0x00,0x00,0x00,
0x00,0x00,0x00,0x00,0x00,0x00,0x00,0x00,0x00,0x00,0x00,0x00,0x00,0x00,0x00,0x00,0x00,0x00,0x00,0x00,0x00,0x00,0x00,0x00,0x00,0x00,0x00,0x00,0x00,0x00,0x00,0x00,
0x00,0x00,0x00,0x00,0x00,0x00,0x00,0x00,0x00,0x00,0x00,0x00,0x00,0x00,0x00,0x00,0x00,0x00,0x00,0x00,0x00,0x00,0x00,0x00,0x00,0x00,0x00,0x00,0x00,0x00,0x00,0x00,
0x00,0x00,0x00,0x00,0x00,0x00,0x00,0x00,0x00,0x00,0x00,0x00,0x00,0x00,0x00,0x00,0x00,0x00,0x00,0x00,0x00,0x00,0x00,0x00,0x00,0x00,0x00,0x00,0x00,0x00,0x00,0x00,
0x00,0x00,0x00,0x00,0x00,0x00,0x00,0x00,0x00,0x00,0x00,0x00,0x00,0x00,0x00,0x00,0x00,0x00,0x00,0x00,0x00,0x00,0x00,0x00,0x00,0x00,0x00,0x00,0x00,0x00,0x00,0x00,
0x00,0x00,0x00,0x00,0x00,0x00,0x00,0x00,0x00,0x00,0x00,0x00,0x00,0x00,0x00,0x00,0x00,0x00,0x00,0x00,0x00,0x00,0x00,0x00,0x00,0x00,0x00,0x00,0x00,0x00,0x00,0x00,
0x00,0x00,0x00,0x00,0x00,0x00,0x00,0x00,0x00,0x00,0x00,0x00,0x00,0x00,0x00,0x00,0x00,0x00,0x00,0x00,0x00,0x00,0x00,0x00,0x00,0x00,0x00,0x00,0x00,0x00,0x00,0x00,
0x00,0x00,0x00,0x00,0x00,0x00,0x00,0x00,0x00,0x00,0x00,0x00,0x00,0x00,0x00,0x00,0x00,0x00,0x00,0x00,0x00,0x00,0x00,0x00,0x00,0x00,0x00,0x00,0x00,0x00,0x00,0x00,
0x00,0x00,0x00,0x00,0x00,0x00,0x00,0x00,0x00,0x00,0x00,0x00,0x00,0x00,0x00,0x00,0x00,0x00,0x00,0x00,0x00,0x00,0x00,0x00,0x00,0x00,0x00,0x00,0x00,0x00,0x00,0x00,
0x00,0x00,0x00,0x00,0x00,0x00,0x00,0x00,0x00,0x00,0x00,0x00,0x00,0x00,0x00,0x00,0x00,0x00,0x00,0x00,0x00,0x00,0x00,0x00,0x00,0x00,0x00,0x00,0x00,0x00,0x00,0x00,
0x00,0x00,0x00,0x00,0x00,0x00,0x00,0x00,0x00,0x00,0x00,0x00,0x00,0x00,0x00,0x00,0x00,0x00,0x00,0x00,0x00,0x00,0x00,0x00,0x00,0x00,0x00,0x00,0x00,0x00,0x00,0x00,
0x00,0x00,0x00,0x00,0x00,0x00,0x00,0x00,0x00,0x00,0x00,0x00,0x00,0x00,0x00,0x00,0x00,0x00,0x00,0x00,0x00,0x00,0x00,0x00,0x00,0x00,0x00,0x00,0x00,0x00,0x00,0x00,
0x00,0x00,0x00,0x00,0x00,0x00,0x00,0x00,0x00,0x00,0x00,0x00,0x00,0x00,0x00,0x00,0x00,0x00,0x00,0x00,0x00,0x00,0x00,0x00,0x00,0x00,0x00,0x00,0x00,0x00,0x00,0x00,
0x00,0x00,0x00,0x00,0x00,0x00,0x00,0x00,0x00,0x00,0x00,0x00,0x00,0x00,0x00,0x00,0x00,0x00,0x00,0x00,0x00,0x00,0x00,0x00,0x00,0x00,0x00,0x00,0x00,0x00,0x00,0x00,
0x00,0x00,0x00,0x00,0x00,0x00,0x00,0x00,0x00,0x00,0x00,0x00,0x00,0x00,0x00,0x00,0x00,0x00,0x00,0x00,0x00,0x00,0x00,0x00,0x00,0x00,0x00,0x00,0x00,0x00,0x00,0x00,
};
const lv_image_dsc_t icon_flappy = {
.header = {.magic = LV_IMAGE_HEADER_MAGIC, .cf = LV_COLOR_FORMAT_ARGB8888, .w = 64, .h = 64, .stride = 256},
.data_size = sizeof icon_flappy_pixels, .data = icon_flappy_pixels
};
static const uint8_t icon_snake_pixels[] = {
0x00,0x00,0x00,0x00,0x00,0x00,0x00,0x00,0x00,0x00,0x00,0x00,0x00,0x00,0x00,0x00,0x00,0x00,0x00,0x00,0x00,0x00,0x00,0x00,0x00,0x00,0x00,0x00,0x00,0x00,0x00,0x00,
0x00,0x00,0x00,0x00,0x00,0x00,0x00,0x00,0x00,0x00,0x00,0x00,0x00,0x00,0x00,0x00,0x00,0x00,0x00,0x00,0x00,0x00,0x00,0x00,0x00,0x00,0x00,0x00,0x00,0x00,0x00,0x00,
0x00,0x00,0x00,0x00,0x00,0x00,0x00,0x00,0x00,0x00,0x00,0x00,0x00,0x00,0x00,0x00,0x00,0x00,0x00,0x00,0x00,0x00,0x00,0x00,0x00,0x00,0x00,0x00,0x00,0x00,0x00,0x00,
0x00,0x00,0x00,0x00,0x00,0x00,0x00,0x00,0x00,0x00,0x00,0x00,0x00,0x00,0x00,0x00,0x00,0x00,0x00,0x00,0x00,0x00,0x00,0x00,0x00,0x00,0x00,0x00,0x00,0x00,0x00,0x00,
0x00,0x00,0x00,0x00,0x00,0x00,0x00,0x00,0x00,0x00,0x00,0x00,0x00,0x00,0x00,0x00,0x00,0x00,0x00,0x00,0x00,0x00,0x00,0x00,0x00,0x00,0x00,0x00,0x00,0x00,0x00,0x00,
0x00,0x00,0x00,0x00,0x00,0x00,0x00,0x00,0x00,0x00,0x00,0x00,0x00,0x00,0x00,0x00,0x00,0x00,0x00,0x00,0x00,0x00,0x00,0x00,0x00,0x00,0x00,0x00,0x00,0x00,0x00,0x00,
0x00,0x00,0x00,0x00,0x00,0x00,0x00,0x00,0x00,0x00,0x00,0x00,0x00,0x00,0x00,0x00,0x00,0x00,0x00,0x00,0x00,0x00,0x00,0x00,0x00,0x00,0x00,0x00,0x00,0x00,0x00,0x00,
0x00,0x00,0x00,0x00,0x00,0x00,0x00,0x00,0x00,0x00,0x00,0x00,0x00,0x00,0x00,0x00,0x00,0x00,0x00,0x00,0x00,0x00,0x00,0x00,0x00,0x00,0x00,0x00,0x00,0x00,0x00,0x00,
0x00,0x00,0x00,0x00,0x00,0x00,0x00,0x00,0x00,0x00,0x00,0x00,0x00,0x00,0x00,0x00,0x00,0x00,0x00,0x00,0x00,0x00,0x00,0x00,0x00,0x00,0x00,0x00,0x00,0x00,0x00,0x00,
0x00,0x00,0x00,0x00,0x00,0x00,0x00,0x00,0x00,0x00,0x00,0x00,0x00,0x00,0x00,0x00,0x00,0x00,0x00,0x00,0x00,0x00,0x00,0x00,0x00,0x00,0x00,0x00,0x00,0x00,0x00,0x00,
0x00,0x00,0x00,0x00,0x00,0x00,0x00,0x00,0x00,0x00,0x00,0x00,0x00,0x00,0x00,0x00,0x00,0x00,0x00,0x00,0x00,0x00,0x00,0x00,0x00,0x00,0x00,0x00,0x00,0x00,0x00,0x00,
0x00,0x00,0x00,0x00,0x00,0x00,0x00,0x00,0x00,0x00,0x00,0x00,0x00,0x00,0x00,0x00,0x00,0x00,0x00,0x00,0x00,0x00,0x00,0x00,0x00,0x00,0x00,0x00,0x00,0x00,0x00,0x00,
0x00,0x00,0x00,0x00,0x00,0x00,0x00,0x00,0x00,0x00,0x00,0x00,0x00,0x00,0x00,0x00,0x00,0x00,0x00,0x00,0x00,0x00,0x00,0x00,0x00,0x00,0x00,0x00,0x00,0x00,0x00,0x00,
0x00,0x00,0x00,0x00,0x00,0x00,0x00,0x00,0x00,0x00,0x00,0x00,0x00,0x00,0x00,0x00,0x00,0x00,0x00,0x00,0x00,0x00,0x00,0x00,0x00,0x00,0x00,0x00,0x00,0x00,0x00,0x00,
0x00,0x00,0x00,0x00,0x00,0x00,0x00,0x00,0x00,0x00,0x00,0x00,0x00,0x00,0x00,0x00,0x00,0x00,0x00,0x00,0x00,0x00,0x00,0x00,0x00,0x00,0x00,0x00,0x00,0x00,0x00,0x00,
0x00,0x00,0x00,0x00,0x00,0x00,0x00,0x00,0x00,0x00,0x00,0x00,0x00,0x00,0x00,0x00,0x00,0x00,0x00,0x00,0x00,0x00,0x00,0x00,0x00,0x00,0x00,0x00,0x00,0x00,0x00,0x00,
0x00,0x00,0x00,0x00,0x00,0x00,0x00,0x00,0x00,0x00,0x00,0x00,0x00,0x00,0x00,0x00,0x00,0x00,0x00,0x00,0x00,0x00,0x00,0x00,0x00,0x00,0x00,0x00,0x00,0x00,0x00,0x00,
0x00,0x00,0x00,0x00,0x00,0x00,0x00,0x00,0x00,0x00,0x00,0x00,0x00,0x00,0x00,0x00,0x00,0x00,0x00,0x00,0x00,0x00,0x00,0x00,0x00,0x00,0x00,0x00,0x00,0x00,0x00,0x00,
0x00,0x00,0x00,0x00,0x00,0x00,0x00,0x00,0x00,0x00,0x00,0x00,0x00,0x00,0x00,0x00,0x00,0x00,0x00,0x00,0x00,0x00,0x00,0x00,0x00,0x00,0x00,0x00,0x00,0x00,0x00,0x00,
0x00,0x00,0x00,0x00,0x00,0x00,0x00,0x00,0x00,0x00,0x00,0x00,0x00,0x00,0x00,0x00,0x00,0x00,0x00,0x00,0x00,0x00,0x00,0x00,0x00,0x00,0x00,0x00,0x00,0x00,0x00,0x00,
0x00,0x00,0x00,0x00,0x00,0x00,0x00,0x00,0x00,0x00,0x00,0x00,0x00,0x00,0x00,0x00,0x00,0x00,0x00,0x00,0x00,0x00,0x00,0x00,0x00,0x00,0x00,0x00,0x00,0x00,0x00,0x00,
0x00,0x00,0x00,0x00,0x00,0x00,0x00,0x00,0x00,0x00,0x00,0x00,0x00,0x00,0x00,0x00,0x00,0x00,0x00,0x00,0x00,0x00,0x00,0x00,0x00,0x00,0x00,0x00,0x00,0x00,0x00,0x00,
0x00,0x00,0x00,0x00,0x00,0x00,0x00,0x00,0x00,0x00,0x00,0x00,0x00,0x00,0x00,0x00,0x00,0x00,0x00,0x00,0x00,0x00,0x00,0x00,0x00,0x00,0x00,0x00,0x00,0x00,0x00,0x00,
0x00,0x00,0x00,0x00,0x00,0x00,0x00,0x00,0x00,0x00,0x00,0x00,0x00,0x00,0x00,0x00,0x00,0x00,0x00,0x00,0x00,0x00,0x00,0x00,0x00,0x00,0x00,0x00,0x00,0x00,0x00,0x00,
0x00,0x00,0x00,0x00,0x00,0x00,0x00,0x00,0x00,0x00,0x00,0x00,0x00,0x00,0x00,0x00,0x00,0x00,0x00,0x00,0x00,0x00,0x00,0x00,0x00,0x00,0x00,0x00,0x00,0x00,0x00,0x00,
0x00,0x00,0x00,0x00,0x00,0x00,0x00,0x00,0x00,0x00,0x00,0x00,0x00,0x00,0x00,0x00,0x00,0x00,0x00,0x00,0x00,0x00,0x00,0x00,0x00,0x00,0x00,0x00,0x00,0x00,0x00,0x00,
0x00,0x00,0x00,0x00,0x00,0x00,0x00,0x00,0x00,0x00,0x00,0x00,0x00,0x00,0x00,0x00,0x00,0x00,0x00,0x00,0x00,0x00,0x00,0x00,0x00,0x00,0x00,0x00,0x00,0x00,0x00,0x00,
0x00,0x00,0x00,0x00,0x00,0x00,0x00,0x00,0x00,0x00,0x00,0x00,0x00,0x00,0x00,0x00,0x00,0x00,0x00,0x00,0x00,0x00,0x00,0x00,0x00,0x00,0x00,0x00,0x00,0x00,0x00,0x00,
0x00,0x00,0x00,0x00,0x00,0x00,0x00,0x00,0x00,0x00,0x00,0x00,0x00,0x00,0x00,0x00,0x00,0x00,0x00,0x00,0x00,0x00,0x00,0x00,0x00,0x00,0x00,0x00,0x00,0x00,0x00,0x00,
0x00,0x00,0x00,0x00,0x00,0x00,0x00,0x00,0x00,0x00,0x00,0x00,0x00,0x00,0x00,0x00,0x00,0x00,0x00,0x00,0x00,0x00,0x00,0x00,0x00,0x00,0x00,0x00,0x00,0x00,0x00,0x00,
0x00,0x00,0x00,0x00,0x00,0x00,0x00,0x00,0x00,0x00,0x00,0x00,0x00,0x00,0x00,0x00,0x00,0x00,0x00,0x00,0x00,0x00,0x00,0x00,0x00,0x00,0x00,0x00,0x00,0x00,0x00,0x00,
0x00,0x00,0x00,0x00,0x00,0x00,0x00,0x00,0x00,0x00,0x00,0x00,0x00,0x00,0x00,0x00,0x00,0x00,0x00,0x00,0x00,0x00,0x00,0x00,0x00,0x00,0x00,0x00,0x00,0x00,0x00,0x00,
0x00,0x00,0x00,0x00,0x00,0x00,0x00,0x00,0x00,0x00,0x00,0x00,0x00,0x00,0x00,0x00,0x00,0x00,0x00,0x00,0x00,0x00,0x00,0x00,0x00,0x00,0x00,0x00,0x00,0x00,0x00,0x00,
0x00,0x00,0x00,0x00,0x00,0x00,0x00,0x00,0x00,0x00,0x00,0x00,0x00,0x00,0x00,0x00,0x00,0x00,0x00,0x00,0x00,0x00,0x00,0x00,0x00,0x00,0x00,0x00,0x00,0x00,0x00,0x00,
0x00,0x00,0x00,0x00,0x00,0x00,0x00,0x00,0x00,0x00,0x00,0x00,0x00,0x00,0x00,0x00,0x00,0x00,0x00,0x00,0x00,0x00,0x00,0x00,0x00,0x00,0x00,0x00,0x00,0x00,0x00,0x00,
0x00,0x00,0x00,0x00,0x00,0x00,0x00,0x00,0x00,0x00,0x00,0x00,0x00,0x00,0x00,0x00,0x00,0x00,0x00,0x00,0x00,0x00,0x00,0x00,0x00,0x00,0x00,0x00,0x00,0x00,0x00,0x00,
0x00,0x00,0x00,0x00,0x00,0x00,0x00,0x00,0x00,0x00,0x00,0x00,0x00,0x00,0x00,0x00,0x00,0x00,0x00,0x00,0x00,0x00,0x00,0x00,0x00,0x00,0x00,0x00,0x00,0x00,0x00,0x00,
0x00,0x00,0x00,0x00,0x00,0x00,0x00,0x00,0x00,0x00,0x00,0x00,0x00,0x00,0x00,0x00,0x00,0x00,0x00,0x00,0x00,0x00,0x00,0x00,0x00,0x00,0x00,0x00,0x00,0x00,0x00,0x00,
0x00,0x00,0x00,0x00,0x00,0x00,0x00,0x00,0x00,0x00,0x00,0x00,0x00,0x00,0x00,0x00,0x00,0x00,0x00,0x00,0x00,0x00,0x00,0x00,0x00,0x00,0x00,0x00,0x00,0x00,0x00,0x00,
0x00,0x00,0x00,0x00,0x00,0x00,0x00,0x00,0x00,0x00,0x00,0x00,0x00,0x00,0x00,0x00,0x00,0x00,0x00,0x00,0x00,0x00,0x00,0x00,0x00,0x00,0x00,0x00,0x00,0x00,0x00,0x00,
0x00,0x00,0x00,0x00,0x00,0x00,0x00,0x00,0x00,0x00,0x00,0x00,0x00,0x00,0x00,0x00,0x00,0x00,0x00,0x00,0x00,0x00,0x00,0x00,0x00,0x00,0x00,0x00,0x00,0x00,0x00,0x00,
0x00,0x00,0x00,0x00,0x00,0x00,0x00,0x00,0x00,0x00,0x00,0x00,0x00,0x00,0x00,0x00,0x00,0x00,0x00,0x00,0x00,0x00,0x00,0x00,0x00,0x00,0x00,0x00,0x00,0x00,0x00,0x00,
0x00,0x00,0x00,0x00,0x00,0x00,0x00,0x00,0x00,0x00,0x00,0x00,0x00,0x00,0x00,0x00,0x00,0x00,0x00,0x00,0x00,0x00,0x00,0x00,0x00,0x00,0x00,0x00,0x00,0x00,0x00,0x00,
0x00,0x00,0x00,0x00,0x00,0x00,0x00,0x00,0x00,0x00,0x00,0x00,0x00,0x00,0x00,0x00,0x00,0x00,0x00,0x00,0x00,0x00,0x00,0x00,0x00,0x00,0x00,0x00,0x00,0x00,0x00,0x00,
0x00,0x00,0x00,0x00,0x00,0x00,0x00,0x00,0x00,0x00,0x00,0x00,0x00,0x00,0x00,0x00,0x00,0x00,0x00,0x00,0x00,0x00,0x00,0x00,0x00,0x00,0x00,0x00,0x00,0x00,0x00,0x01,
0x00,0x00,0x00,0x01,0x00,0x00,0x00,0x01,0x00,0x00,0x00,0x01,0x00,0x00,0x00,0x01,0x00,0x00,0x00,0x01,0x00,0x00,0x00,0x01,0x00,0x00,0x00,0x01,0x00,0x00,0x00,0x01,
0x00,0x00,0x00,0x01,0x00,0x00,0x00,0x01,0x00,0x00,0x00,0x01,0x00,0x00,0x00,0x01,0x00,0x00,0x00,0x01,0x00,0x00,0x00,0x00,0x00,0x00,0x00,0x00,0x00,0x00,0x00,0x00,
0x00,0x00,0x00,0x00,0x00,0x00,0x00,0x00,0x00,0x00,0x00,0x00,0x00,0x00,0x00,0x00,0x00,0x00,0x00,0x00,0x00,0x00,0x00,0x00,0x00,0x00,0x00,0x00,0x00,0x00,0x00,0x00,
0x00,0x00,0x00,0x00,0x00,0x00,0x00,0x00,0x00,0x00,0x00,0x00,0x00,0x00,0x00,0x00,0x00,0x00,0x00,0x00,0x00,0x00,0x00,0x00,0x00,0x00,0x00,0x00,0x00,0x00,0x00,0x00,
0x00,0x00,0x00,0x00,0x00,0x00,0x00,0x00,0x00,0x00,0x00,0x00,0x00,0x00,0x00,0x00,0x00,0x00,0x00,0x00,0x00,0x00,0x00,0x00,0x00,0x00,0x00,0x00,0x00,0x00,0x00,0x00,
0x00,0x00,0x00,0x00,0x00,0x00,0x00,0x00,0x00,0x00,0x00,0x00,0x00,0x00,0x00,0x00,0x00,0x00,0x00,0x00,0x00,0x00,0x00,0x00,0x00,0x00,0x00,0x00,0x00,0x00,0x00,0x00,
0x00,0x00,0x00,0x00,0x00,0x00,0x00,0x00,0x00,0x00,0x00,0x00,0x00,0x00,0x00,0x00,0x00,0x00,0x00,0x00,0x00,0x00,0x00,0x00,0x00,0x00,0x00,0x00,0x00,0x00,0x00,0x00,
0x00,0x00,0x00,0x00,0x00,0x00,0x00,0x00,0x00,0x00,0x00,0x00,0x00,0x00,0x00,0x00,0x00,0x00,0x00,0x00,0x55,0x55,0x55,0x03,0x7f,0x7f,0x7f,0x02,0x00,0x00,0x00,0x00,
0x00,0x00,0x00,0x00,0x00,0x00,0x00,0x00,0x00,0x00,0x00,0x00,0x00,0x00,0x00,0x00,0x00,0x00,0x00,0x00,0x00,0x00,0x00,0x00,0x00,0x00,0x00,0x00,0x00,0x00,0x00,0x00,
0x00,0x00,0x00,0x00,0x00,0x00,0x00,0x00,0x00,0x00,0x00,0x00,0x00,0x00,0x00,0x00,0x00,0x00,0x00,0x00,0x00,0x00,0x00,0x01,0x55,0x55,0x55,0x03,0x00,0x00,0x00,0x00,
0x00,0x00,0x00,0x00,0x00,0x00,0x00,0x00,0x00,0x00,0x00,0x00,0x00,0x00,0x00,0x00,0x00,0x00,0x00,0x00,0x00,0x00,0x00,0x00,0x00,0x00,0x00,0x00,0x00,0x00,0x00,0x00,
0x00,0x00,0x00,0x00,0x00,0x00,0x00,0x00,0x00,0x00,0x00,0x00,0x00,0x00,0x00,0x00,0x00,0x00,0x00,0x00,0x00,0x00,0x00,0x00,0x00,0x00,0x00,0x00,0x00,0x00,0x00,0x00,
0x00,0x00,0x00,0x00,0x00,0x00,0x00,0x00,0x00,0x00,0x00,0x00,0x00,0x00,0x00,0x00,0x00,0x00,0x00,0x00,0x00,0x00,0x00,0x00,0x00,0x00,0x00,0x00,0x00,0x00,0x00,0x00,
0x00,0x00,0x00,0x00,0x00,0x00,0x00,0x00,0x00,0x00,0x00,0x00,0x00,0x00,0x00,0x00,0x00,0x00,0x00,0x00,0x00,0x00,0x00,0x00,0x00,0x00,0x00,0x00,0x00,0x00,0x00,0x00,
0x00,0x00,0x00,0x00,0x00,0x00,0x00,0x00,0x00,0x00,0x00,0x00,0x00,0x00,0x00,0x00,0x00,0x00,0x00,0x00,0x00,0x00,0x00,0x00,0x00,0x00,0x00,0x00,0x00,0x00,0x00,0x00,
0x00,0x00,0x00,0x00,0x00,0x00,0x00,0x00,0x00,0x00,0x00,0x00,0x00,0x00,0x00,0x00,0x7f,0x7f,0x7f,0x02,0x00,0x00,0x00,0x00,0x00,0x00,0x00,0x00,0x55,0x44,0x33,0x0f,
0x5f,0x3f,0x3f,0x10,0x5f,0x3f,0x3f,0x10,0x5a,0x3c,0x3c,0x11,0x5a,0x3c,0x3c,0x11,0x5a,0x3c,0x3c,0x11,0x5a,0x3c,0x3c,0x11,0x5a,0x3c,0x3c,0x11,0x5a,0x3c,0x3c,0x11,
0x5a,0x3c,0x3c,0x11,0x5a,0x3c,0x3c,0x11,0x5a,0x3c,0x3c,0x11,0x5f,0x3f,0x3f,0x10,0x5a,0x4b,0x3c,0x11,0x00,0x00,0x00,0x00,0x00,0x00,0x00,0x00,0x00,0x00,0x00,0x01,
0x00,0x00,0x00,0x00,0x00,0x00,0x00,0x00,0x00,0x00,0x00,0x00,0x00,0x00,0x00,0x00,0x00,0x00,0x00,0x00,0x00,0x00,0x00,0x00,0x00,0x00,0x00,0x00,0x00,0x00,0x00,0x00,
0x00,0x00,0x00,0x00,0x00,0x00,0x00,0x00,0x00,0x00,0x00,0x00,0x00,0x00,0x00,0x00,0x00,0x00,0x00,0x00,0x00,0x00,0x00,0x00,0x00,0x00,0x00,0x00,0x00,0x00,0x00,0x00,
0x00,0x00,0x00,0x00,0x00,0x00,0x00,0x00,0x00,0x00,0x00,0x00,0x00,0x00,0x00,0x00,0x00,0x00,0x00,0x00,0x00,0x00,0x00,0x00,0x00,0x00,0x00,0x00,0x00,0x00,0x00,0x00,
0x00,0x00,0x00,0x00,0x00,0x00,0x00,0x00,0x00,0x00,0x00,0x00,0x00,0x00,0x00,0x00,0x00,0x00,0x00,0x00,0x00,0x00,0x00,0x00,0x00,0x00,0x00,0x00,0x00,0x00,0x00,0x00,
0x00,0x00,0x00,0x00,0x00,0x00,0x00,0x00,0x00,0x00,0x00,0x00,0x00,0x00,0x00,0x00,0x00,0x00,0x00,0x00,0x00,0x00,0x00,0x00,0x00,0x00,0x00,0x00,0x00,0x00,0x00,0x00,
0x00,0x00,0x00,0x00,0x00,0x00,0x00,0x00,0x00,0x00,0x00,0x00,0x7f,0x7f,0x7f,0x02,0x00,0x00,0x00,0x00,0x5b,0x40,0x39,0x43,0x5d,0x45,0x39,0xb1,0x5c,0x43,0x38,0xea,
0x5b,0x43,0x37,0xee,0x5b,0x43,0x37,0xee,0x5b,0x43,0x37,0xee,0x5b,0x43,0x37,0xee,0x5b,0x43,0x37,0xee,0x5b,0x43,0x37,0xee,0x5b,0x43,0x37,0xee,0x5b,0x43,0x37,0xee,
0x5b,0x43,0x37,0xee,0x5b,0x43,0x37,0xee,0x5b,0x43,0x38,0xee,0x5b,0x43,0x38,0xee,0x5c,0x43,0x39,0xed,0x5e,0x44,0x38,0xc6,0x5c,0x44,0x39,0x61,0x00,0x00,0x00,0x00,
0x00,0x00,0x00,0x01,0x00,0x00,0x00,0x01,0x00,0x00,0x00,0x00,0x00,0x00,0x00,0x00,0x00,0x00,0x00,0x00,0x00,0x00,0x00,0x00,0x00,0x00,0x00,0x00,0x00,0x00,0x00,0x00,
0x00,0x00,0x00,0x00,0x00,0x00,0x00,0x00,0x00,0x00,0x00,0x00,0x00,0x00,0x00,0x00,0x00,0x00,0x00,0x00,0x00,0x00,0x00,0x00,0x00,0x00,0x00,0x00,0x00,0x00,0x00,0x00,
0x00,0x00,0x00,0x00,0x00,0x00,0x00,0x00,0x00,0x00,0x00,0x00,0x00,0x00,0x00,0x00,0x00,0x00,0x00,0x00,0x00,0x00,0x00,0x00,0x00,0x00,0x00,0x00,0x00,0x00,0x00,0x00,
0x00,0x00,0x00,0x01,0x3f,0x3f,0x3f,0x04,0x55,0x55,0x55,0x03,0x7f,0x7f,0x7f,0x02,0x7f,0x7f,0x7f,0x02,0x7f,0x7f,0x7f,0x02,0x7f,0x7f,0x7f,0x02,0x7f,0x7f,0x7f,0x02,
0x7f,0x7f,0x7f,0x02,0x7f,0x7f,0x7f,0x02,0x7f,0x7f,0x7f,0x02,0x7f,0x7f,0x7f,0x02,0x7f,0x7f,0x7f,0x02,0x7f,0x7f,0x7f,0x02,0x7f,0x7f,0x7f,0x02,0x7f,0x7f,0x7f,0x02,
0x7f,0x7f,0x7f,0x02,0x7f,0x7f,0x00,0x02,0x66,0x33,0x33,0x05,0x00,0x00,0x00,0x00,0x5a,0x41,0x37,0x65,0x60,0x47,0x3b,0xff,0x60,0x47,0x3b,0xff,0x5d,0x44,0x39,0xff,
0x5c,0x44,0x39,0xff,0x5d,0x44,0x39,0xff,0x5d,0x44,0x39,0xff,0x5d,0x44,0x39,0xff,0x5d,0x44,0x39,0xff,0x5d,0x44,0x39,0xff,0x5d,0x44,0x39,0xff,0x5d,0x44,0x39,0xff,
0x5c,0x44,0x39,0xff,0x5e,0x46,0x3b,0xff,0x5c,0x43,0x38,0xff,0x5b,0x42,0x37,0xff,0x5e,0x46,0x3b,0xff,0x5f,0x46,0x3a,0xff,0x64,0x49,0x3d,0xff,0x5b,0x43,0x38,0x9a,
0x7f,0x00,0x00,0x02,0x55,0x55,0x55,0x03,0x00,0x00,0x00,0x00,0x00,0x00,0x00,0x00,0x00,0x00,0x00,0x00,0x00,0x00,0x00,0x00,0x00,0x00,0x00,0x00,0x00,0x00,0x00,0x00,
0x00,0x00,0x00,0x00,0x00,0x00,0x00,0x00,0x00,0x00,0x00,0x00,0x00,0x00,0x00,0x00,0x00,0x00,0x00,0x00,0x00,0x00,0x00,0x00,0x00,0x00,0x00,0x00,0x00,0x00,0x00,0x00,
0x00,0x00,0x00,0x00,0x00,0x00,0x00,0x00,0x00,0x00,0x00,0x00,0x00,0x00,0x00,0x00,0x00,0x00,0x00,0x00,0x00,0x00,0x00,0x00,0x00,0x00,0x00,0x00,0x7f,0x7f,0x00,0x02,
0x00,0x00,0x00,0x00,0x00,0x00,0x00,0x00,0x00,0x00,0x00,0x00,0x00,0x00,0x00,0x00,0x00,0x00,0x00,0x00,0x00,0x00,0x00,0x00,0x00,0x00,0x00,0x00,0x00,0x00,0x00,0x00,
0x00,0x00,0x00,0x00,0x00,0x00,0x00,0x00,0x00,0x00,0x00,0x00,0x00,0x00,0x00,0x00,0x00,0x00,0x00,0x00,0x00,0x00,0x00,0x00,0x00,0x00,0x00,0x00,0x00,0x00,0x00,0x00,
0x00,0x00,0x00,0x00,0x00,0x00,0x00,0x00,0x00,0x00,0x00,0x00,0x5a,0x41,0x35,0x3e,0x60,0x47,0x3b,0xff,0x5c,0x43,0x38,0xfc,0x5a,0x43,0x37,0xfb,0x5b,0x43,0x38,0xfe,
0x5b,0x43,0x38,0xfe,0x5b,0x43,0x38,0xfe,0x5b,0x43,0x38,0xfe,0x5b,0x43,0x38,0xfe,0x5b,0x43,0x38,0xfe,0x5b,0x43,0x38,0xfe,0x5b,0x43,0x38,0xfe,0x5a,0x42,0x38,0xfe,
0x5c,0x44,0x39,0xfe,0x55,0x3b,0x30,0xfe,0x5c,0x45,0x3a,0xfe,0x61,0x4a,0x41,0xfe,0x53,0x3a,0x2d,0xfe,0x5c,0x43,0x38,0xfc,0x5a,0x42,0x37,0xf9,0x64,0x4a,0x3e,0xff,
0x5b,0x42,0x37,0x7b,0x00,0x00,0x00,0x00,0x55,0x55,0x55,0x03,0x00,0x00,0x00,0x00,0x00,0x00,0x00,0x00,0x00,0x00,0x00,0x00,0x00,0x00,0x00,0x00,0x00,0x00,0x00,0x00,
0x00,0x00,0x00,0x00,0x00,0x00,0x00,0x00,0x00,0x00,0x00,0x00,0x00,0x00,0x00,0x00,0x00,0x00,0x00,0x00,0x00,0x00,0x00,0x00,0x00,0x00,0x00,0x00,0x00,0x00,0x00,0x00,
0x00,0x00,0x00,0x00,0x00,0x00,0x00,0x00,0x00,0x00,0x00,0x00,0x00,0x00,0x00,0x00,0x00,0x00,0x00,0x00,0x00,0x00,0x00,0x00,0x7f,0x7f,0x00,0x02,0x00,0x00,0x00,0x00,
0x5b,0x36,0x36,0x0e,0x5e,0x46,0x3b,0x74,0x5c,0x44,0x38,0xb9,0x5b,0x43,0x38,0xbd,0x5b,0x43,0x38,0xbd,0x5b,0x43,0x38,0xbe,0x5b,0x43,0x38,0xbe,0x5b,0x43,0x38,0xbe,
0x5b,0x43,0x38,0xbe,0x5b,0x43,0x38,0xbe,0x5b,0x43,0x38,0xbe,0x5b,0x43,0x38,0xbe,0x5b,0x43,0x38,0xbe,0x5b,0x43,0x38,0xbe,0x5b,0x43,0x38,0xbe,0x5b,0x43,0x38,0xbe,
0x5b,0x43,0x38,0xbe,0x5a,0x42,0x38,0xbf,0x5b,0x43,0x38,0xbe,0x5b,0x43,0x37,0xe4,0x5d,0x44,0x39,0xfe,0x5a,0x42,0x37,0xfd,0x5b,0x43,0x38,0xff,0x5b,0x43,0x38,0xff,
0x5b,0x43,0x38,0xff,0x5b,0x43,0x38,0xff,0x5b,0x43,0x38,0xff,0x5b,0x43,0x38,0xff,0x5b,0x43,0x38,0xff,0x5b,0x43,0x38,0xff,0x5b,0x43,0x38,0xff,0x5c,0x45,0x3a,0xff,
0x55,0x3b,0x30,0xff,0x75,0x65,0x5e,0xff,0xd3,0xdd,0xdd,0xff,0xdf,0xeb,0xeb,0xff,0x8e,0x85,0x81,0xff,0x54,0x3a,0x2e,0xff,0x5c,0x45,0x3a,0xfd,0x5d,0x44,0x39,0xfd,
0x5b,0x43,0x37,0xea,0x5f,0x3f,0x3f,0x10,0x00,0x00,0x00,0x01,0x00,0x00,0x00,0x01,0x00,0x00,0x00,0x00,0x00,0x00,0x00,0x00,0x00,0x00,0x00,0x00,0x00,0x00,0x00,0x00,
0x00,0x00,0x00,0x00,0x00,0x00,0x00,0x00,0x00,0x00,0x00,0x00,0x00,0x00,0x00,0x00,0x00,0x00,0x00,0x00,0x00,0x00,0x00,0x00,0x00,0x00,0x00,0x00,0x00,0x00,0x00,0x00,
0x00,0x00,0x00,0x00,0x00,0x00,0x00,0x00,0x00,0x00,0x00,0x00,0x00,0x00,0x00,0x00,0x00,0x00,0x00,0x00,0x7f,0x7f,0x7f,0x02,0x00,0x00,0x00,0x00,0x5d,0x44,0x35,0x34,
0x5f,0x46,0x3a,0xd9,0x63,0x48,0x3c,0xff,0x60,0x47,0x3b,0xff,0x60,0x47,0x3b,0xff,0x60,0x47,0x3b,0xff,0x60,0x47,0x3b,0xff,0x60,0x47,0x3b,0xff,0x60,0x47,0x3b,0xff,
0x60,0x47,0x3b,0xff,0x60,0x47,0x3b,0xff,0x60,0x47,0x3b,0xff,0x60,0x47,0x3b,0xff,0x60,0x47,0x3b,0xff,0x60,0x47,0x3b,0xff,0x60,0x47,0x3b,0xff,0x60,0x47,0x3b,0xff,
0x60,0x47,0x3b,0xff,0x60,0x47,0x3b,0xff,0x60,0x47,0x3b,0xff,0x5d,0x44,0x39,0xff,0x5a,0x43,0x38,0xff,0x5b,0x43,0x38,0xff,0x5b,0x43,0x38,0xff,0x5b,0x43,0x38,0xff,
0x5b,0x43,0x38,0xff,0x5b,0x43,0x38,0xff,0x5b,0x43,0x38,0xff,0x5b,0x43,0x38,0xff,0x5b,0x43,0x38,0xff,0x5b,0x43,0x38,0xff,0x5c,0x44,0x39,0xff,0x5b,0x42,0x37,0xff,
0x5c,0x45,0x3a,0xff,0xd3,0xdd,0xe2,0xff,0xf0,0xff,0xff,0xff,0xea,0xfb,0xff,0xff,0xea,0xfa,0xfe,0xff,0x71,0x60,0x58,0xff,0x56,0x3d,0x31,0xff,0x5b,0x44,0x39,0xfd,
0x5f,0x46,0x3b,0xff,0x59,0x40,0x38,0x3f,0x00,0x00,0x00,0x00,0x55,0x55,0x55,0x03,0x00,0x00,0x00,0x00,0x00,0x00,0x00,0x00,0x00,0x00,0x00,0x00,0x00,0x00,0x00,0x00,
0x00,0x00,0x00,0x00,0x00,0x00,0x00,0x00,0x00,0x00,0x00,0x00,0x00,0x00,0x00,0x00,0x00,0x00,0x00,0x00,0x00,0x00,0x00,0x00,0x00,0x00,0x00,0x00,0x00,0x00,0x00,0x00,
0x00,0x00,0x00,0x00,0x00,0x00,0x00,0x00,0x00,0x00,0x00,0x00,0x00,0x00,0x00,0x00,0x00,0x00,0x00,0x01,0xff,0xff,0xff,0x01,0x5a,0x3c,0x3c,0x11,0x5b,0x43,0x38,0xde,
0x61,0x47,0x3c,0xff,0x5b,0x42,0x37,0xf9,0x5b,0x42,0x37,0xfc,0x5b,0x42,0x37,0xfc,0x5b,0x42,0x37,0xfc,0x5b,0x42,0x37,0xfc,0x5b,0x42,0x37,0xfc,0x5b,0x42,0x37,0xfc,
0x5b,0x42,0x37,0xfc,0x5b,0x42,0x37,0xfc,0x5b,0x42,0x37,0xfc,0x5b,0x42,0x37,0xfc,0x5b,0x42,0x37,0xfc,0x5b,0x42,0x37,0xfc,0x5b,0x42,0x37,0xfc,0x5b,0x42,0x37,0xfc,
0x5b,0x42,0x37,0xfc,0x5b,0x42,0x37,0xfc,0x5b,0x42,0x37,0xfc,0x5a,0x43,0x38,0xfd,0x5b,0x43,0x38,0xff,0x5b,0x43,0x38,0xff,0x5b,0x43,0x38,0xff,0x5b,0x43,0x38,0xff,
0x5b,0x43,0x38,0xff,0x5b,0x43,0x38,0xff,0x5b,0x43,0x38,0xff,0x5b,0x43,0x38,0xff,0x5b,0x43,0x38,0xff,0x5b,0x43,0x38,0xff,0x5c,0x44,0x39,0xff,0x5a,0x41,0x36,0xff,
0x61,0x4b,0x41,0xff,0xdf,0xec,0xf3,0xff,0xea,0xfb,0xfe,0xff,0xe4,0xf3,0xfa,0xff,0xf0,0xff,0xff,0xff,0x7b,0x6c,0x66,0xff,0x54,0x3a,0x2e,0xff,0x5c,0x45,0x3a,0xfd,
0x5f,0x46,0x3b,0xff,0x58,0x41,0x36,0x42,0x00,0x00,0x00,0x00,0x55,0x55,0x55,0x03,0x00,0x00,0x00,0x00,0x00,0x00,0x00,0x00,0x00,0x00,0x00,0x00,0x00,0x00,0x00,0x00,
0x00,0x00,0x00,0x00,0x00,0x00,0x00,0x00,0x00,0x00,0x00,0x00,0x00,0x00,0x00,0x00,0x00,0x00,0x00,0x00,0x00,0x00,0x00,0x00,0x00,0x00,0x00,0x00,0x00,0x00,0x00,0x00,
0x00,0x00,0x00,0x00,0x00,0x00,0x00,0x00,0x00,0x00,0x00,0x00,0x00,0x00,0x00,0x00,0x7f,0x3f,0x3f,0x04,0x00,0x00,0x00,0x00,0x5a,0x42,0x37,0x77,0x63,0x49,0x3d,0xff,
0x59,0x42,0x37,0xfa,0x5b,0x43,0x38,0xff,0x5b,0x43,0x38,0xff,0x5b,0x43,0x38,0xff,0x5b,0x43,0x38,0xff,0x5b,0x43,0x38,0xff,0x5b,0x43,0x38,0xff,0x5b,0x43,0x38,0xff,
0x5b,0x43,0x38,0xff,0x5b,0x43,0x38,0xff,0x5b,0x43,0x38,0xff,0x5b,0x43,0x38,0xff,0x5b,0x43,0x38,0xff,0x5b,0x43,0x38,0xff,0x5b,0x43,0x38,0xff,0x5b,0x43,0x38,0xff,
0x5b,0x43,0x38,0xff,0x5b,0x43,0x38,0xff,0x5b,0x43,0x38,0xff,0x5b,0x43,0x38,0xff,0x5b,0x43,0x38,0xff,0x5b,0x43,0x38,0xff,0x5b,0x43,0x38,0xff,0x5b,0x43,0x38,0xff,
0x5b,0x43,0x38,0xff,0x5b,0x43,0x38,0xff,0x5b,0x43,0x38,0xff,0x5b,0x43,0x38,0xff,0x5b,0x43,0x38,0xff,0x5b,0x43,0x38,0xff,0x5b,0x43,0x38,0xff,0x5d,0x45,0x3a,0xff,
0x54,0x3a,0x2e,0xff,0x8e,0x85,0x81,0xff,0xea,0xf9,0xfb,0xff,0xf0,0xff,0xff,0xff,0xac,0xab,0xab,0xff,0x56,0x3d,0x31,0xff,0x5c,0x44,0x39,0xff,0x5a,0x42,0x37,0xfd,
0x5f,0x46,0x3b,0xff,0x5a,0x42,0x36,0x41,0x00,0x00,0x00,0x00,0x55,0x55,0x55,0x03,0x00,0x00,0x00,0x00,0x00,0x00,0x00,0x00,0x00,0x00,0x00,0x00,0x00,0x00,0x00,0x00,
0x00,0x00,0x00,0x00,0x00,0x00,0x00,0x00,0x00,0x00,0x00,0x00,0x00,0x00,0x00,0x00,0x00,0x00,0x00,0x00,0x00,0x00,0x00,0x00,0x00,0x00,0x00,0x00,0x00,0x00,0x00,0x00,
0x00,0x00,0x00,0x00,0x00,0x00,0x00,0x00,0x00,0x00,0x00,0x00,0x00,0x00,0x00,0x00,0x7f,0x7f,0x7f,0x02,0x00,0x00,0x00,0x01,0x5b,0x43,0x37,0xc0,0x60,0x47,0x3b,0xfe,
0x5b,0x42,0x37,0xfc,0x5b,0x43,0x38,0xff,0x5b,0x43,0x38,0xff,0x5b,0x43,0x38,0xff,0x5b,0x43,0x38,0xff,0x5b,0x43,0x38,0xff,0x5b,0x43,0x38,0xff,0x5b,0x43,0x38,0xff,
0x5b,0x43,0x38,0xff,0x5b,0x43,0x38,0xff,0x5b,0x43,0x38,0xff,0x5b,0x43,0x38,0xff,0x5b,0x43,0x38,0xff,0x5b,0x43,0x38,0xff,0x5b,0x43,0x38,0xff,0x5b,0x43,0x38,0xff,
0x5b,0x43,0x38,0xff,0x5b,0x43,0x38,0xff,0x5b,0x43,0x38,0xff,0x5b,0x43,0x38,0xff,0x5b,0x43,0x38,0xff,0x5b,0x43,0x38,0xff,0x5b,0x43,0x38,0xff,0x5b,0x43,0x38,0xff,
0x5b,0x43,0x38,0xff,0x5b,0x43,0x38,0xff,0x5b,0x43,0x38,0xff,0x5b,0x43,0x38,0xff,0x5b,0x43,0x38,0xff,0x5b,0x43,0x38,0xff,0x5b,0x43,0x38,0xff,0x5b,0x43,0x38,0xff,
0x5c,0x44,0x39,0xff,0x54,0x3a,0x2e,0xff,0x71,0x60,0x58,0xff,0x7b,0x6c,0x64,0xff,0x56,0x3d,0x31,0xff,0x5a,0x42,0x37,0xff,0x5b,0x43,0x38,0xff,0x5a,0x42,0x37,0xfd,
0x5f,0x46,0x3b,0xff,0x5a,0x42,0x36,0x41,0x00,0x00,0x00,0x00,0x55,0x55,0x55,0x03,0x00,0x00,0x00,0x00,0x00,0x00,0x00,0x00,0x00,0x00,0x00,0x00,0x00,0x00,0x00,0x00,
0x00,0x00,0x00,0x00,0x00,0x00,0x00,0x00,0x00,0x00,0x00,0x00,0x00,0x00,0x00,0x00,0x00,0x00,0x00,0x00,0x00,0x00,0x00,0x00,0x00,0x00,0x00,0x00,0x00,0x00,0x00,0x00,
0x00,0x00,0x00,0x00,0x00,0x00,0x00,0x00,0x00,0x00,0x00,0x00,0x00,0x00,0x00,0x01,0x00,0x00,0x00,0x00,0x5f,0x3f,0x3f,0x10,0x5b,0x43,0x37,0xeb,0x5d,0x44,0x39,0xff,
0x5b,0x43,0x38,0xfe,0x5b,0x43,0x38,0xff,0x5b,0x43,0x38,0xff,0x5b,0x43,0x38,0xff,0x5b,0x43,0x38,0xff,0x5b,0x43,0x38,0xff,0x5b,0x43,0x38,0xff,0x5b,0x43,0x38,0xff,
0x5b,0x43,0x38,0xff,0x5b,0x43,0x38,0xff,0x5b,0x43,0x38,0xff,0x5b,0x43,0x38,0xff,0x5b,0x43,0x38,0xff,0x5b,0x43,0x38,0xff,0x5b,0x43,0x38,0xff,0x5b,0x43,0x38,0xff,
0x5b,0x43,0x38,0xff,0x5b,0x43,0x38,0xff,0x5b,0x43,0x38,0xff,0x5b,0x43,0x38,0xff,0x5b,0x43,0x38,0xff,0x5b,0x43,0x38,0xff,0x5b,0x43,0x38,0xff,0x5b,0x43,0x38,0xff,
0x5b,0x43,0x38,0xff,0x5b,0x43,0x38,0xff,0x5b,0x43,0x38,0xff,0x5b,0x43,0x38,0xff,0x5b,0x43,0x38,0xff,0x5b,0x43,0x38,0xff,0x5b,0x43,0x38,0xff,0x5b,0x43,0x38,0xff,
0x5b,0x43,0x38,0xff,0x5d,0x45,0x3a,0xff,0x56,0x3d,0x31,0xff,0x54,0x3a,0x2f,0xff,0x5c,0x44,0x39,0xff,0x5b,0x43,0x38,0xff,0x5b,0x43,0x38,0xff,0x5a,0x42,0x37,0xfd,
0x5f,0x46,0x3b,0xff,0x5a,0x42,0x36,0x41,0x00,0x00,0x00,0x00,0x55,0x55,0x55,0x03,0x00,0x00,0x00,0x00,0x00,0x00,0x00,0x00,0x00,0x00,0x00,0x00,0x00,0x00,0x00,0x00,
0x00,0x00,0x00,0x00,0x00,0x00,0x00,0x00,0x00,0x00,0x00,0x00,0x00,0x00,0x00,0x00,0x00,0x00,0x00,0x00,0x00,0x00,0x00,0x00,0x00,0x00,0x00,0x00,0x00,0x00,0x00,0x00,
0x00,0x00,0x00,0x00,0x00,0x00,0x00,0x00,0x00,0x00,0x00,0x00,0x00,0x00,0x00,0x01,0x00,0x00,0x00,0x00,0x5a,0x3c,0x3c,0x11,0x5a,0x43,0x37,0xef,0x5d,0x44,0x39,0xff,
0x5b,0x43,0x38,0xfe,0x5b,0x43,0x38,0xff,0x5b,0x43,0x38,0xff,0x5b,0x43,0x38,0xff,0x5b,0x43,0x38,0xff,0x5b,0x43,0x38,0xff,0x5b,0x43,0x38,0xff,0x5b,0x43,0x38,0xff,
0x5b,0x43,0x38,0xff,0x5b,0x43,0x38,0xff,0x5b,0x43,0x38,0xff,0x5b,0x43,0x38,0xff,0x5b,0x43,0x38,0xff,0x5b,0x43,0x38,0xff,0x5b,0x43,0x38,0xff,0x5b,0x43,0x38,0xff,
0x5b,0x43,0x38,0xff,0x5b,0x43,0x38,0xff,0x5b,0x43,0x38,0xff,0x5b,0x43,0x38,0xff,0x5b,0x43,0x38,0xff,0x5b,0x43,0x38,0xff,0x5b,0x43,0x38,0xff,0x5b,0x43,0x38,0xff,
0x5b,0x43,0x38,0xff,0x5b,0x43,0x38,0xff,0x5b,0x43,0x38,0xff,0x5b,0x43,0x38,0xff,0x5b,0x43,0x38,0xff,0x5b,0x43,0x38,0xff,0x5b,0x43,0x38,0xff,0x5b,0x43,0x38,0xff,
0x5b,0x43,0x38,0xff,0x5b,0x43,0x38,0xff,0x5c,0x44,0x3a,0xff,0x5d,0x45,0x3a,0xff,0x5b,0x43,0x38,0xff,0x5b,0x43,0x38,0xff,0x5b,0x43,0x38,0xff,0x5a,0x42,0x37,0xfd,
0x5f,0x46,0x3b,0xff,0x5b,0x43,0x37,0x40,0x00,0x00,0x00,0x00,0x55,0x55,0x55,0x03,0x00,0x00,0x00,0x00,0x00,0x00,0x00,0x00,0x00,0x00,0x00,0x00,0x00,0x00,0x00,0x00,
0x00,0x00,0x00,0x00,0x00,0x00,0x00,0x00,0x00,0x00,0x00,0x00,0x00,0x00,0x00,0x00,0x00,0x00,0x00,0x00,0x00,0x00,0x00,0x00,0x00,0x00,0x00,0x00,0x00,0x00,0x00,0x00,
0x00,0x00,0x00,0x00,0x00,0x00,0x00,0x00,0x00,0x00,0x00,0x00,0x00,0x00,0x00,0x01,0x00,0x00,0x00,0x00,0x5a,0x3c,0x3c,0x11,0x5b,0x43,0x37,0xee,0x5d,0x44,0x39,0xff,
0x5b,0x43,0x38,0xfe,0x5b,0x43,0x38,0xff,0x5b,0x43,0x38,0xff,0x5b,0x43,0x38,0xff,0x5b,0x43,0x38,0xff,0x5b,0x43,0x38,0xff,0x5b,0x43,0x38,0xff,0x5b,0x43,0x38,0xff,
0x5b,0x43,0x38,0xff,0x5b,0x43,0x38,0xff,0x5b,0x43,0x38,0xff,0x5b,0x43,0x38,0xff,0x5b,0x43,0x38,0xff,0x5b,0x43,0x38,0xff,0x5b,0x43,0x38,0xff,0x5b,0x43,0x38,0xff,
0x5b,0x43,0x38,0xff,0x5b,0x43,0x38,0xff,0x5b,0x43,0x38,0xff,0x5b,0x43,0x38,0xff,0x5b,0x43,0x38,0xff,0x5b,0x43,0x38,0xff,0x5b,0x43,0x38,0xff,0x5b,0x43,0x38,0xff,
0x5b,0x43,0x38,0xff,0x5b,0x43,0x38,0xff,0x5b,0x43,0x38,0xff,0x5b,0x43,0x38,0xff,0x5b,0x43,0x38,0xff,0x5b,0x43,0x38,0xff,0x5b,0x43,0x38,0xff,0x5b,0x43,0x38,0xff,
0x5b,0x43,0x38,0xff,0x5b,0x43,0x38,0xff,0x5b,0x43,0x38,0xff,0x5b,0x43,0x38,0xff,0x5b,0x43,0x38,0xff,0x5b,0x43,0x38,0xff,0x5b,0x43,0x38,0xff,0x5a,0x42,0x37,0xfd,
0x5f,0x46,0x3b,0xff,0x5b,0x44,0x39,0x43,0x00,0x00,0x00,0x00,0x55,0x55,0x55,0x03,0x00,0x00,0x00,0x00,0x00,0x00,0x00,0x00,0x00,0x00,0x00,0x00,0x00,0x00,0x00,0x00,
0x00,0x00,0x00,0x00,0x00,0x00,0x00,0x00,0x00,0x00,0x00,0x00,0x00,0x00,0x00,0x00,0x00,0x00,0x00,0x00,0x00,0x00,0x00,0x00,0x00,0x00,0x00,0x00,0x00,0x00,0x00,0x00,
0x00,0x00,0x00,0x00,0x00,0x00,0x00,0x00,0x00,0x00,0x00,0x00,0x00,0x00,0x00,0x01,0x00,0x00,0x00,0x00,0x5a,0x3c,0x3c,0x11,0x5b,0x43,0x37,0xee,0x5d,0x44,0x39,0xff,
0x5b,0x43,0x38,0xfe,0x5b,0x43,0x38,0xff,0x5b,0x43,0x38,0xff,0x5b,0x43,0x38,0xff,0x5b,0x43,0x38,0xff,0x5b,0x43,0x38,0xff,0x5b,0x43,0x38,0xff,0x5b,0x43,0x38,0xff,
0x5a,0x42,0x38,0xfd,0x5a,0x42,0x37,0xfd,0x5a,0x42,0x37,0xfd,0x5a,0x42,0x37,0xfd,0x5a,0x42,0x37,0xfd,0x5a,0x42,0x37,0xfd,0x5a,0x42,0x37,0xfd,0x5a,0x42,0x37,0xfd,
0x5a,0x42,0x37,0xfd,0x5a,0x42,0x37,0xfd,0x5a,0x42,0x37,0xfd,0x5a,0x42,0x37,0xfd,0x5b,0x42,0x37,0xfc,0x5b,0x43,0x38,0xff,0x5b,0x43,0x38,0xff,0x5b,0x43,0x38,0xff,
0x5b,0x43,0x38,0xff,0x5b,0x43,0x38,0xff,0x5b,0x43,0x38,0xff,0x5b,0x43,0x38,0xff,0x5b,0x43,0x38,0xff,0x5b,0x43,0x38,0xff,0x5b,0x43,0x38,0xff,0x5b,0x43,0x38,0xff,
0x5b,0x43,0x38,0xff,0x5b,0x43,0x38,0xff,0x5b,0x43,0x38,0xff,0x5b,0x43,0x38,0xff,0x5b,0x43,0x38,0xff,0x5b,0x43,0x38,0xff,0x5b,0x43,0x38,0xfe,0x5d,0x43,0x38,0xfc,
0x5b,0x43,0x38,0xf4,0x5b,0x3f,0x36,0x1c,0x00,0x00,0x00,0x00,0x00,0x00,0x00,0x01,0x00,0x00,0x00,0x00,0x00,0x00,0x00,0x00,0x00,0x00,0x00,0x00,0x00,0x00,0x00,0x00,
0x00,0x00,0x00,0x00,0x00,0x00,0x00,0x00,0x00,0x00,0x00,0x00,0x00,0x00,0x00,0x00,0x00,0x00,0x00,0x00,0x00,0x00,0x00,0x00,0x00,0x00,0x00,0x00,0x00,0x00,0x00,0x00,
0x00,0x00,0x00,0x00,0x00,0x00,0x00,0x00,0x00,0x00,0x00,0x00,0x00,0x00,0x00,0x01,0x00,0x00,0x00,0x00,0x5a,0x3c,0x3c,0x11,0x5b,0x43,0x37,0xee,0x5d,0x44,0x39,0xff,
0x5b,0x43,0x38,0xfe,0x5b,0x43,0x38,0xff,0x5b,0x43,0x38,0xff,0x5b,0x43,0x38,0xff,0x5b,0x43,0x38,0xff,0x5b,0x43,0x38,0xff,0x5b,0x43,0x38,0xff,0x5b,0x43,0x38,0xff,
0x5f,0x46,0x3a,0xff,0x5f,0x46,0x3b,0xff,0x5f,0x46,0x3b,0xff,0x5f,0x46,0x3b,0xff,0x5f,0x46,0x3b,0xff,0x5f,0x46,0x3b,0xff,0x5f,0x46,0x3b,0xff,0x5f,0x46,0x3b,0xff,
0x5f,0x46,0x3b,0xff,0x5f,0x46,0x3b,0xff,0x5f,0x46,0x3a,0xff,0x5f,0x46,0x3b,0xff,0x5f,0x46,0x3b,0xff,0x5b,0x42,0x37,0xfc,0x5a,0x43,0x38,0xfe,0x5b,0x43,0x38,0xff,
0x5b,0x43,0x38,0xff,0x5b,0x43,0x38,0xff,0x5b,0x43,0x38,0xff,0x5b,0x43,0x38,0xff,0x5b,0x43,0x38,0xff,0x5b,0x43,0x38,0xff,0x5b,0x43,0x38,0xff,0x5b,0x43,0x38,0xff,
0x5b,0x43,0x38,0xff,0x5b,0x43,0x38,0xff,0x5b,0x43,0x38,0xff,0x5b,0x43,0x38,0xff,0x5b,0x43,0x38,0xff,0x5b,0x43,0x38,0xfe,0x5a,0x42,0x37,0xf8,0x64,0x4a,0x3d,0xff,
0x5a,0x42,0x37,0xa1,0x00,0x00,0x00,0x00,0x55,0x55,0x55,0x03,0x00,0x00,0x00,0x00,0x00,0x00,0x00,0x00,0x00,0x00,0x00,0x00,0x00,0x00,0x00,0x00,0x00,0x00,0x00,0x00,
0x00,0x00,0x00,0x00,0x00,0x00,0x00,0x00,0x00,0x00,0x00,0x00,0x00,0x00,0x00,0x00,0x00,0x00,0x00,0x00,0x00,0x00,0x00,0x00,0x00,0x00,0x00,0x00,0x00,0x00,0x00,0x00,
0x00,0x00,0x00,0x00,0x00,0x00,0x00,0x00,0x00,0x00,0x00,0x00,0x00,0x00,0x00,0x01,0x00,0x00,0x00,0x00,0x5a,0x3c,0x3c,0x11,0x5b,0x43,0x37,0xee,0x5d,0x44,0x39,0xff,
0x5b,0x43,0x38,0xfe,0x5b,0x43,0x38,0xff,0x5b,0x43,0x38,0xff,0x5b,0x43,0x38,0xff,0x5b,0x43,0x38,0xff,0x5b,0x43,0x38,0xfe,0x5c,0x44,0x39,0xff,0x5b,0x43,0x37,0xf2,
0x5b,0x41,0x37,0x4e,0x5a,0x42,0x36,0x41,0x58,0x41,0x36,0x42,0x5a,0x42,0x36,0x41,0x5a,0x42,0x36,0x41,0x5a,0x42,0x36,0x41,0x5a,0x42,0x36,0x41,0x5a,0x42,0x36,0x41,
0x5a,0x42,0x36,0x41,0x5a,0x42,0x36,0x41,0x5a,0x43,0x38,0x44,0x5a,0x42,0x36,0x41,0x5a,0x42,0x37,0x9d,0x64,0x49,0x3d,0xff,0x5d,0x44,0x39,0xff,0x5a,0x42,0x37,0xfd,
0x5a,0x42,0x37,0xfd,0x5a,0x42,0x37,0xfd,0x5a,0x42,0x37,0xfd,0x5a,0x42,0x37,0xfd,0x5a,0x42,0x37,0xfd,0x5a,0x42,0x37,0xfd,0x5a,0x42,0x37,0xfd,0x5a,0x42,0x37,0xfd,
0x5a,0x42,0x37,0xfd,0x5a,0x42,0x37,0xfd,0x5a,0x42,0x37,0xfd,0x5a,0x42,0x37,0xfd,0x5a,0x42,0x37,0xfd,0x5b,0x43,0x38,0xff,0x64,0x49,0x3d,0xff,0x5c,0x44,0x38,0xca,
0x5d,0x43,0x35,0x13,0x7f,0x7f,0x7f,0x02,0x00,0x00,0x00,0x01,0x00,0x00,0x00,0x00,0x00,0x00,0x00,0x00,0x00,0x00,0x00,0x00,0x00,0x00,0x00,0x00,0x00,0x00,0x00,0x00,
0x00,0x00,0x00,0x00,0x00,0x00,0x00,0x00,0x00,0x00,0x00,0x00,0x00,0x00,0x00,0x00,0x00,0x00,0x00,0x00,0x00,0x00,0x00,0x00,0x00,0x00,0x00,0x00,0x00,0x00,0x00,0x00,
0x00,0x00,0x00,0x00,0x00,0x00,0x00,0x00,0x00,0x00,0x00,0x00,0x00,0x00,0x00,0x01,0x00,0x00,0x00,0x00,0x5a,0x3c,0x3c,0x11,0x5b,0x43,0x37,0xee,0x5d,0x44,0x39,0xff,
0x5b,0x43,0x38,0xfe,0x5b,0x43,0x38,0xff,0x5b,0x43,0x38,0xff,0x5b,0x43,0x38,0xff,0x5b,0x43,0x38,0xff,0x5b,0x43,0x38,0xfe,0x5d,0x44,0x39,0xff,0x5b,0x43,0x37,0xed,
0x3f,0x3f,0x3f,0x04,0x00,0x00,0x00,0x00,0x00,0x00,0x00,0x00,0x00,0x00,0x00,0x00,0x00,0x00,0x00,0x00,0x00,0x00,0x00,0x00,0x00,0x00,0x00,0x00,0x00,0x00,0x00,0x00,
0x00,0x00,0x00,0x00,0x00,0x00,0x00,0x00,0x00,0x00,0x00,0x00,0x00,0x00,0x00,0x00,0x00,0x00,0x00,0x00,0x5c,0x43,0x39,0x7c,0x5d,0x45,0x3a,0xe4,0x5f,0x46,0x3a,0xff,
0x5f,0x46,0x3a,0xff,0x5f,0x46,0x3b,0xff,0x5f,0x46,0x3b,0xff,0x5f,0x46,0x3b,0xff,0x5f,0x46,0x3b,0xff,0x5f,0x46,0x3b,0xff,0x5f,0x46,0x3b,0xff,0x5f,0x46,0x3b,0xff,
0x5f,0x46,0x3b,0xff,0x5f,0x46,0x3b,0xff,0x5f,0x46,0x3b,0xff,0x5f,0x46,0x3a,0xff,0x5f,0x46,0x3b,0xff,0x5d,0x44,0x39,0xf1,0x5d,0x45,0x3a,0x9e,0x55,0x38,0x38,0x12,
0x00,0x00,0x00,0x00,0x00,0x00,0x00,0x01,0x00,0x00,0x00,0x00,0x00,0x00,0x00,0x00,0x00,0x00,0x00,0x00,0x00,0x00,0x00,0x00,0x00,0x00,0x00,0x00,0x00,0x00,0x00,0x00,
0x00,0x00,0x00,0x00,0x00,0x00,0x00,0x00,0x00,0x00,0x00,0x00,0x00,0x00,0x00,0x00,0x00,0x00,0x00,0x00,0x00,0x00,0x00,0x00,0x00,0x00,0x00,0x00,0x00,0x00,0x00,0x00,
0x00,0x00,0x00,0x00,0x00,0x00,0x00,0x00,0x00,0x00,0x00,0x00,0x00,0x00,0x00,0x01,0x00,0x00,0x00,0x00,0x5a,0x3c,0x3c,0x11,0x5b,0x43,0x37,0xee,0x5d,0x44,0x39,0xff,
0x5b,0x43,0x38,0xfe,0x5b,0x43,0x38,0xff,0x5b,0x43,0x38,0xff,0x5b,0x43,0x38,0xff,0x5b,0x43,0x38,0xff,0x5b,0x43,0x38,0xfe,0x5d,0x44,0x39,0xff,0x5b,0x43,0x37,0xee,
0x59,0x3f,0x3f,0x14,0x55,0x55,0x55,0x03,0x3f,0x3f,0x3f,0x04,0x55,0x55,0x55,0x03,0x55,0x55,0x55,0x03,0x55,0x55,0x55,0x03,0x55,0x55,0x55,0x03,0x55,0x55,0x55,0x03,
0x55,0x55,0x55,0x03,0x55,0x55,0x55,0x03,0x55,0x55,0x55,0x03,0x55,0x55,0x55,0x03,0x00,0x00,0x00,0x01,0x00,0x00,0x00,0x00,0x4e,0x3a,0x3a,0x0d,0x5e,0x45,0x39,0x3e,
0x5e,0x42,0x36,0x41,0x5a,0x42,0x36,0x41,0x5a,0x42,0x36,0x41,0x5a,0x42,0x36,0x41,0x5a,0x42,0x36,0x41,0x5a,0x42,0x36,0x41,0x5a,0x42,0x36,0x41,0x5a,0x42,0x36,0x41,
0x5a,0x42,0x36,0x41,0x5a,0x42,0x36,0x41,0x5a,0x42,0x36,0x41,0x5a,0x42,0x36,0x41,0x5e,0x46,0x3a,0x41,0x5e,0x42,0x38,0x1b,0x00,0x00,0x00,0x00,0x00,0x00,0x00,0x00,
0x00,0x00,0x00,0x01,0x00,0x00,0x00,0x00,0x00,0x00,0x00,0x00,0x00,0x00,0x00,0x00,0x00,0x00,0x00,0x00,0x00,0x00,0x00,0x00,0x00,0x00,0x00,0x00,0x00,0x00,0x00,0x00,
0x00,0x00,0x00,0x00,0x00,0x00,0x00,0x00,0x00,0x00,0x00,0x00,0x00,0x00,0x00,0x00,0x00,0x00,0x00,0x00,0x00,0x00,0x00,0x00,0x00,0x00,0x00,0x00,0x00,0x00,0x00,0x00,
0x00,0x00,0x00,0x00,0x00,0x00,0x00,0x00,0x00,0x00,0x00,0x00,0x00,0x00,0x00,0x01,0x00,0x00,0x00,0x00,0x5a,0x3c,0x3c,0x11,0x5b,0x43,0x37,0xee,0x5d,0x44,0x39,0xff,
0x5b,0x43,0x38,0xfe,0x5b,0x43,0x38,0xff,0x5b,0x43,0x38,0xff,0x5b,0x43,0x38,0xff,0x5b,0x43,0x38,0xff,0x5b,0x43,0x38,0xfe,0x5d,0x44,0x39,0xff,0x5b,0x43,0x37,0xee,
0x5a,0x3c,0x3c,0x11,0x00,0x00,0x00,0x00,0x00,0x00,0x00,0x01,0x00,0x00,0x00,0x00,0x00,0x00,0x00,0x00,0x00,0x00,0x00,0x00,0x00,0x00,0x00,0x00,0x00,0x00,0x00,0x00,
0x00,0x00,0x00,0x00,0x00,0x00,0x00,0x00,0x00,0x00,0x00,0x00,0x00,0x00,0x00,0x00,0x00,0x00,0x00,0x00,0x55,0x55,0x55,0x03,0x00,0x00,0x00,0x00,0x00,0x00,0x00,0x00,
0x00,0x00,0x00,0x00,0x00,0x00,0x00,0x00,0x00,0x00,0x00,0x00,0x00,0x00,0x00,0x00,0x00,0x00,0x00,0x00,0x00,0x00,0x00,0x00,0x00,0x00,0x00,0x00,0x00,0x00,0x00,0x00,
0x00,0x00,0x00,0x00,0x00,0x00,0x00,0x00,0x00,0x00,0x00,0x00,0x00,0x00,0x00,0x00,0x00,0x00,0x00,0x00,0x00,0x00,0x00,0x00,0x55,0x55,0x55,0x03,0x00,0x00,0x00,0x01,
0x00,0x00,0x00,0x00,0x00,0x00,0x00,0x00,0x00,0x00,0x00,0x00,0x00,0x00,0x00,0x00,0x00,0x00,0x00,0x00,0x00,0x00,0x00,0x00,0x00,0x00,0x00,0x00,0x00,0x00,0x00,0x00,
0x00,0x00,0x00,0x00,0x00,0x00,0x00,0x00,0x00,0x00,0x00,0x00,0x00,0x00,0x00,0x00,0x00,0x00,0x00,0x00,0x00,0x00,0x00,0x00,0x00,0x00,0x00,0x00,0x00,0x00,0x00,0x00,
0x00,0x00,0x00,0x00,0x00,0x00,0x00,0x00,0x00,0x00,0x00,0x00,0x00,0x00,0x00,0x01,0x00,0x00,0x00,0x00,0x5a,0x3c,0x3c,0x11,0x5b,0x43,0x37,0xee,0x5d,0x44,0x39,0xff,
0x5b,0x43,0x38,0xfe,0x5b,0x43,0x38,0xff,0x5b,0x43,0x38,0xff,0x5b,0x43,0x38,0xff,0x5b,0x43,0x38,0xff,0x5b,0x43,0x38,0xfe,0x5d,0x44,0x39,0xff,0x5b,0x43,0x37,0xee,
0x55,0x38,0x38,0x12,0x00,0x00,0x00,0x01,0x00,0x00,0x00,0x02,0x00,0x00,0x00,0x01,0x00,0x00,0x00,0x01,0x00,0x00,0x00,0x01,0x00,0x00,0x00,0x01,0x00,0x00,0x00,0x01,
0x00,0x00,0x00,0x01,0x00,0x00,0x00,0x01,0x00,0x00,0x00,0x01,0x00,0x00,0x00,0x01,0x00,0x00,0x00,0x01,0x00,0x00,0x00,0x01,0x7f,0x7f,0x00,0x02,0x3f,0x3f,0x3f,0x04,
0x3f,0x3f,0x3f,0x04,0x3f,0x3f,0x3f,0x04,0x3f,0x3f,0x3f,0x04,0x7f,0x3f,0x3f,0x04,0x55,0x55,0x55,0x03,0x55,0x55,0x55,0x03,0x55,0x55,0x55,0x03,0x55,0x55,0x55,0x03,
0x55,0x55,0x55,0x03,0x55,0x55,0x55,0x03,0x55,0x55,0x55,0x03,0x55,0x55,0x55,0x03,0x55,0x55,0x55,0x03,0x7f,0x00,0x00,0x02,0x00,0x00,0x00,0x00,0x00,0x00,0x00,0x00,
0x00,0x00,0x00,0x00,0x00,0x00,0x00,0x00,0x00,0x00,0x00,0x00,0x00,0x00,0x00,0x00,0x00,0x00,0x00,0x00,0x00,0x00,0x00,0x00,0x00,0x00,0x00,0x00,0x00,0x00,0x00,0x00,
0x00,0x00,0x00,0x00,0x00,0x00,0x00,0x00,0x00,0x00,0x00,0x00,0x00,0x00,0x00,0x00,0x00,0x00,0x00,0x00,0x00,0x00,0x00,0x00,0x00,0x00,0x00,0x00,0x00,0x00,0x00,0x00,
0x00,0x00,0x00,0x00,0x00,0x00,0x00,0x00,0x00,0x00,0x00,0x00,0x00,0x00,0x00,0x01,0x00,0x00,0x00,0x00,0x5a,0x3c,0x3c,0x11,0x5b,0x43,0x37,0xee,0x5d,0x44,0x39,0xff,
0x5b,0x43,0x38,0xfe,0x5b,0x43,0x38,0xff,0x5b,0x43,0x38,0xff,0x5b,0x43,0x38,0xff,0x5b,0x43,0x38,0xff,0x5b,0x43,0x38,0xfe,0x5d,0x44,0x39,0xff,0x5b,0x43,0x37,0xee,
0x62,0x3a,0x3a,0x0d,0x00,0x00,0x00,0x00,0x00,0x00,0x00,0x00,0x00,0x00,0x00,0x00,0x00,0x00,0x00,0x00,0x00,0x00,0x00,0x00,0x00,0x00,0x00,0x00,0x00,0x00,0x00,0x00,
0x00,0x00,0x00,0x00,0x00,0x00,0x00,0x00,0x00,0x00,0x00,0x00,0x00,0x00,0x00,0x00,0x00,0x00,0x00,0x00,0x00,0x00,0x00,0x00,0x00,0x00,0x00,0x00,0x00,0x00,0x00,0x00,
0x00,0x00,0x00,0x00,0x00,0x00,0x00,0x00,0x00,0x00,0x00,0x00,0x00,0x00,0x00,0x00,0x00,0x00,0x00,0x01,0x3f,0x3f,0x3f,0x04,0x7f,0x00,0x00,0x02,0x00,0x00,0x00,0x00,
0x00,0x00,0x00,0x00,0x00,0x00,0x00,0x00,0x00,0x00,0x00,0x00,0x00,0x00,0x00,0x00,0x00,0x00,0x00,0x00,0x00,0x00,0x00,0x00,0x00,0x00,0x00,0x00,0x00,0x00,0x00,0x00,
0x00,0x00,0x00,0x00,0x00,0x00,0x00,0x00,0x00,0x00,0x00,0x00,0x00,0x00,0x00,0x00,0x00,0x00,0x00,0x00,0x00,0x00,0x00,0x00,0x00,0x00,0x00,0x00,0x00,0x00,0x00,0x00,
0x00,0x00,0x00,0x00,0x00,0x00,0x00,0x00,0x00,0x00,0x00,0x00,0x00,0x00,0x00,0x00,0x00,0x00,0x00,0x00,0x00,0x00,0x00,0x00,0x00,0x00,0x00,0x00,0x00,0x00,0x00,0x00,
0x00,0x00,0x00,0x00,0x00,0x00,0x00,0x00,0x00,0x00,0x00,0x00,0x00,0x00,0x00,0x01,0x00,0x00,0x00,0x00,0x5a,0x3c,0x3c,0x11,0x5b,0x43,0x37,0xee,0x5d,0x44,0x39,0xff,
0x5b,0x43,0x38,0xfe,0x5b,0x43,0x38,0xff,0x5b,0x43,0x38,0xff,0x5b,0x43,0x38,0xff,0x5b,0x43,0x38,0xff,0x5b,0x43,0x38,0xfe,0x5d,0x44,0x39,0xff,0x5a,0x43,0x37,0xef,
0x5f,0x3f,0x37,0x20,0x5a,0x3c,0x3c,0x11,0x5a,0x3c,0x3c,0x11,0x5a,0x3c,0x3c,0x11,0x5a,0x3c,0x3c,0x11,0x5a,0x3c,0x3c,0x11,0x5a,0x3c,0x3c,0x11,0x5a,0x3c,0x3c,0x11,
0x5a,0x3c,0x3c,0x11,0x5a,0x3c,0x3c,0x11,0x5a,0x3c,0x3c,0x11,0x5a,0x3c,0x3c,0x11,0x5a,0x3c,0x3c,0x11,0x5a,0x3c,0x3c,0x11,0x5a,0x3c,0x3c,0x11,0x5a,0x3c,0x3c,0x11,
0x5a,0x3c,0x3c,0x11,0x5a,0x3c,0x3c,0x11,0x5f,0x3f,0x3f,0x10,0x5f,0x4f,0x3f,0x10,0x00,0x00,0x00,0x00,0x00,0x00,0x00,0x00,0x00,0x00,0x00,0x00,0x55,0x55,0x55,0x03,
0x00,0x00,0x00,0x00,0x00,0x00,0x00,0x00,0x00,0x00,0x00,0x00,0x00,0x00,0x00,0x00,0x00,0x00,0x00,0x00,0x00,0x00,0x00,0x00,0x00,0x00,0x00,0x00,0x00,0x00,0x00,0x00,
0x00,0x00,0x00,0x00,0x00,0x00,0x00,0x00,0x00,0x00,0x00,0x00,0x00,0x00,0x00,0x00,0x00,0x00,0x00,0x00,0x00,0x00,0x00,0x00,0x00,0x00,0x00,0x00,0x00,0x00,0x00,0x00,
0x00,0x00,0x00,0x00,0x00,0x00,0x00,0x00,0x00,0x00,0x00,0x00,0x00,0x00,0x00,0x00,0x00,0x00,0x00,0x00,0x00,0x00,0x00,0x00,0x00,0x00,0x00,0x00,0x00,0x00,0x00,0x00,
0x00,0x00,0x00,0x00,0x00,0x00,0x00,0x00,0x00,0x00,0x00,0x00,0x00,0x00,0x00,0x01,0x00,0x00,0x00,0x00,0x5a,0x3c,0x3c,0x11,0x5b,0x43,0x37,0xee,0x5d,0x44,0x39,0xff,
0x5b,0x43,0x38,0xfe,0x5b,0x43,0x38,0xff,0x5b,0x43,0x38,0xff,0x5b,0x43,0x38,0xff,0x5b,0x43,0x38,0xff,0x5b,0x43,0x38,0xff,0x5b,0x43,0x38,0xff,0x5b,0x43,0x38,0xfe,
0x5a,0x42,0x38,0xf0,0x5b,0x43,0x37,0xee,0x5a,0x43,0x37,0xef,0x5b,0x43,0x37,0xee,0x5b,0x43,0x37,0xee,0x5b,0x43,0x37,0xee,0x5b,0x43,0x37,0xee,0x5b,0x43,0x37,0xee,
0x5b,0x43,0x37,0xee,0x5b,0x43,0x37,0xee,0x5b,0x43,0x37,0xee,0x5b,0x43,0x37,0xee,0x5b,0x43,0x37,0xee,0x5b,0x43,0x37,0xee,0x5b,0x43,0x37,0xee,0x5b,0x43,0x37,0xee,
0x5b,0x43,0x37,0xee,0x5b,0x43,0x37,0xee,0x5b,0x42,0x37,0xee,0x5c,0x43,0x38,0xee,0x5c,0x44,0x39,0xc9,0x5f,0x45,0x3a,0x8b,0x5b,0x41,0x34,0x27,0x00,0x00,0x00,0x00,
0x55,0x55,0x55,0x03,0x00,0x00,0x00,0x00,0x00,0x00,0x00,0x00,0x00,0x00,0x00,0x00,0x00,0x00,0x00,0x00,0x00,0x00,0x00,0x00,0x00,0x00,0x00,0x00,0x00,0x00,0x00,0x00,
0x00,0x00,0x00,0x00,0x00,0x00,0x00,0x00,0x00,0x00,0x00,0x00,0x00,0x00,0x00,0x00,0x00,0x00,0x00,0x00,0x00,0x00,0x00,0x00,0x00,0x00,0x00,0x00,0x00,0x00,0x00,0x00,
0x00,0x00,0x00,0x00,0x00,0x00,0x00,0x00,0x00,0x00,0x00,0x00,0x00,0x00,0x00,0x00,0x00,0x00,0x00,0x00,0x00,0x00,0x00,0x00,0x00,0x00,0x00,0x00,0x00,0x00,0x00,0x00,
0x00,0x00,0x00,0x00,0x00,0x00,0x00,0x00,0x00,0x00,0x00,0x00,0x00,0x00,0x00,0x01,0x00,0x00,0x00,0x00,0x5a,0x3c,0x3c,0x11,0x5b,0x43,0x37,0xee,0x5d,0x44,0x39,0xff,
0x5b,0x43,0x38,0xfe,0x5b,0x43,0x38,0xff,0x5b,0x43,0x38,0xff,0x5b,0x43,0x38,0xff,0x5b,0x43,0x38,0xff,0x5b,0x43,0x38,0xff,0x5b,0x43,0x38,0xff,0x5b,0x43,0x38,0xff,
0x5c,0x44,0x39,0xff,0x5d,0x44,0x39,0xff,0x5d,0x44,0x39,0xff,0x5d,0x44,0x39,0xff,0x5d,0x44,0x39,0xff,0x5d,0x44,0x39,0xff,0x5d,0x44,0x39,0xff,0x5d,0x44,0x39,0xff,
0x5d,0x44,0x39,0xff,0x5d,0x44,0x39,0xff,0x5d,0x44,0x39,0xff,0x5d,0x44,0x39,0xff,0x5d,0x44,0x39,0xff,0x5d,0x44,0x39,0xff,0x5d,0x44,0x39,0xff,0x5d,0x44,0x39,0xff,
0x5d,0x44,0x39,0xff,0x5d,0x44,0x39,0xff,0x5d,0x44,0x39,0xff,0x5c,0x44,0x39,0xff,0x5f,0x46,0x3a,0xff,0x62,0x48,0x3c,0xff,0x5f,0x45,0x3a,0xf1,0x59,0x41,0x37,0x61,
0x00,0x00,0x00,0x00,0x7f,0x7f,0x7f,0x02,0x00,0x00,0x00,0x00,0x00,0x00,0x00,0x00,0x00,0x00,0x00,0x00,0x00,0x00,0x00,0x00,0x00,0x00,0x00,0x00,0x00,0x00,0x00,0x00,
0x00,0x00,0x00,0x00,0x00,0x00,0x00,0x00,0x00,0x00,0x00,0x00,0x00,0x00,0x00,0x00,0x00,0x00,0x00,0x00,0x00,0x00,0x00,0x00,0x00,0x00,0x00,0x00,0x00,0x00,0x00,0x00,
0x00,0x00,0x00,0x00,0x00,0x00,0x00,0x00,0x00,0x00,0x00,0x00,0x00,0x00,0x00,0x00,0x00,0x00,0x00,0x00,0x00,0x00,0x00,0x00,0x00,0x00,0x00,0x00,0x00,0x00,0x00,0x00,
0x00,0x00,0x00,0x00,0x00,0x00,0x00,0x00,0x00,0x00,0x00,0x00,0x00,0x00,0x00,0x01,0x00,0x00,0x00,0x00,0x5a,0x3c,0x3c,0x11,0x5b,0x43,0x37,0xee,0x5d,0x44,0x39,0xff,
0x5b,0x43,0x38,0xfe,0x5b,0x43,0x38,0xff,0x5b,0x43,0x38,0xff,0x5b,0x43,0x38,0xff,0x5b,0x43,0x38,0xff,0x5b,0x43,0x38,0xff,0x5b,0x43,0x38,0xff,0x5b,0x43,0x38,0xff,
0x5b,0x43,0x38,0xfe,0x5b,0x43,0x38,0xfe,0x5b,0x43,0x38,0xfe,0x5b,0x43,0x38,0xfe,0x5b,0x43,0x38,0xfe,0x5b,0x43,0x38,0xfe,0x5b,0x43,0x38,0xfe,0x5b,0x43,0x38,0xfe,
0x5b,0x43,0x38,0xfe,0x5b,0x43,0x38,0xfe,0x5b,0x43,0x38,0xfe,0x5b,0x43,0x38,0xfe,0x5b,0x43,0x38,0xfe,0x5b,0x43,0x38,0xfe,0x5b,0x43,0x38,0xfe,0x5b,0x43,0x38,0xfe,
0x5b,0x43,0x38,0xfe,0x5b,0x43,0x38,0xfe,0x5b,0x43,0x38,0xfe,0x5b,0x43,0x38,0xfe,0x5a,0x42,0x38,0xfd,0x5a,0x43,0x38,0xfa,0x5d,0x44,0x39,0xff,0x5e,0x45,0x3a,0xfe,
0x5d,0x44,0x35,0x34,0x00,0x00,0x00,0x00,0x7f,0x7f,0x7f,0x02,0x00,0x00,0x00,0x00,0x00,0x00,0x00,0x00,0x00,0x00,0x00,0x00,0x00,0x00,0x00,0x00,0x00,0x00,0x00,0x00,
0x00,0x00,0x00,0x00,0x00,0x00,0x00,0x00,0x00,0x00,0x00,0x00,0x00,0x00,0x00,0x00,0x00,0x00,0x00,0x00,0x00,0x00,0x00,0x00,0x00,0x00,0x00,0x00,0x00,0x00,0x00,0x00,
0x00,0x00,0x00,0x00,0x00,0x00,0x00,0x00,0x00,0x00,0x00,0x00,0x00,0x00,0x00,0x00,0x00,0x00,0x00,0x00,0x00,0x00,0x00,0x00,0x00,0x00,0x00,0x00,0x00,0x00,0x00,0x00,
0x00,0x00,0x00,0x00,0x00,0x00,0x00,0x00,0x00,0x00,0x00,0x00,0x00,0x00,0x00,0x01,0x00,0x00,0x00,0x00,0x5a,0x3c,0x3c,0x11,0x5b,0x43,0x37,0xee,0x5d,0x44,0x39,0xff,
0x5b,0x43,0x38,0xfe,0x5b,0x43,0x38,0xff,0x5b,0x43,0x38,0xff,0x5b,0x43,0x38,0xff,0x5b,0x43,0x38,0xff,0x5b,0x43,0x38,0xff,0x5b,0x43,0x38,0xff,0x5b,0x43,0x38,0xff,
0x5b,0x43,0x38,0xff,0x5b,0x43,0x38,0xff,0x5b,0x43,0x38,0xff,0x5b,0x43,0x38,0xff,0x5b,0x43,0x38,0xff,0x5b,0x43,0x38,0xff,0x5b,0x43,0x38,0xff,0x5b,0x43,0x38,0xff,
0x5b,0x43,0x38,0xff,0x5b,0x43,0x38,0xff,0x5b,0x43,0x38,0xff,0x5b,0x43,0x38,0xff,0x5b,0x43,0x38,0xff,0x5b,0x43,0x38,0xff,0x5b,0x43,0x38,0xff,0x5b,0x43,0x38,0xff,
0x5b,0x43,0x38,0xff,0x5b,0x43,0x38,0xff,0x5b,0x43,0x38,0xff,0x5b,0x43,0x38,0xff,0x5b,0x43,0x38,0xff,0x5b,0x43,0x38,0xff,0x5a,0x43,0x37,0xfb,0x61,0x47,0x3b,0xff,
0x5b,0x43,0x38,0xb8,0x00,0x00,0x00,0x01,0x55,0x55,0x55,0x03,0x00,0x00,0x00,0x00,0x00,0x00,0x00,0x00,0x00,0x00,0x00,0x00,0x00,0x00,0x00,0x00,0x00,0x00,0x00,0x00,
0x00,0x00,0x00,0x00,0x00,0x00,0x00,0x00,0x00,0x00,0x00,0x00,0x00,0x00,0x00,0x00,0x00,0x00,0x00,0x00,0x00,0x00,0x00,0x00,0x00,0x00,0x00,0x00,0x00,0x00,0x00,0x00,
0x00,0x00,0x00,0x00,0x00,0x00,0x00,0x00,0x00,0x00,0x00,0x00,0x00,0x00,0x00,0x00,0x00,0x00,0x00,0x00,0x00,0x00,0x00,0x00,0x00,0x00,0x00,0x00,0x00,0x00,0x00,0x00,
0x00,0x00,0x00,0x00,0x00,0x00,0x00,0x00,0x00,0x00,0x00,0x00,0x00,0x00,0x00,0x01,0x00,0x00,0x00,0x00,0x55,0x38,0x38,0x12,0x5a,0x43,0x37,0xef,0x5d,0x44,0x39,0xff,
0x5b,0x43,0x38,0xfe,0x5b,0x43,0x38,0xff,0x5b,0x43,0x38,0xff,0x5b,0x43,0x38,0xff,0x5b,0x43,0x38,0xff,0x5b,0x43,0x38,0xff,0x5b,0x43,0x38,0xff,0x5b,0x43,0x38,0xff,
0x5b,0x43,0x38,0xff,0x5b,0x43,0x38,0xff,0x5b,0x43,0x38,0xff,0x5b,0x43,0x38,0xff,0x5b,0x43,0x38,0xff,0x5b,0x43,0x38,0xff,0x5b,0x43,0x38,0xff,0x5b,0x43,0x38,0xff,
0x5b,0x43,0x38,0xff,0x5b,0x43,0x38,0xff,0x5b,0x43,0x38,0xff,0x5b,0x43,0x38,0xff,0x5b,0x43,0x38,0xff,0x5b,0x43,0x38,0xff,0x5b,0x43,0x38,0xff,0x5b,0x43,0x38,0xff,
0x5b,0x43,0x38,0xff,0x5b,0x43,0x38,0xff,0x5b,0x43,0x38,0xff,0x5b,0x43,0x38,0xff,0x5b,0x43,0x38,0xff,0x5b,0x43,0x38,0xff,0x5b,0x43,0x38,0xfe,0x5d,0x44,0x39,0xfe,
0x5b,0x43,0x37,0xed,0x5f,0x3f,0x3f,0x10,0x00,0x00,0x00,0x00,0x00,0x00,0x00,0x01,0x00,0x00,0x00,0x00,0x00,0x00,0x00,0x00,0x00,0x00,0x00,0x00,0x00,0x00,0x00,0x00,
0x00,0x00,0x00,0x00,0x00,0x00,0x00,0x00,0x00,0x00,0x00,0x00,0x00,0x00,0x00,0x00,0x00,0x00,0x00,0x00,0x00,0x00,0x00,0x00,0x00,0x00,0x00,0x00,0x00,0x00,0x00,0x00,
0x00,0x00,0x00,0x00,0x00,0x00,0x00,0x00,0x00,0x00,0x00,0x00,0x00,0x00,0x00,0x00,0x00,0x00,0x00,0x00,0x00,0x00,0x00,0x00,0x00,0x00,0x00,0x00,0x00,0x00,0x00,0x00,
0x00,0x00,0x00,0x00,0x00,0x00,0x00,0x00,0x00,0x00,0x00,0x00,0x00,0x00,0x00,0x00,0xff,0xff,0xff,0x01,0x7f,0x3f,0x3f,0x04,0x5a,0x43,0x37,0xcd,0x5f,0x46,0x3a,0xfe,
0x5a,0x42,0x37,0xfd,0x5b,0x43,0x38,0xff,0x5b,0x43,0x38,0xff,0x5b,0x43,0x38,0xff,0x5b,0x43,0x38,0xff,0x5b,0x43,0x38,0xff,0x5b,0x43,0x38,0xff,0x5b,0x43,0x38,0xff,
0x5b,0x43,0x38,0xff,0x5b,0x43,0x38,0xff,0x5b,0x43,0x38,0xff,0x5b,0x43,0x38,0xff,0x5b,0x43,0x38,0xff,0x5b,0x43,0x38,0xff,0x5b,0x43,0x38,0xff,0x5b,0x43,0x38,0xff,
0x5b,0x43,0x38,0xff,0x5b,0x43,0x38,0xff,0x5b,0x43,0x38,0xff,0x5b,0x43,0x38,0xff,0x5b,0x43,0x38,0xff,0x5b,0x43,0x38,0xff,0x5b,0x43,0x38,0xff,0x5b,0x43,0x38,0xff,
0x5b,0x43,0x38,0xff,0x5b,0x43,0x38,0xff,0x5b,0x43,0x38,0xff,0x5b,0x43,0x38,0xff,0x5b,0x43,0x38,0xff,0x5b,0x43,0x38,0xff,0x5b,0x43,0x38,0xfe,0x5d,0x44,0x39,0xff,
0x5b,0x43,0x37,0xee,0x5a,0x3c,0x3c,0x11,0x00,0x00,0x00,0x00,0x00,0x00,0x00,0x01,0x00,0x00,0x00,0x00,0x00,0x00,0x00,0x00,0x00,0x00,0x00,0x00,0x00,0x00,0x00,0x00,
0x00,0x00,0x00,0x00,0x00,0x00,0x00,0x00,0x00,0x00,0x00,0x00,0x00,0x00,0x00,0x00,0x00,0x00,0x00,0x00,0x00,0x00,0x00,0x00,0x00,0x00,0x00,0x00,0x00,0x00,0x00,0x00,
0x00,0x00,0x00,0x00,0x00,0x00,0x00,0x00,0x00,0x00,0x00,0x00,0x00,0x00,0x00,0x00,0x00,0x00,0x00,0x00,0x00,0x00,0x00,0x00,0x00,0x00,0x00,0x00,0x00,0x00,0x00,0x00,
0x00,0x00,0x00,0x00,0x00,0x00,0x00,0x00,0x00,0x00,0x00,0x00,0x00,0x00,0x00,0x00,0x7f,0x3f,0x3f,0x04,0x00,0x00,0x00,0x00,0x5b,0x42,0x37,0x8e,0x62,0x48,0x3c,0xff,
0x5a,0x42,0x37,0xfa,0x5b,0x43,0x38,0xff,0x5b,0x43,0x38,0xff,0x5b,0x43,0x38,0xff,0x5b,0x43,0x38,0xff,0x5b,0x43,0x38,0xff,0x5b,0x43,0x38,0xff,0x5b,0x43,0x38,0xff,
0x5b,0x43,0x38,0xff,0x5b,0x43,0x38,0xff,0x5b,0x43,0x38,0xff,0x5b,0x43,0x38,0xff,0x5b,0x43,0x38,0xff,0x5b,0x43,0x38,0xff,0x5b,0x43,0x38,0xff,0x5b,0x43,0x38,0xff,
0x5b,0x43,0x38,0xff,0x5b,0x43,0x38,0xff,0x5b,0x43,0x38,0xff,0x5b,0x43,0x38,0xff,0x5b,0x43,0x38,0xff,0x5b,0x43,0x38,0xff,0x5b,0x43,0x38,0xff,0x5b,0x43,0x38,0xff,
0x5b,0x43,0x38,0xff,0x5b,0x43,0x38,0xff,0x5b,0x43,0x38,0xff,0x5b,0x43,0x38,0xff,0x5b,0x43,0x38,0xff,0x5b,0x43,0x38,0xff,0x5b,0x43,0x38,0xfe,0x5d,0x44,0x39,0xff,
0x5b,0x43,0x37,0xee,0x5a,0x3c,0x3c,0x11,0x00,0x00,0x00,0x00,0x00,0x00,0x00,0x01,0x00,0x00,0x00,0x00,0x00,0x00,0x00,0x00,0x00,0x00,0x00,0x00,0xff,0xff,0xff,0x01,
0xff,0xff,0xff,0x01,0x00,0x00,0x00,0x00,0x00,0x00,0x00,0x00,0x00,0x00,0x00,0x00,0x00,0x00,0x00,0x00,0x00,0x00,0x00,0x00,0x00,0x00,0x00,0x00,0x00,0x00,0x00,0x00,
0x00,0x00,0x00,0x00,0x00,0x00,0x00,0x00,0x00,0x00,0x00,0x00,0x00,0x00,0x00,0x00,0x00,0x00,0x00,0x00,0x00,0x00,0x00,0x00,0x00,0x00,0x00,0x00,0x00,0x00,0x00,0x00,
0x00,0x00,0x00,0x00,0x00,0x00,0x00,0x00,0x00,0x00,0x00,0x00,0x00,0x00,0x00,0x00,0x7f,0x00,0x00,0x02,0x00,0x00,0x00,0x01,0x57,0x43,0x35,0x26,0x5d,0x44,0x39,0xf5,
0x5d,0x44,0x39,0xff,0x5a,0x43,0x37,0xfb,0x5b,0x43,0x38,0xfe,0x5b,0x43,0x38,0xfe,0x5b,0x43,0x38,0xfe,0x5b,0x43,0x38,0xfe,0x5b,0x43,0x38,0xfe,0x5b,0x43,0x38,0xfe,
0x5b,0x43,0x38,0xfe,0x5b,0x43,0x38,0xfe,0x5b,0x43,0x38,0xfe,0x5b,0x43,0x38,0xfe,0x5b,0x43,0x38,0xfe,0x5b,0x43,0x38,0xfe,0x5b,0x43,0x38,0xfe,0x5b,0x43,0x38,0xfe,
0x5b,0x43,0x38,0xfe,0x5b,0x43,0x38,0xfe,0x5b,0x43,0x38,0xfe,0x5b,0x43,0x38,0xfe,0x5b,0x43,0x38,0xfe,0x5b,0x43,0x38,0xfe,0x5b,0x43,0x38,0xfe,0x5b,0x43,0x38,0xff,
0x5b,0x43,0x38,0xff,0x5b,0x43,0x38,0xff,0x5b,0x43,0x38,0xff,0x5b,0x43,0x38,0xff,0x5b,0x43,0x38,0xff,0x5b,0x43,0x38,0xff,0x5b,0x43,0x38,0xfe,0x5d,0x44,0x39,0xff,
0x5b,0x43,0x37,0xee,0x5a,0x3c,0x3c,0x11,0x00,0x00,0x00,0x00,0x00,0x00,0x00,0x01,0x00,0x00,0x00,0x00,0xaa,0xaa,0xff,0x03,0xff,0xff,0xff,0x02,0x00,0x00,0x00,0x00,
0x00,0x00,0x00,0x00,0xff,0xff,0xff,0x01,0xaa,0xaa,0xff,0x03,0x00,0x00,0x00,0x00,0x00,0x00,0x00,0x00,0x00,0x00,0x00,0x00,0x00,0x00,0x00,0x00,0x00,0x00,0x00,0x00,
0x00,0x00,0x00,0x00,0x00,0x00,0x00,0x00,0x00,0x00,0x00,0x00,0x00,0x00,0x00,0x00,0x00,0x00,0x00,0x00,0x00,0x00,0x00,0x00,0x00,0x00,0x00,0x00,0x00,0x00,0x00,0x00,
0x00,0x00,0x00,0x00,0x00,0x00,0x00,0x00,0x00,0x00,0x00,0x00,0x00,0x00,0x00,0x00,0x00,0x00,0x00,0x00,0x7f,0x7f,0x7f,0x02,0x00,0x00,0x00,0x00,0x5b,0x43,0x38,0x5f,
0x5f,0x46,0x3a,0xfb,0x60,0x47,0x3b,0xff,0x5c,0x44,0x39,0xff,0x5c,0x44,0x39,0xff,0x5d,0x44,0x39,0xff,0x5d,0x44,0x39,0xff,0x5d,0x44,0x39,0xff,0x5d,0x44,0x39,0xff,
0x5d,0x44,0x39,0xff,0x5d,0x44,0x39,0xff,0x5d,0x44,0x39,0xff,0x5d,0x44,0x39,0xff,0x5d,0x44,0x39,0xff,0x5d,0x44,0x39,0xff,0x5d,0x44,0x39,0xff,0x5d,0x44,0x39,0xff,
0x5d,0x44,0x39,0xff,0x5d,0x44,0x39,0xff,0x5d,0x44,0x39,0xff,0x5d,0x44,0x39,0xff,0x5d,0x44,0x39,0xff,0x5d,0x44,0x39,0xff,0x5c,0x44,0x39,0xff,0x5b,0x43,0x38,0xff,
0x5b,0x43,0x38,0xff,0x5b,0x43,0x38,0xff,0x5b,0x43,0x38,0xff,0x5b,0x43,0x38,0xff,0x5b,0x43,0x38,0xff,0x5b,0x43,0x38,0xff,0x5b,0x43,0x38,0xfe,0x5d,0x44,0x39,0xff,
0x5b,0x43,0x37,0xee,0x5a,0x3c,0x3c,0x11,0x00,0x00,0x00,0x00,0x00,0x00,0x00,0x01,0xff,0x7f,0xff,0x02,0x00,0x00,0x00,0x00,0x00,0x00,0x00,0x00,0xaa,0x88,0xee,0x0f,
0xb4,0x96,0xff,0x11,0x00,0x00,0x00,0x00,0x00,0x00,0x00,0x00,0xff,0xff,0xff,0x01,0x00,0x00,0x00,0x00,0x00,0x00,0x00,0x00,0x00,0x00,0x00,0x00,0x00,0x00,0x00,0x00,
0x00,0x00,0x00,0x00,0x00,0x00,0x00,0x00,0x00,0x00,0x00,0x00,0x00,0x00,0x00,0x00,0x00,0x00,0x00,0x00,0x00,0x00,0x00,0x00,0x00,0x00,0x00,0x00,0x00,0x00,0x00,0x00,
0x00,0x00,0x00,0x00,0x00,0x00,0x00,0x00,0x00,0x00,0x00,0x00,0x00,0x00,0x00,0x00,0x00,0x00,0x00,0x00,0x00,0x00,0x00,0x00,0x55,0x55,0x55,0x03,0x00,0x00,0x00,0x00,
0x58,0x40,0x37,0x37,0x5f,0x45,0x3b,0xb1,0x5c,0x43,0x38,0xea,0x5b,0x43,0x37,0xee,0x5b,0x43,0x37,0xee,0x5b,0x43,0x37,0xee,0x5b,0x43,0x37,0xee,0x5b,0x43,0x37,0xee,
0x5b,0x43,0x37,0xee,0x5b,0x43,0x37,0xee,0x5b,0x43,0x37,0xee,0x5b,0x43,0x37,0xee,0x5b,0x43,0x37,0xee,0x5b,0x43,0x37,0xee,0x5b,0x43,0x37,0xee,0x5b,0x43,0x37,0xee,
0x5b,0x43,0x37,0xee,0x5b,0x43,0x37,0xee,0x5b,0x43,0x37,0xee,0x5b,0x43,0x37,0xee,0x5a,0x43,0x37,0xef,0x5b,0x43,0x37,0xee,0x5a,0x42,0x38,0xf0,0x5b,0x43,0x38,0xfe,
0x5b,0x43,0x38,0xff,0x5b,0x43,0x38,0xff,0x5b,0x43,0x38,0xff,0x5b,0x43,0x38,0xff,0x5b,0x43,0x38,0xff,0x5b,0x43,0x38,0xff,0x5b,0x43,0x38,0xfe,0x5d,0x44,0x39,0xff,
0x5b,0x43,0x37,0xee,0x5a,0x3c,0x3c,0x11,0x00,0x00,0x00,0x00,0x55,0x55,0xaa,0x03,0x00,0x00,0x00,0x00,0xa3,0x8c,0xe4,0x43,0xaa,0x94,0xef,0xb1,0xa5,0x92,0xe9,0xea,
0xa6,0x92,0xea,0xed,0xa7,0x94,0xec,0xc6,0xa5,0x93,0xe9,0x61,0x00,0x00,0x00,0x00,0xff,0xff,0xff,0x01,0x00,0x00,0xff,0x01,0x00,0x00,0x00,0x00,0x00,0x00,0x00,0x00,
0x00,0x00,0x00,0x00,0x00,0x00,0x00,0x00,0x00,0x00,0x00,0x00,0x00,0x00,0x00,0x00,0x00,0x00,0x00,0x00,0x00,0x00,0x00,0x00,0x00,0x00,0x00,0x00,0x00,0x00,0x00,0x00,
0x00,0x00,0x00,0x00,0x00,0x00,0x00,0x00,0x00,0x00,0x00,0x00,0x00,0x00,0x00,0x00,0x00,0x00,0x00,0x00,0x00,0x00,0x00,0x00,0x00,0x00,0x00,0x00,0x7f,0x7f,0x00,0x02,
0x00,0x00,0x00,0x00,0x00,0x00,0x00,0x00,0x55,0x44,0x33,0x0f,0x5f,0x3f,0x3f,0x10,0x5f,0x3f,0x3f,0x10,0x5a,0x3c,0x3c,0x11,0x5a,0x3c,0x3c,0x11,0x5a,0x3c,0x3c,0x11,
0x5a,0x3c,0x3c,0x11,0x5a,0x3c,0x3c,0x11,0x5a,0x3c,0x3c,0x11,0x5a,0x3c,0x3c,0x11,0x5a,0x3c,0x3c,0x11,0x5a,0x3c,0x3c,0x11,0x5a,0x3c,0x3c,0x11,0x5a,0x3c,0x3c,0x11,
0x5a,0x3c,0x3c,0x11,0x5a,0x3c,0x3c,0x11,0x5a,0x3c,0x3c,0x11,0x5a,0x3c,0x3c,0x11,0x5a,0x3c,0x3c,0x11,0x5a,0x3c,0x3c,0x11,0x5f,0x3f,0x37,0x20,0x5a,0x43,0x37,0xef,
0x5d,0x44,0x39,0xff,0x5b,0x43,0x38,0xfe,0x5b,0x43,0x38,0xff,0x5b,0x43,0x38,0xff,0x5b,0x43,0x38,0xff,0x5b,0x43,0x38,0xff,0x5b,0x43,0x38,0xfe,0x5d,0x44,0x39,0xff,
0x5b,0x43,0x37,0xee,0x5a,0x3c,0x3c,0x11,0x00,0x01,0x01,0x00,0x00,0x00,0x00,0x00,0xa1,0x8d,0xe5,0x65,0xad,0x98,0xf3,0xff,0xad,0x98,0xf4,0xff,0xa7,0x92,0xeb,0xff,
0xa6,0x92,0xea,0xff,0xaa,0x96,0xf0,0xff,0xb3,0x9e,0xfd,0xff,0xa3,0x90,0xe7,0x9a,0x7f,0x7f,0xff,0x02,0xaa,0x55,0xaa,0x03,0x00,0x00,0x00,0x00,0x00,0x00,0x00,0x00,
0x00,0x00,0x00,0x00,0x00,0x00,0x00,0x00,0x00,0x00,0x00,0x00,0x00,0x00,0x00,0x00,0x00,0x00,0x00,0x00,0x00,0x00,0x00,0x00,0x00,0x00,0x00,0x00,0x00,0x00,0x00,0x00,
0x00,0x00,0x00,0x00,0x00,0x00,0x00,0x00,0x00,0x00,0x00,0x00,0x00,0x00,0x00,0x00,0x00,0x00,0x00,0x00,0x00,0x00,0x00,0x00,0x00,0x00,0x00,0x00,0x00,0x00,0x00,0x00,
0x7f,0x7f,0x7f,0x02,0x7f,0x7f,0x7f,0x02,0x00,0x00,0x00,0x00,0x00,0x00,0x00,0x00,0x00,0x00,0x00,0x00,0x00,0x00,0x00,0x00,0x00,0x00,0x00,0x00,0x00,0x00,0x00,0x00,
0x00,0x00,0x00,0x00,0x00,0x00,0x00,0x00,0x00,0x00,0x00,0x00,0x00,0x00,0x00,0x00,0x00,0x00,0x00,0x00,0x00,0x00,0x00,0x00,0x00,0x00,0x00,0x00,0x00,0x00,0x00,0x00,
0x00,0x00,0x00,0x00,0x00,0x00,0x00,0x00,0x00,0x00,0x00,0x00,0x00,0x00,0x00,0x00,0x00,0x00,0x00,0x00,0x00,0x00,0x00,0x00,0x62,0x3a,0x3a,0x0d,0x5b,0x43,0x37,0xee,
0x5d,0x44,0x39,0xff,0x5b,0x43,0x38,0xfe,0x5b,0x43,0x38,0xff,0x5b,0x43,0x38,0xff,0x5b,0x43,0x38,0xff,0x5b,0x43,0x38,0xff,0x5b,0x43,0x38,0xfe,0x5d,0x44,0x39,0xff,
0x5b,0x43,0x37,0xee,0x66,0x4c,0x4c,0x14,0x00,0x00,0x00,0x00,0xa0,0x8d,0xe3,0x41,0xad,0x98,0xf3,0xff,0xa5,0x91,0xe9,0xfc,0xa3,0x8f,0xe6,0xfb,0xa3,0x8f,0xe6,0xfe,
0xa3,0x8f,0xe6,0xfe,0xa3,0x8f,0xe6,0xfc,0xa3,0x90,0xe6,0xf9,0xb4,0x9e,0xfe,0xff,0xa3,0x8f,0xe6,0x7b,0x00,0x00,0x00,0x00,0xff,0xaa,0xff,0x03,0x00,0x00,0x00,0x00,
0x00,0x00,0x00,0x00,0x00,0x00,0x00,0x00,0x00,0x00,0x00,0x00,0x00,0x00,0x00,0x00,0x00,0x00,0x00,0x00,0x00,0x00,0x00,0x00,0x00,0x00,0x00,0x00,0x00,0x00,0x00,0x00,
0x00,0x00,0x00,0x00,0x00,0x00,0x00,0x00,0x00,0x00,0x00,0x00,0x00,0x00,0x00,0x00,0x00,0x00,0x00,0x00,0x00,0x00,0x00,0x00,0x00,0x00,0x00,0x00,0x00,0x00,0x00,0x00,
0x00,0x00,0x00,0x00,0x00,0x00,0x00,0x00,0x00,0x00,0x00,0x01,0x00,0x00,0x00,0x01,0x00,0x00,0x00,0x01,0x00,0x00,0x00,0x01,0x00,0x00,0x00,0x01,0x00,0x00,0x00,0x01,
0x00,0x00,0x00,0x01,0x00,0x00,0x00,0x01,0x00,0x00,0x00,0x01,0x00,0x00,0x00,0x01,0x00,0x00,0x00,0x01,0x00,0x00,0x00,0x01,0x00,0x00,0x00,0x01,0x00,0x00,0x00,0x01,
0x00,0x00,0x00,0x01,0x00,0x00,0x00,0x01,0x00,0x00,0x00,0x01,0x00,0x00,0x00,0x01,0x00,0x00,0x00,0x02,0x00,0x00,0x00,0x01,0x55,0x38,0x38,0x12,0x5b,0x43,0x37,0xee,
0x5d,0x44,0x39,0xff,0x5b,0x43,0x38,0xfe,0x5b,0x43,0x38,0xff,0x5b,0x43,0x38,0xff,0x5b,0x43,0x38,0xff,0x5b,0x43,0x38,0xff,0x5b,0x43,0x38,0xfe,0x5d,0x44,0x39,0xff,
0x5a,0x43,0x37,0xef,0x5d,0x50,0x50,0x13,0xff,0xff,0xff,0x01,0xa2,0x8e,0xe6,0xb8,0xae,0x99,0xf4,0xfe,0xa3,0x8f,0xe6,0xfb,0xa4,0x90,0xe7,0xff,0xa4,0x90,0xe7,0xff,
0xa4,0x90,0xe7,0xff,0xa4,0x90,0xe7,0xff,0xa4,0x90,0xe6,0xfd,0xa8,0x93,0xec,0xfd,0xa4,0x90,0xe8,0xea,0x9f,0x8f,0xdf,0x10,0xff,0x00,0xff,0x01,0xff,0xff,0xff,0x01,
0x00,0x00,0x00,0x00,0x00,0x00,0x00,0x00,0x00,0x00,0x00,0x00,0x00,0x00,0x00,0x00,0x00,0x00,0x00,0x00,0x00,0x00,0x00,0x00,0x00,0x00,0x00,0x00,0x00,0x00,0x00,0x00,
0x00,0x00,0x00,0x00,0x00,0x00,0x00,0x00,0x00,0x00,0x00,0x00,0x00,0x00,0x00,0x01,0x00,0x00,0x00,0x01,0x00,0x00,0x00,0x00,0x00,0x00,0x00,0x00,0x00,0x00,0x00,0x00,
0x00,0x00,0x00,0x00,0x00,0x00,0x00,0x00,0x00,0x00,0x00,0x00,0x00,0x00,0x00,0x00,0x00,0x00,0x00,0x00,0x00,0x00,0x00,0x00,0x00,0x00,0x00,0x00,0x00,0x00,0x00,0x00,
0x00,0x00,0x00,0x00,0x00,0x00,0x00,0x00,0x00,0x00,0x00,0x00,0x00,0x00,0x00,0x00,0x00,0x00,0x00,0x00,0x00,0x00,0x00,0x00,0x00,0x00,0x00,0x00,0x00,0x00,0x00,0x00,
0x00,0x00,0x00,0x00,0x00,0x00,0x00,0x00,0x00,0x00,0x00,0x00,0x00,0x00,0x00,0x00,0x00,0x00,0x00,0x01,0x00,0x00,0x00,0x00,0x5a,0x3c,0x3c,0x11,0x5b,0x43,0x37,0xee,
0x5d,0x44,0x39,0xff,0x5b,0x43,0x38,0xfe,0x5b,0x43,0x38,0xff,0x5b,0x43,0x38,0xff,0x5b,0x43,0x38,0xff,0x5b,0x43,0x38,0xff,0x5b,0x43,0x38,0xfe,0x5d,0x44,0x39,0xff,
0x5b,0x42,0x38,0xf0,0x3f,0x2a,0x00,0x0c,0xb9,0xa2,0xff,0x0b,0xa3,0x8f,0xe5,0xee,0xa7,0x92,0xeb,0xff,0xa3,0x8f,0xe6,0xfe,0xa4,0x90,0xe7,0xff,0xa4,0x90,0xe7,0xff,
0xa4,0x90,0xe7,0xff,0xa4,0x90,0xe7,0xff,0xa4,0x90,0xe7,0xff,0xa3,0x90,0xe6,0xfd,0xaa,0x95,0xf0,0xff,0xa1,0x8d,0xe2,0x3f,0x00,0x00,0x00,0x00,0xaa,0xaa,0xff,0x03,
0x00,0x00,0x00,0x00,0x00,0x00,0x00,0x00,0x00,0x00,0x00,0x00,0x00,0x00,0x00,0x00,0x00,0x00,0x00,0x00,0x00,0x00,0x00,0x00,0x00,0x00,0x00,0x00,0x00,0x00,0x00,0x00,
0x00,0x00,0x00,0x00,0x55,0x55,0x55,0x03,0x7f,0x7f,0x7f,0x02,0x00,0x00,0x00,0x00,0x00,0x00,0x00,0x00,0x00,0x00,0x00,0x01,0x7f,0x7f,0x7f,0x02,0x7f,0x7f,0x7f,0x02,
0x7f,0x7f,0x7f,0x02,0x7f,0x7f,0x7f,0x02,0x7f,0x7f,0x7f,0x02,0x7f,0x7f,0x7f,0x02,0x7f,0x7f,0x7f,0x02,0x7f,0x7f,0x7f,0x02,0x7f,0x7f,0x7f,0x02,0x7f,0x7f,0x7f,0x02,
0x7f,0x7f,0x7f,0x02,0x7f,0x7f,0x7f,0x02,0x7f,0x7f,0x7f,0x02,0x7f,0x7f,0x7f,0x02,0x7f,0x7f,0x7f,0x02,0x7f,0x7f,0x7f,0x02,0x7f,0x7f,0x7f,0x02,0x7f,0x7f,0x7f,0x02,
0x7f,0x7f,0x7f,0x02,0x7f,0x7f,0x7f,0x02,0x7f,0x7f,0x7f,0x02,0x7f,0x7f,0x7f,0x02,0x55,0x55,0x55,0x03,0x7f,0x7f,0x7f,0x02,0x5d,0x43,0x35,0x13,0x5b,0x43,0x37,0xee,
0x5d,0x44,0x39,0xff,0x5b,0x43,0x38,0xfe,0x5b,0x43,0x38,0xff,0x5b,0x43,0x38,0xff,0x5b,0x43,0x38,0xff,0x5b,0x43,0x38,0xff,0x5b,0x43,0x38,0xfe,0x5d,0x44,0x39,0xff,
0x5b,0x42,0x38,0xf0,0x3f,0x2a,0x00,0x0c,0xc4,0x9c,0xff,0x0d,0xa3,0x8f,0xe5,0xf2,0xa6,0x91,0xea,0xff,0xa3,0x8f,0xe6,0xfe,0xa4,0x90,0xe7,0xff,0xa4,0x90,0xe7,0xff,
0xa4,0x90,0xe7,0xff,0xa4,0x90,0xe7,0xff,0xa4,0x90,0xe7,0xff,0xa3,0x90,0xe6,0xfd,0xab,0x96,0xf2,0xff,0xa2,0x90,0xe5,0x45,0x00,0x00,0x00,0x00,0xaa,0xaa,0xff,0x03,
0x00,0x00,0x00,0x00,0x00,0x00,0x00,0x00,0x00,0x00,0x00,0x00,0x00,0x00,0x00,0x00,0x00,0x00,0x00,0x00,0x00,0x00,0x00,0x00,0x00,0x00,0x00,0x00,0x00,0x00,0x00,0x00,
0x7f,0x7f,0x7f,0x02,0x00,0x00,0x00,0x00,0x00,0x00,0x00,0x00,0x55,0x44,0x33,0x0f,0x6f,0x4f,0x3f,0x10,0x00,0x00,0x00,0x00,0x00,0x00,0x00,0x00,0x00,0x00,0x00,0x00,
0x00,0x00,0x00,0x00,0x00,0x00,0x00,0x00,0x00,0x00,0x00,0x00,0x00,0x00,0x00,0x00,0x00,0x00,0x00,0x00,0x00,0x00,0x00,0x00,0x00,0x00,0x00,0x00,0x00,0x00,0x00,0x00,
0x00,0x00,0x00,0x00,0x00,0x00,0x00,0x00,0x00,0x00,0x00,0x00,0x00,0x00,0x00,0x00,0x00,0x00,0x00,0x00,0x00,0x00,0x00,0x00,0x00,0x00,0x00,0x00,0x00,0x00,0x00,0x00,
0x00,0x00,0x00,0x00,0x00,0x00,0x00,0x00,0x00,0x00,0x00,0x00,0x00,0x00,0x00,0x00,0x00,0x00,0x00,0x00,0x00,0x00,0x00,0x00,0x55,0x2a,0x55,0x06,0x5b,0x43,0x37,0xed,
0x5d,0x44,0x39,0xff,0x5b,0x43,0x38,0xfe,0x5b,0x43,0x38,0xff,0x5b,0x43,0x38,0xff,0x5b,0x43,0x38,0xff,0x5b,0x43,0x38,0xff,0x5b,0x43,0x38,0xfe,0x5d,0x44,0x39,0xff,
0x5a,0x43,0x37,0xef,0x5a,0x4b,0x4b,0x11,0xaa,0xaa,0xff,0x03,0xa2,0x8f,0xe4,0xcd,0xac,0x97,0xf1,0xfd,0xa3,0x8f,0xe6,0xfc,0xa4,0x90,0xe7,0xff,0xa4,0x90,0xe7,0xff,
0xa4,0x90,0xe7,0xff,0xa4,0x90,0xe7,0xff,0xa3,0x8f,0xe6,0xfe,0xa6,0x91,0xea,0xfc,0xa6,0x92,0xea,0xf4,0xa3,0x91,0xe3,0x1c,0x00,0x00,0x00,0x00,0xff,0xff,0xff,0x01,
0x00,0x00,0x00,0x00,0x00,0x00,0x00,0x00,0x00,0x00,0x00,0x00,0x00,0x00,0x00,0x00,0x00,0x00,0x00,0x00,0x00,0x00,0x00,0x00,0x00,0x00,0x00,0x00,0x7f,0x7f,0x7f,0x02,
0x00,0x00,0x00,0x00,0x5b,0x40,0x39,0x43,0x5d,0x45,0x39,0xb1,0x5c,0x43,0x38,0xea,0x5c,0x43,0x38,0xee,0x5a,0x42,0x37,0xca,0x5b,0x43,0x38,0xbe,0x5b,0x43,0x38,0xbe,
0x5b,0x43,0x38,0xbe,0x5b,0x43,0x38,0xbe,0x5b,0x43,0x38,0xbe,0x5b,0x43,0x38,0xbe,0x5b,0x43,0x38,0xbe,0x5b,0x43,0x38,0xbe,0x5b,0x43,0x38,0xbe,0x5b,0x43,0x38,0xbe,
0x5b,0x43,0x38,0xbe,0x5b,0x43,0x38,0xbe,0x5b,0x43,0x38,0xbe,0x5b,0x43,0x38,0xbe,0x5b,0x43,0x38,0xbe,0x5b,0x43,0x38,0xbe,0x5b,0x43,0x38,0xbe,0x5b,0x43,0x38,0xbe,
0x5b,0x43,0x38,0xbe,0x5b,0x43,0x38,0xbe,0x5b,0x43,0x38,0xbe,0x5b,0x43,0x38,0xbe,0x5b,0x43,0x38,0xbe,0x5b,0x43,0x38,0xbe,0x5a,0x43,0x38,0xc2,0x5a,0x43,0x37,0xfb,
0x5c,0x43,0x38,0xff,0x5b,0x43,0x38,0xff,0x5b,0x43,0x38,0xff,0x5b,0x43,0x38,0xff,0x5b,0x43,0x38,0xff,0x5b,0x43,0x38,0xff,0x5b,0x43,0x38,0xfe,0x5d,0x44,0x39,0xff,
0x5b,0x43,0x37,0xee,0x6d,0x55,0x55,0x15,0x00,0x00,0x00,0x00,0xa0,0x8d,0xe4,0x61,0xb3,0x9e,0xfd,0xff,0xa3,0x90,0xe6,0xf9,0xa4,0x90,0xe6,0xfd,0xa4,0x90,0xe7,0xff,
0xa4,0x90,0xe7,0xff,0xa4,0x90,0xe6,0xfe,0xa3,0x8e,0xe5,0xf8,0xb4,0x9e,0xfd,0xff,0xa3,0x8e,0xe5,0xa1,0x00,0x00,0x00,0x00,0xaa,0xaa,0xff,0x03,0x00,0x00,0x00,0x00,
0x00,0x00,0x00,0x00,0x00,0x00,0x00,0x00,0x00,0x00,0x00,0x00,0x00,0x00,0x00,0x00,0x00,0x00,0x00,0x00,0x00,0x00,0x00,0x00,0x7f,0x7f,0x7f,0x02,0x00,0x00,0x00,0x00,
0x5a,0x41,0x37,0x65,0x60,0x47,0x3b,0xff,0x60,0x47,0x3b,0xff,0x5d,0x44,0x39,0xff,0x5c,0x44,0x39,0xff,0x5f,0x46,0x3b,0xff,0x60,0x47,0x3b,0xff,0x60,0x47,0x3b,0xff,
0x60,0x47,0x3b,0xff,0x60,0x47,0x3b,0xff,0x60,0x47,0x3b,0xff,0x60,0x47,0x3b,0xff,0x60,0x47,0x3b,0xff,0x60,0x47,0x3b,0xff,0x60,0x47,0x3b,0xff,0x60,0x47,0x3b,0xff,
0x60,0x47,0x3b,0xff,0x60,0x47,0x3b,0xff,0x60,0x47,0x3b,0xff,0x60,0x47,0x3b,0xff,0x60,0x47,0x3b,0xff,0x60,0x47,0x3b,0xff,0x60,0x47,0x3b,0xff,0x60,0x47,0x3b,0xff,
0x60,0x47,0x3b,0xff,0x60,0x47,0x3b,0xff,0x60,0x47,0x3b,0xff,0x60,0x47,0x3b,0xff,0x60,0x47,0x3b,0xff,0x60,0x47,0x3b,0xff,0x60,0x46,0x3b,0xff,0x5b,0x43,0x38,0xff,
0x5b,0x43,0x38,0xff,0x5b,0x43,0x38,0xff,0x5b,0x43,0x38,0xff,0x5b,0x43,0x38,0xff,0x5b,0x43,0x38,0xff,0x5b,0x43,0x38,0xff,0x5b,0x43,0x38,0xfe,0x5d,0x44,0x39,0xff,
0x5b,0x43,0x37,0xee,0x5a,0x3c,0x3c,0x11,0x00,0x01,0x02,0x00,0xff,0x7f,0xff,0x02,0xa3,0x90,0xe6,0x9a,0xb4,0x9e,0xfd,0xff,0xa7,0x93,0xeb,0xff,0xa3,0x90,0xe6,0xfd,
0xa3,0x8f,0xe5,0xfd,0xa4,0x90,0xe8,0xff,0xb3,0x9e,0xfc,0xff,0xa6,0x92,0xea,0xca,0xae,0x93,0xf1,0x13,0x7f,0x7f,0xff,0x02,0xff,0xff,0xff,0x01,0x00,0x00,0x00,0x00,
0x00,0x00,0x00,0x00,0x00,0x00,0x00,0x00,0x00,0x00,0x00,0x00,0x00,0x00,0x00,0x00,0x00,0x00,0x00,0x00,0x55,0x55,0x55,0x03,0x00,0x00,0x00,0x00,0x5b,0x43,0x37,0x40,
0x60,0x47,0x3b,0xff,0x5c,0x43,0x38,0xfc,0x5a,0x43,0x37,0xfb,0x5b,0x43,0x38,0xfe,0x5b,0x43,0x38,0xfe,0x5b,0x42,0x37,0xfc,0x5b,0x42,0x37,0xfc,0x5b,0x42,0x37,0xfc,
0x5b,0x42,0x37,0xfc,0x5b,0x42,0x37,0xfc,0x5b,0x42,0x37,0xfc,0x5b,0x42,0x37,0xfc,0x5b,0x42,0x37,0xfc,0x5b,0x42,0x37,0xfc,0x5b,0x42,0x37,0xfc,0x5b,0x42,0x37,0xfc,
0x5b,0x42,0x37,0xfc,0x5b,0x42,0x37,0xfc,0x5b,0x42,0x37,0xfc,0x5b,0x42,0x37,0xfc,0x5b,0x42,0x37,0xfc,0x5b,0x42,0x37,0xfc,0x5b,0x42,0x37,0xfc,0x5b,0x42,0x37,0xfc,
0x5b,0x42,0x37,0xfc,0x5b,0x42,0x37,0xfc,0x5b,0x42,0x37,0xfc,0x5b,0x42,0x37,0xfc,0x5b,0x42,0x37,0xfc,0x5b,0x42,0x37,0xfc,0x5b,0x42,0x37,0xfc,0x5b,0x43,0x38,0xff,
0x5b,0x43,0x38,0xff,0x5b,0x43,0x38,0xff,0x5b,0x43,0x38,0xff,0x5b,0x43,0x38,0xff,0x5b,0x43,0x38,0xff,0x5b,0x43,0x38,0xff,0x5b,0x43,0x38,0xfe,0x5d,0x44,0x39,0xff,
0x5b,0x43,0x37,0xee,0x5a,0x3c,0x3c,0x11,0x00,0x00,0x00,0x00,0x7f,0x7f,0x7f,0x02,0x00,0x00,0x00,0x00,0xa6,0x92,0xea,0x7c,0xa8,0x93,0xed,0xe4,0xaa,0x96,0xf0,0xff,
0xac,0x97,0xf2,0xff,0xa8,0x94,0xed,0xf1,0xa7,0x94,0xed,0x9e,0x9b,0x8d,0xd4,0x12,0x00,0x00,0x00,0x00,0xff,0xff,0xff,0x01,0x00,0x00,0x00,0x00,0x00,0x00,0x00,0x00,
0x00,0x00,0x00,0x00,0x00,0x00,0x00,0x00,0x00,0x00,0x00,0x00,0x00,0x00,0x00,0x00,0x00,0x00,0x00,0x00,0x55,0x55,0x55,0x03,0x00,0x00,0x00,0x01,0x5b,0x42,0x37,0xb7,
0x60,0x47,0x3b,0xfe,0x5a,0x43,0x37,0xfb,0x5b,0x43,0x38,0xff,0x5b,0x43,0x38,0xff,0x5b,0x43,0x38,0xff,0x5b,0x43,0x38,0xff,0x5b,0x43,0x38,0xff,0x5b,0x43,0x38,0xff,
0x5b,0x43,0x38,0xff,0x5b,0x43,0x38,0xff,0x5b,0x43,0x38,0xff,0x5b,0x43,0x38,0xff,0x5b,0x43,0x38,0xff,0x5b,0x43,0x38,0xff,0x5b,0x43,0x38,0xff,0x5b,0x43,0x38,0xff,
0x5b,0x43,0x38,0xff,0x5b,0x43,0x38,0xff,0x5b,0x43,0x38,0xff,0x5b,0x43,0x38,0xff,0x5b,0x43,0x38,0xff,0x5b,0x43,0x38,0xff,0x5b,0x43,0x38,0xff,0x5b,0x43,0x38,0xff,
0x5b,0x43,0x38,0xff,0x5b,0x43,0x38,0xff,0x5b,0x43,0x38,0xff,0x5b,0x43,0x38,0xff,0x5b,0x43,0x38,0xff,0x5b,0x43,0x38,0xff,0x5b,0x43,0x38,0xff,0x5b,0x43,0x38,0xff,
0x5b,0x43,0x38,0xff,0x5b,0x43,0x38,0xff,0x5b,0x43,0x38,0xff,0x5b,0x43,0x38,0xff,0x5b,0x43,0x38,0xff,0x5b,0x43,0x38,0xff,0x5b,0x43,0x38,0xfe,0x5d,0x44,0x39,0xff,
0x5b,0x43,0x37,0xee,0x5a,0x3c,0x3c,0x11,0x00,0x00,0x00,0x00,0x00,0x00,0x00,0x02,0xff,0xff,0xff,0x01,0x00,0x00,0x00,0x00,0x9c,0x89,0xd7,0x0d,0xa8,0x94,0xea,0x3e,
0xac,0x99,0xf3,0x41,0xaa,0x97,0xec,0x1b,0x00,0x00,0x00,0x00,0x00,0x00,0x00,0x00,0xff,0xff,0xff,0x01,0x00,0x00,0x00,0x00,0x00,0x00,0x00,0x00,0x00,0x00,0x00,0x00,
0x00,0x00,0x00,0x00,0x00,0x00,0x00,0x00,0x00,0x00,0x00,0x00,0x00,0x00,0x00,0x00,0x00,0x00,0x00,0x01,0x00,0x00,0x00,0x00,0x5f,0x3f,0x3f,0x10,0x5a,0x42,0x38,0xec,
0x5d,0x44,0x39,0xff,0x5b,0x43,0x38,0xfe,0x5b,0x43,0x38,0xff,0x5b,0x43,0x38,0xff,0x5b,0x43,0x38,0xff,0x5b,0x43,0x38,0xff,0x5b,0x43,0x38,0xff,0x5b,0x43,0x38,0xff,
0x5b,0x43,0x38,0xff,0x5b,0x43,0x38,0xff,0x5b,0x43,0x38,0xff,0x5b,0x43,0x38,0xff,0x5b,0x43,0x38,0xff,0x5b,0x43,0x38,0xff,0x5b,0x43,0x38,0xff,0x5b,0x43,0x38,0xff,
0x5b,0x43,0x38,0xff,0x5b,0x43,0x38,0xff,0x5b,0x43,0x38,0xff,0x5b,0x43,0x38,0xff,0x5b,0x43,0x38,0xff,0x5b,0x43,0x38,0xff,0x5b,0x43,0x38,0xff,0x5b,0x43,0x38,0xff,
0x5b,0x43,0x38,0xff,0x5b,0x43,0x38,0xff,0x5b,0x43,0x38,0xff,0x5b,0x43,0x38,0xff,0x5b,0x43,0x38,0xff,0x5b,0x43,0x38,0xff,0x5b,0x43,0x38,0xff,0x5b,0x43,0x38,0xff,
0x5b,0x43,0x38,0xff,0x5b,0x43,0x38,0xff,0x5b,0x43,0x38,0xff,0x5b,0x43,0x38,0xff,0x5b,0x43,0x38,0xff,0x5b,0x43,0x38,0xff,0x5b,0x43,0x38,0xfe,0x5d,0x44,0x39,0xff,
0x5b,0x43,0x37,0xed,0x5a,0x3c,0x3c,0x11,0x00,0x00,0x00,0x00,0x00,0x00,0x00,0x01,0x00,0x00,0x00,0x00,0xaa,0xaa,0xff,0x03,0x00,0x00,0x00,0x00,0x00,0x00,0x00,0x00,
0x00,0x00,0x00,0x00,0x00,0x00,0x00,0x00,0xaa,0xaa,0xff,0x03,0xff,0xff,0xff,0x01,0x00,0x00,0x00,0x00,0x00,0x00,0x00,0x00,0x00,0x00,0x00,0x00,0x00,0x00,0x00,0x00,
0x00,0x00,0x00,0x00,0x00,0x00,0x00,0x00,0x00,0x00,0x00,0x00,0x00,0x00,0x00,0x00,0x00,0x00,0x00,0x01,0x00,0x00,0x00,0x00,0x55,0x38,0x38,0x12,0x5b,0x44,0x37,0xf0,
0x5d,0x44,0x39,0xff,0x5b,0x43,0x38,0xfe,0x5b,0x43,0x38,0xff,0x5b,0x43,0x38,0xff,0x5b,0x43,0x38,0xff,0x5b,0x43,0x38,0xff,0x5b,0x43,0x38,0xff,0x5b,0x43,0x38,0xff,
0x5b,0x43,0x38,0xff,0x5b,0x43,0x38,0xff,0x5b,0x43,0x38,0xff,0x5b,0x43,0x38,0xff,0x5b,0x43,0x38,0xff,0x5b,0x43,0x38,0xff,0x5b,0x43,0x38,0xff,0x5b,0x43,0x38,0xff,
0x5b,0x43,0x38,0xff,0x5b,0x43,0x38,0xff,0x5b,0x43,0x38,0xff,0x5b,0x43,0x38,0xff,0x5b,0x43,0x38,0xff,0x5b,0x43,0x38,0xff,0x5b,0x43,0x38,0xff,0x5b,0x43,0x38,0xff,
0x5b,0x43,0x38,0xff,0x5b,0x43,0x38,0xff,0x5b,0x43,0x38,0xff,0x5b,0x43,0x38,0xff,0x5b,0x43,0x38,0xff,0x5b,0x43,0x38,0xff,0x5b,0x43,0x38,0xff,0x5b,0x43,0x38,0xff,
0x5b,0x43,0x38,0xff,0x5b,0x43,0x38,0xff,0x5b,0x43,0x38,0xff,0x5b,0x43,0x38,0xff,0x5b,0x43,0x38,0xff,0x5b,0x43,0x38,0xff,0x5b,0x43,0x38,0xfe,0x5d,0x44,0x39,0xff,
0x5b,0x42,0x37,0xf0,0x55,0x38,0x38,0x12,0x00,0x00,0x00,0x00,0x00,0x00,0x00,0x01,0x00,0x00,0x00,0x00,0x00,0x00,0x00,0x00,0xff,0xff,0xff,0x01,0xaa,0xaa,0xff,0x03,
0xaa,0xaa,0xff,0x03,0x7f,0x7f,0x7f,0x02,0x00,0x00,0x00,0x00,0x00,0x00,0x00,0x00,0x00,0x00,0x00,0x00,0x00,0x00,0x00,0x00,0x00,0x00,0x00,0x00,0x00,0x00,0x00,0x00,
0x00,0x00,0x00,0x00,0x00,0x00,0x00,0x00,0x00,0x00,0x00,0x00,0x00,0x00,0x00,0x00,0x00,0x00,0x00,0x00,0x7f,0x7f,0x7f,0x02,0x7f,0x3f,0x3f,0x04,0x5b,0x43,0x38,0xcb,
0x5f,0x46,0x3a,0xfd,0x5b,0x42,0x37,0xfc,0x5b,0x43,0x38,0xff,0x5b,0x43,0x38,0xff,0x5b,0x43,0x38,0xff,0x5b,0x43,0x38,0xff,0x5b,0x43,0x38,0xff,0x5b,0x43,0x38,0xff,
0x5b,0x43,0x38,0xff,0x5b,0x43,0x38,0xff,0x5b,0x43,0x38,0xff,0x5b,0x43,0x38,0xff,0x5b,0x43,0x38,0xff,0x5b,0x43,0x38,0xff,0x5b,0x43,0x38,0xff,0x5b,0x43,0x38,0xff,
0x5b,0x43,0x38,0xff,0x5b,0x43,0x38,0xff,0x5b,0x43,0x38,0xff,0x5b,0x43,0x38,0xff,0x5b,0x43,0x38,0xff,0x5b,0x43,0x38,0xff,0x5b,0x43,0x38,0xff,0x5b,0x43,0x38,0xff,
0x5b,0x43,0x38,0xff,0x5b,0x43,0x38,0xff,0x5b,0x43,0x38,0xff,0x5b,0x43,0x38,0xff,0x5b,0x43,0x38,0xff,0x5b,0x43,0x38,0xff,0x5b,0x43,0x38,0xff,0x5b,0x43,0x38,0xff,
0x5b,0x43,0x38,0xff,0x5b,0x43,0x38,0xff,0x5b,0x43,0x38,0xff,0x5b,0x43,0x38,0xff,0x5b,0x43,0x38,0xff,0x5b,0x43,0x38,0xff,0x5b,0x42,0x37,0xfc,0x5f,0x46,0x3a,0xfd,
0x5c,0x43,0x37,0xcd,0x7f,0x3f,0x3f,0x04,0x7f,0x7f,0x7f,0x02,0x00,0x00,0x00,0x00,0x00,0x00,0x00,0x00,0x00,0x00,0x00,0x00,0x00,0x00,0x00,0x00,0x00,0x00,0x00,0x00,
0x00,0x00,0x00,0x00,0x00,0x00,0x00,0x00,0x00,0x00,0x00,0x00,0x00,0x00,0x00,0x00,0x00,0x00,0x00,0x00,0x00,0x00,0x00,0x00,0x00,0x00,0x00,0x00,0x00,0x00,0x00,0x00,
0x00,0x00,0x00,0x00,0x00,0x00,0x00,0x00,0x00,0x00,0x00,0x00,0x00,0x00,0x00,0x00,0x00,0x00,0x00,0x00,0x55,0x55,0x55,0x03,0x00,0x00,0x00,0x00,0x5a,0x42,0x37,0x60,
0x64,0x4a,0x3d,0xff,0x5b,0x42,0x37,0xf9,0x5a,0x43,0x38,0xfd,0x5b,0x43,0x38,0xff,0x5b,0x43,0x38,0xff,0x5b,0x43,0x38,0xff,0x5b,0x43,0x38,0xff,0x5b,0x43,0x38,0xff,
0x5b,0x43,0x38,0xff,0x5b,0x43,0x38,0xff,0x5b,0x43,0x38,0xff,0x5b,0x43,0x38,0xff,0x5b,0x43,0x38,0xff,0x5b,0x43,0x38,0xff,0x5b,0x43,0x38,0xff,0x5b,0x43,0x38,0xff,
0x5b,0x43,0x38,0xff,0x5b,0x43,0x38,0xff,0x5b,0x43,0x38,0xff,0x5b,0x43,0x38,0xff,0x5b,0x43,0x38,0xff,0x5b,0x43,0x38,0xff,0x5b,0x43,0x38,0xff,0x5b,0x43,0x38,0xff,
0x5b,0x43,0x38,0xff,0x5b,0x43,0x38,0xff,0x5b,0x43,0x38,0xff,0x5b,0x43,0x38,0xff,0x5b,0x43,0x38,0xff,0x5b,0x43,0x38,0xff,0x5b,0x43,0x38,0xff,0x5b,0x43,0x38,0xff,
0x5b,0x43,0x38,0xff,0x5b,0x43,0x38,0xff,0x5b,0x43,0x38,0xff,0x5b,0x43,0x38,0xff,0x5b,0x43,0x38,0xfe,0x5b,0x42,0x37,0xfc,0x5b,0x43,0x37,0xfb,0x62,0x48,0x3c,0xff,
0x5b,0x44,0x38,0x56,0x00,0x00,0x00,0x00,0x55,0x55,0x55,0x03,0x00,0x00,0x00,0x00,0x00,0x00,0x00,0x00,0x00,0x00,0x00,0x00,0x00,0x00,0x00,0x00,0x00,0x00,0x00,0x00,
0x00,0x00,0x00,0x00,0x00,0x00,0x00,0x00,0x00,0x00,0x00,0x00,0x00,0x00,0x00,0x00,0x00,0x00,0x00,0x00,0x00,0x00,0x00,0x00,0x00,0x00,0x00,0x00,0x00,0x00,0x00,0x00,
0x00,0x00,0x00,0x00,0x00,0x00,0x00,0x00,0x00,0x00,0x00,0x00,0x00,0x00,0x00,0x00,0x00,0x00,0x00,0x00,0x00,0x00,0x00,0x00,0x7f,0x7f,0x7f,0x02,0x7f,0x00,0x7f,0x02,
0x5b,0x43,0x38,0x9a,0x64,0x4a,0x3d,0xff,0x5d,0x44,0x39,0xff,0x5a,0x42,0x37,0xfd,0x5a,0x42,0x37,0xfd,0x5a,0x42,0x37,0xfd,0x5a,0x42,0x37,0xfd,0x5a,0x42,0x37,0xfd,
0x5a,0x42,0x37,0xfd,0x5a,0x42,0x37,0xfd,0x5a,0x42,0x37,0xfd,0x5a,0x42,0x37,0xfd,0x5a,0x42,0x37,0xfd,0x5a,0x42,0x37,0xfd,0x5a,0x42,0x37,0xfd,0x5a,0x42,0x37,0xfd,
0x5a,0x42,0x37,0xfd,0x5a,0x42,0x37,0xfd,0x5a,0x42,0x37,0xfd,0x5a,0x42,0x37,0xfd,0x5a,0x42,0x37,0xfd,0x5a,0x42,0x37,0xfd,0x5a,0x42,0x37,0xfd,0x5a,0x42,0x37,0xfd,
0x5a,0x42,0x37,0xfd,0x5a,0x42,0x37,0xfd,0x5a,0x42,0x37,0xfd,0x5a,0x42,0x37,0xfd,0x5a,0x42,0x37,0xfd,0x5a,0x42,0x37,0xfd,0x5a,0x42,0x37,0xfd,0x5a,0x42,0x37,0xfd,
0x5a,0x42,0x37,0xfd,0x5a,0x42,0x37,0xfd,0x5a,0x42,0x37,0xfd,0x5a,0x42,0x37,0xfd,0x5c,0x43,0x38,0xff,0x5f,0x46,0x3a,0xff,0x62,0x48,0x3c,0xff,0x5a,0x42,0x38,0x96,
0x00,0x00,0x00,0x00,0x7f,0x7f,0x7f,0x02,0x00,0x00,0x00,0x00,0x00,0x00,0x00,0x00,0x00,0x00,0x00,0x00,0x00,0x00,0x00,0x00,0x00,0x00,0x00,0x00,0x00,0x00,0x00,0x00,
0x00,0x00,0x00,0x00,0x00,0x00,0x00,0x00,0x00,0x00,0x00,0x00,0x00,0x00,0x00,0x00,0x00,0x00,0x00,0x00,0x00,0x00,0x00,0x00,0x00,0x00,0x00,0x00,0x00,0x00,0x00,0x00,
0x00,0x00,0x00,0x00,0x00,0x00,0x00,0x00,0x00,0x00,0x00,0x00,0x00,0x00,0x00,0x00,0x00,0x00,0x00,0x00,0x00,0x00,0x00,0x00,0x00,0x00,0x00,0x01,0x00,0x00,0x00,0x01,
0x00,0x00,0x00,0x00,0x5c,0x43,0x39,0x7c,0x5d,0x45,0x3a,0xe4,0x5f,0x46,0x3a,0xff,0x5f,0x46,0x3a,0xff,0x5f,0x46,0x3b,0xff,0x5f,0x46,0x3b,0xff,0x5f,0x46,0x3b,0xff,
0x5f,0x46,0x3b,0xff,0x5f,0x46,0x3b,0xff,0x5f,0x46,0x3b,0xff,0x5f,0x46,0x3b,0xff,0x5f,0x46,0x3b,0xff,0x5f,0x46,0x3b,0xff,0x5f,0x46,0x3b,0xff,0x5f,0x46,0x3b,0xff,
0x5f,0x46,0x3b,0xff,0x5f,0x46,0x3b,0xff,0x5f,0x46,0x3b,0xff,0x5f,0x46,0x3b,0xff,0x5f,0x46,0x3b,0xff,0x5f,0x46,0x3b,0xff,0x5f,0x46,0x3b,0xff,0x5f,0x46,0x3b,0xff,
0x5f,0x46,0x3b,0xff,0x5f,0x46,0x3b,0xff,0x5f,0x46,0x3b,0xff,0x5f,0x46,0x3b,0xff,0x5f,0x46,0x3b,0xff,0x5f,0x46,0x3b,0xff,0x5f,0x46,0x3b,0xff,0x5f,0x46,0x3b,0xff,
0x5f,0x46,0x3b,0xff,0x5f,0x46,0x3b,0xff,0x5f,0x46,0x3a,0xff,0x5f,0x46,0x3b,0xff,0x5b,0x43,0x38,0xf4,0x5e,0x45,0x39,0xc6,0x5b,0x44,0x39,0x59,0x00,0x00,0x00,0x00,
0x7f,0x7f,0x7f,0x02,0x00,0x00,0x00,0x00,0x00,0x00,0x00,0x00,0x00,0x00,0x00,0x00,0x00,0x00,0x00,0x00,0x00,0x00,0x00,0x00,0x00,0x00,0x00,0x00,0x00,0x00,0x00,0x00,
0x00,0x00,0x00,0x00,0x00,0x00,0x00,0x00,0x00,0x00,0x00,0x00,0x00,0x00,0x00,0x00,0x00,0x00,0x00,0x00,0x00,0x00,0x00,0x00,0x00,0x00,0x00,0x00,0x00,0x00,0x00,0x00,
0x00,0x00,0x00,0x00,0x00,0x00,0x00,0x00,0x00,0x00,0x00,0x00,0x00,0x00,0x00,0x00,0x00,0x00,0x00,0x00,0x00,0x00,0x00,0x00,0x00,0x00,0x00,0x00,0x00,0x00,0x00,0x00,
0x00,0x00,0x00,0x01,0x00,0x00,0x00,0x00,0x4e,0x3a,0x3a,0x0d,0x5e,0x45,0x39,0x3e,0x5e,0x42,0x36,0x41,0x5a,0x42,0x36,0x41,0x5a,0x42,0x36,0x41,0x5a,0x42,0x36,0x41,
0x5a,0x42,0x36,0x41,0x5a,0x42,0x36,0x41,0x5a,0x42,0x36,0x41,0x5a,0x42,0x36,0x41,0x5a,0x42,0x36,0x41,0x5a,0x42,0x36,0x41,0x5a,0x42,0x36,0x41,0x5a,0x42,0x36,0x41,
0x5a,0x42,0x36,0x41,0x5a,0x42,0x36,0x41,0x5a,0x42,0x36,0x41,0x5a,0x42,0x36,0x41,0x5a,0x42,0x36,0x41,0x5a,0x42,0x36,0x41,0x5a,0x42,0x36,0x41,0x5a,0x42,0x36,0x41,
0x5a,0x42,0x36,0x41,0x5a,0x42,0x36,0x41,0x5a,0x42,0x36,0x41,0x5a,0x42,0x36,0x41,0x5a,0x42,0x36,0x41,0x5a,0x42,0x36,0x41,0x5a,0x42,0x36,0x41,0x5a,0x42,0x36,0x41,
0x5a,0x42,0x36,0x41,0x5a,0x42,0x36,0x41,0x5a,0x42,0x36,0x41,0x5e,0x46,0x3a,0x41,0x60,0x46,0x3d,0x1d,0x00,0x00,0x00,0x00,0x00,0x00,0x00,0x00,0xff,0x00,0x00,0x01,
0x00,0x00,0x00,0x00,0x00,0x00,0x00,0x00,0x00,0x00,0x00,0x00,0x00,0x00,0x00,0x00,0x00,0x00,0x00,0x00,0x00,0x00,0x00,0x00,0x00,0x00,0x00,0x00,0x00,0x00,0x00,0x00,
0x00,0x00,0x00,0x00,0x00,0x00,0x00,0x00,0x00,0x00,0x00,0x00,0x00,0x00,0x00,0x00,0x00,0x00,0x00,0x00,0x00,0x00,0x00,0x00,0x00,0x00,0x00,0x00,0x00,0x00,0x00,0x00,
0x00,0x00,0x00,0x00,0x00,0x00,0x00,0x00,0x00,0x00,0x00,0x00,0x00,0x00,0x00,0x00,0x00,0x00,0x00,0x00,0x00,0x00,0x00,0x00,0x00,0x00,0x00,0x00,0x00,0x00,0x00,0x00,
0x00,0x00,0x00,0x00,0x55,0x55,0x55,0x03,0x00,0x00,0x00,0x00,0x00,0x00,0x00,0x00,0x00,0x00,0x00,0x00,0x00,0x00,0x00,0x00,0x00,0x00,0x00,0x00,0x00,0x00,0x00,0x00,
0x00,0x00,0x00,0x00,0x00,0x00,0x00,0x00,0x00,0x00,0x00,0x00,0x00,0x00,0x00,0x00,0x00,0x00,0x00,0x00,0x00,0x00,0x00,0x00,0x00,0x00,0x00,0x00,0x00,0x00,0x00,0x00,
0x00,0x00,0x00,0x00,0x00,0x00,0x00,0x00,0x00,0x00,0x00,0x00,0x00,0x00,0x00,0x00,0x00,0x00,0x00,0x00,0x00,0x00,0x00,0x00,0x00,0x00,0x00,0x00,0x00,0x00,0x00,0x00,
0x00,0x00,0x00,0x00,0x00,0x00,0x00,0x00,0x00,0x00,0x00,0x00,0x00,0x00,0x00,0x00,0x00,0x00,0x00,0x00,0x00,0x00,0x00,0x00,0x00,0x00,0x00,0x00,0x00,0x00,0x00,0x00,
0x00,0x00,0x00,0x00,0x00,0x00,0x00,0x00,0x00,0x00,0x00,0x00,0x00,0x00,0x00,0x00,0x00,0x00,0x00,0x00,0x00,0x00,0x00,0x01,0x55,0x55,0x55,0x03,0x00,0x00,0x00,0x00,
0x00,0x00,0x00,0x00,0x00,0x00,0x00,0x00,0x00,0x00,0x00,0x00,0x00,0x00,0x00,0x00,0x00,0x00,0x00,0x00,0x00,0x00,0x00,0x00,0x00,0x00,0x00,0x00,0x00,0x00,0x00,0x00,
0x00,0x00,0x00,0x00,0x00,0x00,0x00,0x00,0x00,0x00,0x00,0x00,0x00,0x00,0x00,0x00,0x00,0x00,0x00,0x00,0x00,0x00,0x00,0x00,0x00,0x00,0x00,0x00,0x00,0x00,0x00,0x00,
0x00,0x00,0x00,0x00,0x00,0x00,0x00,0x00,0x00,0x00,0x00,0x00,0x00,0x00,0x00,0x00,0x00,0x00,0x00,0x00,0x00,0x00,0x00,0x00,0x00,0x00,0x00,0x00,0x00,0x00,0x00,0x00,
0x00,0x00,0x00,0x00,0x00,0x00,0x00,0x00,0x00,0x00,0x00,0x01,0x55,0x55,0x55,0x03,0x55,0x55,0x55,0x03,0x55,0x55,0x55,0x03,0x55,0x55,0x55,0x03,0x55,0x55,0x55,0x03,
0x55,0x55,0x55,0x03,0x55,0x55,0x55,0x03,0x55,0x55,0x55,0x03,0x55,0x55,0x55,0x03,0x55,0x55,0x55,0x03,0x55,0x55,0x55,0x03,0x55,0x55,0x55,0x03,0x55,0x55,0x55,0x03,
0x55,0x55,0x55,0x03,0x55,0x55,0x55,0x03,0x55,0x55,0x55,0x03,0x55,0x55,0x55,0x03,0x55,0x55,0x55,0x03,0x55,0x55,0x55,0x03,0x55,0x55,0x55,0x03,0x55,0x55,0x55,0x03,
0x55,0x55,0x55,0x03,0x55,0x55,0x55,0x03,0x55,0x55,0x55,0x03,0x55,0x55,0x55,0x03,0x55,0x55,0x55,0x03,0x55,0x55,0x55,0x03,0x55,0x55,0x55,0x03,0x55,0x55,0x55,0x03,
0x55,0x55,0x55,0x03,0x55,0x55,0x55,0x03,0x55,0x55,0x55,0x03,0x55,0x55,0x55,0x03,0x7f,0x00,0x00,0x02,0x00,0x00,0x00,0x00,0x00,0x00,0x00,0x00,0x00,0x00,0x00,0x00,
0x00,0x00,0x00,0x00,0x00,0x00,0x00,0x00,0x00,0x00,0x00,0x00,0x00,0x00,0x00,0x00,0x00,0x00,0x00,0x00,0x00,0x00,0x00,0x00,0x00,0x00,0x00,0x00,0x00,0x00,0x00,0x00,
0x00,0x00,0x00,0x00,0x00,0x00,0x00,0x00,0x00,0x00,0x00,0x00,0x00,0x00,0x00,0x00,0x00,0x00,0x00,0x00,0x00,0x00,0x00,0x00,0x00,0x00,0x00,0x00,0x00,0x00,0x00,0x00,
0x00,0x00,0x00,0x00,0x00,0x00,0x00,0x00,0x00,0x00,0x00,0x00,0x00,0x00,0x00,0x00,0x00,0x00,0x00,0x00,0x00,0x00,0x00,0x00,0x00,0x00,0x00,0x00,0x00,0x00,0x00,0x00,
0x00,0x00,0x00,0x00,0x00,0x00,0x00,0x00,0x00,0x00,0x00,0x00,0x00,0x00,0x00,0x00,0x00,0x00,0x00,0x00,0x00,0x00,0x00,0x00,0x00,0x00,0x00,0x00,0x00,0x00,0x00,0x00,
0x00,0x00,0x00,0x00,0x00,0x00,0x00,0x00,0x00,0x00,0x00,0x00,0x00,0x00,0x00,0x00,0x00,0x00,0x00,0x00,0x00,0x00,0x00,0x00,0x00,0x00,0x00,0x00,0x00,0x00,0x00,0x00,
0x00,0x00,0x00,0x00,0x00,0x00,0x00,0x00,0x00,0x00,0x00,0x00,0x00,0x00,0x00,0x00,0x00,0x00,0x00,0x00,0x00,0x00,0x00,0x00,0x00,0x00,0x00,0x00,0x00,0x00,0x00,0x00,
0x00,0x00,0x00,0x00,0x00,0x00,0x00,0x00,0x00,0x00,0x00,0x00,0x00,0x00,0x00,0x00,0x00,0x00,0x00,0x00,0x00,0x00,0x00,0x00,0x00,0x00,0x00,0x00,0x00,0x00,0x00,0x00,
0x00,0x00,0x00,0x00,0x00,0x00,0x00,0x00,0x00,0x00,0x00,0x00,0x00,0x00,0x00,0x00,0x00,0x00,0x00,0x00,0x00,0x00,0x00,0x00,0x00,0x00,0x00,0x00,0x00,0x00,0x00,0x00,
0x00,0x00,0x00,0x00,0x00,0x00,0x00,0x00,0x00,0x00,0x00,0x00,0x00,0x00,0x00,0x00,0x00,0x00,0x00,0x00,0x00,0x00,0x00,0x00,0x00,0x00,0x00,0x00,0x00,0x00,0x00,0x00,
0x00,0x00,0x00,0x00,0x00,0x00,0x00,0x00,0x00,0x00,0x00,0x00,0x00,0x00,0x00,0x00,0x00,0x00,0x00,0x00,0x00,0x00,0x00,0x00,0x00,0x00,0x00,0x00,0x00,0x00,0x00,0x00,
0x00,0x00,0x00,0x00,0x00,0x00,0x00,0x00,0x00,0x00,0x00,0x00,0x00,0x00,0x00,0x00,0x00,0x00,0x00,0x00,0x00,0x00,0x00,0x00,0x00,0x00,0x00,0x00,0x00,0x00,0x00,0x00,
0x00,0x00,0x00,0x00,0x00,0x00,0x00,0x00,0x00,0x00,0x00,0x00,0x00,0x00,0x00,0x00,0x00,0x00,0x00,0x00,0x00,0x00,0x00,0x00,0x00,0x00,0x00,0x00,0x00,0x00,0x00,0x00,
0x00,0x00,0x00,0x00,0x00,0x00,0x00,0x00,0x00,0x00,0x00,0x00,0x00,0x00,0x00,0x00,0x00,0x00,0x00,0x00,0x00,0x00,0x00,0x00,0x00,0x00,0x00,0x00,0x00,0x00,0x00,0x00,
0x00,0x00,0x00,0x00,0x00,0x00,0x00,0x00,0x00,0x00,0x00,0x00,0x00,0x00,0x00,0x00,0x00,0x00,0x00,0x00,0x00,0x00,0x00,0x00,0x00,0x00,0x00,0x00,0x00,0x00,0x00,0x00,
0x00,0x00,0x00,0x00,0x00,0x00,0x00,0x00,0x00,0x00,0x00,0x00,0x00,0x00,0x00,0x00,0x00,0x00,0x00,0x00,0x00,0x00,0x00,0x00,0x00,0x00,0x00,0x00,0x00,0x00,0x00,0x00,
0x00,0x00,0x00,0x00,0x00,0x00,0x00,0x00,0x00,0x00,0x00,0x00,0x00,0x00,0x00,0x00,0x00,0x00,0x00,0x00,0x00,0x00,0x00,0x00,0x00,0x00,0x00,0x00,0x00,0x00,0x00,0x00,
0x00,0x00,0x00,0x00,0x00,0x00,0x00,0x00,0x00,0x00,0x00,0x00,0x00,0x00,0x00,0x00,0x00,0x00,0x00,0x00,0x00,0x00,0x00,0x00,0x00,0x00,0x00,0x00,0x00,0x00,0x00,0x00,
0x00,0x00,0x00,0x00,0x00,0x00,0x00,0x00,0x00,0x00,0x00,0x00,0x00,0x00,0x00,0x00,0x00,0x00,0x00,0x00,0x00,0x00,0x00,0x00,0x00,0x00,0x00,0x00,0x00,0x00,0x00,0x00,
0x00,0x00,0x00,0x00,0x00,0x00,0x00,0x00,0x00,0x00,0x00,0x00,0x00,0x00,0x00,0x00,0x00,0x00,0x00,0x00,0x00,0x00,0x00,0x00,0x00,0x00,0x00,0x00,0x00,0x00,0x00,0x00,
0x00,0x00,0x00,0x00,0x00,0x00,0x00,0x00,0x00,0x00,0x00,0x00,0x00,0x00,0x00,0x00,0x00,0x00,0x00,0x00,0x00,0x00,0x00,0x00,0x00,0x00,0x00,0x00,0x00,0x00,0x00,0x00,
0x00,0x00,0x00,0x00,0x00,0x00,0x00,0x00,0x00,0x00,0x00,0x00,0x00,0x00,0x00,0x00,0x00,0x00,0x00,0x00,0x00,0x00,0x00,0x00,0x00,0x00,0x00,0x00,0x00,0x00,0x00,0x00,
0x00,0x00,0x00,0x00,0x00,0x00,0x00,0x00,0x00,0x00,0x00,0x00,0x00,0x00,0x00,0x00,0x00,0x00,0x00,0x00,0x00,0x00,0x00,0x00,0x00,0x00,0x00,0x00,0x00,0x00,0x00,0x00,
0x00,0x00,0x00,0x00,0x00,0x00,0x00,0x00,0x00,0x00,0x00,0x00,0x00,0x00,0x00,0x00,0x00,0x00,0x00,0x00,0x00,0x00,0x00,0x00,0x00,0x00,0x00,0x00,0x00,0x00,0x00,0x00,
0x00,0x00,0x00,0x00,0x00,0x00,0x00,0x00,0x00,0x00,0x00,0x00,0x00,0x00,0x00,0x00,0x00,0x00,0x00,0x00,0x00,0x00,0x00,0x00,0x00,0x00,0x00,0x00,0x00,0x00,0x00,0x00,
0x00,0x00,0x00,0x00,0x00,0x00,0x00,0x00,0x00,0x00,0x00,0x00,0x00,0x00,0x00,0x00,0x00,0x00,0x00,0x00,0x00,0x00,0x00,0x00,0x00,0x00,0x00,0x00,0x00,0x00,0x00,0x00,
0x00,0x00,0x00,0x00,0x00,0x00,0x00,0x00,0x00,0x00,0x00,0x00,0x00,0x00,0x00,0x00,0x00,0x00,0x00,0x00,0x00,0x00,0x00,0x00,0x00,0x00,0x00,0x00,0x00,0x00,0x00,0x00,
0x00,0x00,0x00,0x00,0x00,0x00,0x00,0x00,0x00,0x00,0x00,0x00,0x00,0x00,0x00,0x00,0x00,0x00,0x00,0x00,0x00,0x00,0x00,0x00,0x00,0x00,0x00,0x00,0x00,0x00,0x00,0x00,
0x00,0x00,0x00,0x00,0x00,0x00,0x00,0x00,0x00,0x00,0x00,0x00,0x00,0x00,0x00,0x00,0x00,0x00,0x00,0x00,0x00,0x00,0x00,0x00,0x00,0x00,0x00,0x00,0x00,0x00,0x00,0x00,
0x00,0x00,0x00,0x00,0x00,0x00,0x00,0x00,0x00,0x00,0x00,0x00,0x00,0x00,0x00,0x00,0x00,0x00,0x00,0x00,0x00,0x00,0x00,0x00,0x00,0x00,0x00,0x00,0x00,0x00,0x00,0x00,
0x00,0x00,0x00,0x00,0x00,0x00,0x00,0x00,0x00,0x00,0x00,0x00,0x00,0x00,0x00,0x00,0x00,0x00,0x00,0x00,0x00,0x00,0x00,0x00,0x00,0x00,0x00,0x00,0x00,0x00,0x00,0x00,
0x00,0x00,0x00,0x00,0x00,0x00,0x00,0x00,0x00,0x00,0x00,0x00,0x00,0x00,0x00,0x00,0x00,0x00,0x00,0x00,0x00,0x00,0x00,0x00,0x00,0x00,0x00,0x00,0x00,0x00,0x00,0x00,
0x00,0x00,0x00,0x00,0x00,0x00,0x00,0x00,0x00,0x00,0x00,0x00,0x00,0x00,0x00,0x00,0x00,0x00,0x00,0x00,0x00,0x00,0x00,0x00,0x00,0x00,0x00,0x00,0x00,0x00,0x00,0x00,
0x00,0x00,0x00,0x00,0x00,0x00,0x00,0x00,0x00,0x00,0x00,0x00,0x00,0x00,0x00,0x00,0x00,0x00,0x00,0x00,0x00,0x00,0x00,0x00,0x00,0x00,0x00,0x00,0x00,0x00,0x00,0x00,
0x00,0x00,0x00,0x00,0x00,0x00,0x00,0x00,0x00,0x00,0x00,0x00,0x00,0x00,0x00,0x00,0x00,0x00,0x00,0x00,0x00,0x00,0x00,0x00,0x00,0x00,0x00,0x00,0x00,0x00,0x00,0x00,
0x00,0x00,0x00,0x00,0x00,0x00,0x00,0x00,0x00,0x00,0x00,0x00,0x00,0x00,0x00,0x00,0x00,0x00,0x00,0x00,0x00,0x00,0x00,0x00,0x00,0x00,0x00,0x00,0x00,0x00,0x00,0x00,
0x00,0x00,0x00,0x00,0x00,0x00,0x00,0x00,0x00,0x00,0x00,0x00,0x00,0x00,0x00,0x00,0x00,0x00,0x00,0x00,0x00,0x00,0x00,0x00,0x00,0x00,0x00,0x00,0x00,0x00,0x00,0x00,
0x00,0x00,0x00,0x00,0x00,0x00,0x00,0x00,0x00,0x00,0x00,0x00,0x00,0x00,0x00,0x00,0x00,0x00,0x00,0x00,0x00,0x00,0x00,0x00,0x00,0x00,0x00,0x00,0x00,0x00,0x00,0x00,
0x00,0x00,0x00,0x00,0x00,0x00,0x00,0x00,0x00,0x00,0x00,0x00,0x00,0x00,0x00,0x00,0x00,0x00,0x00,0x00,0x00,0x00,0x00,0x00,0x00,0x00,0x00,0x00,0x00,0x00,0x00,0x00,
0x00,0x00,0x00,0x00,0x00,0x00,0x00,0x00,0x00,0x00,0x00,0x00,0x00,0x00,0x00,0x00,0x00,0x00,0x00,0x00,0x00,0x00,0x00,0x00,0x00,0x00,0x00,0x00,0x00,0x00,0x00,0x00,
0x00,0x00,0x00,0x00,0x00,0x00,0x00,0x00,0x00,0x00,0x00,0x00,0x00,0x00,0x00,0x00,0x00,0x00,0x00,0x00,0x00,0x00,0x00,0x00,0x00,0x00,0x00,0x00,0x00,0x00,0x00,0x00,
0x00,0x00,0x00,0x00,0x00,0x00,0x00,0x00,0x00,0x00,0x00,0x00,0x00,0x00,0x00,0x00,0x00,0x00,0x00,0x00,0x00,0x00,0x00,0x00,0x00,0x00,0x00,0x00,0x00,0x00,0x00,0x00,
0x00,0x00,0x00,0x00,0x00,0x00,0x00,0x00,0x00,0x00,0x00,0x00,0x00,0x00,0x00,0x00,0x00,0x00,0x00,0x00,0x00,0x00,0x00,0x00,0x00,0x00,0x00,0x00,0x00,0x00,0x00,0x00,
0x00,0x00,0x00,0x00,0x00,0x00,0x00,0x00,0x00,0x00,0x00,0x00,0x00,0x00,0x00,0x00,0x00,0x00,0x00,0x00,0x00,0x00,0x00,0x00,0x00,0x00,0x00,0x00,0x00,0x00,0x00,0x00,
0x00,0x00,0x00,0x00,0x00,0x00,0x00,0x00,0x00,0x00,0x00,0x00,0x00,0x00,0x00,0x00,0x00,0x00,0x00,0x00,0x00,0x00,0x00,0x00,0x00,0x00,0x00,0x00,0x00,0x00,0x00,0x00,
0x00,0x00,0x00,0x00,0x00,0x00,0x00,0x00,0x00,0x00,0x00,0x00,0x00,0x00,0x00,0x00,0x00,0x00,0x00,0x00,0x00,0x00,0x00,0x00,0x00,0x00,0x00,0x00,0x00,0x00,0x00,0x00,
0x00,0x00,0x00,0x00,0x00,0x00,0x00,0x00,0x00,0x00,0x00,0x00,0x00,0x00,0x00,0x00,0x00,0x00,0x00,0x00,0x00,0x00,0x00,0x00,0x00,0x00,0x00,0x00,0x00,0x00,0x00,0x00,
0x00,0x00,0x00,0x00,0x00,0x00,0x00,0x00,0x00,0x00,0x00,0x00,0x00,0x00,0x00,0x00,0x00,0x00,0x00,0x00,0x00,0x00,0x00,0x00,0x00,0x00,0x00,0x00,0x00,0x00,0x00,0x00,
0x00,0x00,0x00,0x00,0x00,0x00,0x00,0x00,0x00,0x00,0x00,0x00,0x00,0x00,0x00,0x00,0x00,0x00,0x00,0x00,0x00,0x00,0x00,0x00,0x00,0x00,0x00,0x00,0x00,0x00,0x00,0x00,
0x00,0x00,0x00,0x00,0x00,0x00,0x00,0x00,0x00,0x00,0x00,0x00,0x00,0x00,0x00,0x00,0x00,0x00,0x00,0x00,0x00,0x00,0x00,0x00,0x00,0x00,0x00,0x00,0x00,0x00,0x00,0x00,
0x00,0x00,0x00,0x00,0x00,0x00,0x00,0x00,0x00,0x00,0x00,0x00,0x00,0x00,0x00,0x00,0x00,0x00,0x00,0x00,0x00,0x00,0x00,0x00,0x00,0x00,0x00,0x00,0x00,0x00,0x00,0x00,
0x00,0x00,0x00,0x00,0x00,0x00,0x00,0x00,0x00,0x00,0x00,0x00,0x00,0x00,0x00,0x00,0x00,0x00,0x00,0x00,0x00,0x00,0x00,0x00,0x00,0x00,0x00,0x00,0x00,0x00,0x00,0x00,
0x00,0x00,0x00,0x00,0x00,0x00,0x00,0x00,0x00,0x00,0x00,0x00,0x00,0x00,0x00,0x00,0x00,0x00,0x00,0x00,0x00,0x00,0x00,0x00,0x00,0x00,0x00,0x00,0x00,0x00,0x00,0x00,
0x00,0x00,0x00,0x00,0x00,0x00,0x00,0x00,0x00,0x00,0x00,0x00,0x00,0x00,0x00,0x00,0x00,0x00,0x00,0x00,0x00,0x00,0x00,0x00,0x00,0x00,0x00,0x00,0x00,0x00,0x00,0x00,
0x00,0x00,0x00,0x00,0x00,0x00,0x00,0x00,0x00,0x00,0x00,0x00,0x00,0x00,0x00,0x00,0x00,0x00,0x00,0x00,0x00,0x00,0x00,0x00,0x00,0x00,0x00,0x00,0x00,0x00,0x00,0x00,
0x00,0x00,0x00,0x00,0x00,0x00,0x00,0x00,0x00,0x00,0x00,0x00,0x00,0x00,0x00,0x00,0x00,0x00,0x00,0x00,0x00,0x00,0x00,0x00,0x00,0x00,0x00,0x00,0x00,0x00,0x00,0x00,
0x00,0x00,0x00,0x00,0x00,0x00,0x00,0x00,0x00,0x00,0x00,0x00,0x00,0x00,0x00,0x00,0x00,0x00,0x00,0x00,0x00,0x00,0x00,0x00,0x00,0x00,0x00,0x00,0x00,0x00,0x00,0x00,
0x00,0x00,0x00,0x00,0x00,0x00,0x00,0x00,0x00,0x00,0x00,0x00,0x00,0x00,0x00,0x00,0x00,0x00,0x00,0x00,0x00,0x00,0x00,0x00,0x00,0x00,0x00,0x00,0x00,0x00,0x00,0x00,
0x00,0x00,0x00,0x00,0x00,0x00,0x00,0x00,0x00,0x00,0x00,0x00,0x00,0x00,0x00,0x00,0x00,0x00,0x00,0x00,0x00,0x00,0x00,0x00,0x00,0x00,0x00,0x00,0x00,0x00,0x00,0x00,
};
const lv_image_dsc_t icon_snake = {
.header = {.magic = LV_IMAGE_HEADER_MAGIC, .cf = LV_COLOR_FORMAT_ARGB8888, .w = 64, .h = 64, .stride = 256},
.data_size = sizeof icon_snake_pixels, .data = icon_snake_pixels
};
static const uint8_t icon_ida_pixels[] = {
0x00,0x00,0x00,0x00,0x00,0x00,0x00,0x00,0x00,0x00,0x00,0x00,0x00,0x00,0x00,0x00,0x00,0x00,0x00,0x00,0x00,0x00,0x00,0x00,0x00,0x00,0x00,0x00,0x00,0x00,0x00,0x00,
0x00,0x00,0x00,0x00,0x00,0x00,0x00,0x00,0x00,0x00,0x00,0x00,0x00,0x00,0x00,0x00,0x00,0x00,0x00,0x00,0x00,0x00,0x00,0x00,0x00,0x00,0x00,0x00,0x00,0x00,0x00,0x00,
0x00,0x00,0x00,0x00,0x00,0x00,0x00,0x00,0x00,0x00,0x00,0x00,0x00,0x00,0x00,0x00,0x00,0x00,0x00,0x00,0x00,0x00,0x00,0x00,0x00,0x00,0x00,0x00,0x00,0x00,0x00,0x00,
0x00,0x00,0x00,0x00,0x00,0x00,0x00,0x00,0x00,0x00,0x00,0x00,0x00,0x00,0x00,0x00,0x00,0x00,0x00,0x00,0x00,0x00,0x00,0x00,0x00,0x00,0x00,0x00,0x00,0x00,0x00,0x00,
0x00,0x00,0x00,0x00,0x00,0x00,0x00,0x00,0x00,0x00,0x00,0x00,0x00,0x00,0x00,0x00,0x00,0x00,0x00,0x00,0x00,0x00,0x00,0x00,0x00,0x00,0x00,0x00,0x00,0x00,0x00,0x00,
0x00,0x00,0x00,0x00,0x00,0x00,0x00,0x00,0x00,0x00,0x00,0x00,0x00,0x00,0x00,0x00,0x00,0x00,0x00,0x00,0x00,0x00,0x00,0x00,0x00,0x00,0x00,0x00,0x00,0x00,0x00,0x00,
0x00,0x00,0x00,0x00,0x00,0x00,0x00,0x00,0x00,0x00,0x00,0x00,0x00,0x00,0x00,0x00,0x00,0x00,0x00,0x00,0x00,0x00,0x00,0x00,0x00,0x00,0x00,0x00,0x00,0x00,0x00,0x00,
0x00,0x00,0x00,0x00,0x00,0x00,0x00,0x00,0x00,0x00,0x00,0x00,0x00,0x00,0x00,0x00,0x00,0x00,0x00,0x00,0x00,0x00,0x00,0x00,0x00,0x00,0x00,0x00,0x00,0x00,0x00,0x00,
0x00,0x00,0x00,0x00,0x00,0x00,0x00,0x00,0x00,0x00,0x00,0x00,0x00,0x00,0x00,0x00,0x00,0x00,0x00,0x00,0x00,0x00,0x00,0x00,0x00,0x00,0x00,0x00,0x00,0x00,0x00,0x00,
0x00,0x00,0x00,0x00,0x00,0x00,0x00,0x00,0x00,0x00,0x00,0x00,0x00,0x00,0x00,0x00,0x00,0x00,0x00,0x00,0x00,0x00,0x00,0x00,0x00,0x00,0x00,0x00,0x00,0x00,0x00,0x00,
0x00,0x00,0x00,0x00,0x00,0x00,0x00,0x00,0x00,0x00,0x00,0x00,0x00,0x00,0x00,0x00,0x00,0x00,0x00,0x00,0x00,0x00,0x00,0x00,0x00,0x00,0x00,0x00,0x00,0x00,0x00,0x00,
0x00,0x00,0x00,0x00,0x00,0x00,0x00,0x00,0x00,0x00,0x00,0x00,0x00,0x00,0x00,0x00,0x00,0x00,0x00,0x00,0x00,0x00,0x00,0x01,0x00,0x00,0x00,0x01,0x00,0x00,0x00,0x01,
0x00,0x00,0x00,0x01,0x00,0x00,0x00,0x01,0x00,0x00,0x00,0x01,0x00,0x00,0x00,0x00,0x00,0x00,0x00,0x00,0x00,0x00,0x00,0x00,0x00,0x00,0x00,0x00,0x00,0x00,0x00,0x00,
0x00,0x00,0x00,0x00,0x00,0x00,0x00,0x00,0x00,0x00,0x00,0x00,0x00,0x00,0x00,0x00,0x00,0x00,0x00,0x00,0x00,0x00,0x00,0x00,0x00,0x00,0x00,0x00,0x00,0x00,0x00,0x00,
0x00,0x00,0x00,0x00,0x00,0x00,0x00,0x00,0x00,0x00,0x00,0x00,0x00,0x00,0x00,0x00,0x00,0x00,0x00,0x00,0x00,0x00,0x00,0x00,0x00,0x00,0x00,0x00,0x00,0x00,0x00,0x00,
0x00,0x00,0x00,0x00,0x00,0x00,0x00,0x00,0x00,0x00,0x00,0x00,0x00,0x00,0x00,0x00,0x00,0x00,0x00,0x00,0x00,0x00,0x00,0x00,0x00,0x00,0x00,0x00,0x00,0x00,0x00,0x00,
0x00,0x00,0x00,0x00,0x00,0x00,0x00,0x00,0x00,0x00,0x00,0x00,0x00,0x00,0x00,0x00,0x00,0x00,0x00,0x00,0x00,0x00,0x00,0x00,0x00,0x00,0x00,0x00,0x00,0x00,0x00,0x00,
0x00,0x00,0x00,0x00,0x00,0x00,0x00,0x00,0x00,0x00,0x00,0x00,0x00,0x00,0x00,0x00,0x00,0x00,0x00,0x00,0x00,0x00,0x00,0x00,0x00,0x00,0x00,0x00,0x00,0x00,0x00,0x00,
0x00,0x00,0x00,0x00,0x00,0x00,0x00,0x00,0x00,0x00,0x00,0x00,0x00,0x00,0x00,0x00,0x00,0x00,0x00,0x00,0x00,0x00,0x00,0x00,0x00,0x00,0x00,0x00,0x00,0x00,0x00,0x00,
0x00,0x00,0x00,0x01,0x55,0x55,0x55,0x03,0x3f,0x3f,0x3f,0x04,0x55,0x55,0x55,0x03,0x7f,0x7f,0x00,0x02,0x00,0x00,0x00,0x00,0x00,0x00,0x00,0x00,0x00,0x00,0x00,0x00,
0x00,0x00,0x00,0x00,0x00,0x00,0x00,0x00,0x00,0x00,0x00,0x00,0x7f,0x7f,0x7f,0x02,0x55,0x55,0x55,0x03,0x7f,0x3f,0x3f,0x04,0x55,0x55,0x55,0x03,0x00,0x00,0x00,0x01,
0x00,0x00,0x00,0x00,0x00,0x00,0x00,0x00,0x00,0x00,0x00,0x00,0x00,0x00,0x00,0x00,0x00,0x00,0x00,0x00,0x00,0x00,0x00,0x00,0x00,0x00,0x00,0x00,0x00,0x00,0x00,0x00,
0x00,0x00,0x00,0x00,0x00,0x00,0x00,0x00,0x00,0x00,0x00,0x00,0x00,0x00,0x00,0x00,0x00,0x00,0x00,0x00,0x00,0x00,0x00,0x00,0x00,0x00,0x00,0x00,0x00,0x00,0x00,0x00,
0x00,0x00,0x00,0x00,0x00,0x00,0x00,0x00,0x00,0x00,0x00,0x00,0x00,0x00,0x00,0x00,0x00,0x00,0x00,0x00,0x00,0x00,0x00,0x00,0x00,0x00,0x00,0x00,0x00,0x00,0x00,0x00,
0x00,0x00,0x00,0x00,0x00,0x00,0x00,0x00,0x00,0x00,0x00,0x00,0x00,0x00,0x00,0x00,0x00,0x00,0x00,0x00,0x00,0x00,0x00,0x00,0x00,0x00,0x00,0x00,0x00,0x00,0x00,0x00,
0x00,0x00,0x00,0x00,0x00,0x00,0x00,0x00,0x00,0x00,0x00,0x00,0x00,0x00,0x00,0x00,0x00,0x00,0x00,0x00,0x00,0x00,0x00,0x00,0x00,0x00,0x00,0x00,0x00,0x00,0x00,0x00,
0x00,0x00,0x00,0x00,0x00,0x00,0x00,0x00,0x00,0x00,0x00,0x00,0x00,0x00,0x00,0x00,0x00,0x00,0x00,0x00,0x00,0x00,0x00,0x01,0x55,0x55,0x55,0x03,0x55,0x55,0x55,0x03,
0x00,0x00,0x00,0x00,0x00,0x00,0x00,0x00,0x00,0x00,0x00,0x00,0x00,0x00,0x00,0x00,0x00,0x00,0x00,0x00,0x7f,0x7f,0x7f,0x02,0x69,0x5a,0x3c,0x11,0x5f,0x4f,0x3f,0x10,
0x6f,0x4f,0x3f,0x10,0x69,0x4b,0x3c,0x11,0x71,0x55,0x38,0x09,0x00,0x00,0x00,0x00,0x00,0x00,0x00,0x00,0x00,0x00,0x00,0x00,0x00,0x00,0x00,0x00,0x00,0x00,0x00,0x00,
0x7f,0x7f,0x7f,0x02,0x3f,0x3f,0x3f,0x04,0x00,0x00,0x00,0x01,0x00,0x00,0x00,0x00,0x00,0x00,0x00,0x00,0x00,0x00,0x00,0x00,0x00,0x00,0x00,0x00,0x00,0x00,0x00,0x00,
0x00,0x00,0x00,0x00,0x00,0x00,0x00,0x00,0x00,0x00,0x00,0x00,0x00,0x00,0x00,0x00,0x00,0x00,0x00,0x00,0x00,0x00,0x00,0x00,0x00,0x00,0x00,0x00,0x00,0x00,0x00,0x00,
0x00,0x00,0x00,0x00,0x00,0x00,0x00,0x00,0x00,0x00,0x00,0x00,0x00,0x00,0x00,0x00,0x00,0x00,0x00,0x00,0x00,0x00,0x00,0x00,0x00,0x00,0x00,0x00,0x00,0x00,0x00,0x00,
0x00,0x00,0x00,0x00,0x00,0x00,0x00,0x00,0x00,0x00,0x00,0x00,0x00,0x00,0x00,0x00,0x00,0x00,0x00,0x00,0x00,0x00,0x00,0x00,0x00,0x00,0x00,0x00,0x00,0x00,0x00,0x00,
0x00,0x00,0x00,0x00,0x00,0x00,0x00,0x00,0x00,0x00,0x00,0x00,0x00,0x00,0x00,0x00,0x00,0x00,0x00,0x00,0x00,0x00,0x00,0x00,0x00,0x00,0x00,0x00,0x00,0x00,0x00,0x00,
0x00,0x00,0x00,0x00,0x00,0x00,0x00,0x00,0x00,0x00,0x00,0x00,0x00,0x00,0x00,0x01,0x55,0x55,0x55,0x03,0x00,0x00,0x00,0x00,0x00,0x00,0x00,0x00,0x00,0x00,0x00,0x00,
0x66,0x4c,0x4c,0x0a,0x63,0x4b,0x3d,0x36,0x60,0x49,0x3e,0x6f,0x60,0x48,0x3b,0x9f,0x5e,0x47,0x3a,0xbd,0x59,0x41,0x37,0xd5,0x5a,0x40,0x36,0xee,0x57,0x3e,0x34,0xee,
0x56,0x3d,0x34,0xee,0x5a,0x40,0x36,0xee,0x59,0x40,0x36,0xe1,0x5e,0x46,0x3a,0xbd,0x5d,0x46,0x3a,0xae,0x5f,0x48,0x3c,0x7b,0x5f,0x48,0x3c,0x43,0x63,0x46,0x38,0x12,
0x00,0x00,0x00,0x00,0x00,0x00,0x00,0x00,0x00,0x00,0x00,0x00,0x55,0x55,0x55,0x03,0x7f,0x00,0x00,0x02,0x00,0x00,0x00,0x00,0x00,0x00,0x00,0x00,0x00,0x00,0x00,0x00,
0x00,0x00,0x00,0x00,0x00,0x00,0x00,0x00,0x00,0x00,0x00,0x00,0x00,0x00,0x00,0x00,0x00,0x00,0x00,0x00,0x00,0x00,0x00,0x00,0x00,0x00,0x00,0x00,0x00,0x00,0x00,0x00,
0x00,0x00,0x00,0x00,0x00,0x00,0x00,0x00,0x00,0x00,0x00,0x00,0x00,0x00,0x00,0x00,0x00,0x00,0x00,0x00,0x00,0x00,0x00,0x00,0x00,0x00,0x00,0x00,0x00,0x00,0x00,0x00,
0x00,0x00,0x00,0x00,0x00,0x00,0x00,0x00,0x00,0x00,0x00,0x00,0x00,0x00,0x00,0x00,0x00,0x00,0x00,0x00,0x00,0x00,0x00,0x00,0x00,0x00,0x00,0x00,0x00,0x00,0x00,0x00,
0x00,0x00,0x00,0x00,0x00,0x00,0x00,0x00,0x00,0x00,0x00,0x00,0x00,0x00,0x00,0x00,0x00,0x00,0x00,0x00,0x00,0x00,0x00,0x00,0x00,0x00,0x00,0x00,0x00,0x00,0x00,0x00,
0x00,0x00,0x00,0x00,0x00,0x00,0x00,0x01,0x55,0x55,0x55,0x03,0x00,0x00,0x00,0x00,0x00,0x00,0x00,0x00,0x6d,0x48,0x48,0x07,0x62,0x4b,0x3a,0x4e,0x60,0x48,0x3b,0x9e,
0x5c,0x44,0x38,0xe1,0x59,0x3e,0x35,0xff,0x59,0x3a,0x34,0xff,0x58,0x3a,0x34,0xff,0x59,0x3d,0x35,0xff,0x60,0x48,0x3c,0xff,0x64,0x50,0x40,0xff,0x6e,0x5d,0x49,0xff,
0x73,0x65,0x4e,0xff,0x64,0x4f,0x3f,0xff,0x63,0x4d,0x3e,0xff,0x5a,0x3d,0x36,0xff,0x59,0x3b,0x34,0xff,0x59,0x3a,0x34,0xff,0x59,0x3d,0x35,0xff,0x5a,0x41,0x37,0xec,
0x5f,0x48,0x3b,0xb0,0x61,0x49,0x3c,0x61,0x58,0x42,0x37,0x17,0x00,0x00,0x00,0x00,0x00,0x00,0x00,0x00,0x55,0x55,0x55,0x03,0x00,0x00,0x00,0x01,0x00,0x00,0x00,0x00,
0x00,0x00,0x00,0x00,0x00,0x00,0x00,0x00,0x00,0x00,0x00,0x00,0x00,0x00,0x00,0x00,0x00,0x00,0x00,0x00,0x00,0x00,0x00,0x00,0x00,0x00,0x00,0x00,0x00,0x00,0x00,0x00,
0x00,0x00,0x00,0x00,0x00,0x00,0x00,0x00,0x00,0x00,0x00,0x00,0x00,0x00,0x00,0x00,0x00,0x00,0x00,0x00,0x00,0x00,0x00,0x00,0x00,0x00,0x00,0x00,0x00,0x00,0x00,0x00,
0x00,0x00,0x00,0x00,0x00,0x00,0x00,0x00,0x00,0x00,0x00,0x00,0x00,0x00,0x00,0x00,0x00,0x00,0x00,0x00,0x00,0x00,0x00,0x00,0x00,0x00,0x00,0x00,0x00,0x00,0x00,0x00,
0x00,0x00,0x00,0x00,0x00,0x00,0x00,0x00,0x00,0x00,0x00,0x00,0x00,0x00,0x00,0x00,0x00,0x00,0x00,0x00,0x00,0x00,0x00,0x00,0x00,0x00,0x00,0x00,0x00,0x00,0x00,0x00,
0x55,0x55,0x55,0x03,0x00,0x00,0x00,0x00,0x00,0x00,0x00,0x00,0x58,0x42,0x37,0x17,0x5f,0x49,0x3b,0x80,0x5e,0x47,0x3a,0xd7,0x5b,0x3f,0x36,0xff,0x58,0x39,0x33,0xff,
0x5d,0x44,0x39,0xff,0x6e,0x60,0x49,0xfe,0x8a,0x8a,0x62,0xfb,0x9e,0xaa,0x75,0xfb,0xad,0xc1,0x82,0xfc,0xb0,0xc6,0x86,0xfd,0xb7,0xd1,0x8b,0xfe,0xaa,0xba,0x81,0xfe,
0xa1,0xaa,0x7a,0xfe,0xb6,0xcf,0x8b,0xfe,0xb3,0xc9,0x88,0xfd,0xae,0xc2,0x83,0xfc,0xa3,0xb2,0x7a,0xfc,0x8f,0x93,0x67,0xfb,0x74,0x6a,0x4f,0xfd,0x60,0x4a,0x3c,0xff,
0x58,0x3a,0x33,0xff,0x5b,0x3e,0x36,0xff,0x5d,0x44,0x39,0xe8,0x5f,0x48,0x3b,0x9b,0x5c,0x45,0x39,0x2c,0x00,0x00,0x00,0x00,0x00,0x00,0x00,0x00,0x55,0x55,0x55,0x03,
0x00,0x00,0x00,0x00,0x00,0x00,0x00,0x00,0x00,0x00,0x00,0x00,0x00,0x00,0x00,0x00,0x00,0x00,0x00,0x00,0x00,0x00,0x00,0x00,0x00,0x00,0x00,0x00,0x00,0x00,0x00,0x00,
0x00,0x00,0x00,0x00,0x00,0x00,0x00,0x00,0x00,0x00,0x00,0x00,0x00,0x00,0x00,0x00,0x00,0x00,0x00,0x00,0x00,0x00,0x00,0x00,0x00,0x00,0x00,0x00,0x00,0x00,0x00,0x00,
0x00,0x00,0x00,0x00,0x00,0x00,0x00,0x00,0x00,0x00,0x00,0x00,0x00,0x00,0x00,0x00,0x00,0x00,0x00,0x00,0x00,0x00,0x00,0x00,0x00,0x00,0x00,0x00,0x00,0x00,0x00,0x00,
0x00,0x00,0x00,0x00,0x00,0x00,0x00,0x00,0x00,0x00,0x00,0x00,0x00,0x00,0x00,0x00,0x00,0x00,0x00,0x00,0x00,0x00,0x00,0x00,0x00,0x00,0x00,0x00,0x3f,0x3f,0x3f,0x04,
0x00,0x00,0x00,0x00,0x55,0x2a,0x2a,0x06,0x5e,0x47,0x3b,0x7c,0x5f,0x47,0x3b,0xe9,0x5b,0x3e,0x36,0xff,0x58,0x3c,0x34,0xff,0x6f,0x63,0x4b,0xfd,0x9b,0xa6,0x72,0xfb,
0xb6,0xcd,0x8b,0xfd,0xb2,0xc9,0x88,0xff,0xa2,0xaf,0x79,0xff,0x8d,0x90,0x66,0xff,0x7c,0x76,0x56,0xff,0x70,0x63,0x4c,0xff,0x5e,0x48,0x3b,0xff,0x74,0x68,0x50,0xff,
0x8d,0x8b,0x67,0xff,0x60,0x4a,0x3c,0xff,0x6b,0x5a,0x46,0xff,0x7a,0x73,0x54,0xff,0x87,0x87,0x60,0xff,0x9d,0xa9,0x75,0xff,0xaf,0xc4,0x84,0xff,0xb6,0xcf,0x8b,0xfe,
0xa4,0xb4,0x7b,0xfc,0x7a,0x74,0x55,0xfc,0x5a,0x41,0x37,0xff,0x59,0x3b,0x34,0xff,0x5d,0x44,0x39,0xf9,0x5f,0x48,0x3b,0x9e,0x55,0x42,0x38,0x1b,0x00,0x00,0x00,0x00,
0x7f,0x7f,0x7f,0x02,0x00,0x00,0x00,0x01,0x00,0x00,0x00,0x00,0x00,0x00,0x00,0x00,0x00,0x00,0x00,0x00,0x00,0x00,0x00,0x00,0x00,0x00,0x00,0x00,0x00,0x00,0x00,0x00,
0x00,0x00,0x00,0x00,0x00,0x00,0x00,0x00,0x00,0x00,0x00,0x00,0x00,0x00,0x00,0x00,0x00,0x00,0x00,0x00,0x00,0x00,0x00,0x00,0x00,0x00,0x00,0x00,0x00,0x00,0x00,0x00,
0x00,0x00,0x00,0x00,0x00,0x00,0x00,0x00,0x00,0x00,0x00,0x00,0x00,0x00,0x00,0x00,0x00,0x00,0x00,0x00,0x00,0x00,0x00,0x00,0x00,0x00,0x00,0x00,0x00,0x00,0x00,0x00,
0x00,0x00,0x00,0x00,0x00,0x00,0x00,0x00,0x00,0x00,0x00,0x00,0x00,0x00,0x00,0x00,0x00,0x00,0x00,0x00,0x00,0x00,0x00,0x01,0x7f,0x7f,0x7f,0x02,0x00,0x00,0x00,0x00,
0x5d,0x44,0x39,0x47,0x60,0x48,0x3a,0xd4,0x5d,0x41,0x38,0xff,0x57,0x3b,0x34,0xff,0x78,0x71,0x54,0xfb,0xae,0xc3,0x84,0xfd,0xb4,0xcc,0x89,0xff,0x9a,0xa4,0x72,0xff,
0x75,0x6b,0x50,0xff,0x5b,0x44,0x38,0xff,0x52,0x36,0x30,0xff,0x52,0x36,0x30,0xff,0x54,0x38,0x32,0xff,0x58,0x3d,0x35,0xff,0x55,0x3a,0x32,0xff,0x6c,0x5c,0x48,0xff,
0x8b,0x88,0x66,0xff,0x56,0x3b,0x33,0xff,0x59,0x3f,0x36,0xff,0x54,0x39,0x32,0xff,0x53,0x36,0x31,0xff,0x52,0x35,0x30,0xff,0x58,0x3e,0x35,0xff,0x6d,0x5f,0x49,0xff,
0x91,0x96,0x69,0xff,0xaf,0xc4,0x85,0xff,0xb4,0xcd,0x8a,0xfe,0x88,0x88,0x61,0xfb,0x5a,0x41,0x37,0xff,0x5a,0x3d,0x36,0xff,0x60,0x47,0x3b,0xe9,0x5d,0x46,0x3a,0x6d,
0x00,0x00,0x00,0x00,0x00,0x00,0x00,0x00,0x55,0x55,0x55,0x03,0x00,0x00,0x00,0x00,0x00,0x00,0x00,0x00,0x00,0x00,0x00,0x00,0x00,0x00,0x00,0x00,0x00,0x00,0x00,0x00,
0x00,0x00,0x00,0x00,0x00,0x00,0x00,0x00,0x00,0x00,0x00,0x00,0x00,0x00,0x00,0x00,0x00,0x00,0x00,0x00,0x00,0x00,0x00,0x00,0x00,0x00,0x00,0x00,0x00,0x00,0x00,0x00,
0x00,0x00,0x00,0x00,0x00,0x00,0x00,0x00,0x00,0x00,0x00,0x00,0x00,0x00,0x00,0x00,0x00,0x00,0x00,0x00,0x00,0x00,0x00,0x00,0x00,0x00,0x00,0x00,0x00,0x00,0x00,0x00,
0x00,0x00,0x00,0x00,0x00,0x00,0x00,0x00,0x00,0x00,0x00,0x00,0x00,0x00,0x00,0x00,0x7f,0x00,0x00,0x02,0x00,0x00,0x00,0x00,0x00,0x00,0x00,0x00,0x5d,0x45,0x39,0x80,
0x5f,0x46,0x3b,0xff,0x56,0x39,0x32,0xff,0x6c,0x5e,0x48,0xfb,0xac,0xc0,0x82,0xfe,0xb7,0xd1,0x8c,0xff,0x87,0x86,0x60,0xff,0x5b,0x44,0x38,0xff,0x51,0x35,0x2f,0xff,
0x55,0x3a,0x33,0xff,0x5b,0x42,0x38,0xff,0x5d,0x45,0x39,0xff,0x5d,0x45,0x39,0xff,0x5c,0x45,0x39,0xff,0x5d,0x45,0x3a,0xff,0x57,0x3e,0x34,0xff,0x6e,0x5f,0x4a,0xff,
0x8c,0x89,0x66,0xff,0x58,0x3f,0x35,0xff,0x5d,0x45,0x3a,0xff,0x5c,0x45,0x39,0xff,0x5d,0x45,0x39,0xff,0x5d,0x46,0x3a,0xff,0x5b,0x44,0x38,0xff,0x57,0x3d,0x34,0xff,
0x52,0x35,0x30,0xff,0x56,0x3c,0x34,0xff,0x79,0x71,0x54,0xff,0xae,0xc3,0x84,0xff,0xb7,0xd0,0x8c,0xfe,0x7b,0x75,0x56,0xfb,0x55,0x38,0x32,0xff,0x60,0x45,0x3b,0xff,
0x5f,0x48,0x3a,0xa9,0x50,0x35,0x35,0x13,0x00,0x00,0x00,0x00,0x55,0x55,0x55,0x03,0x00,0x00,0x00,0x00,0x00,0x00,0x00,0x00,0x00,0x00,0x00,0x00,0x00,0x00,0x00,0x00,
0x00,0x00,0x00,0x00,0x00,0x00,0x00,0x00,0x00,0x00,0x00,0x00,0x00,0x00,0x00,0x00,0x00,0x00,0x00,0x00,0x00,0x00,0x00,0x00,0x00,0x00,0x00,0x00,0x00,0x00,0x00,0x00,
0x00,0x00,0x00,0x00,0x00,0x00,0x00,0x00,0x00,0x00,0x00,0x00,0x00,0x00,0x00,0x00,0x00,0x00,0x00,0x00,0x00,0x00,0x00,0x00,0x00,0x00,0x00,0x00,0x00,0x00,0x00,0x00,
0x00,0x00,0x00,0x00,0x00,0x00,0x00,0x00,0x00,0x00,0x00,0x00,0x7f,0x7f,0x7f,0x02,0x00,0x00,0x00,0x00,0x5a,0x3c,0x2d,0x11,0x5f,0x48,0x3b,0xb8,0x5f,0x44,0x3a,0xff,
0x54,0x3a,0x32,0xfd,0x95,0x9c,0x6c,0xfd,0xbb,0xd6,0x90,0xff,0x87,0x87,0x60,0xff,0x5a,0x41,0x37,0xff,0x53,0x36,0x30,0xff,0x5b,0x42,0x38,0xff,0x5d,0x46,0x3a,0xff,
0x5c,0x45,0x39,0xff,0x5b,0x43,0x38,0xff,0x5b,0x43,0x38,0xff,0x5b,0x43,0x38,0xff,0x5b,0x43,0x38,0xff,0x5c,0x44,0x39,0xff,0x57,0x3e,0x34,0xff,0x6e,0x5f,0x4a,0xff,
0x8c,0x89,0x66,0xff,0x58,0x3f,0x35,0xff,0x5c,0x44,0x39,0xff,0x5b,0x43,0x38,0xff,0x5b,0x43,0x38,0xff,0x5b,0x43,0x38,0xff,0x5b,0x43,0x38,0xff,0x5c,0x44,0x39,0xff,
0x5d,0x46,0x3a,0xff,0x5c,0x44,0x39,0xff,0x54,0x39,0x32,0xff,0x55,0x3a,0x33,0xff,0x79,0x70,0x53,0xff,0xb3,0xcb,0x89,0xff,0xa7,0xb8,0x7e,0xfe,0x5e,0x48,0x3a,0xfb,
0x5b,0x3e,0x36,0xff,0x61,0x49,0x3b,0xda,0x56,0x3e,0x34,0x35,0x00,0x00,0x00,0x00,0x3f,0x3f,0x3f,0x04,0x00,0x00,0x00,0x00,0x00,0x00,0x00,0x00,0x00,0x00,0x00,0x00,
0x00,0x00,0x00,0x00,0x00,0x00,0x00,0x00,0x00,0x00,0x00,0x00,0x00,0x00,0x00,0x00,0x00,0x00,0x00,0x00,0x00,0x00,0x00,0x00,0x00,0x00,0x00,0x00,0x00,0x00,0x00,0x00,
0x00,0x00,0x00,0x00,0x00,0x00,0x00,0x00,0x00,0x00,0x00,0x00,0x00,0x00,0x00,0x00,0x00,0x00,0x00,0x00,0x00,0x00,0x00,0x00,0x00,0x00,0x00,0x00,0x00,0x00,0x00,0x00,
0x00,0x00,0x00,0x00,0x00,0x00,0x00,0x00,0x7f,0x7f,0x7f,0x02,0x00,0x00,0x00,0x00,0x5a,0x3c,0x2d,0x11,0x5f,0x47,0x3b,0xca,0x5d,0x40,0x37,0xff,0x61,0x4c,0x3e,0xfa,
0xae,0xc3,0x84,0xff,0xa9,0xba,0x7f,0xff,0x62,0x4e,0x3f,0xff,0x52,0x35,0x30,0xff,0x5b,0x43,0x38,0xff,0x5d,0x46,0x3a,0xff,0x5b,0x43,0x38,0xff,0x5b,0x43,0x38,0xff,
0x5b,0x43,0x38,0xff,0x5b,0x43,0x38,0xff,0x5c,0x44,0x39,0xff,0x5d,0x46,0x3a,0xff,0x5c,0x45,0x39,0xff,0x5d,0x45,0x3a,0xff,0x55,0x3a,0x32,0xff,0x6c,0x5d,0x49,0xff,
0x8c,0x88,0x66,0xff,0x56,0x3a,0x33,0xff,0x5c,0x44,0x39,0xff,0x5c,0x45,0x39,0xff,0x5d,0x46,0x3a,0xff,0x5c,0x45,0x39,0xff,0x5b,0x43,0x38,0xff,0x5b,0x43,0x38,0xff,
0x5b,0x43,0x38,0xff,0x5b,0x43,0x38,0xff,0x5c,0x45,0x39,0xff,0x5c,0x45,0x39,0xff,0x54,0x38,0x31,0xff,0x58,0x3f,0x35,0xff,0x96,0x9e,0x6e,0xff,0xba,0xd5,0x8f,0xff,
0x71,0x66,0x4d,0xfb,0x57,0x39,0x33,0xff,0x60,0x47,0x3c,0xee,0x56,0x43,0x34,0x35,0x00,0x00,0x00,0x00,0x3f,0x3f,0x3f,0x04,0x00,0x00,0x00,0x00,0x00,0x00,0x00,0x00,
0x00,0x00,0x00,0x00,0x00,0x00,0x00,0x00,0x00,0x00,0x00,0x00,0x00,0x00,0x00,0x00,0x00,0x00,0x00,0x00,0x00,0x00,0x00,0x00,0x00,0x00,0x00,0x00,0x00,0x00,0x00,0x00,
0x00,0x00,0x00,0x00,0x00,0x00,0x00,0x00,0x00,0x00,0x00,0x00,0x00,0x00,0x00,0x00,0x00,0x00,0x00,0x00,0x00,0x00,0x00,0x00,0x00,0x00,0x00,0x00,0x00,0x00,0x00,0x00,
0x00,0x00,0x00,0x00,0x7f,0x00,0x00,0x02,0x00,0x00,0x00,0x00,0x5a,0x3c,0x2d,0x11,0x5f,0x49,0x3c,0xca,0x59,0x3c,0x34,0xff,0x70,0x63,0x4b,0xfa,0xc0,0xde,0x94,0xff,
0x8e,0x92,0x67,0xff,0x53,0x37,0x31,0xff,0x58,0x3f,0x35,0xff,0x5d,0x46,0x3a,0xff,0x5b,0x43,0x38,0xff,0x5b,0x43,0x38,0xff,0x5b,0x43,0x38,0xff,0x5b,0x43,0x38,0xff,
0x5d,0x45,0x39,0xff,0x5c,0x44,0x38,0xff,0x56,0x3c,0x34,0xff,0x52,0x35,0x30,0xff,0x54,0x38,0x31,0xff,0x57,0x3d,0x35,0xff,0x5f,0x49,0x3b,0xff,0x74,0x68,0x4f,0xff,
0x8e,0x8b,0x67,0xff,0x62,0x4d,0x3e,0xff,0x5a,0x41,0x37,0xff,0x54,0x39,0x32,0xff,0x52,0x35,0x30,0xff,0x55,0x3a,0x33,0xff,0x5b,0x42,0x38,0xff,0x5d,0x46,0x3a,0xff,
0x5c,0x44,0x38,0xff,0x5b,0x43,0x38,0xff,0x5b,0x43,0x38,0xff,0x5b,0x43,0x38,0xff,0x5d,0x45,0x39,0xff,0x5b,0x43,0x38,0xff,0x51,0x33,0x2f,0xff,0x79,0x71,0x53,0xff,
0xc1,0xdf,0x95,0xff,0x87,0x87,0x61,0xfc,0x54,0x36,0x31,0xff,0x60,0x48,0x3c,0xee,0x5b,0x43,0x39,0x35,0x00,0x00,0x00,0x00,0x55,0x55,0x55,0x03,0x00,0x00,0x00,0x00,
0x00,0x00,0x00,0x00,0x00,0x00,0x00,0x00,0x00,0x00,0x00,0x00,0x00,0x00,0x00,0x00,0x00,0x00,0x00,0x00,0x00,0x00,0x00,0x00,0x00,0x00,0x00,0x00,0x00,0x00,0x00,0x00,
0x00,0x00,0x00,0x00,0x00,0x00,0x00,0x00,0x00,0x00,0x00,0x00,0x00,0x00,0x00,0x00,0x00,0x00,0x00,0x00,0x00,0x00,0x00,0x00,0x00,0x00,0x00,0x00,0x00,0x00,0x00,0x00,
0x00,0x00,0x00,0x01,0xff,0xff,0xff,0x01,0x50,0x43,0x35,0x13,0x5e,0x47,0x3b,0xca,0x59,0x3c,0x34,0xff,0x71,0x65,0x4c,0xfb,0xba,0xd6,0x8f,0xff,0x7a,0x72,0x54,0xff,
0x52,0x35,0x30,0xff,0x5c,0x44,0x39,0xff,0x5c,0x44,0x39,0xff,0x5b,0x43,0x38,0xff,0x5b,0x43,0x38,0xff,0x5b,0x44,0x39,0xff,0x5d,0x46,0x3a,0xff,0x5a,0x42,0x38,0xff,
0x53,0x36,0x31,0xff,0x57,0x3d,0x34,0xff,0x6f,0x61,0x4a,0xff,0x8f,0x94,0x68,0xff,0xa8,0xba,0x7e,0xff,0xad,0xc1,0x83,0xff,0xb6,0xcf,0x8a,0xff,0xac,0xbe,0x83,0xff,
0x9f,0xa6,0x77,0xff,0xb6,0xd0,0x8c,0xff,0xae,0xc3,0x84,0xff,0xab,0xbe,0x81,0xff,0x97,0x9f,0x6f,0xff,0x77,0x6e,0x52,0xff,0x5b,0x43,0x38,0xff,0x52,0x35,0x30,0xff,
0x59,0x3f,0x36,0xff,0x5d,0x46,0x3a,0xff,0x5b,0x44,0x38,0xff,0x5b,0x43,0x38,0xff,0x5b,0x43,0x38,0xff,0x5b,0x43,0x38,0xff,0x5d,0x46,0x3a,0xff,0x53,0x37,0x31,0xff,
0x67,0x55,0x43,0xff,0xb5,0xcd,0x8a,0xff,0x8a,0x8b,0x62,0xfd,0x54,0x36,0x30,0xff,0x5e,0x46,0x39,0xee,0x5e,0x46,0x38,0x36,0x00,0x00,0x00,0x00,0x7f,0x7f,0x7f,0x02,
0x00,0x00,0x00,0x00,0x00,0x00,0x00,0x00,0x00,0x00,0x00,0x00,0x00,0x00,0x00,0x00,0x00,0x00,0x00,0x00,0x00,0x00,0x00,0x00,0x00,0x00,0x00,0x00,0x00,0x00,0x00,0x00,
0x00,0x00,0x00,0x00,0x00,0x00,0x00,0x00,0x00,0x00,0x00,0x00,0x00,0x00,0x00,0x00,0x00,0x00,0x00,0x00,0x00,0x00,0x00,0x00,0x00,0x00,0x00,0x00,0x00,0x00,0x00,0x00,
0x55,0x55,0x55,0x03,0x00,0x00,0x00,0x00,0x5c,0x46,0x3a,0xbb,0x5d,0x40,0x38,0xff,0x70,0x62,0x4b,0xfa,0xba,0xd5,0x8f,0xff,0x72,0x65,0x4c,0xff,0x51,0x34,0x2f,0xff,
0x5d,0x47,0x3a,0xff,0x5b,0x43,0x38,0xff,0x5b,0x43,0x38,0xff,0x5b,0x43,0x38,0xff,0x5d,0x46,0x3b,0xff,0x5a,0x42,0x36,0xff,0x53,0x38,0x30,0xff,0x5d,0x45,0x3a,0xff,
0x8a,0x8b,0x63,0xff,0xb0,0xc5,0x85,0xff,0xb2,0xc8,0x87,0xff,0xa3,0xb1,0x7a,0xff,0x87,0x86,0x60,0xff,0x79,0x70,0x53,0xff,0x62,0x4e,0x3e,0xff,0x74,0x67,0x4f,0xff,
0x8e,0x8c,0x68,0xff,0x60,0x4b,0x3c,0xff,0x74,0x6a,0x4f,0xff,0x81,0x7f,0x5b,0xff,0x9d,0xa8,0x74,0xff,0xaf,0xc4,0x85,0xff,0xb3,0xca,0x88,0xff,0x97,0x9e,0x6e,0xff,
0x63,0x50,0x40,0xff,0x51,0x34,0x2f,0xff,0x5a,0x41,0x37,0xff,0x5c,0x45,0x39,0xff,0x5b,0x43,0x38,0xff,0x5b,0x43,0x38,0xff,0x5b,0x43,0x38,0xff,0x5d,0x47,0x3a,0xff,
0x55,0x3a,0x33,0xff,0x5f,0x49,0x3c,0xff,0xb4,0xcc,0x8a,0xff,0x88,0x89,0x61,0xfc,0x5b,0x3f,0x37,0xff,0x59,0x41,0x35,0xe9,0x63,0x4d,0x42,0x17,0x00,0x00,0x00,0x01,
0x00,0x00,0x00,0x02,0x00,0x00,0x00,0x00,0x00,0x00,0x00,0x00,0x00,0x00,0x00,0x00,0x00,0x00,0x00,0x00,0x00,0x00,0x00,0x00,0x00,0x00,0x00,0x00,0x00,0x00,0x00,0x00,
0x00,0x00,0x00,0x00,0x00,0x00,0x00,0x00,0x00,0x00,0x00,0x00,0x00,0x00,0x00,0x00,0x00,0x00,0x00,0x00,0x00,0x00,0x00,0x00,0x00,0x00,0x00,0x00,0x7f,0x3f,0x3f,0x04,
0x00,0x00,0x00,0x00,0x5b,0x43,0x37,0x80,0x5f,0x44,0x3a,0xff,0x61,0x4d,0x3e,0xfa,0xc0,0xde,0x94,0xff,0x79,0x72,0x54,0xff,0x51,0x34,0x2f,0xff,0x5e,0x48,0x3b,0xff,
0x5b,0x43,0x38,0xff,0x5b,0x43,0x38,0xff,0x5b,0x43,0x38,0xff,0x5b,0x43,0x38,0xff,0x52,0x38,0x2b,0xff,0x5f,0x48,0x3f,0xff,0x85,0x7f,0x61,0xff,0xa9,0xbd,0x7c,0xff,
0xa2,0xb0,0x77,0xff,0x7b,0x74,0x56,0xff,0x5a,0x42,0x38,0xff,0x52,0x36,0x30,0xff,0x53,0x37,0x31,0xff,0x56,0x3a,0x33,0xff,0x54,0x39,0x32,0xff,0x6d,0x5d,0x49,0xff,
0x8b,0x88,0x66,0xff,0x56,0x3b,0x33,0xff,0x57,0x3c,0x34,0xff,0x53,0x37,0x31,0xff,0x52,0x35,0x30,0xff,0x57,0x3d,0x34,0xff,0x70,0x63,0x4b,0xff,0x9b,0xa5,0x72,0xff,
0xb4,0xcb,0x89,0xff,0x96,0x9d,0x6e,0xff,0x5e,0x47,0x3b,0xff,0x55,0x3a,0x33,0xff,0x5d,0x46,0x3a,0xff,0x5b,0x43,0x38,0xff,0x5b,0x43,0x38,0xff,0x5b,0x42,0x38,0xff,
0x5e,0x48,0x3b,0xff,0x56,0x3b,0x33,0xff,0x5c,0x48,0x36,0xff,0xe7,0xf6,0xd6,0xff,0xe0,0xdd,0xda,0xfb,0x6e,0x57,0x4c,0xff,0x57,0x3f,0x32,0xba,0xff,0xff,0xff,0x01,
0x55,0x55,0x55,0x03,0x00,0x00,0x00,0x00,0x00,0x00,0x00,0x00,0x00,0x00,0x00,0x00,0x00,0x00,0x00,0x00,0x00,0x00,0x00,0x00,0x00,0x00,0x00,0x00,0x00,0x00,0x00,0x00,
0x00,0x00,0x00,0x00,0x00,0x00,0x00,0x00,0x00,0x00,0x00,0x00,0x00,0x00,0x00,0x00,0x00,0x00,0x00,0x00,0x00,0x00,0x00,0x00,0x55,0x55,0x55,0x03,0x00,0x00,0x00,0x00,
0x5a,0x43,0x38,0x44,0x5f,0x46,0x3b,0xfe,0x56,0x3a,0x32,0xfc,0xae,0xc3,0x84,0xff,0x8e,0x92,0x67,0xff,0x52,0x35,0x30,0xff,0x5d,0x47,0x3a,0xff,0x5b,0x43,0x38,0xff,
0x5b,0x43,0x38,0xff,0x5b,0x43,0x38,0xff,0x5c,0x44,0x38,0xff,0x59,0x41,0x35,0xff,0x9e,0x99,0x97,0xff,0xda,0xe6,0xe9,0xff,0xef,0xff,0xfd,0xff,0xc6,0xd1,0xc4,0xff,
0x5a,0x40,0x3b,0xff,0x51,0x35,0x2e,0xff,0x5c,0x44,0x39,0xff,0x5d,0x45,0x39,0xff,0x5d,0x45,0x39,0xff,0x5d,0x46,0x3a,0xff,0x58,0x3e,0x34,0xff,0x6e,0x5f,0x4a,0xff,
0x8c,0x89,0x66,0xff,0x58,0x3f,0x35,0xff,0x5d,0x46,0x3a,0xff,0x5c,0x45,0x39,0xff,0x5d,0x46,0x39,0xff,0x5c,0x44,0x38,0xff,0x56,0x3c,0x34,0xff,0x51,0x34,0x2f,0xff,
0x62,0x4e,0x3e,0xff,0x9f,0xac,0x76,0xff,0xba,0xd5,0x8f,0xff,0x73,0x67,0x4e,0xff,0x53,0x36,0x31,0xff,0x5d,0x46,0x3a,0xff,0x5b,0x43,0x38,0xff,0x5d,0x46,0x3b,0xff,
0x58,0x40,0x35,0xff,0x54,0x3c,0x30,0xff,0xb2,0xaa,0xa1,0xff,0xfd,0xfd,0xfe,0xff,0xff,0xff,0xfe,0xff,0x81,0x73,0x62,0xfb,0x5a,0x3e,0x33,0xff,0x5e,0x48,0x3c,0x7f,
0x00,0x00,0x00,0x00,0x55,0x55,0x55,0x03,0x00,0x00,0x00,0x00,0x00,0x00,0x00,0x00,0x00,0x00,0x00,0x00,0x00,0x00,0x00,0x00,0x00,0x00,0x00,0x00,0x00,0x00,0x00,0x00,
0x00,0x00,0x00,0x00,0x00,0x00,0x00,0x00,0x00,0x00,0x00,0x00,0x00,0x00,0x00,0x00,0x00,0x00,0x00,0x00,0x00,0x00,0x00,0x01,0x7f,0x7f,0x7f,0x02,0x55,0x2a,0x2a,0x06,
0x5c,0x46,0x39,0xd9,0x56,0x38,0x32,0xff,0x95,0x9c,0x6c,0xfd,0xa9,0xba,0x7f,0xff,0x53,0x37,0x31,0xff,0x5c,0x44,0x39,0xff,0x5b,0x43,0x38,0xff,0x5b,0x43,0x38,0xff,
0x5b,0x43,0x38,0xff,0x5e,0x48,0x3c,0xff,0x4e,0x32,0x28,0xff,0x9d,0x98,0x97,0xff,0xf8,0xff,0xff,0xff,0xe9,0xfa,0xff,0xff,0xe4,0xf3,0xfd,0xff,0xf3,0xff,0xff,0xff,
0xc2,0xc8,0xca,0xff,0x57,0x3e,0x32,0xff,0x5c,0x45,0x3a,0xff,0x5b,0x43,0x38,0xff,0x5b,0x43,0x38,0xff,0x5c,0x44,0x39,0xff,0x57,0x3d,0x34,0xff,0x6e,0x5f,0x4a,0xff,
0x8c,0x89,0x66,0xff,0x58,0x3e,0x35,0xff,0x5c,0x44,0x39,0xff,0x5b,0x43,0x38,0xff,0x5b,0x43,0x38,0xff,0x5b,0x43,0x38,0xff,0x5c,0x44,0x39,0xff,0x5d,0x46,0x3a,0xff,
0x59,0x3f,0x36,0xff,0x51,0x34,0x2f,0xff,0x79,0x72,0x54,0xff,0xbe,0xdb,0x92,0xff,0x87,0x87,0x60,0xff,0x51,0x33,0x2f,0xff,0x5f,0x49,0x3d,0xff,0x53,0x3a,0x2f,0xff,
0x62,0x4c,0x40,0xff,0xce,0xc9,0xc1,0xff,0xff,0xff,0xff,0xff,0xe6,0xea,0xdb,0xff,0xa7,0xab,0x84,0xff,0x89,0x87,0x62,0xfe,0x5b,0x43,0x38,0xfd,0x5d,0x45,0x3a,0xfa,
0x5b,0x41,0x3a,0x27,0x00,0x00,0x00,0x00,0x7f,0x7f,0x7f,0x02,0x00,0x00,0x00,0x00,0x00,0x00,0x00,0x00,0x00,0x00,0x00,0x00,0x00,0x00,0x00,0x00,0x00,0x00,0x00,0x00,
0x00,0x00,0x00,0x00,0x00,0x00,0x00,0x00,0x00,0x00,0x00,0x00,0x00,0x00,0x00,0x00,0x00,0x00,0x00,0x00,0x55,0x55,0x55,0x03,0x00,0x00,0x00,0x00,0x5d,0x44,0x3a,0x7b,
0x5d,0x41,0x38,0xff,0x6c,0x5d,0x48,0xfb,0xbb,0xd7,0x90,0xff,0x62,0x4e,0x3f,0xff,0x58,0x3f,0x36,0xff,0x5c,0x45,0x39,0xff,0x5b,0x43,0x38,0xff,0x5b,0x43,0x38,0xff,
0x5d,0x46,0x3a,0xff,0x53,0x38,0x30,0xff,0x71,0x64,0x4f,0xff,0xe2,0xf2,0xf4,0xff,0xe7,0xf6,0xfd,0xff,0xe5,0xf5,0xfd,0xff,0xe7,0xf7,0xfe,0xff,0xe5,0xf5,0xfb,0xff,
0xec,0xfd,0xff,0xff,0x79,0x6a,0x63,0xff,0x54,0x3a,0x2f,0xff,0x5d,0x45,0x3a,0xff,0x5b,0x43,0x38,0xff,0x5c,0x44,0x39,0xff,0x57,0x3d,0x34,0xff,0x6e,0x5f,0x4a,0xff,
0x8c,0x89,0x66,0xff,0x58,0x3e,0x35,0xff,0x5c,0x44,0x39,0xff,0x5b,0x43,0x38,0xff,0x5b,0x43,0x38,0xff,0x5b,0x43,0x38,0xff,0x5b,0x43,0x38,0xff,0x5b,0x43,0x38,0xff,
0x5c,0x44,0x39,0xff,0x5d,0x46,0x3a,0xff,0x54,0x38,0x31,0xff,0x62,0x4e,0x3e,0xff,0xb5,0xcd,0x8a,0xff,0x8d,0x8f,0x67,0xff,0x48,0x2b,0x24,0xff,0x79,0x67,0x5b,0xff,
0xe5,0xe4,0xde,0xff,0xff,0xff,0xff,0xff,0xd3,0xd7,0xc2,0xff,0x9a,0x9d,0x73,0xff,0x92,0x93,0x6a,0xff,0xa5,0xaf,0x7e,0xff,0x80,0x7b,0x5a,0xfc,0x59,0x3c,0x35,0xff,
0x5d,0x46,0x39,0xb9,0x00,0x00,0x00,0x00,0x7f,0x7f,0x7f,0x02,0x00,0x00,0x00,0x00,0x00,0x00,0x00,0x00,0x00,0x00,0x00,0x00,0x00,0x00,0x00,0x00,0x00,0x00,0x00,0x00,
0x00,0x00,0x00,0x00,0x00,0x00,0x00,0x00,0x00,0x00,0x00,0x00,0x00,0x00,0x00,0x00,0x00,0x00,0x00,0x01,0x00,0x00,0x00,0x01,0x59,0x3f,0x3f,0x14,0x5c,0x45,0x39,0xed,
0x57,0x3b,0x33,0xfe,0xac,0xc0,0x82,0xfe,0x87,0x87,0x60,0xff,0x52,0x35,0x30,0xff,0x5d,0x46,0x3a,0xff,0x5b,0x43,0x38,0xff,0x5b,0x43,0x38,0xff,0x5c,0x45,0x39,0xff,
0x56,0x3b,0x34,0xff,0x70,0x63,0x49,0xff,0xbd,0xd7,0x96,0xff,0xe5,0xf5,0xf9,0xff,0xe6,0xf5,0xfd,0xff,0xe7,0xf7,0xff,0xff,0xe7,0xf7,0xff,0xff,0xe4,0xf3,0xfb,0xff,
0xee,0xff,0xff,0xff,0x80,0x72,0x6c,0xff,0x53,0x39,0x2d,0xff,0x5d,0x45,0x3a,0xff,0x5b,0x43,0x38,0xff,0x5c,0x44,0x39,0xff,0x57,0x3d,0x34,0xff,0x6e,0x60,0x4a,0xff,
0x8c,0x89,0x66,0xff,0x58,0x3f,0x35,0xff,0x5c,0x44,0x39,0xff,0x5b,0x43,0x38,0xff,0x5b,0x43,0x38,0xff,0x5b,0x43,0x38,0xff,0x5b,0x43,0x38,0xff,0x5b,0x43,0x38,0xff,
0x5b,0x43,0x38,0xff,0x5b,0x43,0x38,0xff,0x5d,0x46,0x3a,0xff,0x58,0x3d,0x35,0xff,0x60,0x4a,0x3d,0xff,0xa6,0xbb,0x79,0xff,0xb0,0xb1,0x96,0xff,0xf4,0xf6,0xf1,0xff,
0xff,0xff,0xff,0xff,0xc1,0xc4,0xa8,0xff,0x94,0x97,0x6b,0xff,0x98,0x9a,0x70,0xff,0x9b,0x9d,0x74,0xff,0x99,0x9b,0x72,0xff,0xad,0xc0,0x84,0xff,0x64,0x50,0x3f,0xfc,
0x5e,0x43,0x39,0xff,0x5e,0x46,0x3a,0x41,0x00,0x00,0x00,0x00,0x55,0x55,0x55,0x03,0x00,0x00,0x00,0x00,0x00,0x00,0x00,0x00,0x00,0x00,0x00,0x00,0x00,0x00,0x00,0x00,
0x00,0x00,0x00,0x00,0x00,0x00,0x00,0x00,0x00,0x00,0x00,0x00,0x00,0x00,0x00,0x00,0x7f,0x3f,0x3f,0x04,0x00,0x00,0x00,0x00,0x5e,0x46,0x3a,0x7f,0x5b,0x3e,0x36,0xff,
0x79,0x71,0x53,0xfb,0xb7,0xd1,0x8c,0xff,0x5a,0x41,0x37,0xff,0x5b,0x43,0x38,0xff,0x5b,0x43,0x38,0xff,0x5b,0x43,0x38,0xff,0x5c,0x44,0x39,0xff,0x58,0x3f,0x35,0xff,
0x63,0x4f,0x3f,0xff,0xbf,0xdc,0x94,0xff,0x6e,0x62,0x45,0xff,0xae,0xac,0xb1,0xff,0xf8,0xff,0xff,0xff,0xe4,0xf4,0xfc,0xff,0xe4,0xf3,0xfb,0xff,0xf2,0xff,0xff,0xff,
0xd4,0xde,0xe3,0xff,0x5d,0x45,0x3b,0xff,0x5a,0x42,0x37,0xff,0x5c,0x44,0x39,0xff,0x5c,0x45,0x39,0xff,0x5e,0x47,0x3b,0xff,0x56,0x3c,0x33,0xff,0x6c,0x5c,0x48,0xff,
0x8b,0x88,0x65,0xff,0x56,0x3c,0x34,0xff,0x5d,0x46,0x3a,0xff,0x5d,0x45,0x39,0xff,0x5b,0x44,0x38,0xff,0x5b,0x43,0x38,0xff,0x5b,0x43,0x38,0xff,0x5b,0x43,0x38,0xff,
0x5b,0x43,0x38,0xff,0x5b,0x43,0x38,0xff,0x5d,0x45,0x3b,0xff,0x5a,0x42,0x36,0xff,0x51,0x36,0x2c,0xff,0xb5,0xb0,0xa3,0xff,0xff,0xff,0xff,0xff,0xf6,0xfa,0xf1,0xff,
0xb0,0xb4,0x92,0xff,0x92,0x95,0x69,0xff,0x9a,0x9d,0x73,0xff,0x9a,0x9d,0x73,0xff,0x99,0x9d,0x72,0xff,0x94,0x94,0x6e,0xff,0xb1,0xc3,0x87,0xff,0x91,0x97,0x6a,0xfc,
0x58,0x39,0x33,0xff,0x5c,0x45,0x39,0xbe,0x00,0x00,0x00,0x00,0x7f,0x7f,0x7f,0x02,0x00,0x00,0x00,0x00,0x00,0x00,0x00,0x00,0x00,0x00,0x00,0x00,0x00,0x00,0x00,0x00,
0x00,0x00,0x00,0x00,0x00,0x00,0x00,0x00,0x00,0x00,0x00,0x00,0x00,0x00,0x00,0x01,0xff,0x00,0x00,0x01,0x55,0x38,0x38,0x09,0x5c,0x45,0x38,0xdd,0x58,0x3c,0x34,0xfe,
0xaf,0xc3,0x84,0xfd,0x87,0x87,0x60,0xff,0x53,0x36,0x30,0xff,0x5d,0x46,0x3a,0xff,0x5b,0x43,0x38,0xff,0x5b,0x43,0x38,0xff,0x5c,0x44,0x39,0xff,0x56,0x3b,0x34,0xff,
0xae,0xc2,0x84,0xff,0x8f,0x93,0x68,0xff,0x4e,0x30,0x2b,0xff,0x65,0x50,0x44,0xff,0xc0,0xc5,0xc5,0xff,0xec,0xfd,0xff,0xff,0xee,0xff,0xff,0xff,0xd4,0xdd,0xdd,0xff,
0x75,0x65,0x5e,0xff,0x55,0x3b,0x2f,0xff,0x5e,0x47,0x3b,0xff,0x5a,0x42,0x38,0xff,0x54,0x38,0x31,0xff,0x53,0x36,0x31,0xff,0x59,0x41,0x36,0xff,0x75,0x69,0x50,0xff,
0x8e,0x8c,0x68,0xff,0x5e,0x46,0x3a,0xff,0x55,0x39,0x32,0xff,0x52,0x36,0x30,0xff,0x59,0x40,0x36,0xff,0x5d,0x45,0x39,0xff,0x5b,0x43,0x38,0xff,0x5b,0x43,0x38,0xff,
0x5b,0x43,0x38,0xff,0x5e,0x47,0x3c,0xff,0x53,0x3a,0x2f,0xff,0x62,0x4c,0x40,0xff,0xce,0xcb,0xc2,0xff,0xff,0xff,0xff,0xff,0xe4,0xe7,0xda,0xff,0xa3,0xa6,0x7f,0xff,
0x93,0x96,0x6a,0xff,0x9b,0x9e,0x74,0xff,0x99,0x9c,0x72,0xff,0x99,0x9c,0x72,0xff,0x99,0x9c,0x72,0xff,0x98,0x9a,0x71,0xff,0x9e,0xa4,0x76,0xff,0xb9,0xd3,0x8e,0xff,
0x63,0x4e,0x3f,0xfe,0x5b,0x42,0x37,0xfb,0x5e,0x47,0x3b,0x2b,0x00,0x00,0x00,0x00,0x7f,0x00,0x00,0x02,0x00,0x00,0x00,0x00,0x00,0x00,0x00,0x00,0x00,0x00,0x00,0x00,
0x00,0x00,0x00,0x00,0x00,0x00,0x00,0x00,0x00,0x00,0x00,0x00,0x55,0x55,0x55,0x03,0x00,0x00,0x00,0x00,0x5f,0x47,0x39,0x4b,0x5b,0x40,0x37,0xff,0x6f,0x63,0x4b,0xfd,
0xb4,0xcc,0x8a,0xff,0x5b,0x43,0x39,0xff,0x5b,0x42,0x38,0xff,0x5b,0x43,0x38,0xff,0x5b,0x43,0x38,0xff,0x5d,0x46,0x3a,0xff,0x52,0x36,0x30,0xff,0x87,0x86,0x60,0xff,
0xaf,0xc4,0x84,0xff,0x54,0x38,0x32,0xff,0x5d,0x45,0x3a,0xff,0x58,0x40,0x34,0xff,0x56,0x3d,0x31,0xff,0x79,0x6a,0x62,0xff,0x80,0x72,0x6b,0xff,0x5d,0x45,0x3c,0xff,
0x55,0x3c,0x30,0xff,0x5e,0x48,0x3c,0xff,0x54,0x39,0x32,0xff,0x5b,0x43,0x38,0xff,0x7f,0x7b,0x59,0xff,0xa2,0xaf,0x79,0xff,0xb3,0xcb,0x88,0xff,0xac,0xbe,0x83,0xff,
0x9f,0xa6,0x77,0xff,0xb5,0xcd,0x8a,0xff,0xa8,0xb9,0x7e,0xff,0x89,0x8a,0x62,0xff,0x62,0x4e,0x3f,0xff,0x53,0x36,0x31,0xff,0x5c,0x44,0x39,0xff,0x5c,0x45,0x39,0xff,
0x5e,0x46,0x3c,0xff,0x4f,0x35,0x2a,0xff,0x78,0x66,0x5a,0xff,0xe5,0xe4,0xde,0xff,0xff,0xff,0xff,0xff,0xd4,0xd7,0xc2,0xff,0x9a,0x9d,0x73,0xff,0x95,0x98,0x6d,0xff,
0x9b,0x9e,0x75,0xff,0x99,0x9c,0x72,0xff,0x99,0x9c,0x72,0xff,0x99,0x9c,0x72,0xff,0x99,0x9c,0x72,0xff,0x9a,0x9e,0x73,0xff,0x92,0x92,0x6c,0xff,0xb2,0xc7,0x88,0xff,
0x88,0x89,0x61,0xfb,0x5a,0x3c,0x35,0xff,0x5c,0x47,0x3a,0x8c,0x00,0x00,0x00,0x00,0x7f,0x3f,0x3f,0x04,0x00,0x00,0x00,0x00,0x00,0x00,0x00,0x00,0x00,0x00,0x00,0x00,
0x00,0x00,0x00,0x00,0x00,0x00,0x00,0x00,0x00,0x00,0x00,0x00,0xaa,0x55,0x55,0x03,0x00,0x00,0x00,0x00,0x5e,0x47,0x3a,0xa0,0x58,0x39,0x33,0xfe,0x9b,0xa6,0x72,0xfb,
0x9a,0xa4,0x71,0xff,0x51,0x34,0x2f,0xff,0x5d,0x46,0x3a,0xff,0x5b,0x43,0x38,0xff,0x5b,0x43,0x38,0xff,0x5b,0x42,0x38,0xff,0x5b,0x43,0x38,0xff,0xb2,0xc9,0x87,0xff,
0x6e,0x60,0x49,0xff,0x56,0x3c,0x34,0xff,0x5c,0x45,0x39,0xff,0x5c,0x44,0x39,0xff,0x5c,0x44,0x39,0xff,0x55,0x3b,0x2f,0xff,0x53,0x39,0x2d,0xff,0x5b,0x43,0x37,0xff,
0x5d,0x46,0x3a,0xff,0x51,0x34,0x2f,0xff,0x79,0x71,0x54,0xff,0xb8,0xd1,0x8c,0xff,0xad,0xc1,0x83,0xff,0x89,0x89,0x62,0xff,0x6a,0x5a,0x45,0xff,0x73,0x66,0x4e,0xff,
0x8d,0x8b,0x67,0xff,0x65,0x54,0x41,0xff,0x81,0x7e,0x5b,0xff,0xa4,0xb2,0x7a,0xff,0xbc,0xd8,0x91,0xff,0x8c,0x8e,0x64,0xff,0x55,0x3a,0x33,0xff,0x59,0x40,0x37,0xff,
0x4f,0x35,0x29,0xff,0x94,0x87,0x7b,0xff,0xf7,0xf7,0xf5,0xff,0xff,0xff,0xff,0xff,0xc1,0xc4,0xa8,0xff,0x94,0x97,0x6b,0xff,0x98,0x9b,0x70,0xff,0x9a,0x9d,0x74,0xff,
0x99,0x9c,0x72,0xff,0x99,0x9c,0x72,0xff,0x99,0x9c,0x72,0xff,0x99,0x9c,0x72,0xff,0x99,0x9c,0x72,0xff,0x99,0x9c,0x72,0xff,0x96,0x97,0x70,0xff,0x9f,0xa9,0x77,0xff,
0xad,0xc1,0x83,0xfd,0x5b,0x40,0x37,0xff,0x5c,0x44,0x38,0xd8,0x48,0x48,0x48,0x07,0x00,0x00,0x00,0x01,0x00,0x00,0x00,0x00,0x00,0x00,0x00,0x00,0x00,0x00,0x00,0x00,
0x00,0x00,0x00,0x00,0x00,0x00,0x00,0x00,0x00,0x00,0x00,0x01,0x00,0x00,0x00,0x00,0x5c,0x45,0x45,0x0b,0x5a,0x41,0x37,0xe5,0x5d,0x44,0x39,0xff,0xb4,0xcd,0x8a,0xfe,
0x75,0x6c,0x50,0xff,0x55,0x3b,0x33,0xff,0x5c,0x45,0x39,0xff,0x5b,0x43,0x38,0xff,0x5c,0x45,0x39,0xff,0x52,0x36,0x30,0xff,0x89,0x8a,0x62,0xff,0xa4,0xb4,0x7b,0xff,
0x52,0x35,0x30,0xff,0x5d,0x46,0x3a,0xff,0x5b,0x43,0x38,0xff,0x5b,0x43,0x38,0xff,0x5b,0x43,0x38,0xff,0x5c,0x45,0x3a,0xff,0x5d,0x46,0x3a,0xff,0x5c,0x44,0x39,0xff,
0x57,0x3d,0x34,0xff,0x93,0x99,0x6b,0xff,0xba,0xd4,0x8e,0xff,0x7b,0x74,0x55,0xff,0x54,0x39,0x32,0xff,0x53,0x37,0x31,0xff,0x53,0x36,0x30,0xff,0x6d,0x5d,0x49,0xff,
0x8c,0x89,0x66,0xff,0x55,0x39,0x32,0xff,0x54,0x38,0x32,0xff,0x52,0x36,0x30,0xff,0x6c,0x5d,0x47,0xff,0xb1,0xc7,0x88,0xff,0xa6,0xb7,0x7c,0xff,0x5e,0x4a,0x38,0xff,
0xaf,0xa8,0x9d,0xff,0xff,0xff,0xff,0xff,0xf6,0xfa,0xf1,0xff,0xb0,0xb4,0x91,0xff,0x92,0x95,0x69,0xff,0x9a,0x9d,0x73,0xff,0x9a,0x9d,0x73,0xff,0x99,0x9c,0x72,0xff,
0x99,0x9c,0x72,0xff,0x99,0x9c,0x72,0xff,0x99,0x9c,0x72,0xff,0x99,0x9c,0x72,0xff,0x99,0x9c,0x72,0xff,0x99,0x9c,0x72,0xff,0x9a,0x9d,0x73,0xff,0x94,0x96,0x6d,0xff,
0xb8,0xd2,0x8d,0xff,0x6c,0x5e,0x48,0xfe,0x59,0x3f,0x36,0xfd,0x62,0x49,0x3a,0x34,0x00,0x00,0x00,0x00,0x7f,0x7f,0x7f,0x02,0x00,0x00,0x00,0x00,0x00,0x00,0x00,0x00,
0x00,0x00,0x00,0x00,0x00,0x00,0x00,0x00,0x7f,0x7f,0x7f,0x02,0x00,0x00,0x00,0x00,0x62,0x49,0x3a,0x34,0x59,0x3e,0x35,0xfc,0x6e,0x60,0x4a,0xfe,0xb2,0xc9,0x88,0xff,
0x5b,0x44,0x39,0xff,0x5b,0x42,0x38,0xff,0x5b,0x43,0x38,0xff,0x5b,0x43,0x38,0xff,0x5c,0x44,0x39,0xff,0x57,0x3c,0x34,0xff,0xb0,0xc6,0x86,0xff,0x7a,0x73,0x55,0xff,
0x54,0x39,0x32,0xff,0x5c,0x45,0x39,0xff,0x5b,0x43,0x38,0xff,0x5b,0x43,0x38,0xff,0x5b,0x43,0x38,0xff,0x5b,0x43,0x38,0xff,0x5d,0x46,0x3a,0xff,0x52,0x35,0x30,0xff,
0x93,0x99,0x6b,0xff,0xba,0xd5,0x8f,0xff,0x5e,0x47,0x3a,0xff,0x53,0x37,0x31,0xff,0x5c,0x45,0x39,0xff,0x5e,0x47,0x3b,0xff,0x58,0x3e,0x35,0xff,0x6f,0x60,0x4b,0xff,
0x8c,0x89,0x67,0xff,0x59,0x3f,0x36,0xff,0x5d,0x46,0x3a,0xff,0x5d,0x46,0x39,0xff,0x59,0x3f,0x37,0xff,0x4d,0x30,0x29,0xff,0xa2,0xae,0x7a,0xff,0xe6,0xed,0xd8,0xff,
0xff,0xff,0xff,0xff,0xe6,0xe9,0xdc,0xff,0xa3,0xa6,0x7f,0xff,0x93,0x96,0x6a,0xff,0x9b,0x9e,0x74,0xff,0x99,0x9c,0x72,0xff,0x99,0x9c,0x72,0xff,0x99,0x9c,0x72,0xff,
0x99,0x9c,0x72,0xff,0x99,0x9c,0x72,0xff,0x99,0x9c,0x72,0xff,0x99,0x9c,0x72,0xff,0x99,0x9c,0x72,0xff,0x99,0x9c,0x72,0xff,0x9a,0x9e,0x73,0xff,0x92,0x91,0x6c,0xff,
0xaf,0xc3,0x85,0xff,0x86,0x86,0x5f,0xfb,0x5a,0x3c,0x35,0xff,0x5f,0x48,0x3b,0x70,0x00,0x00,0x00,0x00,0x7f,0x3f,0x3f,0x04,0x00,0x00,0x00,0x00,0x00,0x00,0x00,0x00,
0x00,0x00,0x00,0x00,0x00,0x00,0x00,0x00,0x7f,0x3f,0x3f,0x04,0x00,0x00,0x00,0x00,0x5f,0x47,0x3c,0x6e,0x59,0x3b,0x34,0xff,0x8a,0x8a,0x62,0xfb,0xa2,0xb0,0x79,0xff,
0x52,0x36,0x30,0xff,0x5d,0x45,0x3a,0xff,0x5b,0x43,0x38,0xff,0x5b,0x44,0x38,0xff,0x57,0x3d,0x34,0xff,0x6f,0x62,0x4a,0xff,0xb2,0xc9,0x87,0xff,0x5a,0x42,0x38,0xff,
0x5b,0x43,0x38,0xff,0x5b,0x43,0x38,0xff,0x5b,0x43,0x38,0xff,0x5b,0x43,0x38,0xff,0x5b,0x43,0x38,0xff,0x5c,0x45,0x39,0xff,0x54,0x39,0x32,0xff,0x79,0x71,0x54,0xff,
0xba,0xd4,0x8e,0xff,0x5e,0x47,0x3a,0xff,0x57,0x3d,0x35,0xff,0x5d,0x47,0x3a,0xff,0x5b,0x43,0x38,0xff,0x5c,0x44,0x39,0xff,0x57,0x3d,0x34,0xff,0x6d,0x5e,0x48,0xff,
0x8b,0x88,0x64,0xff,0x58,0x3e,0x35,0xff,0x5c,0x44,0x39,0xff,0x5e,0x47,0x3c,0xff,0x50,0x36,0x2b,0xff,0x78,0x66,0x5a,0xff,0xde,0xd8,0xd7,0xff,0xff,0xff,0xff,0xff,
0xd4,0xd7,0xc2,0xff,0x9a,0x9d,0x72,0xff,0x95,0x98,0x6d,0xff,0x9b,0x9e,0x75,0xff,0x99,0x9c,0x72,0xff,0x99,0x9c,0x72,0xff,0x99,0x9c,0x72,0xff,0x99,0x9c,0x72,0xff,
0x99,0x9c,0x72,0xff,0x99,0x9c,0x72,0xff,0x99,0x9c,0x72,0xff,0x99,0x9c,0x72,0xff,0x99,0x9c,0x72,0xff,0x99,0x9c,0x72,0xff,0x99,0x9d,0x72,0xff,0x95,0x95,0x6e,0xff,
0xa4,0xb1,0x7b,0xff,0x9d,0xab,0x75,0xfc,0x59,0x3c,0x35,0xff,0x5c,0x46,0x39,0xad,0x00,0x00,0x00,0x00,0x55,0x55,0x55,0x03,0x00,0x00,0x00,0x00,0x00,0x00,0x00,0x00,
0x00,0x00,0x00,0x00,0x00,0x00,0x00,0x00,0xaa,0x55,0x55,0x03,0x00,0x00,0x00,0x00,0x5c,0x46,0x39,0xa3,0x58,0x3a,0x34,0xff,0x9e,0xab,0x75,0xfb,0x8d,0x90,0x66,0xff,
0x52,0x35,0x30,0xff,0x5d,0x46,0x3a,0xff,0x5b,0x43,0x38,0xff,0x5d,0x46,0x3a,0xff,0x52,0x35,0x30,0xff,0x8f,0x94,0x68,0xff,0xa3,0xb2,0x7a,0xff,0x52,0x36,0x30,0xff,
0x5d,0x45,0x3a,0xff,0x5b,0x43,0x38,0xff,0x5b,0x43,0x38,0xff,0x5b,0x43,0x38,0xff,0x5b,0x43,0x38,0xff,0x5b,0x42,0x38,0xff,0x5b,0x43,0x38,0xff,0xb7,0xd1,0x8c,0xff,
0x7b,0x74,0x55,0xff,0x53,0x37,0x31,0xff,0x5d,0x47,0x3a,0xff,0x5b,0x43,0x38,0xff,0x5b,0x43,0x38,0xff,0x5c,0x45,0x3a,0xff,0x53,0x39,0x2d,0xff,0x80,0x73,0x69,0xff,
0xa8,0xaa,0x99,0xff,0x54,0x3a,0x2e,0xff,0x5e,0x47,0x3c,0xff,0x4e,0x34,0x29,0xff,0x94,0x87,0x7b,0xff,0xf7,0xf7,0xf5,0xff,0xff,0xff,0xff,0xff,0xc1,0xc5,0xa9,0xff,
0x94,0x97,0x6b,0xff,0x98,0x9b,0x70,0xff,0x9a,0x9d,0x74,0xff,0x99,0x9c,0x72,0xff,0x99,0x9c,0x72,0xff,0x99,0x9c,0x72,0xff,0x99,0x9c,0x72,0xff,0x99,0x9c,0x72,0xff,
0x99,0x9c,0x72,0xff,0x99,0x9c,0x72,0xff,0x99,0x9c,0x72,0xff,0x99,0x9c,0x72,0xff,0x99,0x9c,0x72,0xff,0x99,0x9c,0x72,0xff,0x99,0x9d,0x72,0xff,0x97,0x97,0x70,0xff,
0xa4,0xaf,0x7c,0xff,0xaf,0xc5,0x85,0xfd,0x5d,0x43,0x39,0xff,0x5b,0x42,0x38,0xd9,0x55,0x38,0x38,0x09,0x00,0xff,0xff,0x01,0x00,0x00,0x00,0x01,0x00,0x00,0x00,0x00,
0x00,0x00,0x00,0x00,0x00,0x00,0x00,0x00,0x7f,0x7f,0x7f,0x02,0x00,0x00,0x00,0x00,0x5c,0x44,0x38,0xbe,0x59,0x3d,0x35,0xff,0xad,0xc1,0x82,0xfc,0x7c,0x75,0x56,0xff,
0x54,0x39,0x32,0xff,0x5c,0x45,0x39,0xff,0x5b,0x43,0x38,0xff,0x5c,0x45,0x39,0xff,0x54,0x38,0x31,0xff,0xa8,0xba,0x7e,0xff,0x87,0x86,0x60,0xff,0x53,0x37,0x31,0xff,
0x5d,0x46,0x3a,0xff,0x5b,0x43,0x38,0xff,0x5b,0x43,0x38,0xff,0x5b,0x43,0x38,0xff,0x5c,0x45,0x39,0xff,0x53,0x38,0x31,0xff,0x7f,0x7b,0x59,0xff,0xad,0xc1,0x83,0xff,
0x54,0x39,0x32,0xff,0x5c,0x45,0x39,0xff,0x5b,0x43,0x38,0xff,0x5b,0x43,0x38,0xff,0x5b,0x43,0x38,0xff,0x5d,0x46,0x3b,0xff,0x4f,0x34,0x28,0xff,0xae,0xae,0xae,0xff,
0xd5,0xdf,0xe6,0xff,0x51,0x36,0x2a,0xff,0x55,0x3c,0x31,0xff,0xb1,0xa9,0x9f,0xff,0xff,0xff,0xff,0xff,0xf6,0xfa,0xf1,0xff,0xb0,0xb4,0x91,0xff,0x92,0x95,0x69,0xff,
0x9a,0x9d,0x73,0xff,0x9a,0x9d,0x73,0xff,0x99,0x9c,0x72,0xff,0x99,0x9c,0x72,0xff,0x99,0x9c,0x72,0xff,0x99,0x9c,0x72,0xff,0x99,0x9c,0x72,0xff,0x99,0x9c,0x72,0xff,
0x99,0x9c,0x72,0xff,0x99,0x9c,0x72,0xff,0x99,0x9c,0x72,0xff,0x99,0x9c,0x72,0xff,0x99,0x9c,0x72,0xff,0x99,0x9c,0x72,0xff,0x99,0x9c,0x72,0xff,0x98,0x9b,0x71,0xff,
0x9b,0xa0,0x74,0xff,0xb4,0xcb,0x89,0xfe,0x63,0x4f,0x40,0xff,0x58,0x3f,0x36,0xf0,0x55,0x44,0x33,0x0f,0x00,0x00,0x00,0x00,0x00,0x00,0x00,0x01,0x00,0x00,0x00,0x00,
0x00,0x00,0x00,0x00,0x00,0x00,0x00,0x01,0xff,0xff,0xff,0x01,0x55,0x55,0x38,0x09,0x5a,0x41,0x37,0xd5,0x60,0x48,0x3c,0xff,0xb0,0xc6,0x86,0xfd,0x70,0x63,0x4b,0xff,
0x57,0x3e,0x35,0xff,0x5c,0x46,0x39,0xff,0x5c,0x44,0x39,0xff,0x5d,0x45,0x39,0xff,0x57,0x3d,0x35,0xff,0xad,0xc1,0x83,0xff,0x78,0x70,0x53,0xff,0x55,0x3b,0x33,0xff,
0x5d,0x46,0x3a,0xff,0x5c,0x44,0x39,0xff,0x5c,0x44,0x39,0xff,0x5c,0x44,0x39,0xff,0x5e,0x46,0x3b,0xff,0x52,0x36,0x30,0xff,0xa2,0xb0,0x78,0xff,0x89,0x89,0x62,0xff,
0x53,0x37,0x31,0xff,0x5d,0x47,0x3a,0xff,0x5c,0x44,0x39,0xff,0x5c,0x44,0x39,0xff,0x5d,0x45,0x39,0xff,0x5a,0x42,0x37,0xff,0x60,0x4a,0x3f,0xff,0xd9,0xe6,0xeb,0xff,
0xec,0xfc,0xff,0xff,0x86,0x79,0x72,0xff,0xc7,0xc3,0xb7,0xff,0xff,0xff,0xff,0xff,0xe6,0xe9,0xdb,0xff,0xa3,0xa6,0x7f,0xff,0x93,0x96,0x6a,0xff,0x9b,0x9e,0x74,0xff,
0x99,0x9c,0x72,0xff,0x99,0x9c,0x72,0xff,0x99,0x9c,0x72,0xff,0x99,0x9c,0x72,0xff,0x99,0x9c,0x72,0xff,0x99,0x9c,0x72,0xff,0x99,0x9c,0x72,0xff,0x99,0x9c,0x72,0xff,
0x99,0x9c,0x72,0xff,0x99,0x9c,0x72,0xff,0x99,0x9c,0x72,0xff,0x99,0x9c,0x72,0xff,0x99,0x9c,0x72,0xff,0x99,0x9c,0x72,0xff,0x99,0x9c,0x72,0xff,0x9a,0x9d,0x73,0xff,
0x96,0x97,0x6f,0xff,0xae,0xc1,0x85,0xfe,0x6f,0x62,0x4a,0xfe,0x59,0x3d,0x34,0xf6,0x5d,0x4a,0x37,0x29,0x00,0x00,0x00,0x00,0x7f,0x7f,0x7f,0x02,0x00,0x00,0x00,0x00,
0x00,0x00,0x00,0x00,0x00,0x00,0x00,0x01,0x00,0x00,0x00,0x00,0x55,0x46,0x38,0x12,0x58,0x3f,0x35,0xf2,0x64,0x50,0x40,0xff,0xb6,0xd0,0x8c,0xfe,0x5e,0x48,0x3b,0xff,
0x55,0x3a,0x32,0xff,0x57,0x3e,0x34,0xff,0x57,0x3e,0x34,0xff,0x55,0x3a,0x32,0xff,0x5e,0x49,0x3c,0xff,0xb6,0xcf,0x8b,0xff,0x61,0x4e,0x3e,0xff,0x54,0x39,0x32,0xff,
0x57,0x3e,0x34,0xff,0x57,0x3d,0x34,0xff,0x57,0x3d,0x34,0xff,0x57,0x3e,0x34,0xff,0x56,0x3c,0x33,0xff,0x59,0x41,0x37,0xff,0xb4,0xcc,0x89,0xff,0x6a,0x5a,0x46,0xff,
0x53,0x37,0x30,0xff,0x57,0x3f,0x35,0xff,0x57,0x3d,0x34,0xff,0x57,0x3d,0x34,0xff,0x59,0x40,0x37,0xff,0x4d,0x31,0x27,0xff,0x8c,0x82,0x7e,0xff,0xf0,0xff,0xff,0xff,
0xe4,0xf4,0xfc,0xff,0xed,0xf9,0xf9,0xff,0xff,0xff,0xff,0xff,0xd3,0xd6,0xc3,0xff,0x99,0x9c,0x72,0xff,0x95,0x97,0x6c,0xff,0x9a,0x9d,0x74,0xff,0x98,0x9b,0x71,0xff,
0x98,0x9b,0x71,0xff,0x99,0x9c,0x72,0xff,0x99,0x9c,0x72,0xff,0x98,0x9b,0x71,0xff,0x98,0x9b,0x71,0xff,0x98,0x9b,0x71,0xff,0x98,0x9b,0x71,0xff,0x98,0x9b,0x71,0xff,
0x98,0x9b,0x71,0xff,0x98,0x9b,0x71,0xff,0x99,0x9c,0x72,0xff,0x99,0x9c,0x72,0xff,0x98,0x9b,0x71,0xff,0x98,0x9b,0x71,0xff,0x98,0x9b,0x71,0xff,0x99,0x9c,0x72,0xff,
0x95,0x95,0x6e,0xff,0xab,0xba,0x82,0xff,0x76,0x6e,0x51,0xfd,0x59,0x3d,0x35,0xff,0x60,0x49,0x3b,0x45,0x00,0x00,0x00,0x00,0x55,0x55,0x55,0x03,0x00,0x00,0x00,0x00,
0x00,0x00,0x00,0x00,0x00,0x00,0x00,0x01,0x00,0x00,0x00,0x00,0x5a,0x4b,0x3c,0x11,0x58,0x3e,0x34,0xed,0x6e,0x5d,0x49,0xff,0xaa,0xba,0x81,0xfe,0x74,0x68,0x50,0xff,
0x6d,0x5c,0x49,0xff,0x6e,0x5f,0x4a,0xff,0x6e,0x5f,0x4a,0xff,0x6d,0x5c,0x49,0xff,0x74,0x68,0x50,0xff,0xac,0xbe,0x83,0xff,0x73,0x67,0x4f,0xff,0x6d,0x5d,0x49,0xff,
0x6e,0x5f,0x4a,0xff,0x6e,0x5f,0x4a,0xff,0x6e,0x5f,0x4a,0xff,0x6e,0x5f,0x4a,0xff,0x6d,0x5c,0x48,0xff,0x75,0x69,0x50,0xff,0xac,0xbe,0x83,0xff,0x73,0x66,0x4f,0xff,
0x6d,0x5d,0x49,0xff,0x6e,0x5f,0x4a,0xff,0x6e,0x5f,0x4a,0xff,0x6e,0x5e,0x4a,0xff,0x70,0x61,0x4c,0xff,0x67,0x56,0x41,0xff,0xc4,0xcb,0xce,0xff,0xee,0xfe,0xff,0xff,
0xe4,0xf4,0xfc,0xff,0xec,0xfc,0xff,0xff,0xc6,0xcb,0xb1,0xff,0x97,0x9c,0x6d,0xff,0x9b,0x9f,0x74,0xff,0x9e,0xa2,0x77,0xff,0x9c,0xa1,0x75,0xff,0x9c,0xa1,0x75,0xff,
0x9d,0xa2,0x76,0xff,0x98,0x9a,0x71,0xff,0x9a,0x9e,0x73,0xff,0x9d,0xa1,0x75,0xff,0x9c,0xa1,0x75,0xff,0x9c,0xa1,0x75,0xff,0x9c,0xa1,0x75,0xff,0x9c,0xa1,0x75,0xff,
0x9c,0xa1,0x75,0xff,0x9d,0xa1,0x75,0xff,0x98,0x9a,0x71,0xff,0x9b,0x9e,0x74,0xff,0x9d,0xa1,0x75,0xff,0x9c,0xa1,0x75,0xff,0x9c,0xa1,0x75,0xff,0x9c,0xa1,0x75,0xff,
0x9b,0x9f,0x74,0xff,0x9d,0xa3,0x76,0xff,0x7a,0x71,0x55,0xfd,0x5b,0x40,0x37,0xff,0x5f,0x47,0x3b,0x40,0x00,0x00,0x00,0x00,0x55,0x55,0x55,0x03,0x00,0x00,0x00,0x00,
0x00,0x00,0x00,0x00,0x00,0x00,0x00,0x01,0x00,0x00,0x00,0x00,0x69,0x4b,0x3c,0x11,0x57,0x3d,0x34,0xed,0x73,0x65,0x4e,0xff,0xa1,0xaa,0x79,0xfe,0x8d,0x8b,0x67,0xff,
0x8b,0x88,0x65,0xff,0x8c,0x89,0x66,0xff,0x8c,0x89,0x66,0xff,0x8c,0x89,0x65,0xff,0x8d,0x8c,0x67,0xff,0x9f,0xa6,0x77,0xff,0x8e,0x8c,0x68,0xff,0x8b,0x88,0x65,0xff,
0x8c,0x89,0x66,0xff,0x8c,0x89,0x66,0xff,0x8c,0x89,0x66,0xff,0x8c,0x89,0x66,0xff,0x8b,0x88,0x65,0xff,0x8e,0x8d,0x68,0xff,0x9f,0xa6,0x77,0xff,0x8d,0x8b,0x67,0xff,
0x8c,0x89,0x65,0xff,0x8c,0x89,0x66,0xff,0x8c,0x89,0x66,0xff,0x8d,0x8a,0x67,0xff,0x88,0x84,0x60,0xff,0x9e,0xa0,0x82,0xff,0xea,0xfa,0xfe,0xff,0xe6,0xf7,0xfe,0xff,
0xe6,0xf5,0xfd,0xff,0xed,0xfd,0xff,0xff,0xab,0xb0,0x9c,0xff,0x83,0x7d,0x58,0xff,0x8b,0x88,0x66,0xff,0x89,0x85,0x63,0xff,0x89,0x85,0x63,0xff,0x89,0x86,0x64,0xff,
0x87,0x82,0x61,0xff,0x9d,0xa4,0x76,0xff,0x92,0x93,0x6c,0xff,0x87,0x82,0x61,0xff,0x89,0x86,0x63,0xff,0x89,0x85,0x63,0xff,0x89,0x85,0x63,0xff,0x89,0x85,0x63,0xff,
0x89,0x85,0x63,0xff,0x88,0x83,0x62,0xff,0x9e,0xa5,0x76,0xff,0x91,0x91,0x6a,0xff,0x87,0x83,0x62,0xff,0x89,0x86,0x63,0xff,0x89,0x85,0x63,0xff,0x89,0x85,0x63,0xff,
0x87,0x82,0x61,0xff,0xa0,0xa9,0x78,0xff,0x83,0x7c,0x5d,0xfd,0x5b,0x40,0x37,0xff,0x5f,0x47,0x3b,0x40,0x00,0x00,0x00,0x00,0x55,0x55,0x55,0x03,0x00,0x00,0x00,0x00,
0x00,0x00,0x00,0x00,0x00,0x00,0x00,0x01,0x00,0x00,0x00,0x00,0x55,0x46,0x38,0x12,0x58,0x3f,0x35,0xf1,0x64,0x50,0x40,0xff,0xb6,0xcf,0x8c,0xfe,0x5f,0x4a,0x3c,0xff,
0x56,0x3b,0x33,0xff,0x58,0x3f,0x35,0xff,0x58,0x3f,0x35,0xff,0x55,0x3b,0x33,0xff,0x61,0x4d,0x3e,0xff,0xb7,0xd0,0x8c,0xff,0x5f,0x4b,0x3d,0xff,0x56,0x3b,0x33,0xff,
0x58,0x3f,0x35,0xff,0x58,0x3e,0x35,0xff,0x58,0x3e,0x35,0xff,0x58,0x3f,0x35,0xff,0x56,0x3c,0x33,0xff,0x5d,0x47,0x3a,0xff,0xb5,0xcd,0x8a,0xff,0x65,0x54,0x42,0xff,
0x55,0x3a,0x32,0xff,0x58,0x3f,0x35,0xff,0x58,0x3e,0x35,0xff,0x5a,0x41,0x38,0xff,0x4d,0x31,0x26,0xff,0xa4,0xa1,0xa3,0xff,0xf1,0xff,0xff,0xff,0xe5,0xf4,0xfc,0xff,
0xe5,0xf5,0xfd,0xff,0xee,0xfe,0xff,0xff,0xc8,0xcf,0xd5,0xff,0x54,0x3a,0x30,0xff,0x59,0x40,0x37,0xff,0x58,0x3f,0x36,0xff,0x58,0x3f,0x35,0xff,0x59,0x3f,0x36,0xff,
0x55,0x3a,0x33,0xff,0xaf,0xc5,0x85,0xff,0x74,0x6a,0x4f,0xff,0x52,0x36,0x30,0xff,0x59,0x41,0x36,0xff,0x58,0x3f,0x35,0xff,0x58,0x3f,0x35,0xff,0x58,0x3f,0x35,0xff,
0x59,0x40,0x37,0xff,0x52,0x35,0x30,0xff,0xac,0xc1,0x82,0xff,0x7b,0x74,0x55,0xff,0x51,0x34,0x2f,0xff,0x59,0x41,0x36,0xff,0x58,0x3f,0x35,0xff,0x59,0x40,0x37,0xff,
0x51,0x34,0x30,0xff,0xac,0xc1,0x82,0xff,0x7a,0x73,0x55,0xfd,0x58,0x3c,0x34,0xff,0x61,0x4b,0x3c,0x44,0x00,0x00,0x00,0x00,0x55,0x55,0x55,0x03,0x00,0x00,0x00,0x00,
0x00,0x00,0x00,0x00,0x00,0x00,0x00,0x01,0x00,0x00,0x00,0x01,0x4e,0x4e,0x3a,0x0d,0x59,0x40,0x36,0xe1,0x62,0x4c,0x3e,0xff,0xb2,0xc9,0x88,0xfd,0x6a,0x5b,0x46,0xff,
0x58,0x3f,0x35,0xff,0x5c,0x45,0x39,0xff,0x5c,0x44,0x39,0xff,0x5c,0x44,0x39,0xff,0x59,0x40,0x37,0xff,0xae,0xc3,0x84,0xff,0x74,0x6a,0x4f,0xff,0x56,0x3c,0x34,0xff,
0x5c,0x45,0x39,0xff,0x5c,0x44,0x39,0xff,0x5c,0x44,0x39,0xff,0x5c,0x44,0x39,0xff,0x5d,0x46,0x3a,0xff,0x54,0x38,0x32,0xff,0xa7,0xb9,0x7e,0xff,0x81,0x7e,0x5b,0xff,
0x54,0x38,0x32,0xff,0x5d,0x46,0x3a,0xff,0x5c,0x44,0x39,0xff,0x5a,0x42,0x37,0xff,0x61,0x4b,0x40,0xff,0xda,0xe6,0xec,0xff,0xea,0xfb,0xff,0xff,0xe6,0xf6,0xfe,0xff,
0xe7,0xf7,0xff,0xff,0xe6,0xf6,0xfd,0xff,0xeb,0xfc,0xfe,0xff,0x7a,0x6a,0x63,0xff,0x55,0x3b,0x2f,0xff,0x5d,0x46,0x3a,0xff,0x5c,0x45,0x39,0xff,0x59,0x40,0x36,0xff,
0x68,0x58,0x44,0xff,0xb4,0xcc,0x89,0xff,0x5f,0x4a,0x3c,0xff,0x5b,0x42,0x37,0xff,0x5c,0x45,0x38,0xff,0x5c,0x44,0x39,0xff,0x5c,0x44,0x39,0xff,0x5c,0x45,0x39,0xff,
0x5b,0x42,0x37,0xff,0x5f,0x4a,0x3d,0xff,0xb2,0xc9,0x88,0xff,0x6a,0x5a,0x46,0xff,0x58,0x3f,0x36,0xff,0x5c,0x45,0x39,0xff,0x5c,0x44,0x39,0xff,0x5c,0x44,0x39,0xff,
0x5a,0x41,0x37,0xff,0xae,0xc3,0x84,0xff,0x75,0x6a,0x50,0xfe,0x58,0x3d,0x34,0xfa,0x62,0x49,0x3a,0x34,0x00,0x00,0x00,0x00,0x7f,0x7f,0x7f,0x02,0x00,0x00,0x00,0x00,
0x00,0x00,0x00,0x00,0x00,0x00,0x00,0x00,0x7f,0x7f,0x7f,0x02,0x00,0x00,0x00,0x00,0x5c,0x44,0x38,0xbf,0x5a,0x3e,0x36,0xff,0xae,0xc2,0x83,0xfc,0x7a,0x73,0x54,0xff,
0x54,0x39,0x32,0xff,0x5c,0x45,0x39,0xff,0x5b,0x43,0x38,0xff,0x5c,0x44,0x39,0xff,0x54,0x38,0x32,0xff,0xab,0xbe,0x81,0xff,0x82,0x7e,0x5b,0xff,0x53,0x38,0x31,0xff,
0x5c,0x45,0x39,0xff,0x5b,0x43,0x38,0xff,0x5b,0x43,0x38,0xff,0x5b,0x43,0x38,0xff,0x5d,0x46,0x3a,0xff,0x52,0x36,0x30,0xff,0x89,0x8a,0x62,0xff,0xa3,0xb2,0x7a,0xff,
0x52,0x35,0x30,0xff,0x5d,0x46,0x3a,0xff,0x5d,0x46,0x3b,0xff,0x51,0x36,0x2a,0xff,0x8b,0x80,0x7c,0xff,0xef,0xfe,0xfe,0xff,0xe4,0xf3,0xfb,0xff,0xe6,0xf6,0xfd,0xff,
0xe6,0xf6,0xfe,0xff,0xe4,0xf2,0xfa,0xff,0xf0,0xfe,0xfd,0xff,0xae,0xad,0xae,0xff,0x50,0x35,0x28,0xff,0x5d,0x46,0x3b,0xff,0x5d,0x46,0x3a,0xff,0x52,0x36,0x30,0xff,
0x89,0x8a,0x62,0xff,0xa3,0xb2,0x7a,0xff,0x52,0x36,0x30,0xff,0x5d,0x45,0x3a,0xff,0x5b,0x43,0x38,0xff,0x5b,0x43,0x38,0xff,0x5b,0x43,0x38,0xff,0x5b,0x44,0x38,0xff,
0x58,0x3f,0x35,0xff,0x68,0x58,0x45,0xff,0xb7,0xd0,0x8c,0xff,0x61,0x4c,0x3e,0xff,0x59,0x41,0x36,0xff,0x5b,0x44,0x38,0xff,0x5b,0x44,0x38,0xff,0x59,0x40,0x36,0xff,
0x62,0x4f,0x3f,0xff,0xb5,0xcd,0x8b,0xfe,0x65,0x51,0x41,0xff,0x58,0x3e,0x35,0xf0,0x4f,0x4f,0x3f,0x10,0x00,0x00,0x00,0x00,0x00,0x00,0x00,0x01,0x00,0x00,0x00,0x00,
0x00,0x00,0x00,0x00,0x00,0x00,0x00,0x00,0x55,0x55,0x55,0x03,0x00,0x00,0x00,0x00,0x5d,0x45,0x38,0xaf,0x59,0x3b,0x35,0xff,0xa2,0xb2,0x79,0xfc,0x87,0x87,0x60,0xff,
0x52,0x37,0x30,0xff,0x5d,0x46,0x3a,0xff,0x5b,0x43,0x38,0xff,0x5d,0x46,0x3a,0xff,0x52,0x35,0x30,0xff,0x97,0x9f,0x6f,0xff,0x9c,0xa8,0x74,0xff,0x52,0x35,0x30,0xff,
0x5d,0x46,0x3a,0xff,0x5b,0x43,0x38,0xff,0x5b,0x43,0x38,0xff,0x5b,0x43,0x38,0xff,0x5b,0x44,0x38,0xff,0x59,0x40,0x36,0xff,0x62,0x4e,0x3f,0xff,0xbc,0xd8,0x90,0xff,
0x6c,0x5d,0x48,0xff,0x57,0x3c,0x34,0xff,0x5d,0x46,0x3a,0xff,0x58,0x3f,0x33,0xff,0xca,0xd2,0xd6,0xff,0xf5,0xff,0xff,0xff,0xec,0xfd,0xff,0xff,0xec,0xfe,0xff,0xff,
0xeb,0xfc,0xff,0xff,0xec,0xfe,0xff,0xff,0xf0,0xff,0xff,0xff,0xe4,0xf4,0xf9,0xff,0x69,0x55,0x4c,0xff,0x58,0x40,0x34,0xff,0x5c,0x44,0x39,0xff,0x59,0x40,0x36,0xff,
0xb8,0xd1,0x8d,0xff,0x7a,0x72,0x54,0xff,0x55,0x39,0x32,0xff,0x5c,0x45,0x39,0xff,0x5b,0x43,0x38,0xff,0x5b,0x43,0x38,0xff,0x5b,0x43,0x38,0xff,0x5c,0x45,0x39,0xff,
0x53,0x38,0x31,0xff,0x81,0x7d,0x5b,0xff,0xae,0xc3,0x84,0xff,0x56,0x3b,0x33,0xff,0x5c,0x44,0x39,0xff,0x5b,0x43,0x38,0xff,0x5b,0x44,0x38,0xff,0x57,0x3d,0x34,0xff,
0x6e,0x60,0x49,0xff,0xb1,0xc7,0x86,0xfe,0x5f,0x48,0x3b,0xff,0x59,0x41,0x37,0xe3,0x62,0x4e,0x3a,0x0d,0x00,0x00,0x00,0x00,0x00,0x00,0x00,0x01,0x00,0x00,0x00,0x00,
0x00,0x00,0x00,0x00,0x00,0x00,0x00,0x00,0x7f,0x3f,0x3f,0x04,0x00,0x00,0x00,0x00,0x5e,0x47,0x3c,0x7a,0x58,0x3a,0x34,0xff,0x8f,0x93,0x67,0xfb,0x9d,0xa9,0x75,0xff,
0x51,0x35,0x2f,0xff,0x5d,0x46,0x3a,0xff,0x5b,0x43,0x38,0xff,0x5c,0x45,0x39,0xff,0x55,0x3a,0x33,0xff,0x77,0x6e,0x52,0xff,0xaf,0xc5,0x85,0xff,0x57,0x3d,0x35,0xff,
0x5c,0x44,0x39,0xff,0x5b,0x43,0x38,0xff,0x5b,0x43,0x38,0xff,0x5b,0x43,0x38,0xff,0x5b,0x43,0x38,0xff,0x5c,0x45,0x39,0xff,0x53,0x36,0x31,0xff,0x8c,0x8e,0x65,0xff,
0xaf,0xc4,0x85,0xff,0x53,0x36,0x31,0xff,0x5a,0x42,0x37,0xff,0x5f,0x49,0x3e,0xff,0x7f,0x71,0x6b,0xff,0x80,0x72,0x6c,0xff,0x7c,0x6d,0x68,0xff,0x8d,0x86,0x78,0xff,
0xa3,0xa5,0x8d,0xff,0x7d,0x6e,0x69,0xff,0x7f,0x71,0x6b,0xff,0x82,0x75,0x6d,0xff,0x66,0x52,0x48,0xff,0x5c,0x44,0x37,0xff,0x4f,0x30,0x2d,0xff,0x96,0x9e,0x6e,0xff,
0xa7,0xb7,0x7d,0xff,0x54,0x38,0x32,0xff,0x5c,0x45,0x39,0xff,0x5b,0x43,0x38,0xff,0x5b,0x43,0x38,0xff,0x5b,0x43,0x38,0xff,0x5b,0x43,0x38,0xff,0x5d,0x46,0x3a,0xff,
0x51,0x34,0x2f,0xff,0x9b,0xa6,0x73,0xff,0x92,0x98,0x6a,0xff,0x52,0x35,0x30,0xff,0x5d,0x46,0x3a,0xff,0x5b,0x43,0x38,0xff,0x5c,0x45,0x39,0xff,0x53,0x37,0x31,0xff,
0x83,0x80,0x5c,0xff,0xa7,0xb9,0x7d,0xfc,0x58,0x3b,0x34,0xff,0x5c,0x44,0x38,0xb9,0x00,0x00,0x00,0x00,0x7f,0x7f,0x7f,0x02,0x00,0x00,0x00,0x00,0x00,0x00,0x00,0x00,
0x00,0x00,0x00,0x00,0x00,0x00,0x00,0x00,0x55,0x55,0x55,0x03,0x00,0x00,0x00,0x00,0x5f,0x48,0x39,0x43,0x59,0x3d,0x35,0xfe,0x74,0x6a,0x4f,0xfd,0xaf,0xc4,0x84,0xff,
0x57,0x3e,0x35,0xff,0x5c,0x43,0x38,0xff,0x5b,0x43,0x38,0xff,0x5b,0x43,0x38,0xff,0x5b,0x42,0x38,0xff,0x5b,0x43,0x38,0xff,0xb3,0xca,0x88,0xff,0x70,0x63,0x4b,0xff,
0x57,0x3c,0x34,0xff,0x5c,0x45,0x39,0xff,0x5b,0x43,0x38,0xff,0x5b,0x43,0x38,0xff,0x5b,0x43,0x38,0xff,0x5b,0x43,0x38,0xff,0x5c,0x44,0x39,0xff,0x55,0x39,0x32,0xff,
0xa7,0xb8,0x7d,0xff,0xa4,0xb4,0x7b,0xff,0x52,0x35,0x30,0xff,0x58,0x3e,0x35,0xff,0x55,0x3d,0x2f,0xff,0x55,0x3b,0x2f,0xff,0x4f,0x33,0x29,0xff,0x67,0x57,0x40,0xff,
0x87,0x83,0x5e,0xff,0x50,0x34,0x2a,0xff,0x55,0x3b,0x2f,0xff,0x54,0x3b,0x2e,0xff,0x59,0x40,0x35,0xff,0x4f,0x30,0x2d,0xff,0x8a,0x8b,0x63,0xff,0xba,0xd6,0x8f,0xff,
0x5f,0x49,0x3b,0xff,0x59,0x40,0x36,0xff,0x5b,0x44,0x38,0xff,0x5b,0x43,0x38,0xff,0x5b,0x43,0x38,0xff,0x5b,0x43,0x38,0xff,0x5b,0x43,0x38,0xff,0x5b,0x42,0x38,0xff,
0x5c,0x45,0x3a,0xff,0xb4,0xcb,0x89,0xff,0x6e,0x61,0x4a,0xff,0x56,0x3c,0x34,0xff,0x5b,0x45,0x38,0xff,0x5b,0x43,0x38,0xff,0x5d,0x46,0x3a,0xff,0x51,0x34,0x2f,0xff,
0x9b,0xa6,0x73,0xff,0x90,0x95,0x68,0xfb,0x58,0x3a,0x34,0xff,0x5c,0x47,0x3b,0x81,0x00,0x00,0x00,0x00,0x7f,0x3f,0x3f,0x04,0x00,0x00,0x00,0x00,0x00,0x00,0x00,0x00,
0x00,0x00,0x00,0x00,0x00,0x00,0x00,0x00,0x00,0x00,0x00,0x01,0x00,0x00,0x00,0x00,0x55,0x46,0x38,0x12,0x5a,0x41,0x36,0xee,0x60,0x4a,0x3c,0xff,0xb6,0xcf,0x8c,0xfe,
0x6d,0x5f,0x49,0xff,0x57,0x3d,0x34,0xff,0x5b,0x44,0x38,0xff,0x5b,0x43,0x38,0xff,0x5d,0x46,0x3a,0xff,0x52,0x35,0x30,0xff,0x96,0x9e,0x6e,0xff,0x9b,0xa5,0x72,0xff,
0x51,0x34,0x2f,0xff,0x5d,0x46,0x3a,0xff,0x5b,0x43,0x38,0xff,0x5b,0x43,0x38,0xff,0x5b,0x43,0x38,0xff,0x5b,0x43,0x38,0xff,0x5c,0x44,0x39,0xff,0x59,0x40,0x36,0xff,
0x5e,0x48,0x3b,0xff,0xae,0xc2,0x84,0xff,0xa9,0xba,0x7f,0xff,0x62,0x4e,0x3f,0xff,0x53,0x36,0x31,0xff,0x59,0x40,0x37,0xff,0x59,0x3f,0x36,0xff,0x70,0x62,0x4d,0xff,
0x8d,0x8b,0x68,0xff,0x5a,0x41,0x38,0xff,0x5a,0x41,0x38,0xff,0x54,0x38,0x32,0xff,0x59,0x40,0x37,0xff,0x96,0x9e,0x6e,0xff,0xbb,0xd6,0x8f,0xff,0x6e,0x60,0x49,0xff,
0x56,0x3b,0x34,0xff,0x5d,0x46,0x3a,0xff,0x5b,0x43,0x38,0xff,0x5b,0x43,0x38,0xff,0x5b,0x43,0x38,0xff,0x5b,0x43,0x38,0xff,0x5c,0x45,0x39,0xff,0x53,0x38,0x31,0xff,
0x7f,0x7a,0x59,0xff,0xae,0xc2,0x83,0xff,0x55,0x3b,0x33,0xff,0x5c,0x44,0x39,0xff,0x5b,0x43,0x38,0xff,0x5b,0x43,0x38,0xff,0x5b,0x42,0x38,0xff,0x5a,0x42,0x38,0xff,
0xb4,0xcc,0x89,0xff,0x73,0x69,0x4e,0xfd,0x5a,0x3e,0x36,0xff,0x60,0x49,0x39,0x42,0x00,0x00,0x00,0x00,0x55,0x55,0x55,0x03,0x00,0x00,0x00,0x00,0x00,0x00,0x00,0x00,
0x00,0x00,0x00,0x00,0x00,0x00,0x00,0x00,0x00,0x00,0x00,0x00,0x7f,0x7f,0x7f,0x02,0x00,0x00,0x00,0x01,0x5c,0x46,0x39,0xb5,0x58,0x3a,0x33,0xfe,0xa4,0xb4,0x7a,0xfc,
0x91,0x96,0x69,0xff,0x52,0x35,0x30,0xff,0x5d,0x46,0x3a,0xff,0x5b,0x43,0x38,0xff,0x5b,0x44,0x38,0xff,0x59,0x3f,0x36,0xff,0x63,0x50,0x40,0xff,0xb4,0xcb,0x89,0xff,
0x62,0x4e,0x3f,0xff,0x59,0x40,0x36,0xff,0x5b,0x44,0x38,0xff,0x5b,0x43,0x38,0xff,0x5b,0x43,0x38,0xff,0x5b,0x43,0x38,0xff,0x5b,0x43,0x38,0xff,0x5c,0x44,0x39,0xff,
0x59,0x40,0x36,0xff,0x55,0x3a,0x33,0xff,0x95,0x9b,0x6d,0xff,0xbd,0xd9,0x91,0xff,0x96,0x9d,0x6e,0xff,0x6f,0x61,0x4a,0xff,0x57,0x3d,0x34,0xff,0x6a,0x58,0x46,0xff,
0x8b,0x87,0x65,0xff,0x55,0x3a,0x32,0xff,0x68,0x57,0x44,0xff,0x8a,0x8a,0x62,0xff,0xb8,0xd1,0x8d,0xff,0xa7,0xb7,0x7d,0xff,0x5e,0x48,0x3b,0xff,0x56,0x3c,0x35,0xff,
0x5d,0x46,0x3a,0xff,0x5a,0x40,0x34,0xff,0x5b,0x43,0x37,0xff,0x5b,0x44,0x3a,0xff,0x5b,0x43,0x38,0xff,0x5b,0x43,0x38,0xff,0x5c,0x45,0x39,0xff,0x54,0x38,0x32,0xff,
0xab,0xbe,0x81,0xff,0x7b,0x74,0x55,0xff,0x54,0x39,0x32,0xff,0x5c,0x45,0x39,0xff,0x5b,0x43,0x38,0xff,0x5c,0x45,0x39,0xff,0x55,0x3b,0x33,0xff,0x75,0x6b,0x50,0xff,
0xb6,0xcf,0x8b,0xfe,0x5d,0x44,0x39,0xff,0x5a,0x42,0x37,0xe6,0x55,0x44,0x44,0x0f,0x00,0x00,0x00,0x00,0x00,0x00,0x00,0x01,0x00,0x00,0x00,0x00,0x00,0x00,0x00,0x00,
0x00,0x00,0x00,0x00,0x00,0x00,0x00,0x00,0x00,0x00,0x00,0x00,0x7f,0x3f,0x3f,0x04,0x00,0x00,0x00,0x00,0x5f,0x47,0x3a,0x60,0x5b,0x3e,0x36,0xff,0x7a,0x74,0x55,0xfc,
0xaf,0xc5,0x85,0xff,0x56,0x3c,0x34,0xff,0x5c,0x44,0x39,0xff,0x5b,0x43,0x38,0xff,0x5b,0x43,0x38,0xff,0x5d,0x46,0x3a,0xff,0x51,0x34,0x2f,0xff,0x96,0x9e,0x6e,0xff,
0x9f,0xac,0x76,0xff,0x51,0x34,0x2f,0xff,0x5d,0x46,0x3a,0xff,0x5b,0x43,0x38,0xff,0x5b,0x43,0x38,0xff,0x5b,0x43,0x38,0xff,0x5b,0x43,0x38,0xff,0x5b,0x43,0x38,0xff,
0x5c,0x44,0x39,0xff,0x5b,0x44,0x38,0xff,0x52,0x36,0x30,0xff,0x6d,0x5f,0x49,0xff,0x9b,0xa5,0x72,0xff,0xb2,0xc8,0x87,0xff,0xb2,0xc9,0x87,0xff,0xa6,0xb4,0x7d,0xff,
0x9d,0xa3,0x75,0xff,0xaf,0xc5,0x85,0xff,0xb4,0xcb,0x89,0xff,0xa3,0xb1,0x7a,0xff,0x7a,0x72,0x54,0xff,0x54,0x38,0x32,0xff,0x59,0x41,0x38,0xff,0x5b,0x42,0x35,0xff,
0x59,0x3f,0x33,0xff,0x5f,0x4f,0x45,0xff,0x5b,0x43,0x39,0xff,0x59,0x3d,0x30,0xff,0x5b,0x44,0x3a,0xff,0x5d,0x46,0x39,0xff,0x52,0x36,0x30,0xff,0x83,0x81,0x5d,0xff,
0xae,0xc2,0x84,0xff,0x55,0x3a,0x33,0xff,0x5c,0x44,0x39,0xff,0x5b,0x43,0x38,0xff,0x5b,0x43,0x38,0xff,0x5d,0x46,0x3a,0xff,0x51,0x34,0x2f,0xff,0x9a,0xa4,0x71,0xff,
0x97,0x9f,0x6e,0xfb,0x58,0x3a,0x34,0xff,0x5c,0x46,0x3a,0xa2,0x00,0x00,0x00,0x00,0xaa,0x55,0x55,0x03,0x00,0x00,0x00,0x00,0x00,0x00,0x00,0x00,0x00,0x00,0x00,0x00,
0x00,0x00,0x00,0x00,0x00,0x00,0x00,0x00,0x00,0x00,0x00,0x00,0x00,0x00,0x00,0x01,0x00,0x00,0x00,0x00,0x61,0x48,0x3c,0x15,0x5c,0x43,0x38,0xeb,0x5b,0x41,0x37,0xfe,
0xb5,0xcd,0x8a,0xfe,0x79,0x71,0x54,0xff,0x54,0x39,0x32,0xff,0x5c,0x45,0x39,0xff,0x5b,0x43,0x38,0xff,0x5b,0x44,0x38,0xff,0x5a,0x41,0x37,0xff,0x5e,0x47,0x3a,0xff,
0xba,0xd5,0x8f,0xff,0x7a,0x72,0x54,0xff,0x54,0x38,0x31,0xff,0x5d,0x46,0x3a,0xff,0x5b,0x43,0x38,0xff,0x5b,0x43,0x38,0xff,0x5b,0x43,0x38,0xff,0x5b,0x43,0x38,0xff,
0x5b,0x43,0x38,0xff,0x5b,0x43,0x38,0xff,0x5d,0x46,0x39,0xff,0x57,0x3d,0x34,0xff,0x52,0x35,0x30,0xff,0x5b,0x43,0x38,0xff,0x6e,0x61,0x49,0xff,0x85,0x83,0x5f,0xff,
0x93,0x94,0x6d,0xff,0x74,0x69,0x4f,0xff,0x60,0x4a,0x3c,0xff,0x53,0x36,0x31,0xff,0x55,0x39,0x32,0xff,0x5c,0x46,0x3a,0xff,0x5a,0x41,0x34,0xff,0x5d,0x4a,0x43,0xff,
0x7e,0xaa,0xc5,0xff,0x89,0xcd,0xf1,0xff,0x84,0xbc,0xdb,0xff,0x64,0x5e,0x5f,0xff,0x5a,0x3e,0x30,0xff,0x59,0x41,0x38,0xff,0x62,0x4e,0x3e,0xff,0xbd,0xd9,0x91,0xff,
0x71,0x66,0x4d,0xff,0x56,0x3b,0x34,0xff,0x5c,0x45,0x39,0xff,0x5b,0x43,0x38,0xff,0x5b,0x44,0x38,0xff,0x59,0x40,0x36,0xff,0x62,0x4e,0x3f,0xff,0xba,0xd5,0x8f,0xff,
0x6a,0x5b,0x46,0xfd,0x5b,0x40,0x37,0xfe,0x5c,0x45,0x39,0x42,0x00,0x00,0x00,0x00,0x55,0x55,0x55,0x03,0x00,0x00,0x00,0x00,0x00,0x00,0x00,0x00,0x00,0x00,0x00,0x00,
0x00,0x00,0x00,0x00,0x00,0x00,0x00,0x00,0x00,0x00,0x00,0x00,0x00,0x00,0x00,0x00,0xaa,0x55,0x55,0x03,0x00,0x00,0x00,0x00,0x5d,0x46,0x39,0x9c,0x59,0x3c,0x35,0xff,
0x88,0x88,0x61,0xfb,0xae,0xc3,0x84,0xff,0x55,0x39,0x32,0xff,0x5c,0x45,0x39,0xff,0x5b,0x43,0x38,0xff,0x5b,0x43,0x38,0xff,0x5c,0x45,0x39,0xff,0x55,0x3a,0x33,0xff,
0x73,0x68,0x4e,0xff,0xbe,0xdb,0x92,0xff,0x62,0x4e,0x3e,0xff,0x56,0x3c,0x34,0xff,0x5d,0x46,0x39,0xff,0x5b,0x43,0x38,0xff,0x5b,0x43,0x38,0xff,0x5b,0x43,0x38,0xff,
0x5b,0x43,0x38,0xff,0x5b,0x43,0x38,0xff,0x5b,0x43,0x38,0xff,0x5c,0x44,0x39,0xff,0x5d,0x46,0x3a,0xff,0x5c,0x44,0x39,0xff,0x52,0x35,0x2f,0xff,0x69,0x57,0x46,0xff,
0x8a,0x87,0x65,0xff,0x52,0x35,0x2f,0xff,0x5b,0x42,0x38,0xff,0x5d,0x45,0x39,0xff,0x5c,0x45,0x39,0xff,0x5b,0x44,0x39,0xff,0x5a,0x3f,0x32,0xff,0x7e,0xaa,0xc9,0xff,
0x90,0xdf,0xff,0xff,0x8b,0xd0,0xff,0xff,0x8e,0xda,0xff,0xff,0x88,0xc8,0xef,0xff,0x5f,0x4e,0x47,0xff,0x52,0x35,0x2d,0xff,0xb1,0xc7,0x87,0xff,0x8e,0x91,0x66,0xff,
0x52,0x35,0x30,0xff,0x5d,0x46,0x3a,0xff,0x5b,0x43,0x38,0xff,0x5b,0x43,0x38,0xff,0x5d,0x46,0x3a,0xff,0x52,0x35,0x30,0xff,0x95,0x9d,0x6d,0xff,0xa4,0xb3,0x7a,0xfd,
0x56,0x39,0x32,0xfe,0x5c,0x46,0x39,0xd6,0x3f,0x3f,0x3f,0x04,0xff,0xff,0xff,0x01,0x00,0x00,0x00,0x00,0x00,0x00,0x00,0x00,0x00,0x00,0x00,0x00,0x00,0x00,0x00,0x00,
0x00,0x00,0x00,0x00,0x00,0x00,0x00,0x00,0x00,0x00,0x00,0x00,0x00,0x00,0x00,0x00,0x7f,0x00,0x00,0x02,0x00,0x00,0x00,0x01,0x5f,0x46,0x39,0x28,0x5d,0x44,0x39,0xf8,
0x5a,0x41,0x37,0xfd,0xb7,0xd0,0x8c,0xfe,0x78,0x70,0x53,0xff,0x54,0x38,0x32,0xff,0x5c,0x46,0x39,0xff,0x5b,0x43,0x38,0xff,0x5b,0x43,0x38,0xff,0x5d,0x46,0x3a,0xff,
0x53,0x36,0x31,0xff,0x87,0x87,0x60,0xff,0xb4,0xcc,0x8a,0xff,0x5e,0x48,0x3b,0xff,0x57,0x3d,0x35,0xff,0x5d,0x46,0x3a,0xff,0x5b,0x43,0x38,0xff,0x5b,0x43,0x38,0xff,
0x5b,0x43,0x38,0xff,0x5b,0x43,0x38,0xff,0x5b,0x43,0x38,0xff,0x5b,0x43,0x38,0xff,0x5b,0x43,0x38,0xff,0x5c,0x44,0x39,0xff,0x58,0x3e,0x35,0xff,0x6f,0x60,0x4b,0xff,
0x8c,0x89,0x66,0xff,0x59,0x40,0x36,0xff,0x5c,0x44,0x39,0xff,0x5b,0x43,0x38,0xff,0x5b,0x44,0x39,0xff,0x5a,0x41,0x34,0xff,0x5f,0x4e,0x48,0xff,0x8a,0xcd,0xf9,0xff,
0x8b,0xd0,0xfc,0xff,0x8b,0xd0,0xfe,0xff,0x8b,0xce,0xfb,0xff,0x8e,0xda,0xff,0xff,0x61,0x61,0x6b,0xff,0xa0,0xa8,0x6d,0xff,0xa1,0xaf,0x79,0xff,0x55,0x39,0x32,0xff,
0x5c,0x44,0x39,0xff,0x5b,0x43,0x38,0xff,0x5b,0x43,0x38,0xff,0x5b,0x44,0x38,0xff,0x59,0x40,0x36,0xff,0x61,0x4c,0x3d,0xff,0xbc,0xd7,0x90,0xff,0x6c,0x5d,0x47,0xfc,
0x5d,0x41,0x38,0xff,0x5d,0x45,0x3b,0x5f,0x00,0x00,0x00,0x00,0x55,0x55,0x55,0x03,0x00,0x00,0x00,0x00,0x00,0x00,0x00,0x00,0x00,0x00,0x00,0x00,0x00,0x00,0x00,0x00,
0x00,0x00,0x00,0x00,0x00,0x00,0x00,0x00,0x00,0x00,0x00,0x00,0x00,0x00,0x00,0x00,0x00,0x00,0x00,0x00,0x55,0x55,0x55,0x03,0x00,0x00,0x00,0x00,0x5c,0x46,0x39,0xa0,
0x5a,0x3d,0x36,0xff,0x7b,0x75,0x56,0xfb,0xb3,0xcb,0x89,0xff,0x58,0x3f,0x35,0xff,0x5b,0x43,0x38,0xff,0x5b,0x44,0x38,0xff,0x5b,0x43,0x38,0xff,0x5b,0x43,0x38,0xff,
0x5d,0x46,0x3a,0xff,0x51,0x34,0x2f,0xff,0x8a,0x8b,0x63,0xff,0xb5,0xcd,0x8a,0xff,0x5f,0x48,0x3b,0xff,0x54,0x39,0x32,0xff,0x5d,0x47,0x3a,0xff,0x5b,0x43,0x38,0xff,
0x5b,0x43,0x38,0xff,0x5b,0x43,0x38,0xff,0x5b,0x43,0x38,0xff,0x5b,0x43,0x38,0xff,0x5b,0x43,0x38,0xff,0x5c,0x44,0x39,0xff,0x57,0x3d,0x34,0xff,0x6e,0x5f,0x4a,0xff,
0x8c,0x89,0x66,0xff,0x58,0x3e,0x35,0xff,0x5c,0x44,0x39,0xff,0x5b,0x43,0x38,0xff,0x5b,0x43,0x38,0xff,0x5b,0x43,0x38,0xff,0x5b,0x43,0x38,0xff,0x84,0xbc,0xe1,0xff,
0x8e,0xda,0xff,0xff,0x8c,0xd0,0xfc,0xff,0x8b,0xd2,0xff,0xff,0x84,0xc8,0xfa,0xff,0xa9,0xc6,0x96,0xff,0xa0,0xac,0x72,0xff,0x54,0x39,0x33,0xff,0x5b,0x43,0x38,0xff,
0x5b,0x44,0x38,0xff,0x5b,0x43,0x38,0xff,0x5b,0x43,0x38,0xff,0x5d,0x46,0x3a,0xff,0x51,0x34,0x2f,0xff,0x9f,0xab,0x76,0xff,0x98,0xa0,0x6f,0xfd,0x55,0x38,0x32,0xfe,
0x5d,0x46,0x39,0xd8,0x48,0x48,0x48,0x07,0x7f,0x7f,0x7f,0x02,0x00,0x00,0x00,0x01,0x00,0x00,0x00,0x00,0x00,0x00,0x00,0x00,0x00,0x00,0x00,0x00,0x00,0x00,0x00,0x00,
0x00,0x00,0x00,0x00,0x00,0x00,0x00,0x00,0x00,0x00,0x00,0x00,0x00,0x00,0x00,0x00,0x00,0x00,0x00,0x00,0x00,0x00,0x00,0x02,0xff,0xff,0x00,0x01,0x5f,0x3f,0x35,0x18,
0x5e,0x46,0x39,0xee,0x55,0x38,0x32,0xfd,0xa7,0xb8,0x7e,0xfe,0x96,0x9e,0x6e,0xff,0x51,0x34,0x2f,0xff,0x5d,0x46,0x3a,0xff,0x5b,0x43,0x38,0xff,0x5b,0x43,0x38,0xff,
0x5b,0x43,0x38,0xff,0x5d,0x46,0x3a,0xff,0x51,0x33,0x2f,0xff,0x88,0x88,0x61,0xff,0xbc,0xd8,0x91,0xff,0x73,0x68,0x4e,0xff,0x50,0x33,0x2f,0xff,0x5b,0x43,0x38,0xff,
0x5d,0x46,0x3a,0xff,0x5b,0x44,0x38,0xff,0x5b,0x43,0x38,0xff,0x5b,0x43,0x38,0xff,0x5b,0x43,0x38,0xff,0x5c,0x44,0x39,0xff,0x57,0x3d,0x34,0xff,0x6e,0x5f,0x4a,0xff,
0x8c,0x89,0x66,0xff,0x58,0x3e,0x35,0xff,0x5c,0x44,0x39,0xff,0x5b,0x43,0x38,0xff,0x5b,0x43,0x38,0xff,0x5b,0x44,0x3a,0xff,0x59,0x3e,0x30,0xff,0x66,0x61,0x60,0xff,
0x89,0xc9,0xeb,0xff,0x86,0xce,0xff,0xff,0x89,0xcf,0xfc,0xff,0xb6,0xe9,0xc7,0xff,0x9f,0xa8,0x6e,0xff,0x54,0x39,0x33,0xff,0x5b,0x43,0x38,0xff,0x5c,0x44,0x39,0xff,
0x5b,0x43,0x38,0xff,0x5b,0x43,0x38,0xff,0x5d,0x46,0x3a,0xff,0x54,0x38,0x31,0xff,0x7a,0x72,0x54,0xff,0xba,0xd5,0x8f,0xff,0x5d,0x45,0x39,0xfc,0x5f,0x45,0x3a,0xff,
0x5b,0x45,0x3a,0x46,0x00,0x00,0x00,0x00,0x55,0x55,0x55,0x03,0x00,0x00,0x00,0x00,0x00,0x00,0x00,0x00,0x00,0x00,0x00,0x00,0x00,0x00,0x00,0x00,0x00,0x00,0x00,0x00,
0x00,0x00,0x00,0x00,0x00,0x00,0x00,0x00,0x00,0x00,0x00,0x00,0x00,0x00,0x00,0x00,0x00,0x00,0x00,0x00,0x00,0x00,0x00,0x00,0x55,0x55,0x55,0x03,0x00,0x00,0x00,0x00,
0x5a,0x45,0x39,0x6b,0x60,0x45,0x3b,0xff,0x5e,0x48,0x3a,0xfb,0xba,0xd5,0x8f,0xff,0x79,0x71,0x53,0xff,0x53,0x37,0x31,0xff,0x5d,0x47,0x3a,0xff,0x5b,0x43,0x38,0xff,
0x5b,0x43,0x38,0xff,0x5b,0x43,0x38,0xff,0x5c,0x46,0x39,0xff,0x53,0x37,0x31,0xff,0x79,0x71,0x54,0xff,0xbc,0xd7,0x90,0xff,0x96,0x9e,0x6e,0xff,0x5a,0x42,0x37,0xff,
0x52,0x35,0x30,0xff,0x59,0x40,0x36,0xff,0x5d,0x46,0x3a,0xff,0x5d,0x45,0x39,0xff,0x5c,0x44,0x39,0xff,0x5c,0x45,0x39,0xff,0x57,0x3d,0x34,0xff,0x6e,0x5f,0x4a,0xff,
0x8c,0x89,0x66,0xff,0x58,0x3e,0x35,0xff,0x5c,0x44,0x39,0xff,0x5c,0x44,0x39,0xff,0x5c,0x45,0x39,0xff,0x5d,0x46,0x39,0xff,0x5b,0x44,0x39,0xff,0x51,0x31,0x28,0xff,
0x58,0x43,0x42,0xff,0x91,0xaa,0x92,0xff,0xbd,0xe3,0xa8,0xff,0x8a,0x88,0x5b,0xff,0x55,0x3a,0x34,0xff,0x5b,0x43,0x38,0xff,0x5c,0x44,0x39,0xff,0x5b,0x43,0x38,0xff,
0x5b,0x43,0x38,0xff,0x5c,0x45,0x39,0xff,0x58,0x3f,0x36,0xff,0x62,0x4d,0x3e,0xff,0xbd,0xd9,0x91,0xff,0x72,0x68,0x4e,0xfb,0x5c,0x3f,0x37,0xff,0x5d,0x45,0x39,0xaa,
0x00,0x00,0x00,0x00,0x55,0x55,0x55,0x03,0x00,0x00,0x00,0x00,0x00,0x00,0x00,0x00,0x00,0x00,0x00,0x00,0x00,0x00,0x00,0x00,0x00,0x00,0x00,0x00,0x00,0x00,0x00,0x00,
0x00,0x00,0x00,0x00,0x00,0x00,0x00,0x00,0x00,0x00,0x00,0x00,0x00,0x00,0x00,0x00,0x00,0x00,0x00,0x00,0x00,0x00,0x00,0x00,0x00,0x00,0x00,0x00,0x7f,0x3f,0x3f,0x04,
0x00,0x00,0x00,0x00,0x5d,0x47,0x39,0xac,0x5b,0x3e,0x37,0xff,0x71,0x66,0x4d,0xfb,0xc1,0xdf,0x95,0xff,0x67,0x55,0x43,0xff,0x55,0x3a,0x33,0xff,0x5d,0x46,0x3a,0xff,
0x5b,0x43,0x38,0xff,0x5b,0x43,0x38,0xff,0x5b,0x43,0x38,0xff,0x5d,0x46,0x39,0xff,0x54,0x38,0x31,0xff,0x63,0x4f,0x3f,0xff,0xa3,0xb0,0x79,0xff,0xb2,0xc9,0x88,0xff,
0x8a,0x8c,0x63,0xff,0x63,0x50,0x3f,0xff,0x52,0x35,0x30,0xff,0x53,0x36,0x30,0xff,0x57,0x3d,0x34,0xff,0x5a,0x41,0x37,0xff,0x58,0x3e,0x35,0xff,0x6f,0x60,0x4b,0xff,
0x8c,0x89,0x66,0xff,0x59,0x40,0x36,0xff,0x5b,0x42,0x38,0xff,0x58,0x3e,0x35,0xff,0x54,0x38,0x31,0xff,0x51,0x34,0x2f,0xff,0x5c,0x45,0x39,0xff,0x7f,0x7c,0x5b,0xff,
0xaa,0xbc,0x7d,0xff,0xab,0xb9,0x78,0xff,0x71,0x63,0x47,0xff,0x53,0x37,0x32,0xff,0x5c,0x44,0x39,0xff,0x5b,0x44,0x38,0xff,0x5b,0x43,0x38,0xff,0x5b,0x43,0x38,0xff,
0x5c,0x45,0x39,0xff,0x5a,0x42,0x37,0xff,0x56,0x3b,0x33,0xff,0xb5,0xce,0x8a,0xff,0x8d,0x90,0x65,0xfd,0x55,0x37,0x32,0xfe,0x5e,0x47,0x3a,0xdd,0x55,0x38,0x38,0x12,
0x7f,0x7f,0x7f,0x02,0x00,0x00,0x00,0x01,0x00,0x00,0x00,0x00,0x00,0x00,0x00,0x00,0x00,0x00,0x00,0x00,0x00,0x00,0x00,0x00,0x00,0x00,0x00,0x00,0x00,0x00,0x00,0x00,
0x00,0x00,0x00,0x00,0x00,0x00,0x00,0x00,0x00,0x00,0x00,0x00,0x00,0x00,0x00,0x00,0x00,0x00,0x00,0x00,0x00,0x00,0x00,0x00,0x00,0x00,0x00,0x00,0x00,0x00,0x00,0x01,
0xff,0xff,0xff,0x01,0x5a,0x3c,0x3c,0x11,0x5f,0x48,0x3a,0xde,0x57,0x3a,0x33,0xff,0x87,0x87,0x61,0xfc,0xb5,0xcd,0x8a,0xff,0x5e,0x48,0x3b,0xff,0x57,0x3c,0x34,0xff,
0x5d,0x46,0x3a,0xff,0x5b,0x43,0x38,0xff,0x5b,0x43,0x38,0xff,0x5b,0x43,0x38,0xff,0x5d,0x46,0x39,0xff,0x59,0x40,0x36,0xff,0x52,0x36,0x30,0xff,0x6e,0x60,0x49,0xff,
0xa3,0xb2,0x7a,0xff,0xb7,0xd0,0x8c,0xff,0xa2,0xaf,0x79,0xff,0x88,0x88,0x61,0xff,0x6d,0x5f,0x48,0xff,0x62,0x4e,0x3f,0xff,0x52,0x36,0x30,0xff,0x6a,0x59,0x46,0xff,
0x8b,0x87,0x65,0xff,0x52,0x34,0x2f,0xff,0x60,0x4a,0x3c,0xff,0x68,0x58,0x44,0xff,0x81,0x7d,0x5b,0xff,0x9b,0xa6,0x73,0xff,0xb4,0xcb,0x89,0xff,0xae,0xc2,0x83,0xff,
0x7b,0x75,0x56,0xff,0x56,0x3c,0x35,0xff,0x56,0x3c,0x35,0xff,0x5d,0x46,0x3a,0xff,0x5b,0x43,0x38,0xff,0x5b,0x43,0x38,0xff,0x5b,0x43,0x38,0xff,0x5c,0x45,0x39,0xff,
0x5a,0x42,0x37,0xff,0x53,0x37,0x31,0xff,0xa3,0xb1,0x7a,0xff,0xa0,0xad,0x77,0xfe,0x55,0x3a,0x32,0xfd,0x5f,0x46,0x3b,0xfe,0x58,0x40,0x37,0x37,0x00,0x00,0x00,0x00,
0x7f,0x7f,0x7f,0x02,0x00,0x00,0x00,0x00,0x00,0x00,0x00,0x00,0x00,0x00,0x00,0x00,0x00,0x00,0x00,0x00,0x00,0x00,0x00,0x00,0x00,0x00,0x00,0x00,0x00,0x00,0x00,0x00,
0x00,0x00,0x00,0x00,0x00,0x00,0x00,0x00,0x00,0x00,0x00,0x00,0x00,0x00,0x00,0x00,0x00,0x00,0x00,0x00,0x00,0x00,0x00,0x00,0x00,0x00,0x00,0x00,0x00,0x00,0x00,0x00,
0x7f,0x7f,0x7f,0x02,0x00,0x00,0x00,0x00,0x58,0x3f,0x35,0x34,0x60,0x48,0x3c,0xee,0x54,0x36,0x30,0xff,0x89,0x8a,0x62,0xfd,0xb5,0xcc,0x8a,0xff,0x61,0x4d,0x3e,0xff,
0x55,0x39,0x32,0xff,0x5d,0x46,0x3a,0xff,0x5b,0x43,0x38,0xff,0x5b,0x43,0x38,0xff,0x5b,0x43,0x38,0xff,0x5c,0x44,0x39,0xff,0x5d,0x46,0x3a,0xff,0x56,0x3c,0x34,0xff,
0x53,0x37,0x31,0xff,0x66,0x55,0x43,0xff,0x89,0x8a,0x62,0xff,0xa9,0xbb,0x7f,0xff,0xb6,0xcf,0x8b,0xff,0xb4,0xcb,0x89,0xff,0xae,0xc3,0x83,0xff,0xa6,0xb5,0x7d,0xff,
0x9d,0xa4,0x76,0xff,0xad,0xc1,0x83,0xff,0xb2,0xc8,0x87,0xff,0xb7,0xd0,0x8c,0xff,0xae,0xc3,0x84,0xff,0x92,0x98,0x6a,0xff,0x6e,0x60,0x49,0xff,0x56,0x3b,0x33,0xff,
0x54,0x38,0x32,0xff,0x5c,0x44,0x39,0xff,0x5c,0x45,0x39,0xff,0x5b,0x43,0x38,0xff,0x5b,0x43,0x38,0xff,0x5b,0x43,0x38,0xff,0x5d,0x46,0x3a,0xff,0x58,0x3f,0x35,0xff,
0x56,0x3b,0x33,0xff,0xa3,0xb1,0x7a,0xff,0xa1,0xaf,0x78,0xfe,0x55,0x38,0x31,0xfc,0x60,0x47,0x3b,0xff,0x5a,0x44,0x37,0x65,0x00,0x00,0x00,0x00,0x55,0x55,0x55,0x03,
0x00,0x00,0x00,0x00,0x00,0x00,0x00,0x00,0x00,0x00,0x00,0x00,0x00,0x00,0x00,0x00,0x00,0x00,0x00,0x00,0x00,0x00,0x00,0x00,0x00,0x00,0x00,0x00,0x00,0x00,0x00,0x00,
0x00,0x00,0x00,0x00,0x00,0x00,0x00,0x00,0x00,0x00,0x00,0x00,0x00,0x00,0x00,0x00,0x00,0x00,0x00,0x00,0x00,0x00,0x00,0x00,0x00,0x00,0x00,0x00,0x00,0x00,0x00,0x00,
0x00,0x00,0x00,0x00,0x55,0x55,0x55,0x03,0x00,0x00,0x00,0x00,0x56,0x43,0x34,0x35,0x60,0x48,0x3c,0xee,0x54,0x36,0x31,0xff,0x87,0x87,0x61,0xfc,0xc1,0xe0,0x95,0xff,
0x73,0x68,0x4e,0xff,0x51,0x34,0x2f,0xff,0x5c,0x45,0x39,0xff,0x5c,0x45,0x39,0xff,0x5b,0x43,0x38,0xff,0x5b,0x43,0x38,0xff,0x5b,0x43,0x38,0xff,0x5c,0x44,0x39,0xff,
0x5c,0x45,0x39,0xff,0x58,0x3e,0x35,0xff,0x53,0x36,0x30,0xff,0x53,0x37,0x31,0xff,0x5f,0x49,0x3c,0xff,0x66,0x54,0x42,0xff,0x77,0x6f,0x51,0xff,0x84,0x81,0x5e,0xff,
0x92,0x93,0x6c,0xff,0x7b,0x73,0x55,0xff,0x6a,0x5a,0x46,0xff,0x61,0x4c,0x3d,0xff,0x56,0x3b,0x33,0xff,0x52,0x35,0x30,0xff,0x56,0x3c,0x34,0xff,0x5c,0x44,0x39,0xff,
0x5c,0x45,0x39,0xff,0x5b,0x43,0x38,0xff,0x5b,0x43,0x38,0xff,0x5b,0x43,0x38,0xff,0x5c,0x44,0x39,0xff,0x5d,0x46,0x3a,0xff,0x54,0x38,0x31,0xff,0x62,0x4d,0x3e,0xff,
0xb5,0xce,0x8a,0xff,0xa0,0xad,0x77,0xfe,0x55,0x38,0x31,0xfc,0x60,0x47,0x3b,0xff,0x5a,0x46,0x3a,0x65,0x00,0x00,0x00,0x00,0x3f,0x3f,0x3f,0x04,0x00,0x00,0x00,0x00,
0x00,0x00,0x00,0x00,0x00,0x00,0x00,0x00,0x00,0x00,0x00,0x00,0x00,0x00,0x00,0x00,0x00,0x00,0x00,0x00,0x00,0x00,0x00,0x00,0x00,0x00,0x00,0x00,0x00,0x00,0x00,0x00,
0x00,0x00,0x00,0x00,0x00,0x00,0x00,0x00,0x00,0x00,0x00,0x00,0x00,0x00,0x00,0x00,0x00,0x00,0x00,0x00,0x00,0x00,0x00,0x00,0x00,0x00,0x00,0x00,0x00,0x00,0x00,0x00,
0x00,0x00,0x00,0x00,0x00,0x00,0x00,0x00,0x3f,0x3f,0x3f,0x04,0x00,0x00,0x00,0x00,0x56,0x43,0x34,0x35,0x60,0x47,0x3c,0xee,0x57,0x3a,0x33,0xff,0x78,0x6f,0x53,0xfb,
0xbc,0xd9,0x91,0xff,0x8e,0x92,0x67,0xff,0x54,0x38,0x32,0xff,0x56,0x3c,0x34,0xff,0x5d,0x46,0x3a,0xff,0x5c,0x44,0x39,0xff,0x5b,0x43,0x38,0xff,0x5b,0x43,0x38,0xff,
0x5b,0x43,0x38,0xff,0x5c,0x44,0x39,0xff,0x5d,0x45,0x39,0xff,0x5c,0x45,0x39,0xff,0x5a,0x41,0x37,0xff,0x59,0x40,0x37,0xff,0x50,0x32,0x2e,0xff,0x69,0x58,0x46,0xff,
0x8b,0x87,0x65,0xff,0x51,0x33,0x2e,0xff,0x59,0x3f,0x36,0xff,0x59,0x40,0x36,0xff,0x5c,0x44,0x39,0xff,0x5d,0x46,0x3a,0xff,0x5c,0x44,0x39,0xff,0x5b,0x43,0x38,0xff,
0x5b,0x43,0x38,0xff,0x5b,0x43,0x38,0xff,0x5b,0x44,0x38,0xff,0x5d,0x46,0x3a,0xff,0x59,0x40,0x36,0xff,0x51,0x34,0x2f,0xff,0x7a,0x72,0x54,0xff,0xbd,0xd9,0x91,0xff,
0x8d,0x90,0x66,0xfc,0x55,0x39,0x32,0xfe,0x60,0x47,0x3b,0xff,0x5a,0x46,0x3a,0x65,0x00,0x00,0x00,0x00,0x7f,0x3f,0x3f,0x04,0x00,0x00,0x00,0x00,0x00,0x00,0x00,0x00,
0x00,0x00,0x00,0x00,0x00,0x00,0x00,0x00,0x00,0x00,0x00,0x00,0x00,0x00,0x00,0x00,0x00,0x00,0x00,0x00,0x00,0x00,0x00,0x00,0x00,0x00,0x00,0x00,0x00,0x00,0x00,0x00,
0x00,0x00,0x00,0x00,0x00,0x00,0x00,0x00,0x00,0x00,0x00,0x00,0x00,0x00,0x00,0x00,0x00,0x00,0x00,0x00,0x00,0x00,0x00,0x00,0x00,0x00,0x00,0x00,0x00,0x00,0x00,0x00,
0x00,0x00,0x00,0x00,0x00,0x00,0x00,0x00,0x00,0x00,0x00,0x00,0x3f,0x3f,0x3f,0x04,0x00,0x00,0x00,0x00,0x5b,0x3e,0x34,0x35,0x60,0x48,0x3b,0xe6,0x59,0x3c,0x35,0xff,
0x62,0x4f,0x3e,0xfb,0xae,0xc2,0x83,0xfe,0xaf,0xc3,0x85,0xff,0x6c,0x5d,0x48,0xff,0x52,0x35,0x30,0xff,0x57,0x3d,0x34,0xff,0x5d,0x46,0x3a,0xff,0x5c,0x45,0x39,0xff,
0x5b,0x44,0x38,0xff,0x5b,0x43,0x38,0xff,0x5b,0x43,0x38,0xff,0x5b,0x43,0x38,0xff,0x5b,0x44,0x38,0xff,0x5d,0x45,0x39,0xff,0x58,0x3f,0x35,0xff,0x6f,0x60,0x4b,0xff,
0x8c,0x89,0x66,0xff,0x59,0x40,0x36,0xff,0x5d,0x45,0x3a,0xff,0x5b,0x44,0x38,0xff,0x5b,0x43,0x38,0xff,0x5b,0x43,0x38,0xff,0x5b,0x43,0x38,0xff,0x5b,0x43,0x38,0xff,
0x5c,0x45,0x39,0xff,0x5d,0x46,0x3a,0xff,0x59,0x40,0x36,0xff,0x52,0x35,0x30,0xff,0x61,0x4c,0x3d,0xff,0x9f,0xab,0x76,0xff,0xba,0xd5,0x8f,0xff,0x72,0x68,0x4e,0xfb,
0x55,0x37,0x32,0xff,0x60,0x47,0x3a,0xfb,0x5a,0x44,0x3a,0x65,0x00,0x00,0x00,0x00,0x7f,0x3f,0x3f,0x04,0x00,0x00,0x00,0x00,0x00,0x00,0x00,0x00,0x00,0x00,0x00,0x00,
0x00,0x00,0x00,0x00,0x00,0x00,0x00,0x00,0x00,0x00,0x00,0x00,0x00,0x00,0x00,0x00,0x00,0x00,0x00,0x00,0x00,0x00,0x00,0x00,0x00,0x00,0x00,0x00,0x00,0x00,0x00,0x00,
0x00,0x00,0x00,0x00,0x00,0x00,0x00,0x00,0x00,0x00,0x00,0x00,0x00,0x00,0x00,0x00,0x00,0x00,0x00,0x00,0x00,0x00,0x00,0x00,0x00,0x00,0x00,0x00,0x00,0x00,0x00,0x00,
0x00,0x00,0x00,0x00,0x00,0x00,0x00,0x00,0x00,0x00,0x00,0x00,0x00,0x00,0x00,0x00,0x55,0x55,0x55,0x03,0x00,0x00,0x00,0x00,0x51,0x3d,0x33,0x19,0x5f,0x48,0x3b,0xb8,
0x5f,0x44,0x3a,0xff,0x56,0x3c,0x34,0xff,0x87,0x86,0x60,0xfc,0xba,0xd4,0x8f,0xff,0xa3,0xb2,0x7a,0xff,0x6c,0x5e,0x48,0xff,0x52,0x36,0x30,0xff,0x54,0x38,0x31,0xff,
0x5a,0x41,0x37,0xff,0x5d,0x45,0x39,0xff,0x5d,0x45,0x39,0xff,0x5c,0x44,0x39,0xff,0x5b,0x44,0x38,0xff,0x5c,0x44,0x39,0xff,0x57,0x3d,0x34,0xff,0x6e,0x5f,0x4a,0xff,
0x8c,0x89,0x66,0xff,0x58,0x3e,0x35,0xff,0x5c,0x44,0x39,0xff,0x5b,0x44,0x38,0xff,0x5c,0x44,0x39,0xff,0x5c,0x45,0x39,0xff,0x5d,0x46,0x3a,0xff,0x5b,0x43,0x38,0xff,
0x55,0x3a,0x33,0xff,0x51,0x34,0x2f,0xff,0x62,0x4e,0x3f,0xff,0x95,0x9d,0x6d,0xff,0xbc,0xd7,0x90,0xff,0x98,0xa0,0x6f,0xfd,0x5c,0x46,0x39,0xfd,0x5b,0x3f,0x37,0xff,
0x5f,0x48,0x3b,0xda,0x5a,0x45,0x38,0x3b,0x00,0x00,0x00,0x00,0x3f,0x3f,0x3f,0x04,0x00,0x00,0x00,0x00,0x00,0x00,0x00,0x00,0x00,0x00,0x00,0x00,0x00,0x00,0x00,0x00,
0x00,0x00,0x00,0x00,0x00,0x00,0x00,0x00,0x00,0x00,0x00,0x00,0x00,0x00,0x00,0x00,0x00,0x00,0x00,0x00,0x00,0x00,0x00,0x00,0x00,0x00,0x00,0x00,0x00,0x00,0x00,0x00,
0x00,0x00,0x00,0x00,0x00,0x00,0x00,0x00,0x00,0x00,0x00,0x00,0x00,0x00,0x00,0x00,0x00,0x00,0x00,0x00,0x00,0x00,0x00,0x00,0x00,0x00,0x00,0x00,0x00,0x00,0x00,0x00,
0x00,0x00,0x00,0x00,0x00,0x00,0x00,0x00,0x00,0x00,0x00,0x00,0x00,0x00,0x00,0x00,0x00,0x00,0x00,0x00,0x55,0x55,0x55,0x03,0x00,0x00,0x00,0x00,0x00,0x00,0x00,0x00,
0x5d,0x45,0x39,0x80,0x5e,0x46,0x3a,0xf9,0x57,0x39,0x33,0xff,0x60,0x4c,0x3d,0xfd,0x95,0x9d,0x6e,0xfc,0xba,0xd6,0x8f,0xfe,0xa4,0xb3,0x7b,0xff,0x7e,0x78,0x58,0xff,
0x60,0x4a,0x3c,0xff,0x52,0x36,0x30,0xff,0x52,0x36,0x30,0xff,0x56,0x3b,0x33,0xff,0x59,0x3f,0x36,0xff,0x5b,0x43,0x38,0xff,0x58,0x3f,0x35,0xff,0x6e,0x60,0x4a,0xff,
0x8c,0x89,0x66,0xff,0x59,0x40,0x36,0xff,0x5c,0x44,0x39,0xff,0x59,0x40,0x36,0xff,0x57,0x3c,0x34,0xff,0x53,0x37,0x31,0xff,0x52,0x35,0x30,0xff,0x5a,0x42,0x38,0xff,
0x75,0x6b,0x50,0xff,0x9a,0xa4,0x72,0xff,0xba,0xd5,0x8f,0xff,0xa4,0xb2,0x7a,0xfd,0x6c,0x5d,0x47,0xfc,0x55,0x38,0x32,0xff,0x5f,0x45,0x3a,0xff,0x60,0x47,0x3b,0xa7,
0x50,0x35,0x35,0x13,0x00,0x00,0x00,0x00,0x55,0x55,0x55,0x03,0x00,0x00,0x00,0x00,0x00,0x00,0x00,0x00,0x00,0x00,0x00,0x00,0x00,0x00,0x00,0x00,0x00,0x00,0x00,0x00,
0x00,0x00,0x00,0x00,0x00,0x00,0x00,0x00,0x00,0x00,0x00,0x00,0x00,0x00,0x00,0x00,0x00,0x00,0x00,0x00,0x00,0x00,0x00,0x00,0x00,0x00,0x00,0x00,0x00,0x00,0x00,0x00,
0x00,0x00,0x00,0x00,0x00,0x00,0x00,0x00,0x00,0x00,0x00,0x00,0x00,0x00,0x00,0x00,0x00,0x00,0x00,0x00,0x00,0x00,0x00,0x00,0x00,0x00,0x00,0x00,0x00,0x00,0x00,0x00,
0x00,0x00,0x00,0x00,0x00,0x00,0x00,0x00,0x00,0x00,0x00,0x00,0x00,0x00,0x00,0x00,0x00,0x00,0x00,0x00,0x00,0x00,0x00,0x00,0x7f,0x00,0x00,0x02,0xff,0x00,0x00,0x01,
0x00,0x00,0x00,0x00,0x5c,0x45,0x39,0x2c,0x5f,0x48,0x3a,0xb6,0x5e,0x43,0x39,0xff,0x56,0x38,0x32,0xff,0x62,0x4e,0x3e,0xff,0x8b,0x8d,0x64,0xfb,0xb2,0xc8,0x87,0xfd,
0xb8,0xd1,0x8d,0xff,0xa3,0xb1,0x79,0xff,0x88,0x88,0x61,0xff,0x73,0x68,0x4e,0xff,0x64,0x51,0x40,0xff,0x5e,0x47,0x3b,0xff,0x50,0x32,0x2e,0xff,0x6b,0x5a,0x47,0xff,
0x8a,0x87,0x65,0xff,0x51,0x34,0x2f,0xff,0x5a,0x41,0x37,0xff,0x63,0x4f,0x3f,0xff,0x6e,0x60,0x49,0xff,0x83,0x80,0x5c,0xff,0x9c,0xa6,0x73,0xff,0xb4,0xcc,0x89,0xff,
0xb6,0xcf,0x8b,0xfe,0x97,0x9f,0x6e,0xfb,0x6a,0x5b,0x46,0xfe,0x56,0x39,0x32,0xff,0x5d,0x41,0x38,0xff,0x5f,0x48,0x3b,0xd3,0x5e,0x45,0x3b,0x49,0x00,0x00,0x00,0x00,
0x00,0x00,0x00,0x00,0x55,0x55,0x55,0x03,0x00,0x00,0x00,0x00,0x00,0x00,0x00,0x00,0x00,0x00,0x00,0x00,0x00,0x00,0x00,0x00,0x00,0x00,0x00,0x00,0x00,0x00,0x00,0x00,
0x00,0x00,0x00,0x00,0x00,0x00,0x00,0x00,0x00,0x00,0x00,0x00,0x00,0x00,0x00,0x00,0x00,0x00,0x00,0x00,0x00,0x00,0x00,0x00,0x00,0x00,0x00,0x00,0x00,0x00,0x00,0x00,
0x00,0x00,0x00,0x00,0x00,0x00,0x00,0x00,0x00,0x00,0x00,0x00,0x00,0x00,0x00,0x00,0x00,0x00,0x00,0x00,0x00,0x00,0x00,0x00,0x00,0x00,0x00,0x00,0x00,0x00,0x00,0x00,
0x00,0x00,0x00,0x00,0x00,0x00,0x00,0x00,0x00,0x00,0x00,0x00,0x00,0x00,0x00,0x00,0x00,0x00,0x00,0x00,0x00,0x00,0x00,0x00,0x00,0x00,0x00,0x00,0x00,0x00,0x00,0x00,
0x55,0x55,0x55,0x03,0x00,0x00,0x00,0x00,0x00,0x00,0x00,0x00,0x60,0x46,0x3b,0x45,0x5f,0x48,0x3c,0xba,0x5b,0x40,0x37,0xfc,0x59,0x3b,0x34,0xff,0x5a,0x3f,0x36,0xff,
0x6d,0x5e,0x48,0xfe,0x89,0x8a,0x62,0xfb,0xa2,0xb2,0x79,0xfc,0xb0,0xc5,0x85,0xfd,0xb5,0xcd,0x8a,0xfe,0xb0,0xc5,0x86,0xfe,0xad,0xc1,0x82,0xff,0xa5,0xb2,0x7c,0xff,
0xa0,0xa7,0x78,0xff,0xad,0xc1,0x83,0xff,0xae,0xc2,0x84,0xff,0xb5,0xcd,0x8a,0xfe,0xb2,0xc8,0x87,0xfd,0xa7,0xb9,0x7e,0xfc,0x90,0x95,0x68,0xfb,0x73,0x68,0x4e,0xfd,
0x5d,0x44,0x39,0xff,0x58,0x3a,0x34,0xff,0x5b,0x40,0x37,0xff,0x5f,0x47,0x3a,0xd1,0x60,0x48,0x3b,0x62,0x55,0x2a,0x2a,0x06,0x00,0x00,0x00,0x00,0x7f,0x7f,0x7f,0x02,
0x00,0x00,0x00,0x01,0x00,0x00,0x00,0x00,0x00,0x00,0x00,0x00,0x00,0x00,0x00,0x00,0x00,0x00,0x00,0x00,0x00,0x00,0x00,0x00,0x00,0x00,0x00,0x00,0x00,0x00,0x00,0x00,
0x00,0x00,0x00,0x00,0x00,0x00,0x00,0x00,0x00,0x00,0x00,0x00,0x00,0x00,0x00,0x00,0x00,0x00,0x00,0x00,0x00,0x00,0x00,0x00,0x00,0x00,0x00,0x00,0x00,0x00,0x00,0x00,
0x00,0x00,0x00,0x00,0x00,0x00,0x00,0x00,0x00,0x00,0x00,0x00,0x00,0x00,0x00,0x00,0x00,0x00,0x00,0x00,0x00,0x00,0x00,0x00,0x00,0x00,0x00,0x00,0x00,0x00,0x00,0x00,
0x00,0x00,0x00,0x00,0x00,0x00,0x00,0x00,0x00,0x00,0x00,0x00,0x00,0x00,0x00,0x00,0x00,0x00,0x00,0x00,0x00,0x00,0x00,0x00,0x00,0x00,0x00,0x00,0x00,0x00,0x00,0x00,
0x00,0x00,0x00,0x00,0x7f,0x00,0x00,0x02,0xff,0x00,0x00,0x01,0x00,0x00,0x00,0x00,0x00,0x00,0x00,0x00,0x63,0x48,0x3c,0x2e,0x61,0x49,0x3c,0x8b,0x5d,0x45,0x39,0xd5,
0x59,0x3e,0x36,0xff,0x59,0x3b,0x34,0xff,0x58,0x3a,0x34,0xff,0x5d,0x43,0x39,0xff,0x64,0x4f,0x3f,0xff,0x70,0x62,0x4b,0xff,0x7b,0x75,0x55,0xfd,0x80,0x79,0x5a,0xfd,
0x82,0x7b,0x5c,0xfd,0x7a,0x73,0x54,0xfd,0x75,0x6b,0x50,0xfe,0x65,0x51,0x41,0xff,0x5f,0x47,0x3b,0xff,0x58,0x3b,0x34,0xff,0x59,0x3a,0x34,0xff,0x5a,0x3e,0x36,0xff,
0x5c,0x43,0x38,0xe3,0x60,0x4a,0x3d,0x9e,0x60,0x49,0x3b,0x45,0x55,0x55,0x55,0x03,0x00,0x00,0x00,0x00,0x00,0x00,0x00,0x00,0x55,0x55,0x55,0x03,0x00,0x00,0x00,0x00,
0x00,0x00,0x00,0x00,0x00,0x00,0x00,0x00,0x00,0x00,0x00,0x00,0x00,0x00,0x00,0x00,0x00,0x00,0x00,0x00,0x00,0x00,0x00,0x00,0x00,0x00,0x00,0x00,0x00,0x00,0x00,0x00,
0x00,0x00,0x00,0x00,0x00,0x00,0x00,0x00,0x00,0x00,0x00,0x00,0x00,0x00,0x00,0x00,0x00,0x00,0x00,0x00,0x00,0x00,0x00,0x00,0x00,0x00,0x00,0x00,0x00,0x00,0x00,0x00,
0x00,0x00,0x00,0x00,0x00,0x00,0x00,0x00,0x00,0x00,0x00,0x00,0x00,0x00,0x00,0x00,0x00,0x00,0x00,0x00,0x00,0x00,0x00,0x00,0x00,0x00,0x00,0x00,0x00,0x00,0x00,0x00,
0x00,0x00,0x00,0x00,0x00,0x00,0x00,0x00,0x00,0x00,0x00,0x00,0x00,0x00,0x00,0x00,0x00,0x00,0x00,0x00,0x00,0x00,0x00,0x00,0x00,0x00,0x00,0x00,0x00,0x00,0x00,0x00,
0x00,0x00,0x00,0x00,0x00,0x00,0x00,0x00,0x00,0x00,0x00,0x00,0x55,0x55,0x55,0x03,0xff,0x00,0x00,0x01,0x00,0x00,0x00,0x00,0x00,0x00,0x00,0x00,0x55,0x55,0x55,0x03,
0x65,0x4c,0x3e,0x35,0x61,0x4b,0x3d,0x70,0x5f,0x48,0x3a,0xad,0x5c,0x43,0x39,0xd6,0x5a,0x40,0x36,0xee,0x56,0x3b,0x33,0xfc,0x58,0x3b,0x34,0xff,0x5a,0x3e,0x36,0xff,
0x5b,0x40,0x37,0xff,0x58,0x3b,0x34,0xff,0x57,0x3b,0x34,0xff,0x5a,0x40,0x36,0xee,0x5b,0x42,0x37,0xe2,0x5d,0x46,0x39,0xb9,0x5f,0x47,0x3b,0x80,0x60,0x49,0x3d,0x42,
0x62,0x4e,0x3a,0x0d,0x00,0x00,0x00,0x00,0x00,0x00,0x00,0x00,0x00,0x00,0x00,0x00,0x55,0x55,0x55,0x03,0x00,0x00,0x00,0x01,0x00,0x00,0x00,0x00,0x00,0x00,0x00,0x00,
0x00,0x00,0x00,0x00,0x00,0x00,0x00,0x00,0x00,0x00,0x00,0x00,0x00,0x00,0x00,0x00,0x00,0x00,0x00,0x00,0x00,0x00,0x00,0x00,0x00,0x00,0x00,0x00,0x00,0x00,0x00,0x00,
0x00,0x00,0x00,0x00,0x00,0x00,0x00,0x00,0x00,0x00,0x00,0x00,0x00,0x00,0x00,0x00,0x00,0x00,0x00,0x00,0x00,0x00,0x00,0x00,0x00,0x00,0x00,0x00,0x00,0x00,0x00,0x00,
0x00,0x00,0x00,0x00,0x00,0x00,0x00,0x00,0x00,0x00,0x00,0x00,0x00,0x00,0x00,0x00,0x00,0x00,0x00,0x00,0x00,0x00,0x00,0x00,0x00,0x00,0x00,0x00,0x00,0x00,0x00,0x00,
0x00,0x00,0x00,0x00,0x00,0x00,0x00,0x00,0x00,0x00,0x00,0x00,0x00,0x00,0x00,0x00,0x00,0x00,0x00,0x00,0x00,0x00,0x00,0x00,0x00,0x00,0x00,0x00,0x00,0x00,0x00,0x00,
0x00,0x00,0x00,0x00,0x00,0x00,0x00,0x00,0x00,0x00,0x00,0x00,0x00,0x00,0x00,0x00,0x00,0x00,0x00,0x00,0x7f,0x7f,0x00,0x02,0x3f,0x3f,0x3f,0x04,0x00,0x00,0x00,0x00,
0x00,0x00,0x00,0x00,0x00,0x00,0x00,0x00,0x00,0x00,0x00,0x00,0xaa,0x55,0x55,0x03,0x6f,0x4f,0x3f,0x10,0x5d,0x4a,0x3e,0x29,0x66,0x4e,0x3e,0x41,0x5e,0x46,0x3a,0x41,
0x5e,0x46,0x3a,0x41,0x66,0x4e,0x3e,0x41,0x60,0x48,0x39,0x35,0x6f,0x4f,0x3f,0x10,0x66,0x4c,0x4c,0x0a,0x00,0x00,0x00,0x00,0x00,0x00,0x00,0x00,0x00,0x00,0x00,0x00,
0x00,0x00,0x00,0x00,0x55,0x55,0x55,0x03,0x55,0x55,0x55,0x03,0x00,0x00,0x00,0x01,0x00,0x00,0x00,0x00,0x00,0x00,0x00,0x00,0x00,0x00,0x00,0x00,0x00,0x00,0x00,0x00,
0x00,0x00,0x00,0x00,0x00,0x00,0x00,0x00,0x00,0x00,0x00,0x00,0x00,0x00,0x00,0x00,0x00,0x00,0x00,0x00,0x00,0x00,0x00,0x00,0x00,0x00,0x00,0x00,0x00,0x00,0x00,0x00,
0x00,0x00,0x00,0x00,0x00,0x00,0x00,0x00,0x00,0x00,0x00,0x00,0x00,0x00,0x00,0x00,0x00,0x00,0x00,0x00,0x00,0x00,0x00,0x00,0x00,0x00,0x00,0x00,0x00,0x00,0x00,0x00,
0x00,0x00,0x00,0x00,0x00,0x00,0x00,0x00,0x00,0x00,0x00,0x00,0x00,0x00,0x00,0x00,0x00,0x00,0x00,0x00,0x00,0x00,0x00,0x00,0x00,0x00,0x00,0x00,0x00,0x00,0x00,0x00,
0x00,0x00,0x00,0x00,0x00,0x00,0x00,0x00,0x00,0x00,0x00,0x00,0x00,0x00,0x00,0x00,0x00,0x00,0x00,0x00,0x00,0x00,0x00,0x00,0x00,0x00,0x00,0x00,0x00,0x00,0x00,0x00,
0x00,0x00,0x00,0x00,0x00,0x00,0x00,0x00,0x00,0x00,0x00,0x00,0x00,0x00,0x00,0x00,0x00,0x00,0x00,0x00,0x00,0x00,0x00,0x00,0x00,0x00,0x00,0x00,0x00,0x00,0x00,0x01,
0x55,0x55,0x55,0x03,0x3f,0x3f,0x3f,0x04,0x55,0x55,0x55,0x03,0x00,0x00,0x00,0x00,0x00,0x00,0x00,0x00,0x00,0x00,0x00,0x00,0x00,0x00,0x00,0x00,0x00,0x00,0x00,0x00,
0x00,0x00,0x00,0x00,0x00,0x00,0x00,0x00,0x00,0x00,0x00,0x00,0x00,0x00,0x00,0x00,0x00,0x00,0x00,0x00,0x55,0x55,0x55,0x03,0x3f,0x3f,0x3f,0x04,0x55,0x55,0x55,0x03,
0x00,0x00,0x00,0x01,0x00,0x00,0x00,0x00,0x00,0x00,0x00,0x00,0x00,0x00,0x00,0x00,0x00,0x00,0x00,0x00,0x00,0x00,0x00,0x00,0x00,0x00,0x00,0x00,0x00,0x00,0x00,0x00,
0x00,0x00,0x00,0x00,0x00,0x00,0x00,0x00,0x00,0x00,0x00,0x00,0x00,0x00,0x00,0x00,0x00,0x00,0x00,0x00,0x00,0x00,0x00,0x00,0x00,0x00,0x00,0x00,0x00,0x00,0x00,0x00,
0x00,0x00,0x00,0x00,0x00,0x00,0x00,0x00,0x00,0x00,0x00,0x00,0x00,0x00,0x00,0x00,0x00,0x00,0x00,0x00,0x00,0x00,0x00,0x00,0x00,0x00,0x00,0x00,0x00,0x00,0x00,0x00,
0x00,0x00,0x00,0x00,0x00,0x00,0x00,0x00,0x00,0x00,0x00,0x00,0x00,0x00,0x00,0x00,0x00,0x00,0x00,0x00,0x00,0x00,0x00,0x00,0x00,0x00,0x00,0x00,0x00,0x00,0x00,0x00,
0x00,0x00,0x00,0x00,0x00,0x00,0x00,0x00,0x00,0x00,0x00,0x00,0x00,0x00,0x00,0x00,0x00,0x00,0x00,0x00,0x00,0x00,0x00,0x00,0x00,0x00,0x00,0x00,0x00,0x00,0x00,0x00,
0x00,0x00,0x00,0x00,0x00,0x00,0x00,0x00,0x00,0x00,0x00,0x00,0x00,0x00,0x00,0x00,0x00,0x00,0x00,0x00,0x00,0x00,0x00,0x00,0x00,0x00,0x00,0x00,0x00,0x00,0x00,0x00,
0x00,0x00,0x00,0x00,0x00,0x00,0x00,0x00,0x00,0x00,0x00,0x00,0x00,0x00,0x00,0x01,0x00,0x00,0x00,0x01,0x7f,0x7f,0x00,0x02,0x55,0x55,0x55,0x03,0x55,0x55,0x55,0x03,
0x55,0x55,0x55,0x03,0x55,0x55,0x55,0x03,0x55,0x55,0x55,0x03,0x00,0x00,0x00,0x01,0x00,0x00,0x00,0x01,0x00,0x00,0x00,0x00,0x00,0x00,0x00,0x00,0x00,0x00,0x00,0x00,
0x00,0x00,0x00,0x00,0x00,0x00,0x00,0x00,0x00,0x00,0x00,0x00,0x00,0x00,0x00,0x00,0x00,0x00,0x00,0x00,0x00,0x00,0x00,0x00,0x00,0x00,0x00,0x00,0x00,0x00,0x00,0x00,
0x00,0x00,0x00,0x00,0x00,0x00,0x00,0x00,0x00,0x00,0x00,0x00,0x00,0x00,0x00,0x00,0x00,0x00,0x00,0x00,0x00,0x00,0x00,0x00,0x00,0x00,0x00,0x00,0x00,0x00,0x00,0x00,
0x00,0x00,0x00,0x00,0x00,0x00,0x00,0x00,0x00,0x00,0x00,0x00,0x00,0x00,0x00,0x00,0x00,0x00,0x00,0x00,0x00,0x00,0x00,0x00,0x00,0x00,0x00,0x00,0x00,0x00,0x00,0x00,
0x00,0x00,0x00,0x00,0x00,0x00,0x00,0x00,0x00,0x00,0x00,0x00,0x00,0x00,0x00,0x00,0x00,0x00,0x00,0x00,0x00,0x00,0x00,0x00,0x00,0x00,0x00,0x00,0x00,0x00,0x00,0x00,
0x00,0x00,0x00,0x00,0x00,0x00,0x00,0x00,0x00,0x00,0x00,0x00,0x00,0x00,0x00,0x00,0x00,0x00,0x00,0x00,0x00,0x00,0x00,0x00,0x00,0x00,0x00,0x00,0x00,0x00,0x00,0x00,
0x00,0x00,0x00,0x00,0x00,0x00,0x00,0x00,0x00,0x00,0x00,0x00,0x00,0x00,0x00,0x00,0x00,0x00,0x00,0x00,0x00,0x00,0x00,0x00,0x00,0x00,0x00,0x00,0x00,0x00,0x00,0x00,
0x00,0x00,0x00,0x00,0x00,0x00,0x00,0x00,0x00,0x00,0x00,0x00,0x00,0x00,0x00,0x00,0x00,0x00,0x00,0x00,0x00,0x00,0x00,0x00,0x00,0x00,0x00,0x00,0x00,0x00,0x00,0x00,
0x00,0x00,0x00,0x00,0x00,0x00,0x00,0x00,0x00,0x00,0x00,0x00,0x00,0x00,0x00,0x00,0x00,0x00,0x00,0x00,0x00,0x00,0x00,0x00,0x00,0x00,0x00,0x00,0x00,0x00,0x00,0x00,
0x00,0x00,0x00,0x00,0x00,0x00,0x00,0x00,0x00,0x00,0x00,0x00,0x00,0x00,0x00,0x00,0x00,0x00,0x00,0x00,0x00,0x00,0x00,0x00,0x00,0x00,0x00,0x00,0x00,0x00,0x00,0x00,
0x00,0x00,0x00,0x00,0x00,0x00,0x00,0x00,0x00,0x00,0x00,0x00,0x00,0x00,0x00,0x00,0x00,0x00,0x00,0x00,0x00,0x00,0x00,0x00,0x00,0x00,0x00,0x00,0x00,0x00,0x00,0x00,
0x00,0x00,0x00,0x00,0x00,0x00,0x00,0x00,0x00,0x00,0x00,0x00,0x00,0x00,0x00,0x00,0x00,0x00,0x00,0x00,0x00,0x00,0x00,0x00,0x00,0x00,0x00,0x00,0x00,0x00,0x00,0x00,
};
const lv_image_dsc_t icon_ida = {
.header = {.magic = LV_IMAGE_HEADER_MAGIC, .cf = LV_COLOR_FORMAT_ARGB8888, .w = 64, .h = 64, .stride = 256},
.data_size = sizeof icon_ida_pixels, .data = icon_ida_pixels
};
